pair_id,donor_age,recipient_age,hla_match,antibody_risk,medical_risk,organ_health,waiting_days,cold_ischemia_hours,comorbidity_index,age_gap,donor_blood,recipient_blood,urgency,match_status
1,49,42,59.91,59.26,24.66,48.2,943,0.5,0,7,A,B,Normal,0
2,67,25,92.61,49.83,,67.2,733,7.29,2,42,O,O,Normal,1
3,,68,40.98,97.5,18.59,65.98,74,5.087,0,7,B,O,Normal,0
4,21,76,83.01,33.06,43.53,58.05,941,7.16,1,55,O,AB,Urgent,0
5,21,32,59.89,68.2,91.5,64.2,681,7.544,0,11,A,O,Urgent,0
6,60,58,70.64,75.86,93.83,80.16,415,6.541,1,2,B,O,Normal,0
7,55,34,98.84,5.81,28.93,88.76,495,9.12,0,21,O,A,Urgent,1
8,63,67,54.18,0.62,38.25,46.32,,4.455,0,4,A,O,Critical,0
9,58,45,82.24,84.38,30.29,58.95,105,5.547,0,13,O,O,Normal,1
10,27,42,74.52,22.03,89.33,98.92,727,10.127,0,15,O,A,Urgent,1
11,38,60,35.55,56.54,14.98,79.08,993,6.232,1,22,O,B,Critical,0
12,20,76,77.62,44.57,74.72,52.08,992,2.886,4,56,B,A,Urgent,0
13,54,61,86.43,72.65,64.44,89.57,996,6.095,,7,O,O,Urgent,1
14,47,61,40.93,59.37,78.42,89.71,375,4.205,0,14,O,B,Normal,0
15,49,74,42.8,16.34,70.19,94.19,806,4.0,0,25,B,O,Critical,1
16,53,46,85.44,49.32,41.45,95.37,692,9.379,2,7,AB,A,Normal,0
17,66,63,62.44,30.25,64.28,73.06,483,5.5,1,3,A,B,Critical,0
18,62,33,78.13,65.93,67.81,60.82,423,7.489,0,29,B,A,Urgent,0
19,28,40,59.95,11.57,73.56,66.78,432,6.077,0,12,O,O,Routine,1
20,48,34,58.13,82.44,19.86,73.03,135,8.871,0,14,B,B,Routine,0
21,37,42,40.49,18.13,92.74,68.79,545,4.584,1,5,O,O,Critical,1
22,47,36,48.78,95.74,80.25,49.13,943,0.5,1,11,O,A,Urgent,0
23,38,19,39.95,83.84,64.37,56.88,642,3.755,3,19,A,AB,Urgent,0
24,27,69,47.34,84.23,74.67,82.89,13,3.841,0,42,O,A,Normal,0
25,69,70,34.7,24.91,6.01,79.94,597,1.59,0,1,O,A,Normal,1
26,46,57,85.77,3.26,25.86,63.33,980,3.965,0,11,AB,A,Urgent,1
27,49,77,81.08,70.36,23.47,98.64,960,4.867,4,28,AB,B,Routine,0
28,63,44,93.06,89.24,11.19,85.84,653,5.857,0,19,A,O,Urgent,0
29,68,71,34.08,78.9,80.55,91.44,438,4.139,6,3,O,O,Critical,0
30,26,60,83.02,16.7,6.72,58.12,124,5.025,5,34,A,A,Urgent,1
31,69,46,90.46,16.26,24.64,81.11,988,6.323,1,23,A,O,Normal,1
32,50,60,64.08,10.25,18.22,51.33,147,7.49,0,10,B,A,Urgent,1
33,52,43,33.61,55.36,48.07,74.3,561,2.808,0,9,A,O,Urgent,0
34,51,50,90.5,19.13,69.9,74.88,780,7.037,4,1,O,O,Routine,1
35,40,34,78.01,33.49,75.09,88.51,340,3.372,0,6,O,B,Urgent,1
36,62,46,50.12,57.11,46.21,57.13,172,5.511,0,16,B,O,Critical,0
37,45,57,91.09,65.83,94.14,64.0,264,5.976,0,12,A,AB,Critical,0
38,69,58,38.33,50.44,15.12,97.82,166,6.043,1,11,B,AB,Normal,0
39,23,25,25.72,26.07,53.08,82.65,30,7.404,1,2,O,A,Routine,0
40,31,77,56.8,94.99,98.01,63.0,706,8.497,8,46,A,O,Routine,0
41,69,18,85.12,39.93,96.85,59.74,458,6.503,0,51,O,O,Critical,1
42,36,18,40.74,69.39,81.1,61.83,194,3.514,1,18,B,O,Normal,0
43,62,22,52.41,30.85,24.46,86.12,225,5.699,0,40,B,O,Normal,0
44,32,66,55.83,22.91,14.21,59.34,998,3.873,0,34,O,O,Routine,0
45,61,62,76.82,71.71,69.3,95.29,217,4.326,1,1,O,B,Critical,1
46,31,43,38.77,40.57,14.5,75.1,871,7.352,0,12,O,O,Urgent,1
47,19,20,85.92,23.65,91.47,91.96,188,6.525,1,1,A,A,Critical,1
48,34,70,56.63,89.76,61.53,46.77,691,3.568,0,36,B,A,Normal,0
49,18,27,78.93,63.15,45.37,95.8,143,1.421,0,9,B,O,Critical,1
50,34,46,31.69,49.44,47.89,69.25,794,10.452,1,12,O,B,Critical,0
51,51,41,75.05,0.53,51.53,78.3,596,4.615,2,10,O,O,Routine,1
52,32,26,44.27,47.53,54.96,68.41,235,6.086,0,6,B,O,Urgent,0
53,53,75,61.06,15.55,11.8,87.93,459,6.094,1,22,O,O,Normal,1
54,66,23,35.58,21.99,0.12,79.47,712,4.402,2,43,O,O,Routine,0
55,19,66,52.01,76.11,47.08,80.75,702,1.972,1,47,A,O,Routine,0
56,35,45,72.34,7.83,52.7,97.52,607,5.806,3,10,B,A,Urgent,1
57,29,40,29.72,0.55,11.17,48.33,573,3.361,3,11,O,O,Normal,1
58,25,34,88.43,53.76,45.84,56.39,699,4.846,7,9,O,A,Normal,1
59,52,22,77.51,78.1,30.79,89.18,250,7.367,1,30,O,B,Normal,1
60,45,62,28.64,85.72,16.34,99.22,428,5.056,1,17,O,A,Urgent,0
61,46,69,31.51,33.39,82.43,92.95,355,6.17,0,23,A,A,Critical,0
62,41,23,25.08,78.91,1.73,46.29,,7.488,0,18,B,A,Urgent,0
63,68,49,32.32,3.01,43.14,48.55,273,3.044,0,19,O,A,Normal,1
64,39,25,54.83,70.91,84.52,53.93,832,1.914,0,14,A,O,Urgent,0
65,52,59,90.06,74.97,11.91,79.86,505,2.775,0,7,A,A,Urgent,1
66,63,45,42.53,90.51,0.75,92.56,392,6.879,6,18,O,AB,Routine,0
67,24,74,86.93,53.01,19.46,88.95,767,7.213,0,50,B,A,Normal,0
68,65,56,43.39,22.75,74.52,86.02,265,5.809,0,9,O,O,Urgent,0
69,35,26,93.46,15.12,29.61,55.84,725,4.873,3,9,B,O,Urgent,1
70,21,75,64.55,10.71,74.21,85.52,386,1.149,1,54,O,O,Routine,1
71,53,64,31.35,38.38,34.64,98.4,310,3.627,3,11,B,A,Normal,0
72,36,44,39.95,1.37,71.33,83.34,910,6.836,,8,A,B,Urgent,0
73,32,19,93.0,70.6,24.52,93.56,315,7.248,2,13,O,B,Normal,1
74,59,76,38.54,15.06,19.07,54.83,400,5.873,0,17,O,A,Urgent,1
75,41,49,64.66,48.28,60.86,73.47,687,7.767,3,8,A,A,Normal,0
76,48,20,94.14,31.04,47.05,70.02,361,5.451,1,28,O,B,Routine,0
77,43,64,76.36,0.46,69.68,61.79,660,6.423,0,21,B,A,Normal,0
78,42,63,39.42,71.42,62.06,61.74,801,8.318,7,21,O,B,Routine,0
79,45,57,69.66,77.66,6.61,54.34,45,7.75,1,12,A,O,Normal,0
80,51,24,62.84,50.69,36.09,60.1,640,9.439,2,27,O,B,Urgent,0
81,62,32,79.34,56.56,27.33,61.04,323,6.053,2,30,O,O,Critical,0
82,27,31,25.77,75.79,79.87,53.82,26,7.215,0,4,B,A,Normal,0
83,36,29,73.74,88.35,66.46,62.25,336,3.843,0,7,O,O,Normal,0
84,25,76,90.11,99.95,2.86,60.39,589,6.936,0,51,O,B,Urgent,0
85,49,46,96.86,78.26,24.3,59.37,235,4.515,0,3,O,A,Urgent,1
86,44,37,89.46,45.15,30.4,73.1,654,3.955,7,7,AB,B,Normal,0
87,47,65,81.71,1.32,36.26,99.33,214,2.225,0,18,O,B,Normal,1
88,45,72,68.45,63.3,69.76,90.55,164,9.283,4,27,B,B,Critical,0
89,52,74,50.93,13.75,9.6,88.97,248,4.216,0,22,B,O,Critical,1
90,23,40,85.38,12.12,79.31,53.14,204,4.296,2,17,B,B,Urgent,1
91,37,73,87.38,28.42,66.67,75.39,767,4.594,4,36,O,A,Routine,1
92,52,51,52.43,35.38,87.61,94.13,492,5.316,0,1,B,O,Urgent,0
93,39,61,40.91,29.79,56.03,90.91,56,6.713,1,22,O,O,Normal,1
94,24,43,53.96,71.25,38.34,49.69,124,6.006,3,19,A,B,Normal,0
95,65,76,98.42,15.6,77.98,56.07,898,6.287,0,11,O,B,Urgent,1
96,40,73,27.2,87.77,18.47,92.99,173,6.789,0,33,B,B,Urgent,0
97,57,66,30.14,86.46,32.28,59.54,483,6.557,2,9,B,O,Routine,0
98,53,33,42.31,40.21,17.46,54.16,570,8.731,2,20,A,A,Normal,1
99,28,49,,87.82,42.17,96.33,227,6.988,5,21,O,B,Urgent,0
100,36,57,81.26,49.9,18.62,77.0,578,4.122,3,21,A,A,Urgent,1
101,40,69,77.98,72.36,20.77,98.49,807,4.929,0,29,O,O,Urgent,1
102,60,30,29.55,89.84,51.58,76.64,446,4.667,1,30,O,O,Critical,0
103,60,72,31.14,30.64,54.49,87.38,762,5.634,2,12,B,A,Normal,0
104,32,34,92.43,13.29,81.69,96.08,757,2.944,4,2,AB,O,Urgent,0
105,26,68,94.0,69.7,67.38,72.51,29,6.77,1,42,O,O,Urgent,1
106,53,19,58.96,39.54,28.39,58.83,628,6.221,3,34,O,O,Normal,1
107,49,69,80.48,94.5,75.17,81.31,442,5.885,1,20,O,O,Normal,0
108,40,24,73.94,71.53,85.22,78.01,315,5.437,0,16,A,B,Normal,0
109,25,46,64.0,92.14,33.13,86.61,915,2.493,0,21,A,A,Normal,1
110,66,51,58.65,86.56,42.18,70.02,398,9.482,1,15,A,A,Normal,0
111,49,53,99.88,53.87,70.57,86.86,322,6.561,0,4,O,A,Urgent,1
112,59,33,57.15,30.61,23.84,65.08,881,6.432,1,26,A,A,Urgent,1
113,26,73,25.59,36.68,16.0,49.11,801,4.617,1,47,A,AB,Urgent,0
114,36,32,83.47,76.88,41.66,93.79,413,4.263,1,4,O,O,Routine,1
115,47,29,94.18,9.61,44.52,68.12,268,4.041,1,18,O,AB,Normal,1
116,53,31,75.14,89.23,14.57,63.27,830,5.959,0,22,O,B,Critical,0
117,55,25,81.83,53.44,40.36,45.57,433,8.179,4,30,O,A,Urgent,0
118,33,34,42.61,71.73,49.01,95.76,25,7.662,2,1,O,B,Normal,0
119,53,51,64.99,94.53,17.93,89.79,383,7.286,0,2,O,O,Critical,1
120,61,22,36.12,4.73,59.61,85.19,840,4.614,6,39,A,O,Normal,0
121,42,24,93.17,54.84,36.2,62.01,886,9.474,0,18,B,B,Critical,1
122,28,73,41.43,12.39,0.02,92.2,428,7.694,0,45,A,AB,Critical,0
123,69,22,69.21,28.28,20.31,49.12,396,1.73,3,47,O,O,Critical,0
124,47,35,79.05,79.51,66.26,77.41,370,4.839,0,12,A,B,Urgent,0
125,67,69,84.27,70.07,18.13,69.4,270,4.824,0,2,O,A,Urgent,1
126,57,48,58.71,64.73,4.56,60.46,206,2.741,0,9,AB,O,Routine,0
127,21,59,78.41,70.17,12.44,61.25,758,5.741,1,38,B,O,Routine,1
128,25,29,80.18,20.3,24.71,71.03,507,5.23,1,4,B,A,Normal,1
129,23,61,49.37,31.47,84.73,78.39,190,2.912,5,38,B,O,Routine,0
130,63,24,54.06,95.7,32.75,61.07,631,6.063,2,39,B,O,Normal,0
131,26,44,35.89,69.79,84.04,50.48,,7.606,1,18,A,A,Normal,0
132,19,62,91.23,81.03,15.27,80.31,845,7.683,0,43,B,B,Urgent,1
133,59,55,67.68,82.41,49.48,78.77,862,3.735,0,4,A,A,Normal,1
134,50,36,31.69,39.92,83.65,67.81,874,6.194,2,14,A,B,Urgent,0
135,66,39,94.24,9.42,69.89,45.53,297,6.485,0,27,A,O,Routine,0
136,62,51,94.92,67.76,58.87,54.75,382,5.006,2,11,B,A,Normal,0
137,67,70,31.93,79.61,96.12,47.61,618,6.412,3,3,AB,B,Routine,0
138,56,33,44.32,63.14,45.1,69.91,36,6.197,1,23,A,A,Urgent,0
139,19,25,42.91,36.57,85.83,90.64,430,5.037,5,6,O,B,Critical,0
140,54,40,63.51,71.5,21.27,50.45,574,8.478,1,14,O,O,Normal,0
141,56,39,55.03,1.4,95.41,88.61,24,6.925,1,17,O,B,Urgent,0
142,48,34,82.09,95.19,58.19,89.65,26,2.287,0,14,A,O,Routine,0
143,63,33,78.31,88.47,1.54,45.71,773,7.349,0,30,B,A,Critical,0
144,28,30,40.78,8.62,4.65,97.95,997,3.87,3,2,AB,O,Normal,0
145,49,69,53.82,69.13,70.66,46.12,851,6.646,1,20,A,O,Critical,0
146,33,65,44.07,88.62,1.06,59.87,301,4.324,2,32,B,O,Normal,0
147,65,35,64.86,4.29,90.24,91.07,694,5.846,2,30,B,A,Urgent,1
148,29,37,27.18,47.42,70.84,71.77,722,3.029,2,8,O,A,Normal,0
149,38,18,49.2,94.54,29.88,67.59,642,6.573,0,20,B,O,Urgent,0
150,50,61,34.47,75.99,22.66,65.31,103,6.191,0,11,A,B,Urgent,0
151,64,33,93.51,98.55,96.64,74.47,717,5.277,0,31,A,O,Critical,0
152,55,60,77.3,86.65,24.33,50.66,185,9.674,0,5,B,A,Urgent,0
153,47,74,49.87,23.39,19.23,59.72,221,3.229,1,27,A,O,Urgent,0
154,34,67,28.12,83.62,85.3,76.46,209,1.935,1,33,A,A,Urgent,0
155,38,33,49.31,82.65,33.16,78.76,578,3.739,3,5,B,A,Urgent,0
156,25,48,55.34,37.59,23.5,53.0,644,5.431,2,23,O,B,Normal,1
157,59,64,37.43,68.57,57.55,69.72,115,1.42,0,5,O,B,Urgent,1
158,54,26,59.37,56.69,46.55,96.77,810,5.572,2,28,O,A,Normal,0
159,52,60,87.68,66.4,92.62,63.32,19,4.35,2,8,B,O,Urgent,0
160,52,67,33.78,83.29,54.44,55.1,454,5.278,1,15,B,B,Urgent,0
161,61,63,44.31,43.04,11.86,81.98,537,2.643,0,2,B,B,Normal,1
162,64,39,43.83,24.27,38.11,56.84,360,5.317,1,25,B,B,Normal,0
163,31,72,40.65,83.88,91.6,57.39,241,2.552,2,41,B,B,Urgent,0
164,55,32,90.51,65.44,40.38,56.31,597,2.706,2,23,O,O,Routine,0
165,42,31,60.49,43.49,64.99,75.91,891,6.521,2,11,B,O,Urgent,0
166,32,52,69.31,67.84,39.34,99.58,527,6.703,1,20,O,A,Normal,1
167,42,63,30.0,69.04,27.59,77.74,317,4.825,2,21,O,O,Routine,0
168,66,58,28.66,99.56,37.11,90.59,103,8.116,1,8,O,A,Normal,0
169,31,22,43.07,46.66,38.03,81.53,685,8.155,1,9,AB,O,Normal,0
170,33,67,41.98,24.18,83.69,93.33,875,5.12,2,34,B,A,Urgent,0
171,53,40,44.67,54.01,61.96,94.32,172,7.413,1,13,AB,A,Routine,0
172,27,20,93.13,82.55,45.56,84.24,842,5.28,1,7,O,O,Urgent,1
173,56,55,80.12,18.33,15.32,73.26,556,2.916,2,1,B,B,Normal,1
174,32,43,69.54,98.5,38.93,52.13,881,5.759,2,11,O,O,Routine,0
175,61,63,49.45,90.47,65.96,63.75,563,5.618,0,2,O,B,Urgent,0
176,39,20,88.97,10.2,57.4,87.64,320,4.733,1,19,A,A,Urgent,1
177,54,74,93.08,13.88,86.04,93.31,489,5.53,0,20,B,A,Urgent,1
178,38,53,44.05,6.09,4.12,71.37,124,8.259,7,15,O,O,Routine,0
179,24,60,43.03,84.1,63.29,79.14,624,6.741,5,36,A,O,Urgent,0
180,60,67,99.49,0.21,4.9,49.32,2,6.085,6,7,A,O,Normal,0
181,33,20,26.37,78.18,32.87,92.38,327,3.108,4,13,A,A,Routine,0
182,56,56,50.5,94.07,93.6,96.15,729,7.247,0,0,B,A,Urgent,0
183,51,54,83.46,33.81,46.72,55.81,412,1.039,2,3,B,B,Normal,1
184,62,72,88.21,32.56,3.5,57.35,410,6.781,1,10,O,O,Routine,0
185,20,58,40.6,20.97,6.69,61.57,783,3.428,5,38,O,O,Urgent,1
186,60,30,64.76,42.13,5.6,66.73,480,6.204,8,30,A,O,Urgent,0
187,59,41,79.31,91.53,46.14,57.72,272,6.888,3,18,O,O,Critical,0
188,36,77,61.97,29.22,57.95,53.61,,4.08,3,41,A,A,Normal,0
189,18,42,71.23,54.88,78.67,97.22,91,7.089,0,24,A,O,Routine,0
190,,40,82.92,39.19,31.6,99.14,560,5.975,2,10,O,A,Critical,1
191,51,29,75.06,56.12,91.95,45.2,978,6.495,4,22,A,A,Urgent,1
192,52,37,93.13,83.84,9.86,65.79,863,7.226,1,15,O,A,Normal,1
193,57,29,41.59,62.17,99.95,65.82,228,5.518,2,28,O,A,Urgent,0
194,43,69,53.8,17.65,31.47,87.91,953,7.02,3,26,O,B,Normal,1
195,27,33,63.24,22.85,36.71,46.41,122,7.923,3,6,O,AB,Urgent,0
196,34,26,27.92,65.69,23.72,80.7,511,1.788,1,8,B,A,Urgent,0
197,45,59,36.54,61.68,94.02,90.06,422,5.622,8,14,A,O,Normal,0
198,30,20,99.51,5.0,58.71,70.18,929,5.067,2,10,A,O,Urgent,1
199,19,32,86.99,0.87,46.4,57.86,666,10.06,8,13,O,O,Normal,1
200,26,55,,7.77,24.46,75.97,590,8.748,2,29,O,O,Urgent,1
201,64,37,99.61,28.16,92.97,50.73,255,6.396,6,27,O,O,Routine,0
202,30,59,80.05,12.6,28.53,56.19,890,0.675,3,,O,B,Normal,1
203,43,36,41.11,75.27,96.45,68.63,601,8.109,1,7,A,O,Normal,0
204,55,35,93.9,90.52,82.85,97.44,821,5.086,1,20,O,B,Urgent,0
205,61,76,54.02,17.1,7.97,61.82,110,2.725,4,15,B,A,Urgent,0
206,22,50,77.19,88.85,93.11,87.75,483,3.241,4,28,B,A,Critical,0
207,45,33,39.07,24.89,91.42,71.97,735,2.146,1,12,O,A,Urgent,1
208,67,55,68.05,81.44,9.98,65.24,757,8.097,2,12,B,O,Routine,0
209,30,52,93.32,1.21,43.44,62.8,135,6.378,0,22,B,A,Urgent,0
210,29,28,75.77,78.71,6.52,97.78,693,,2,1,B,B,Urgent,1
211,61,44,72.26,62.68,84.84,90.9,285,6.741,0,17,A,B,Routine,0
212,51,18,69.91,21.45,13.84,99.61,743,9.699,1,33,O,O,Normal,1
213,40,44,52.75,10.64,64.72,96.11,714,7.058,1,4,B,A,Urgent,0
214,54,72,70.12,,22.06,56.47,500,5.599,2,18,A,O,Routine,0
215,27,47,68.21,6.55,53.36,93.42,21,4.685,0,20,O,O,Critical,1
216,49,72,52.91,40.68,4.69,93.94,491,5.333,0,23,B,O,Urgent,0
217,53,50,69.39,62.79,71.77,95.19,6,6.315,0,3,B,B,Urgent,1
218,32,22,57.32,46.53,78.19,67.65,406,6.242,0,10,O,O,Normal,0
219,36,49,41.24,25.1,22.15,72.11,821,4.623,3,13,B,B,Urgent,0
220,61,33,79.34,59.14,34.76,49.39,755,8.516,2,28,O,O,Urgent,1
221,39,51,82.33,93.36,85.76,65.28,629,6.036,2,12,O,O,Urgent,1
222,69,19,80.31,31.74,15.8,73.92,578,6.199,0,50,A,A,Urgent,1
223,66,33,44.57,59.72,39.0,53.1,278,4.846,0,33,O,O,Normal,0
224,20,71,94.2,79.55,6.37,77.96,534,4.039,0,51,B,B,Urgent,1
225,66,65,30.46,38.14,59.96,55.53,838,7.942,2,1,A,O,Normal,0
226,69,26,89.2,93.76,57.25,68.12,711,5.839,1,43,B,A,Normal,0
227,31,63,93.75,67.87,78.09,83.12,729,4.522,2,32,O,A,Urgent,0
228,55,51,37.67,38.54,,,525,6.666,1,4,O,O,Urgent,1
229,31,50,28.62,29.9,28.75,55.77,661,5.585,0,19,A,A,Normal,1
230,68,21,82.19,17.45,21.77,86.73,182,8.361,0,47,A,O,Normal,0
231,68,63,42.21,72.95,18.49,87.28,448,6.806,0,5,O,B,Urgent,1
232,32,63,62.88,41.38,80.21,71.25,817,3.91,2,31,B,O,Critical,0
233,39,22,88.27,51.9,57.98,59.07,691,5.612,2,17,O,A,Normal,1
234,40,41,61.19,39.11,32.85,84.43,107,4.955,1,1,A,A,Urgent,1
235,46,50,52.91,90.56,65.59,61.0,16,8.261,0,4,O,O,Critical,0
236,29,40,63.66,54.63,21.41,84.17,556,6.825,1,11,A,A,Urgent,1
237,18,46,67.5,83.97,25.45,66.59,408,7.72,4,28,O,O,Normal,0
238,59,64,78.51,80.46,35.04,75.46,756,6.592,0,5,O,B,Urgent,1
239,52,28,96.68,16.37,83.56,69.93,709,5.618,0,24,A,B,Urgent,1
240,26,37,72.61,88.23,71.63,53.66,688,6.897,5,11,A,A,Normal,0
241,48,58,36.7,20.15,97.83,46.11,844,8.325,1,10,B,O,Urgent,0
242,56,38,30.73,17.91,72.85,60.45,146,8.953,7,18,O,O,Normal,0
243,51,23,34.73,87.92,8.74,97.0,635,5.034,4,28,O,A,Normal,0
244,21,45,95.06,45.33,69.84,73.85,418,5.097,2,24,A,A,Routine,0
245,39,30,58.77,67.38,28.62,68.68,461,4.225,1,9,O,O,Critical,1
246,52,63,29.6,96.08,46.22,89.55,925,7.443,0,11,O,B,Normal,0
247,21,49,61.37,9.85,3.75,82.47,871,2.346,0,28,A,O,Normal,0
248,44,47,44.47,77.28,21.82,46.22,129,5.348,0,3,B,A,Urgent,0
249,21,22,30.46,89.88,58.5,46.52,428,7.375,0,1,O,A,Urgent,0
250,24,56,29.9,70.78,27.74,74.09,341,8.847,3,32,AB,O,Normal,0
251,67,69,83.4,48.65,54.96,64.39,712,2.16,4,2,O,O,Routine,1
252,39,59,88.1,34.51,61.67,98.72,770,2.084,3,20,A,AB,Normal,1
253,51,67,36.68,59.32,23.67,59.28,251,6.598,6,16,A,O,Critical,0
254,63,76,83.69,99.38,19.6,94.17,571,8.787,0,13,B,A,Routine,0
255,31,21,55.04,35.45,94.12,92.35,762,4.915,0,10,O,O,Urgent,1
256,38,30,49.51,98.16,14.77,89.85,527,3.073,0,8,O,A,Normal,0
257,29,40,79.11,58.9,11.1,72.6,744,7.049,4,11,O,A,Urgent,1
258,19,40,77.19,39.76,62.25,83.95,393,7.131,1,21,O,B,Normal,0
259,40,42,69.25,12.29,26.2,63.61,855,6.074,3,2,A,A,Routine,1
260,33,50,88.94,67.62,69.51,83.67,438,6.537,4,17,A,O,Urgent,0
261,37,24,61.64,3.33,,48.85,104,8.528,4,13,A,O,Normal,0
262,56,72,39.6,26.46,93.8,91.65,839,6.244,2,16,B,A,Normal,0
263,40,55,71.88,70.95,10.8,50.91,879,6.975,1,15,B,B,Critical,1
264,35,42,90.65,60.51,95.01,70.02,79,8.873,2,7,O,O,Urgent,1
265,18,73,27.28,43.81,15.67,67.08,172,6.179,4,55,O,A,Routine,0
266,46,66,47.36,66.78,33.39,75.63,233,5.912,2,20,B,A,Critical,0
267,56,65,44.08,,29.01,87.36,429,4.776,0,9,O,B,Urgent,0
268,23,30,93.37,1.36,37.13,68.45,146,3.367,1,7,O,A,Critical,1
269,25,70,28.67,17.19,32.35,64.05,371,2.619,0,45,O,O,Urgent,1
270,49,65,44.89,26.98,17.45,47.97,563,7.43,1,16,A,A,Normal,1
271,55,25,32.53,40.94,61.84,82.6,760,5.628,0,30,A,O,Urgent,0
272,57,31,60.12,86.58,67.42,97.82,281,9.815,1,26,O,A,Normal,0
273,50,22,59.44,92.66,37.05,65.9,459,5.16,0,28,B,O,Normal,0
274,31,23,27.81,57.18,58.76,64.22,483,3.02,0,8,O,A,Critical,1
275,40,34,61.18,7.35,75.99,54.97,836,8.01,2,6,O,O,Urgent,1
276,64,35,63.7,77.16,8.95,59.09,874,5.134,0,29,B,A,Normal,0
277,20,59,56.97,62.25,22.64,92.37,338,4.469,0,39,B,B,Urgent,1
278,26,32,38.48,62.04,32.73,50.24,939,4.936,2,6,O,B,Critical,1
279,30,22,71.93,56.69,6.6,63.01,729,5.743,0,8,O,A,Urgent,0
280,26,40,34.27,54.74,76.63,68.66,823,9.779,2,14,B,B,Urgent,0
281,29,37,44.1,79.3,51.21,95.54,604,9.081,2,8,AB,O,Normal,0
282,56,20,52.41,8.24,90.95,65.38,701,4.678,1,36,O,A,Normal,1
283,56,25,37.42,61.72,58.08,81.36,405,4.872,1,31,O,B,Routine,0
284,50,59,31.35,40.22,92.99,49.08,595,5.363,1,9,O,O,Urgent,0
285,60,76,52.5,13.56,76.09,99.3,272,4.732,0,16,A,O,Urgent,0
286,62,31,92.44,58.61,21.87,49.15,374,2.981,2,31,A,A,Normal,0
287,35,50,29.66,2.71,75.73,80.12,988,5.109,0,15,B,AB,Routine,0
288,54,50,37.86,46.04,92.85,57.35,634,5.706,2,4,B,O,Normal,0
289,61,24,92.58,8.56,32.6,86.01,481,6.922,0,37,O,A,Critical,1
290,37,75,36.26,36.29,98.91,83.88,640,7.116,0,38,AB,A,Normal,0
291,29,49,32.73,59.63,22.2,54.92,149,4.717,2,20,O,O,Normal,0
292,41,22,34.31,57.24,17.85,89.98,632,5.808,0,19,O,O,Urgent,1
293,34,25,33.05,30.43,8.27,72.29,278,8.172,0,9,A,B,Urgent,0
294,66,67,50.5,27.46,47.86,88.13,907,1.853,2,1,O,B,Normal,1
295,44,53,58.58,55.23,95.98,69.25,995,9.07,0,9,A,A,Normal,0
296,38,27,94.44,31.12,18.72,81.28,238,7.209,3,11,B,O,Critical,0
297,54,57,30.58,16.95,79.82,79.03,450,8.293,0,3,O,O,Urgent,0
298,38,47,59.96,45.25,85.89,98.28,452,4.066,0,9,B,B,Urgent,1
299,44,67,48.89,11.71,53.53,77.28,59,5.662,2,23,A,B,Routine,0
300,54,67,62.5,51.95,81.71,47.36,604,2.368,4,13,O,B,Urgent,0
301,43,69,93.91,74.75,52.55,50.76,671,6.713,2,26,O,AB,Urgent,1
302,55,47,30.63,4.81,65.77,93.25,789,2.359,3,,A,B,Normal,0
303,24,62,71.7,31.95,48.19,53.66,528,4.71,0,38,A,A,Urgent,1
304,56,40,54.85,64.85,88.78,62.71,410,3.395,3,16,O,A,Normal,0
305,50,55,39.08,82.99,59.61,86.51,166,2.872,2,5,O,B,Urgent,0
306,53,65,79.42,97.9,15.31,78.54,693,5.018,1,12,O,B,Critical,0
307,50,28,38.85,82.54,13.19,50.99,876,4.297,1,22,B,A,Normal,0
308,49,62,61.49,69.35,21.23,76.2,863,5.365,3,13,O,O,Urgent,1
309,28,29,46.23,41.91,87.28,84.17,692,2.356,2,1,O,O,Routine,1
310,36,18,30.34,91.7,30.98,92.09,768,4.227,0,18,O,A,Normal,0
311,59,27,91.99,77.32,9.22,79.98,928,5.914,0,32,B,A,Normal,1
312,26,53,81.54,95.38,46.19,73.6,20,7.555,0,27,B,A,Normal,0
313,62,50,65.85,62.1,28.58,89.45,424,8.38,1,12,B,O,Critical,0
314,,21,80.05,30.41,87.63,91.27,704,2.178,0,27,B,B,Urgent,1
315,36,70,96.25,37.95,58.98,48.42,758,4.202,0,34,B,A,Routine,0
316,46,64,67.8,34.5,6.31,58.23,592,4.59,1,18,O,B,Urgent,1
317,67,72,51.38,58.9,93.21,99.85,984,3.389,3,5,A,B,Urgent,0
318,31,70,75.4,83.0,80.55,52.25,821,1.505,0,39,A,O,Normal,0
319,58,48,36.67,40.63,56.69,80.23,692,5.961,3,10,A,O,Routine,0
320,69,41,87.42,82.02,52.53,89.32,64,3.311,8,28,O,A,Normal,0
321,50,34,71.91,78.9,36.38,55.04,700,6.312,0,16,O,O,Normal,1
322,48,30,99.6,56.96,1.66,87.01,95,6.785,0,18,O,O,Urgent,1
323,36,23,40.98,51.15,81.99,97.26,436,5.957,2,13,A,AB,Urgent,0
324,55,67,73.02,94.71,95.44,87.66,856,5.902,0,12,O,A,Normal,0
325,46,70,95.91,98.43,10.44,91.82,152,5.151,2,24,A,O,Normal,0
326,68,62,93.11,73.07,93.03,50.18,513,3.457,0,6,A,O,Normal,0
327,49,51,27.52,15.15,61.66,91.26,724,3.338,4,2,O,B,Critical,0
328,40,31,98.15,4.61,68.69,46.76,156,7.073,0,9,A,O,Normal,0
329,38,34,66.55,98.95,36.39,55.92,73,7.286,6,4,B,A,Routine,0
330,21,41,88.18,67.04,0.26,63.91,334,1.285,2,20,O,B,Routine,1
331,18,65,41.34,16.91,74.75,56.04,186,4.77,1,47,O,A,Normal,0
332,39,61,60.26,79.9,98.55,68.49,813,6.314,1,22,B,O,Normal,0
333,32,49,44.46,42.55,41.76,55.15,730,4.257,1,17,O,A,Urgent,0
334,66,77,71.06,56.04,5.22,87.32,572,10.36,1,11,O,O,Normal,1
335,64,71,57.37,71.83,99.74,97.78,368,4.019,0,7,A,B,Urgent,0
336,68,71,96.79,43.74,33.38,64.85,43,3.784,1,3,O,B,Normal,1
337,45,54,43.03,42.78,22.09,78.97,645,2.944,4,9,O,A,Urgent,0
338,39,44,89.84,47.59,92.88,99.4,146,0.5,2,5,O,O,Normal,1
339,24,64,66.66,40.06,47.64,75.39,91,8.321,0,40,O,O,Urgent,0
340,65,37,82.21,27.93,7.8,95.36,239,2.249,0,28,O,AB,Urgent,1
341,66,21,83.95,2.76,10.37,90.9,892,5.532,0,45,O,B,Critical,1
342,34,49,37.31,7.68,43.3,89.36,495,6.121,6,15,A,B,Normal,0
343,32,31,34.85,73.61,34.96,68.48,478,4.812,1,1,AB,A,Normal,0
344,56,23,40.97,46.37,0.09,90.7,127,5.334,3,33,A,B,Urgent,0
345,62,22,36.35,28.81,49.95,97.01,861,4.076,2,40,A,O,Critical,0
346,67,56,25.2,19.54,59.24,93.33,163,7.111,3,11,A,A,Normal,0
347,25,37,73.98,4.05,79.91,53.18,990,3.445,8,12,O,B,Normal,1
348,30,40,95.03,87.42,99.31,,736,3.652,1,10,O,B,Urgent,0
349,36,24,57.68,18.42,28.19,64.07,339,6.344,3,12,B,O,Normal,0
350,38,24,63.76,16.44,73.36,82.41,705,2.228,7,14,B,O,Urgent,0
351,62,48,68.22,95.68,74.03,52.01,842,5.799,3,14,O,O,Normal,0
352,24,54,51.85,71.97,0.13,93.21,115,5.923,4,30,AB,O,Critical,0
353,25,41,65.11,74.49,84.48,53.47,128,7.697,0,16,A,A,Urgent,0
354,38,62,37.4,58.93,48.39,81.3,386,3.207,2,24,A,O,Normal,0
355,32,42,87.94,43.55,74.42,53.4,374,4.511,0,10,O,O,Normal,1
356,35,61,86.43,12.55,15.95,97.72,313,9.933,0,26,O,B,Urgent,1
357,20,51,64.77,53.5,71.82,62.18,722,5.341,4,31,B,A,Normal,0
358,30,20,36.61,85.76,95.07,84.73,763,2.454,3,10,B,B,Normal,0
359,58,77,72.11,74.89,57.14,65.05,23,5.89,0,19,B,A,Urgent,0
360,56,54,94.64,76.81,18.26,53.5,563,0.5,0,2,B,O,Normal,0
361,38,74,87.4,87.3,38.8,98.48,452,4.274,2,36,B,A,Normal,0
362,57,25,40.03,77.77,56.37,81.77,322,3.557,1,32,B,A,Urgent,0
363,33,72,25.95,74.13,35.7,87.54,19,1.849,0,39,B,O,Normal,0
364,22,77,51.06,56.28,57.16,80.71,666,6.284,1,55,O,B,Critical,0
365,23,38,37.84,48.33,36.93,64.44,194,3.838,0,15,O,B,Urgent,0
366,45,39,82.67,,32.46,79.94,706,6.805,1,6,A,O,Urgent,1
367,62,27,29.37,26.53,0.72,77.49,424,3.617,2,35,O,O,Normal,1
368,52,28,29.53,5.85,81.86,71.82,664,1.359,0,24,O,A,Urgent,0
369,29,35,58.26,29.83,63.21,99.99,725,1.457,0,6,O,O,Normal,1
370,44,61,58.96,85.63,91.47,75.9,94,9.182,1,17,O,A,Normal,0
371,68,48,79.26,14.11,44.29,73.32,947,9.341,0,20,O,AB,Normal,0
372,61,77,25.28,56.68,21.52,74.58,847,8.548,0,16,A,AB,Normal,0
373,55,62,25.4,69.53,67.45,60.29,801,8.672,0,7,O,O,Critical,1
374,51,68,77.68,78.89,66.2,56.93,197,6.958,2,17,O,A,Normal,1
375,60,67,40.41,42.82,32.58,89.58,56,8.616,0,7,O,B,Normal,0
376,58,57,88.67,89.45,97.35,55.29,911,5.553,3,1,O,A,Critical,0
377,25,,33.9,28.85,20.71,56.67,534,3.654,0,15,B,O,Urgent,0
378,64,74,65.26,91.04,18.48,81.13,616,3.861,3,10,O,O,Urgent,1
379,69,35,58.5,38.32,15.3,91.02,678,6.034,0,34,O,AB,Critical,1
380,66,65,71.03,34.07,85.96,94.5,943,7.234,4,1,O,O,Normal,1
381,47,62,50.36,11.53,53.27,97.7,626,6.577,1,15,A,A,Normal,1
382,42,24,70.82,95.72,40.05,77.53,755,4.075,2,18,O,O,Urgent,1
383,19,24,47.87,94.16,40.07,81.99,187,5.947,0,5,B,AB,Normal,0
384,33,32,96.85,14.26,40.98,87.68,520,8.468,1,1,B,O,Critical,1
385,26,72,72.41,67.74,17.47,58.16,904,5.801,1,46,A,O,Normal,0
386,58,38,43.62,45.49,64.18,97.65,543,4.724,2,20,O,B,Critical,0
387,39,41,52.52,61.52,59.79,48.32,740,1.702,0,2,A,A,Normal,1
388,60,57,,94.84,45.71,57.05,445,7.899,1,3,O,A,Normal,0
389,56,31,53.62,54.34,80.31,52.35,559,5.825,0,25,O,AB,Normal,0
390,25,65,67.83,44.75,62.79,84.38,522,6.705,0,40,A,O,Critical,0
391,34,62,55.05,19.4,28.8,64.31,741,6.075,0,28,B,B,Normal,0
392,56,42,39.87,59.32,93.86,64.88,76,6.677,0,14,B,O,Urgent,0
393,24,39,47.01,11.19,89.0,78.46,592,7.691,1,15,O,A,Critical,0
394,59,31,72.72,19.53,59.22,66.82,6,8.063,0,28,O,B,Critical,1
395,61,35,87.84,52.5,73.92,80.16,172,5.305,1,26,A,O,Normal,0
396,53,26,78.8,67.76,1.97,94.02,51,3.54,0,27,B,O,Urgent,0
397,59,19,43.67,10.39,78.18,54.14,556,7.713,5,40,O,A,Critical,0
398,24,38,56.13,5.38,12.43,72.07,337,5.242,0,14,A,A,Normal,1
399,19,27,80.72,30.75,30.3,78.0,685,5.977,0,8,B,B,Normal,1
400,25,22,95.97,24.57,0.27,46.4,872,4.356,2,3,O,B,Urgent,1
401,33,76,41.44,17.66,29.12,61.9,218,4.084,1,43,A,O,Critical,0
402,20,29,67.04,8.36,43.84,94.61,54,6.884,0,9,O,B,Urgent,1
403,30,44,94.99,53.86,17.31,51.99,865,5.968,1,14,B,A,Routine,0
404,35,75,62.74,97.51,79.3,71.61,560,7.091,3,40,O,B,Normal,0
405,37,58,71.08,94.1,95.11,65.76,411,2.679,7,21,A,B,Critical,0
406,56,66,96.86,75.47,32.13,52.75,587,6.357,1,10,O,A,Normal,1
407,42,77,49.8,92.98,50.27,64.21,173,4.985,0,35,A,O,Urgent,0
408,18,59,99.79,25.01,74.88,47.12,743,9.685,0,41,O,AB,Urgent,1
409,66,30,46.12,0.61,64.34,73.31,273,1.043,0,36,B,A,Normal,0
410,45,67,37.33,40.39,43.27,69.96,783,8.202,6,22,A,A,Urgent,0
411,43,73,31.66,82.81,8.21,81.08,281,3.62,1,30,B,B,Normal,0
412,61,60,94.1,86.51,17.32,59.09,662,7.595,0,1,O,O,Urgent,0
413,19,33,93.73,99.5,42.14,52.06,811,4.03,3,14,O,B,Urgent,1
414,20,75,46.18,70.55,46.91,71.87,473,5.12,1,55,O,B,Normal,0
415,19,69,43.79,5.99,99.62,73.34,943,5.287,2,50,A,O,Routine,0
416,49,53,72.08,26.91,45.82,57.13,851,7.055,1,4,A,A,Urgent,1
417,40,65,70.85,24.63,47.86,54.96,180,6.001,3,25,B,O,Routine,0
418,63,37,70.39,12.87,79.99,55.54,794,6.752,5,26,A,O,Routine,0
419,65,69,26.07,59.71,69.88,76.9,436,6.643,0,4,B,A,Normal,0
420,32,66,40.09,49.42,4.08,56.02,714,4.496,6,34,O,A,Urgent,0
421,37,47,28.29,5.25,20.38,48.76,160,7.55,0,10,B,O,Routine,0
422,29,58,99.38,44.6,26.89,58.66,889,2.996,1,29,O,AB,Normal,1
423,42,19,38.55,18.62,54.5,92.42,408,3.784,1,23,B,O,Critical,0
424,68,65,44.91,56.37,45.8,58.62,138,2.752,0,3,A,A,Normal,0
425,57,18,41.51,69.26,80.58,66.77,470,7.905,0,39,O,B,Normal,0
426,37,31,78.66,84.04,21.71,62.12,439,4.139,2,6,O,O,Normal,1
427,28,40,71.16,49.72,22.88,59.12,737,5.53,0,12,A,O,Critical,0
428,18,73,41.57,16.37,59.85,92.63,480,5.185,1,55,O,O,Urgent,0
429,67,62,75.64,30.63,38.73,79.05,560,10.938,0,5,O,A,Normal,1
430,52,52,91.02,87.11,57.33,74.76,86,5.376,0,0,O,O,Normal,1
431,52,39,28.12,36.26,71.72,95.83,984,4.813,0,13,O,B,Urgent,1
432,34,55,49.8,33.62,38.31,67.15,9,7.276,1,21,B,A,Urgent,0
433,18,32,47.77,22.15,27.52,54.39,529,5.143,1,14,O,B,Normal,0
434,56,27,64.79,82.23,40.62,49.62,589,4.872,1,29,B,AB,Normal,0
435,39,74,78.66,25.65,21.63,51.66,807,5.212,3,35,B,A,Urgent,0
436,18,61,28.91,56.66,53.4,47.91,278,9.229,0,43,A,O,Normal,0
437,45,25,60.48,36.3,48.17,87.82,364,5.399,2,20,A,B,Urgent,1
438,24,77,93.42,45.37,53.04,63.08,473,3.649,0,53,O,A,Normal,0
439,24,62,50.59,92.65,50.73,51.04,913,1.111,0,38,O,A,Urgent,0
440,52,31,87.54,93.75,14.64,90.39,151,6.721,1,,A,O,Normal,0
441,40,62,81.87,50.35,,68.3,851,6.793,1,22,O,B,Urgent,1
442,57,21,46.98,82.03,51.02,63.47,534,7.538,7,36,AB,B,Urgent,0
443,56,72,75.98,12.21,55.74,70.95,813,5.778,2,16,O,O,Urgent,1
444,66,47,43.12,4.31,82.74,65.49,282,5.149,0,19,O,O,Normal,0
445,33,34,86.62,10.13,2.28,93.22,831,1.454,4,1,O,O,Normal,1
446,18,71,99.08,21.15,52.16,51.14,551,7.69,3,53,B,A,Critical,0
447,36,19,99.23,39.36,98.83,99.44,513,8.268,1,17,O,A,Normal,0
448,18,37,69.46,0.2,22.81,63.08,200,2.895,2,19,B,B,Urgent,1
449,40,38,53.53,99.81,53.19,76.87,596,11.046,1,2,O,B,Normal,0
450,38,27,88.94,17.65,96.6,65.23,706,5.518,1,11,B,O,Critical,0
451,21,55,55.61,82.05,80.1,91.82,44,4.58,2,34,B,O,Urgent,0
452,18,36,73.4,52.12,50.8,46.42,521,10.743,0,18,B,B,Normal,0
453,26,62,79.14,61.34,44.2,46.73,10,4.067,0,36,O,B,Urgent,1
454,19,63,46.96,62.45,4.62,64.81,325,2.267,3,44,A,O,Critical,0
455,68,19,32.26,84.02,56.87,57.71,635,6.205,2,49,B,O,Urgent,0
456,46,18,65.14,5.04,38.2,58.99,312,2.465,2,28,A,A,Routine,0
457,52,49,45.28,68.79,19.81,80.28,849,3.858,1,3,A,O,Critical,0
458,69,55,81.53,10.7,4.43,96.85,523,7.738,3,14,A,O,Urgent,1
459,42,66,70.14,27.35,98.35,79.21,57,4.15,0,24,O,AB,Normal,0
460,56,57,60.11,79.15,94.95,91.43,72,3.309,2,1,B,A,Normal,0
461,54,23,74.08,89.13,98.65,91.11,788,1.181,0,31,O,O,Normal,1
462,32,47,57.04,77.95,67.36,66.86,897,2.023,1,15,O,O,Urgent,0
463,30,68,72.7,73.19,84.39,79.37,552,5.34,1,38,O,B,Normal,0
464,45,24,48.81,30.69,84.29,75.44,12,3.696,5,21,B,A,Critical,0
465,61,33,67.04,88.65,32.51,81.57,279,8.205,,28,A,O,Normal,0
466,39,19,45.58,52.98,0.99,54.84,990,4.039,1,20,O,B,Normal,0
467,35,44,35.92,55.73,96.42,96.78,574,7.502,0,9,B,O,Normal,0
468,28,69,74.4,11.63,99.17,62.35,254,5.316,0,41,B,O,Normal,0
469,52,30,28.51,11.35,49.75,75.4,269,4.304,1,22,A,B,Urgent,0
470,49,67,42.53,57.26,1.57,86.97,256,2.623,1,18,O,B,Normal,1
471,55,21,29.26,32.77,97.42,48.5,273,4.708,2,34,A,A,Urgent,0
472,69,65,30.09,21.49,60.26,57.44,516,9.383,0,4,O,B,Urgent,0
473,26,63,82.12,99.96,59.1,65.46,309,3.658,3,37,O,O,Routine,0
474,52,35,32.13,80.3,70.09,95.32,142,5.308,1,17,O,B,Critical,0
475,63,24,40.52,9.11,34.59,84.15,198,7.321,0,39,O,B,Normal,0
476,58,50,96.11,18.57,30.48,62.32,841,5.805,0,8,B,A,Routine,1
477,23,50,59.77,83.33,23.39,91.28,692,1.052,2,27,B,A,Normal,0
478,,21,88.56,15.59,50.78,47.53,854,5.131,1,36,O,B,Routine,1
479,68,37,25.3,48.11,77.49,90.87,322,7.742,1,31,O,O,Normal,0
480,55,47,27.37,23.92,4.53,74.49,66,7.191,1,8,A,O,Normal,0
481,62,30,63.45,63.08,28.32,71.92,176,5.192,0,32,A,B,Normal,0
482,28,74,49.3,91.49,51.59,73.39,270,3.893,0,46,A,A,Urgent,0
483,31,33,46.59,24.56,25.6,58.4,425,4.86,3,2,O,O,Normal,1
484,62,46,49.26,28.68,51.48,64.64,726,2.189,1,16,B,O,Normal,0
485,50,77,52.59,88.45,10.08,58.18,219,5.762,0,,O,O,Urgent,1
486,39,36,47.94,70.13,13.85,64.7,556,8.113,4,3,O,A,Urgent,0
487,50,19,50.74,57.45,65.5,61.91,965,5.781,1,31,O,O,Critical,0
488,20,71,65.53,71.79,15.1,96.89,962,7.22,2,51,O,A,Critical,1
489,26,53,74.68,36.38,83.36,81.91,542,3.366,3,27,A,B,Critical,1
490,69,23,60.89,11.73,87.93,78.27,365,10.502,0,46,O,A,Normal,0
491,48,29,28.32,2.19,18.94,91.16,484,6.119,1,19,AB,O,Normal,0
492,37,66,68.31,68.64,16.3,83.16,66,4.886,2,29,B,A,Urgent,0
493,56,72,38.73,73.95,69.43,57.85,88,7.428,8,16,B,B,Normal,0
494,41,45,94.63,88.38,96.42,62.74,465,3.125,2,4,O,A,Routine,0
495,38,40,42.29,78.72,47.76,83.37,445,5.68,0,2,B,A,Urgent,0
496,60,75,66.18,68.95,48.98,50.99,512,4.839,0,15,O,O,Urgent,0
497,28,75,75.24,0.07,60.38,64.48,598,3.37,0,47,O,O,Normal,1
498,41,49,72.79,0.37,60.6,69.77,696,4.023,0,8,A,O,Urgent,1
499,35,44,54.08,52.63,85.7,72.3,214,7.602,2,9,B,A,Normal,0
500,38,61,95.1,90.45,91.85,71.11,275,6.222,1,23,A,B,Routine,0
501,43,45,27.93,92.34,4.31,61.36,392,2.673,2,2,O,B,Critical,0
502,34,76,56.97,33.23,10.89,94.7,180,3.383,2,42,O,B,Urgent,0
503,34,54,34.33,27.74,72.42,47.92,271,5.701,0,20,B,A,Urgent,0
504,39,50,47.35,90.81,39.84,54.8,837,3.041,0,11,A,A,Normal,0
505,33,25,72.93,57.71,78.98,73.39,678,4.841,1,8,AB,B,Urgent,0
506,53,24,31.66,51.04,4.24,87.26,488,6.38,3,29,O,A,Urgent,1
507,57,62,59.0,63.25,91.68,62.12,405,2.299,2,5,B,O,Critical,0
508,45,29,60.26,99.74,24.91,72.82,572,7.547,0,16,AB,O,Normal,0
509,48,37,44.12,29.8,29.24,76.49,147,4.064,2,11,O,O,Normal,1
510,59,55,45.29,50.7,28.27,48.32,192,4.143,0,4,O,O,Normal,0
511,20,59,44.76,57.71,24.73,56.58,537,7.225,0,39,AB,O,Urgent,0
512,67,53,49.8,31.93,97.82,79.67,623,2.959,3,14,A,O,Urgent,0
513,42,68,44.64,66.43,2.22,76.91,5,3.427,0,26,B,A,Normal,0
514,31,70,42.52,18.49,20.17,57.11,515,4.807,5,39,A,O,Urgent,0
515,25,52,61.85,64.26,90.18,82.47,538,3.218,2,27,O,B,Normal,0
516,26,75,70.32,43.76,0.25,83.46,372,9.588,3,49,B,O,Normal,0
517,35,67,64.21,56.59,16.89,73.96,390,6.018,0,32,B,A,Routine,0
518,53,24,99.48,73.04,98.59,87.87,107,3.524,0,29,A,O,Urgent,0
519,67,56,96.94,32.37,1.09,50.08,760,3.854,0,11,A,O,Urgent,1
520,39,48,32.65,70.14,16.79,50.4,691,3.524,1,9,B,B,Normal,1
521,27,31,92.04,77.64,52.63,46.19,963,5.188,3,4,A,A,Urgent,1
522,56,66,99.02,63.83,68.3,78.66,564,6.938,2,10,O,A,Normal,0
523,59,76,91.42,44.39,66.56,47.38,178,4.405,4,17,B,O,Urgent,0
524,39,21,74.92,88.25,60.12,92.0,325,6.304,8,18,O,B,Normal,0
525,33,56,98.93,76.48,18.75,94.68,295,4.587,2,23,A,A,Critical,1
526,26,22,60.05,60.46,96.12,96.71,682,8.927,0,4,A,O,Normal,0
527,61,67,53.19,29.88,40.31,92.76,785,5.395,1,6,O,B,Normal,0
528,20,36,76.02,59.4,55.68,98.21,987,8.469,1,16,O,B,Critical,1
529,31,40,26.69,34.39,29.07,73.06,348,7.527,1,9,O,O,Normal,0
530,47,36,40.95,64.08,37.67,58.1,683,5.051,0,11,O,O,Normal,1
531,21,26,44.91,7.86,32.41,64.21,977,4.37,0,5,O,O,Normal,1
532,38,72,63.72,63.27,85.13,93.63,610,6.12,0,34,A,B,Normal,0
533,58,39,57.7,20.48,21.65,73.91,294,3.767,3,19,B,B,Normal,0
534,68,76,26.91,44.65,19.6,53.45,605,4.006,0,8,O,O,Normal,1
535,57,72,33.64,24.77,0.37,87.33,864,5.615,2,15,A,B,Routine,0
536,60,75,28.48,84.18,92.86,58.19,206,3.312,2,15,O,B,Urgent,0
537,39,68,46.69,91.12,33.58,82.15,982,3.955,1,29,A,O,Normal,0
538,59,66,30.53,68.53,77.28,67.66,924,7.951,3,7,O,O,Critical,0
539,43,19,77.94,17.77,6.1,49.18,24,5.356,0,24,B,AB,Urgent,1
540,22,71,39.51,21.83,61.57,55.23,832,7.264,1,49,A,O,Normal,0
541,47,64,68.69,10.37,40.07,74.0,882,1.718,0,17,O,B,Urgent,1
542,21,75,80.83,1.54,11.38,89.86,788,2.937,7,54,A,B,Urgent,0
543,69,67,97.18,1.16,81.38,68.28,930,7.375,2,2,O,O,Urgent,1
544,54,74,42.55,56.7,37.23,74.3,892,,1,20,B,B,Urgent,0
545,44,59,47.33,99.1,2.26,75.98,564,9.096,0,15,O,O,Normal,1
546,67,21,70.68,69.49,89.65,82.89,933,9.428,0,46,B,AB,Urgent,0
547,27,21,35.51,99.95,29.66,81.84,783,5.178,1,6,O,B,Urgent,0
548,46,50,83.18,31.93,31.15,79.81,107,8.333,2,4,O,O,Normal,1
549,39,51,67.57,11.67,53.02,86.46,407,4.779,0,12,A,O,Routine,0
550,47,45,75.14,68.01,29.0,82.72,273,7.907,4,2,O,B,Critical,0
551,21,44,52.57,28.71,33.77,70.65,93,9.698,3,23,A,A,Normal,0
552,64,29,52.69,90.76,95.65,81.0,969,4.995,2,35,AB,A,Urgent,0
553,64,66,79.69,23.73,24.21,53.8,549,5.052,0,2,A,A,Routine,1
554,57,53,74.04,23.19,48.72,76.67,392,3.796,0,4,B,B,Urgent,1
555,45,56,34.88,75.28,33.99,87.06,319,7.526,0,11,O,B,Normal,1
556,53,47,27.07,29.09,92.37,92.13,588,7.947,3,6,O,O,Urgent,0
557,54,72,27.81,68.53,92.9,58.45,265,7.039,5,18,A,A,Normal,0
558,64,71,92.86,68.83,1.4,84.74,642,7.681,4,7,A,B,Critical,1
559,66,30,42.68,76.42,72.58,69.26,698,8.113,3,36,O,A,Urgent,0
560,69,43,76.85,86.47,24.88,82.0,838,3.299,1,26,O,B,Routine,1
561,38,63,77.69,76.16,99.08,68.61,359,7.92,0,25,A,B,Normal,0
562,54,70,87.41,42.39,27.25,67.24,772,3.194,1,16,B,A,Normal,0
563,24,56,86.93,35.0,61.17,80.97,905,11.536,2,32,O,A,Normal,0
564,53,37,61.06,65.07,20.36,52.83,250,2.853,1,16,A,A,Normal,1
565,36,75,80.54,55.92,61.93,60.73,370,2.912,1,39,O,O,Normal,1
566,23,64,36.88,39.45,8.75,74.91,168,6.098,0,41,B,O,Urgent,0
567,21,60,73.46,22.0,24.52,64.21,281,5.091,1,39,B,A,Normal,0
568,26,21,74.91,13.04,1.75,46.06,244,8.661,3,5,B,O,Normal,0
569,59,71,44.8,32.77,57.45,50.43,663,2.864,,12,B,O,Urgent,0
570,19,75,44.52,64.3,85.36,68.2,638,7.875,1,56,O,A,Normal,0
571,24,77,39.21,47.26,20.12,62.51,705,5.964,1,53,O,A,Routine,0
572,30,28,68.27,14.1,10.2,45.11,53,3.704,1,2,O,O,Urgent,1
573,49,36,87.84,10.92,64.93,87.92,902,7.126,1,13,O,O,Urgent,1
574,32,39,81.04,30.8,94.92,96.82,,8.023,0,7,O,O,Normal,0
575,58,23,60.11,24.11,87.63,65.11,955,7.98,0,35,O,B,Routine,1
576,58,69,94.65,98.65,23.13,74.77,685,7.168,0,11,O,O,Critical,1
577,63,45,29.08,48.16,89.76,94.13,979,2.011,2,18,O,O,Normal,0
578,62,69,63.44,76.39,84.42,62.07,96,6.504,0,7,O,A,Routine,0
579,60,66,98.56,18.69,14.14,,899,3.628,0,6,B,A,Normal,1
580,34,36,27.39,48.42,5.25,90.26,695,5.236,1,2,O,A,Urgent,1
581,25,56,97.23,47.74,17.92,61.37,777,0.5,0,31,O,A,Normal,1
582,43,44,47.15,89.2,12.88,56.16,711,2.809,0,1,B,AB,Urgent,0
583,60,24,55.84,39.92,64.92,66.98,723,6.424,2,36,O,O,Normal,1
584,31,30,29.51,96.75,82.68,83.54,371,5.962,0,1,O,O,Critical,0
585,41,77,47.38,91.29,1.06,92.67,716,4.177,2,36,B,O,Routine,0
586,68,63,28.51,25.0,47.66,52.11,727,4.017,0,5,O,A,Urgent,0
587,65,39,85.06,61.39,55.59,92.46,743,1.521,2,26,B,A,Normal,0
588,51,52,58.34,74.05,12.47,88.56,951,4.51,1,1,A,O,Critical,1
589,47,40,56.66,82.47,81.58,57.16,367,3.723,2,7,O,B,Normal,0
590,52,67,58.98,86.94,22.43,71.74,706,5.531,0,15,O,A,Critical,0
591,26,25,37.9,,70.42,63.44,854,5.914,2,1,O,O,Urgent,1
592,63,61,43.61,48.68,20.26,60.87,871,4.772,0,2,O,A,Urgent,1
593,29,76,28.04,23.0,73.54,84.7,220,3.73,1,47,B,B,Normal,0
594,69,44,81.53,10.18,37.89,87.59,811,8.589,1,25,A,B,Critical,1
595,44,32,47.99,20.98,40.69,58.73,140,4.651,1,12,O,O,Critical,0
596,60,67,33.27,43.4,73.65,56.81,437,7.217,0,7,O,A,Normal,0
597,47,20,49.37,37.14,42.79,80.21,324,6.017,8,27,O,O,Urgent,0
598,21,33,54.72,55.77,38.99,84.98,994,4.597,1,12,O,A,Normal,0
599,48,23,56.92,93.25,70.81,76.48,117,6.045,0,25,O,A,Urgent,0
600,25,57,79.97,76.41,54.93,67.83,274,7.281,0,32,B,B,Routine,0
601,38,18,70.52,37.15,93.66,88.3,256,4.582,6,20,B,B,Normal,0
602,41,22,50.21,60.55,76.67,83.99,286,3.55,2,19,AB,A,Routine,0
603,41,76,52.07,40.8,61.69,57.41,201,5.499,0,35,B,O,Normal,0
604,29,53,38.02,81.67,16.76,81.67,734,7.487,2,24,O,B,Normal,0
605,25,60,69.54,44.12,9.72,60.71,453,3.617,4,35,A,O,Urgent,0
606,19,21,77.19,53.89,30.02,46.8,983,6.618,2,2,AB,A,Urgent,1
607,48,71,66.23,6.76,81.92,63.54,485,7.671,,23,B,B,Normal,0
608,47,24,99.07,30.47,70.15,68.14,517,5.807,0,23,O,O,Routine,1
609,45,71,53.62,15.88,86.92,91.96,851,5.497,1,26,A,B,Urgent,0
610,24,39,74.78,50.14,74.49,87.12,232,7.181,3,15,B,B,Routine,1
611,38,29,34.76,95.4,60.52,91.65,250,5.54,0,9,O,O,Critical,0
612,33,20,81.7,48.53,34.37,85.76,633,4.898,3,13,O,O,Urgent,1
613,19,24,90.04,51.12,87.02,48.11,434,7.628,3,5,A,A,Normal,1
614,61,45,28.13,21.31,42.49,45.51,542,7.298,0,16,A,B,Urgent,0
615,20,62,82.7,37.29,13.88,88.18,451,6.655,0,42,O,A,Urgent,1
616,18,63,80.92,58.93,34.38,74.01,625,5.518,0,45,O,O,Normal,1
617,50,19,67.2,41.1,4.03,96.93,90,5.445,3,31,O,O,Critical,1
618,20,25,36.05,79.12,34.07,85.11,316,5.224,4,5,A,O,Normal,0
619,27,40,25.28,93.77,92.58,99.79,121,4.294,5,13,O,B,Urgent,0
620,65,24,27.71,56.03,45.49,49.53,68,5.299,8,41,B,B,Normal,0
621,26,60,64.67,15.75,0.38,69.91,550,3.969,1,34,O,A,Urgent,0
622,28,77,66.22,40.1,94.77,87.68,680,7.902,0,49,B,O,Routine,0
623,40,32,60.6,87.44,66.37,62.54,585,5.041,0,8,AB,O,Normal,0
624,20,37,94.33,67.33,25.67,45.32,473,6.676,0,17,A,A,Critical,1
625,56,26,28.53,10.65,,61.15,827,2.52,8,30,B,O,Normal,0
626,64,23,67.49,31.54,96.45,90.07,858,2.527,1,41,O,B,Normal,0
627,60,75,75.19,17.34,59.55,72.66,789,6.302,0,15,O,O,Urgent,1
628,28,69,44.18,89.03,7.69,57.93,135,5.541,0,41,A,AB,Normal,0
629,51,29,42.59,5.54,65.09,73.52,182,4.164,2,22,A,O,Normal,0
630,60,70,61.26,26.62,90.57,95.37,379,7.034,2,10,A,B,Urgent,0
631,30,49,44.9,84.71,86.79,78.0,224,3.535,2,19,O,O,Normal,0
632,45,,88.67,83.83,37.55,92.27,831,6.552,5,6,B,B,Routine,1
633,20,29,52.41,7.62,96.82,83.88,908,9.11,2,9,B,O,Urgent,0
634,34,45,95.93,34.7,19.76,75.53,395,8.273,2,11,A,B,Urgent,0
635,29,24,30.93,68.15,68.26,71.31,443,5.377,0,5,O,B,Normal,0
636,36,50,60.28,99.55,35.06,95.51,445,4.499,0,14,AB,AB,Urgent,1
637,61,32,85.3,43.44,13.7,64.4,116,2.843,0,29,A,A,Normal,0
638,52,26,67.83,51.34,87.9,71.4,786,6.023,6,26,B,A,Urgent,0
639,49,24,96.39,91.73,97.74,74.79,874,3.511,4,25,A,O,Urgent,0
640,35,18,61.73,79.15,95.64,89.99,53,6.818,3,17,A,B,Normal,0
641,45,48,90.98,43.32,88.24,58.57,589,3.182,3,3,A,B,Normal,0
642,55,53,85.88,68.63,64.23,55.09,502,4.997,1,2,A,A,Urgent,1
643,23,34,93.61,51.51,26.98,80.47,57,6.867,1,11,O,O,Urgent,1
644,44,74,41.16,49.86,23.74,71.36,498,5.288,4,30,O,B,Critical,0
645,41,65,59.91,83.34,8.95,94.28,683,3.392,1,24,A,B,Urgent,0
646,43,39,51.3,54.88,21.13,95.8,774,5.706,3,4,B,A,Urgent,0
647,55,43,50.88,42.07,88.34,78.32,79,9.093,2,12,O,B,Normal,0
648,31,48,87.92,89.34,52.04,49.4,84,3.661,2,17,A,O,Urgent,0
649,24,66,33.02,7.18,44.95,83.54,746,6.299,3,42,B,A,Routine,0
650,47,52,25.92,56.53,71.94,54.65,115,7.623,2,5,AB,O,Urgent,0
651,50,41,34.62,53.14,10.57,83.44,162,10.709,0,9,A,A,Urgent,1
652,27,54,27.06,24.11,43.46,66.37,482,7.295,2,27,O,O,Routine,1
653,35,68,50.17,44.37,59.64,90.64,802,6.003,1,33,A,B,Urgent,0
654,25,68,61.41,46.55,25.93,60.89,303,5.047,0,43,O,AB,Urgent,0
655,68,47,80.81,25.06,45.87,61.17,494,5.783,0,21,A,A,Normal,1
656,47,30,31.58,84.18,20.94,99.89,537,6.094,2,17,A,A,Urgent,0
657,61,62,68.98,86.67,38.44,53.14,278,6.725,0,1,B,A,Critical,0
658,67,47,64.31,73.67,35.4,77.29,947,5.044,0,20,AB,O,Urgent,0
659,38,46,75.55,53.76,54.08,71.03,626,7.713,0,8,O,B,Routine,0
660,24,59,84.59,40.57,11.12,78.88,969,4.338,2,35,A,B,Urgent,0
661,24,40,43.17,,96.7,74.88,144,8.083,0,16,B,A,Normal,0
662,56,43,58.96,42.15,84.07,55.72,234,5.383,0,13,A,A,Normal,0
663,25,23,28.79,76.74,47.62,53.73,897,3.878,0,2,B,O,Normal,0
664,42,41,49.72,55.48,26.39,75.55,463,8.101,0,1,B,A,Urgent,0
665,65,64,95.59,60.95,41.82,75.77,875,8.406,0,1,O,A,Critical,1
666,47,24,49.52,21.82,73.79,72.93,878,5.79,0,23,B,A,Normal,0
667,31,60,37.07,68.55,25.54,70.35,766,7.515,0,29,O,B,Urgent,1
668,26,53,99.82,86.36,50.64,52.73,87,6.791,4,27,AB,A,Urgent,0
669,65,40,32.73,56.85,62.61,74.77,758,5.031,0,25,A,O,Normal,0
670,33,34,38.9,91.59,77.39,79.29,691,4.805,0,1,A,O,Urgent,0
671,45,75,99.5,82.86,74.3,91.72,445,4.438,0,30,O,O,Critical,0
672,29,68,40.18,96.73,79.99,78.16,705,5.19,2,39,O,B,Urgent,0
673,55,21,50.17,14.49,84.97,46.6,619,5.65,5,34,O,A,Urgent,0
674,60,23,99.71,0.99,54.87,63.04,807,5.771,1,37,O,O,Critical,1
675,67,51,68.9,21.32,5.42,71.21,289,8.133,2,16,O,O,Urgent,1
676,31,49,75.74,77.17,33.9,54.96,526,4.814,2,18,B,O,Critical,0
677,34,43,48.34,73.72,57.45,45.14,394,5.376,1,9,A,B,Normal,0
678,58,53,45.06,91.47,72.51,94.7,418,5.91,0,5,A,O,Normal,0
679,39,44,71.87,70.78,10.0,78.84,794,4.133,1,5,A,AB,Critical,0
680,42,51,69.15,6.47,90.59,57.08,262,5.091,0,9,O,B,Normal,0
681,47,49,79.65,80.19,8.45,83.13,144,6.427,2,2,O,O,Normal,1
682,20,68,51.07,80.12,82.6,74.37,948,3.302,2,48,B,A,Urgent,0
683,37,24,74.23,64.07,96.45,74.49,266,1.404,0,13,A,A,Normal,1
684,53,69,84.06,66.85,56.21,97.79,98,6.467,1,16,B,B,Normal,1
685,43,66,70.78,37.27,96.42,59.91,548,4.137,4,23,O,O,Urgent,1
686,37,39,90.8,14.16,58.39,84.54,649,4.988,0,2,B,B,Critical,1
687,53,73,78.55,6.52,41.22,59.56,790,4.547,6,20,AB,B,Normal,0
688,61,41,58.57,17.1,33.53,78.71,326,6.099,2,20,AB,B,Critical,0
689,24,68,25.34,13.09,18.03,91.65,343,1.273,0,44,B,A,Normal,0
690,38,39,92.09,24.46,59.69,75.04,175,3.471,1,1,O,O,Critical,1
691,63,76,40.44,74.44,19.03,85.37,603,3.109,1,13,A,B,Normal,0
692,37,47,30.85,79.74,38.01,60.14,417,5.253,1,10,O,B,Normal,0
693,53,73,47.4,33.11,46.0,69.01,644,3.731,2,20,O,O,Urgent,1
694,19,75,72.31,22.68,43.08,84.47,341,3.657,0,56,A,O,Critical,0
695,31,34,79.7,15.35,43.55,52.52,332,7.338,0,3,B,A,Urgent,1
696,42,66,88.33,60.49,75.54,63.86,826,3.939,0,24,A,B,Normal,0
697,45,67,40.24,44.36,32.05,62.27,912,8.856,0,22,A,O,Routine,0
698,56,22,70.8,28.79,89.85,97.85,844,6.889,1,34,B,A,Urgent,0
699,69,57,79.75,62.39,82.06,86.08,657,4.834,1,12,B,B,Normal,1
700,43,31,44.5,77.01,17.5,95.93,934,10.58,0,12,B,A,Urgent,0
701,44,66,91.2,62.27,97.79,74.31,268,1.368,3,22,A,A,Normal,1
702,18,33,78.2,12.15,22.96,98.39,437,3.498,3,15,O,O,Routine,1
703,43,71,39.84,70.56,0.5,78.08,530,7.446,1,28,A,O,Routine,0
704,20,39,55.87,72.41,14.77,61.41,420,8.216,0,19,A,B,Urgent,0
705,69,52,79.33,50.85,77.86,75.55,592,5.957,0,17,A,A,Critical,0
706,68,24,67.0,94.72,59.64,49.85,262,8.195,2,44,O,B,Normal,0
707,52,53,78.95,14.21,96.77,84.0,456,8.09,1,1,A,O,Routine,0
708,26,56,38.36,45.51,10.13,84.96,814,3.882,2,30,O,O,Urgent,1
709,42,68,41.72,32.49,95.35,88.62,403,7.501,0,26,O,AB,Critical,0
710,51,41,80.84,48.38,98.76,51.59,893,11.97,3,10,A,A,Normal,0
711,48,67,88.92,91.47,55.7,79.14,729,6.062,1,19,O,O,Urgent,1
712,69,54,96.21,30.7,98.24,48.46,138,8.128,1,15,O,A,Normal,1
713,31,56,32.28,44.3,48.41,56.09,558,3.381,3,25,A,O,Routine,0
714,23,63,90.08,89.86,83.83,75.09,29,7.1,0,40,O,B,Urgent,0
715,67,24,49.16,59.78,35.46,67.67,613,6.421,0,43,A,A,Urgent,0
716,21,35,51.46,56.49,95.56,98.24,682,3.872,1,14,B,B,Urgent,1
717,18,74,80.59,39.49,22.08,56.5,94,9.273,2,56,O,B,Urgent,0
718,64,73,71.06,39.6,88.48,82.12,426,5.658,1,9,O,O,Urgent,1
719,67,27,69.78,91.03,55.97,65.07,489,6.674,4,40,B,O,Normal,0
720,22,54,88.12,85.71,90.78,82.9,295,5.427,3,32,O,O,Urgent,0
721,39,25,46.6,78.51,48.89,50.12,426,9.157,0,14,B,A,Normal,0
722,55,48,59.08,51.43,49.74,60.13,831,4.72,2,7,O,A,Urgent,1
723,42,66,64.17,90.62,7.72,62.84,478,4.638,0,24,O,O,Critical,1
724,37,20,83.96,72.43,76.07,91.51,675,7.786,0,17,B,B,Urgent,1
725,63,41,65.01,81.95,5.58,69.24,944,6.593,2,22,B,O,Urgent,0
726,51,46,26.41,11.96,38.23,93.83,571,5.11,0,5,O,O,Normal,1
727,48,73,40.07,46.64,74.5,98.24,165,3.73,3,25,A,O,Critical,0
728,50,76,99.42,43.23,51.38,66.75,808,6.929,5,26,O,B,Routine,0
729,32,34,86.76,7.03,66.44,97.43,566,4.677,3,2,A,B,Routine,0
730,49,41,35.72,2.02,27.94,94.78,318,1.71,3,8,O,O,Normal,1
731,37,59,28.26,77.46,8.71,74.39,104,2.712,4,22,O,A,Urgent,0
732,18,25,35.49,1.28,58.33,53.34,594,4.742,0,7,A,A,Normal,1
733,19,27,61.25,87.29,40.59,97.18,177,5.251,7,8,O,A,Critical,0
734,35,44,67.88,91.74,73.09,51.31,422,2.571,0,9,A,B,Normal,0
735,47,45,91.69,39.97,64.74,72.27,71,7.267,3,2,A,A,Normal,1
736,33,45,39.1,18.89,13.25,92.2,238,7.313,1,12,O,A,Urgent,0
737,65,47,84.72,92.88,18.25,80.15,111,5.761,0,18,AB,A,Critical,0
738,49,71,95.46,82.48,64.37,54.27,584,4.322,3,22,O,A,Urgent,1
739,47,42,71.13,76.0,85.35,68.92,572,7.093,6,5,A,A,Normal,1
740,28,44,59.22,31.47,29.69,96.48,488,8.907,1,16,A,A,Normal,1
741,44,65,54.13,6.92,69.52,70.28,204,4.59,1,21,O,O,Urgent,1
742,43,76,69.07,14.74,40.05,56.89,647,2.259,0,33,O,A,Routine,0
743,64,66,77.8,93.95,18.36,83.42,417,8.055,1,2,B,A,Normal,0
744,18,58,58.32,38.25,9.09,88.21,684,6.567,0,40,A,A,Urgent,0
745,57,45,70.03,75.73,64.43,92.76,678,6.032,2,12,AB,AB,Normal,1
746,63,57,99.6,24.87,33.81,56.63,813,4.239,4,6,B,O,Normal,1
747,38,75,48.86,69.34,2.82,78.84,585,10.045,0,37,B,O,Normal,0
748,59,63,85.82,30.35,17.8,97.44,893,4.427,5,4,A,O,Normal,1
749,58,38,99.57,88.97,34.99,97.1,350,6.827,0,20,O,B,Normal,1
750,63,51,29.06,23.89,47.84,53.25,490,5.686,0,12,A,B,Urgent,0
751,35,66,77.71,69.61,5.14,61.02,296,8.57,2,31,A,A,Routine,0
752,35,24,47.68,8.82,78.47,79.0,259,3.4,2,11,O,O,Normal,1
753,36,73,30.63,59.62,84.51,68.0,648,2.956,0,,B,O,Normal,0
754,37,50,36.93,39.17,88.64,82.69,928,4.35,4,13,O,B,Urgent,0
755,31,74,91.94,62.53,65.57,53.11,352,4.11,3,43,A,A,Routine,1
756,41,56,59.04,66.9,59.89,86.39,977,9.243,0,15,A,A,Critical,1
757,31,23,31.98,50.49,6.32,81.34,454,3.934,5,8,A,O,Critical,0
758,34,21,85.82,26.4,4.07,92.09,10,1.613,1,13,A,O,Urgent,1
759,67,65,77.29,59.84,21.39,84.13,164,3.871,0,2,B,O,Critical,0
760,53,57,39.61,59.53,66.64,57.84,873,7.105,0,4,A,O,Normal,0
761,40,44,94.68,20.67,18.96,82.42,676,6.477,2,4,A,A,Critical,1
762,53,73,70.77,77.24,33.2,77.33,535,7.687,0,20,A,O,Critical,0
763,48,58,26.21,66.41,18.65,94.16,116,3.476,3,10,B,A,Normal,0
764,63,44,73.43,73.95,38.94,57.43,237,4.725,0,19,AB,O,Normal,0
765,22,28,38.61,0.22,88.68,78.89,76,2.714,3,6,A,O,Normal,0
766,38,60,94.45,75.93,32.92,65.61,561,7.794,1,22,B,A,Normal,0
767,31,69,74.93,62.97,63.78,70.24,216,4.204,1,38,O,O,Critical,1
768,66,70,95.56,55.24,47.74,71.34,167,4.645,0,4,O,O,Normal,1
769,60,62,65.37,71.83,88.73,64.19,377,2.681,1,2,O,B,Urgent,0
770,41,62,95.43,70.37,70.73,66.64,823,6.679,0,21,O,A,Urgent,0
771,31,76,75.11,25.07,93.89,54.87,424,5.964,4,45,O,O,Normal,0
772,66,33,27.2,60.73,14.58,80.45,42,4.602,0,33,AB,O,Normal,0
773,39,41,56.89,12.04,80.36,79.39,760,5.015,0,2,O,A,Normal,0
774,51,50,75.29,3.4,8.63,93.26,17,3.877,3,1,AB,B,Normal,0
775,60,37,84.03,32.54,10.42,47.31,701,4.494,0,23,A,O,Normal,1
776,23,54,70.64,73.36,46.05,60.07,800,6.905,1,31,B,B,Critical,1
777,30,25,79.52,19.46,63.41,65.39,553,3.81,1,5,O,A,Normal,1
778,68,63,86.35,78.18,99.88,98.32,896,6.602,0,5,O,A,Urgent,0
779,69,24,54.7,46.48,9.45,77.43,201,5.637,0,45,O,B,Urgent,0
780,63,25,79.25,25.74,40.01,53.86,522,4.685,1,38,B,O,Normal,0
781,68,20,75.07,0.06,61.85,84.92,320,6.71,1,48,A,O,Normal,0
782,47,41,90.8,52.83,7.8,65.76,518,3.098,0,6,B,B,Critical,1
783,55,39,96.14,79.06,53.63,65.61,392,5.45,0,16,A,B,Urgent,0
784,20,45,83.42,37.13,20.2,84.06,344,3.974,1,,O,A,Urgent,1
785,42,37,59.94,96.29,36.29,85.3,175,4.623,2,5,O,O,Urgent,0
786,21,30,89.22,37.76,93.59,51.07,13,7.095,5,9,AB,B,Critical,0
787,49,58,44.68,6.89,18.21,56.13,,3.658,1,9,O,B,Urgent,1
788,23,32,64.11,0.17,62.24,81.57,454,3.821,2,9,O,A,Routine,1
789,32,32,71.23,10.51,10.52,93.7,842,4.833,0,0,A,B,Urgent,1
790,44,74,86.69,82.28,28.33,65.35,180,9.109,0,30,O,O,Normal,0
791,63,70,51.22,68.61,11.91,64.55,922,10.245,1,7,A,B,Normal,0
792,44,38,55.93,83.57,49.45,53.82,657,4.504,0,6,O,O,Normal,0
793,58,65,32.64,20.74,8.61,64.57,14,3.773,0,7,B,O,Normal,0
794,64,23,78.9,82.86,46.53,86.71,931,3.501,2,41,O,O,Critical,1
795,54,51,61.02,21.74,77.62,65.27,971,3.818,2,3,O,B,Urgent,1
796,42,28,85.67,50.76,74.52,98.5,921,5.351,0,14,O,B,Normal,0
797,23,48,61.5,59.31,22.35,84.57,587,4.651,4,25,O,O,Normal,0
798,43,74,26.51,3.07,21.22,,105,4.781,1,31,B,O,Routine,0
799,22,27,57.93,19.91,15.28,93.49,570,6.278,0,5,O,B,Urgent,1
800,55,67,91.97,16.29,23.18,66.18,487,10.492,2,12,B,B,Routine,1
801,29,42,61.51,95.42,20.08,46.1,78,7.257,0,13,O,O,Routine,0
802,55,31,38.71,54.15,11.92,90.8,258,5.723,4,24,O,A,Normal,0
803,53,32,49.71,54.48,22.32,60.03,163,6.807,0,21,O,AB,Normal,0
804,50,45,92.48,92.88,75.51,94.06,608,8.66,2,5,O,B,Urgent,1
805,38,32,83.65,19.6,1.37,75.89,420,5.884,0,6,O,O,Normal,1
806,50,47,83.81,14.83,30.74,51.86,98,4.433,1,3,B,O,Normal,0
807,60,67,53.39,61.55,4.47,46.94,272,9.683,3,7,O,A,Normal,0
808,69,45,91.12,88.17,79.49,61.06,918,2.727,0,24,O,B,Urgent,1
809,42,47,60.09,36.95,94.49,45.96,816,6.698,0,5,B,A,Critical,0
810,45,33,59.46,49.17,36.13,51.13,231,7.253,0,12,A,B,Normal,0
811,55,42,92.19,73.14,18.08,59.32,610,6.677,2,13,O,AB,Urgent,1
812,41,57,47.54,21.28,44.0,49.33,642,1.895,2,16,A,B,Urgent,0
813,36,33,35.69,98.99,47.06,58.93,342,5.799,1,3,O,A,Routine,0
814,45,68,58.1,53.25,8.36,92.92,246,7.367,0,23,B,B,Urgent,1
815,36,31,83.2,86.96,48.82,67.31,120,5.908,0,5,B,O,Normal,0
816,39,73,74.13,67.39,75.84,87.16,504,9.026,1,34,O,O,Normal,0
817,50,28,74.35,37.87,50.01,58.16,284,6.803,0,22,O,O,Normal,1
818,60,45,61.48,93.0,39.32,89.57,384,6.581,0,15,A,A,Normal,1
819,48,29,68.11,62.09,55.15,72.07,951,9.618,0,19,O,A,Urgent,0
820,47,23,74.43,45.53,44.19,47.73,478,6.56,1,24,A,A,Critical,0
821,59,64,82.57,4.83,0.57,98.45,589,10.473,0,,B,O,Routine,1
822,53,21,36.2,20.3,62.45,62.19,734,3.374,1,32,O,O,Critical,1
823,55,21,63.39,89.07,95.7,90.86,215,5.815,2,34,O,O,Normal,1
824,67,57,73.12,89.43,44.66,85.5,997,6.601,1,10,O,O,Urgent,1
825,65,53,76.74,68.14,22.35,98.31,363,5.291,0,12,B,A,Urgent,0
826,21,50,35.21,13.19,59.77,54.26,600,6.809,2,29,A,A,Urgent,0
827,34,38,55.26,44.31,17.87,99.54,618,2.373,2,,O,B,Normal,0
828,66,20,94.43,50.63,92.05,68.67,705,6.278,7,46,B,B,Normal,0
829,69,23,45.16,4.18,78.83,98.05,74,7.309,0,46,B,AB,Critical,0
830,40,46,52.5,20.35,68.86,65.22,605,4.599,5,6,B,B,Urgent,1
831,21,56,76.01,93.42,40.03,50.37,793,6.385,2,35,B,A,Normal,0
832,22,22,45.19,3.58,12.91,60.37,658,5.607,6,0,AB,A,Routine,0
833,34,54,72.19,1.28,95.43,61.21,794,6.441,2,20,B,B,Urgent,0
834,62,18,82.73,20.05,26.32,79.59,791,3.783,8,44,A,AB,Urgent,0
835,39,43,35.9,53.3,53.06,60.26,107,7.697,0,4,O,O,Critical,1
836,33,43,45.72,61.05,88.6,48.94,515,2.97,0,10,O,O,Urgent,0
837,42,30,72.48,31.85,24.88,74.25,209,5.301,0,12,A,B,Urgent,1
838,52,21,34.88,24.01,42.76,47.64,100,10.057,0,31,O,O,Normal,0
839,22,28,45.54,18.91,34.37,81.23,590,4.759,1,6,A,O,Urgent,0
840,22,55,69.24,22.31,67.54,91.96,56,5.753,1,33,O,B,Urgent,1
841,50,40,46.87,29.16,44.05,86.45,746,6.836,0,10,B,A,Normal,1
842,30,27,47.24,15.5,65.63,83.47,130,6.247,1,3,A,O,Urgent,1
843,44,40,80.2,30.55,54.13,56.35,722,8.204,5,4,B,A,Urgent,0
844,55,21,67.66,69.6,56.01,59.85,497,4.787,7,34,O,A,Urgent,0
845,30,45,81.87,7.63,33.73,87.45,920,7.817,0,15,O,O,Normal,1
846,56,56,43.21,43.32,7.33,86.85,866,3.972,4,0,B,B,Critical,1
847,20,52,33.07,52.92,72.79,86.75,447,7.995,0,32,A,A,Routine,0
848,33,22,95.25,43.61,29.88,90.46,202,8.716,0,11,AB,O,Critical,1
849,22,49,27.15,49.28,6.32,93.92,709,5.859,2,27,O,O,Normal,1
850,59,47,99.1,18.06,79.1,82.4,782,6.528,0,12,B,A,Normal,0
851,48,52,82.33,4.6,66.04,66.29,336,4.879,1,4,O,O,Urgent,1
852,21,26,44.74,75.23,59.7,92.3,894,4.985,1,5,B,O,Urgent,0
853,68,37,72.25,31.17,32.88,53.62,83,6.189,4,31,O,O,Normal,1
854,66,58,62.74,34.75,35.74,69.82,369,6.836,2,8,A,O,Urgent,0
855,55,42,87.68,81.63,77.36,91.77,648,7.291,0,13,O,A,Urgent,0
856,34,75,57.34,87.17,27.22,65.74,950,4.838,1,41,A,O,Normal,0
857,31,51,50.95,79.5,68.26,55.2,427,8.053,0,20,O,B,Critical,0
858,67,61,60.08,64.05,12.25,50.07,344,7.317,0,6,A,A,Normal,1
859,56,70,96.59,33.01,90.05,75.18,654,1.873,4,14,A,O,Critical,0
860,67,56,35.99,51.13,29.83,48.57,74,8.729,1,11,O,O,Urgent,0
861,57,22,45.76,7.85,81.82,87.01,709,1.584,1,35,A,B,Routine,1
862,65,28,63.69,31.07,46.41,67.84,742,4.732,1,37,B,O,Critical,0
863,60,38,72.48,84.06,82.25,72.46,365,5.099,0,22,A,A,Normal,0
864,66,35,48.15,17.06,60.87,57.54,359,2.698,0,31,O,B,Normal,0
865,23,38,25.56,19.27,95.99,77.05,680,4.022,1,15,O,A,Routine,0
866,55,69,61.82,37.88,86.8,70.59,173,2.192,1,14,B,O,Critical,0
867,57,38,69.88,15.09,59.71,91.6,286,1.188,3,19,B,A,Normal,0
868,69,76,59.32,34.44,45.88,58.03,356,4.884,0,7,O,A,Urgent,1
869,51,36,42.17,81.77,49.38,91.62,25,6.529,2,15,B,B,Urgent,0
870,46,57,53.64,74.41,12.28,84.41,14,7.386,0,11,B,B,Normal,1
871,27,53,38.52,58.15,30.13,45.95,564,6.249,3,26,AB,B,Normal,0
872,44,73,93.31,32.05,5.0,77.76,993,8.195,0,29,O,O,Normal,1
873,51,49,59.91,65.26,27.99,93.54,230,4.82,2,2,A,B,Critical,1
874,34,57,70.86,64.91,27.09,97.33,486,8.169,2,23,B,A,Urgent,0
875,43,20,85.84,56.39,24.1,79.23,799,6.925,0,23,B,A,Critical,0
876,47,47,68.44,16.41,92.46,59.21,586,3.962,4,0,O,B,Critical,1
877,35,55,66.96,94.98,64.62,64.54,456,4.595,0,20,O,A,Urgent,1
878,48,28,54.13,51.11,56.8,48.55,577,7.728,0,20,A,O,Urgent,0
879,64,55,80.51,74.65,88.25,94.37,719,2.907,1,9,O,A,Normal,1
880,23,41,30.34,69.02,90.99,88.89,192,1.716,2,18,B,A,Urgent,0
881,32,34,59.93,21.34,2.34,55.43,13,5.88,1,2,A,AB,Urgent,1
882,51,21,89.02,43.76,30.75,47.61,27,11.051,1,30,O,O,Critical,1
883,56,53,28.0,10.09,72.64,75.9,1,3.723,0,3,O,O,Urgent,0
884,66,63,96.65,83.74,61.58,86.51,70,6.938,0,3,O,B,Urgent,1
885,58,40,62.81,20.89,43.17,98.55,319,6.257,2,18,B,O,Urgent,0
886,67,19,62.88,,68.18,96.12,89,4.738,5,48,A,O,Urgent,0
887,48,36,33.94,33.81,19.39,91.66,120,8.382,2,12,B,B,Urgent,0
888,66,24,41.49,40.87,27.28,66.91,206,4.649,0,42,O,A,Routine,0
889,45,21,57.21,37.16,85.55,81.24,425,5.157,1,24,B,B,Critical,1
890,57,31,52.42,,50.5,50.48,649,6.134,1,26,O,O,Normal,0
891,68,24,80.51,94.76,19.2,83.89,14,4.917,0,44,A,A,Urgent,1
892,52,24,37.37,64.21,75.26,70.03,854,5.379,2,28,O,O,Critical,0
893,22,53,63.37,86.2,84.52,50.72,326,5.518,0,31,B,AB,Urgent,0
894,41,53,35.56,38.65,15.07,60.7,726,5.998,0,12,O,B,Normal,1
895,68,51,51.16,33.67,92.58,56.76,161,4.959,0,17,O,O,Urgent,0
896,51,27,47.08,6.47,85.19,67.55,306,2.549,0,24,O,B,Urgent,0
897,36,68,64.8,2.25,37.72,84.53,6,6.952,1,32,O,A,Urgent,1
898,21,63,59.62,38.03,79.63,49.91,634,5.171,3,42,B,B,Critical,0
899,19,67,54.04,38.5,90.15,90.22,521,6.524,2,48,O,O,Urgent,0
900,45,43,66.23,11.31,78.59,72.83,139,3.887,2,2,O,A,Normal,0
901,54,47,73.04,16.95,81.28,58.31,490,5.437,0,7,O,B,Normal,1
902,47,61,57.47,26.1,95.79,62.34,331,5.027,6,14,A,O,Normal,0
903,25,53,65.97,77.04,20.2,69.28,970,4.872,3,28,B,AB,Urgent,0
904,19,66,66.2,4.63,13.38,50.43,648,8.557,3,47,O,A,Normal,1
905,35,27,33.37,25.4,39.64,65.54,333,8.52,0,8,A,B,Normal,0
906,20,18,45.57,31.55,70.15,92.72,247,4.055,4,2,A,A,Urgent,1
907,63,72,52.63,45.81,90.51,96.33,587,2.122,1,9,O,A,Urgent,0
908,48,75,61.19,49.02,19.98,68.01,499,3.327,0,27,O,A,Routine,0
909,51,23,26.85,49.69,64.85,80.77,443,4.934,0,28,A,O,Routine,0
910,26,48,29.9,59.19,6.14,83.12,518,5.215,0,22,B,B,Urgent,1
911,26,63,34.79,22.28,57.21,48.81,440,6.769,0,37,A,A,Critical,1
912,47,76,45.26,10.02,49.66,95.01,45,4.243,0,29,A,A,Normal,1
913,46,29,69.91,22.46,33.45,52.13,19,7.829,1,17,A,A,Normal,0
914,18,31,48.53,59.06,33.78,45.11,290,4.698,0,13,B,O,Normal,0
915,29,72,84.81,57.14,2.7,53.93,185,4.979,5,43,AB,A,Urgent,0
916,65,51,47.93,7.88,96.51,64.7,715,6.727,1,14,A,A,Critical,1
917,40,61,31.53,34.76,64.85,73.3,375,7.013,2,21,A,O,Routine,0
918,56,55,25.76,93.28,30.65,86.72,556,2.965,3,1,O,O,Urgent,0
919,66,59,60.35,68.18,7.5,84.3,680,4.739,1,7,O,O,Normal,1
920,51,24,47.63,80.32,73.04,81.01,856,1.756,4,27,A,B,Critical,0
921,34,33,68.18,10.16,1.8,98.52,220,6.378,3,1,A,A,Urgent,1
922,32,60,36.8,2.33,82.24,96.33,532,4.701,1,28,O,B,Normal,0
923,66,68,63.22,70.86,63.36,61.75,102,8.085,4,2,O,O,Urgent,0
924,22,77,58.85,64.59,30.92,73.92,615,10.818,0,55,O,B,Normal,0
925,58,54,66.67,26.57,41.63,97.07,656,5.634,0,4,O,O,Normal,1
926,34,19,72.88,,67.54,92.73,206,5.302,0,15,O,A,Urgent,1
927,48,69,71.44,48.25,77.37,51.33,626,7.086,1,21,O,A,Urgent,0
928,42,55,50.94,99.09,95.94,53.01,634,8.088,0,13,A,A,Urgent,0
929,57,73,96.72,79.25,22.93,95.13,853,5.4,0,16,B,O,Normal,1
930,68,66,39.32,96.14,9.49,49.58,991,7.291,0,2,B,O,Urgent,0
931,63,23,84.38,4.36,60.03,83.64,732,5.008,4,40,B,B,Urgent,1
932,19,61,28.64,82.56,28.33,91.89,405,2.761,0,42,A,O,Urgent,0
933,42,58,54.28,7.3,73.92,58.18,982,6.73,1,16,A,A,Normal,1
934,60,50,96.73,97.6,31.84,92.27,196,6.729,6,10,B,A,Critical,0
935,66,71,43.52,96.5,83.11,90.85,91,6.658,5,5,B,O,Urgent,0
936,25,25,75.49,91.95,19.24,61.71,331,1.803,2,0,O,A,Normal,1
937,24,39,41.58,69.76,78.76,69.87,608,2.36,2,15,O,B,Urgent,0
938,31,23,91.37,64.62,30.48,70.89,962,9.526,2,8,O,O,Normal,1
939,39,25,31.08,66.44,53.17,77.59,606,4.8,0,,B,B,Urgent,1
940,37,32,64.37,53.1,94.79,68.5,136,5.862,1,5,B,O,Normal,0
941,45,56,81.74,45.62,92.82,82.8,320,6.739,1,11,A,O,Urgent,0
942,24,40,62.52,27.18,27.91,92.65,236,3.486,0,16,O,A,Normal,1
943,28,49,68.1,48.78,29.57,97.56,258,7.191,0,21,A,O,Urgent,0
944,35,32,91.19,95.01,49.33,56.86,606,1.615,0,3,O,A,Urgent,1
945,66,51,78.88,32.4,51.04,57.73,685,6.275,0,15,B,B,Urgent,1
946,24,49,77.19,92.69,11.61,98.07,164,4.651,7,25,B,A,Critical,0
947,37,66,98.51,91.47,78.52,78.43,449,4.441,1,29,O,B,Urgent,0
948,25,30,90.01,25.87,52.92,93.78,279,6.498,1,5,A,O,Urgent,0
949,60,23,66.97,85.28,93.21,75.11,542,6.498,2,37,A,O,Routine,0
950,48,27,30.13,98.28,92.51,69.84,313,1.828,0,21,B,B,Urgent,0
951,41,74,29.69,50.53,8.57,79.92,371,9.091,2,33,O,A,Critical,0
952,51,74,25.97,94.02,35.99,67.72,758,7.832,5,23,B,O,Urgent,0
953,46,19,99.78,7.84,88.44,66.74,725,5.807,3,27,O,O,Normal,1
954,33,72,45.33,70.55,14.02,62.56,505,6.76,0,39,AB,A,Normal,0
955,35,37,43.33,48.04,69.86,51.19,232,7.635,2,2,A,O,Urgent,0
956,19,65,91.78,93.07,35.3,47.17,683,5.913,0,46,AB,B,Urgent,0
957,56,59,69.3,85.34,90.07,75.99,718,4.03,0,3,O,B,Critical,0
958,60,37,95.18,47.98,67.58,50.27,48,0.686,0,23,A,A,Urgent,1
959,41,32,34.27,98.21,21.28,46.4,219,6.206,1,9,A,O,Normal,0
960,41,48,31.38,95.63,53.65,82.93,558,3.715,3,7,A,B,Critical,0
961,64,25,46.85,12.58,96.66,86.28,337,1.724,2,39,B,B,Urgent,1
962,46,49,40.48,5.0,2.15,75.03,900,3.791,0,3,AB,A,Normal,1
963,65,55,64.09,53.61,75.78,47.47,815,3.199,0,10,O,A,Critical,0
964,60,21,29.18,24.76,32.37,86.76,309,5.936,1,39,A,O,Urgent,0
965,53,68,28.76,25.8,59.2,69.1,663,4.783,2,15,O,A,Urgent,0
966,39,50,75.07,58.68,57.0,85.23,119,4.632,0,11,A,O,Urgent,0
967,32,28,40.31,40.69,86.41,72.67,353,10.825,0,4,A,B,Urgent,0
968,18,66,77.94,68.1,14.16,70.66,189,7.76,1,48,B,O,Normal,0
969,33,30,65.56,60.77,76.22,80.48,354,6.851,0,3,O,B,Urgent,1
970,,58,76.17,3.82,8.98,55.74,297,4.611,0,35,B,A,Normal,0
971,61,61,75.69,56.75,14.44,52.31,903,6.723,2,0,A,O,Urgent,0
972,47,34,38.35,45.66,49.68,84.04,985,1.907,0,13,O,A,Urgent,0
973,68,53,41.61,74.18,81.65,89.48,790,6.137,0,15,B,A,Urgent,0
974,37,24,34.88,94.18,87.21,46.12,691,6.099,1,13,A,B,Urgent,0
975,55,75,82.85,56.29,97.26,66.91,726,6.392,1,20,A,O,Critical,0
976,52,38,31.2,22.04,45.49,96.8,812,5.908,2,14,B,O,Critical,1
977,29,27,58.29,47.9,92.26,56.05,132,4.801,1,2,A,O,Normal,0
978,47,38,52.88,23.86,19.81,98.63,573,5.511,5,9,A,B,Urgent,0
979,58,68,53.05,29.63,58.02,66.76,164,6.967,6,10,O,O,Urgent,0
980,66,25,39.32,27.96,61.18,61.11,912,9.599,3,41,B,B,Critical,1
981,48,58,50.74,72.13,51.09,67.21,369,4.141,5,10,B,O,Urgent,0
982,36,71,60.99,74.32,59.28,73.56,448,5.626,2,35,O,A,Routine,0
983,54,44,43.92,20.07,5.72,93.66,575,9.335,0,10,B,O,Routine,1
984,56,38,70.55,14.39,45.01,82.82,145,9.043,2,18,A,AB,Normal,1
985,53,67,95.81,31.04,90.46,63.12,63,5.286,4,14,A,O,Routine,0
986,28,60,73.96,19.12,12.51,64.08,760,7.815,1,32,O,B,Urgent,1
987,35,50,41.03,47.21,42.59,57.17,164,5.775,2,15,A,A,Normal,0
988,21,48,25.52,95.09,49.45,94.86,415,4.264,0,27,O,A,Normal,0
989,57,77,54.62,54.23,55.12,67.63,106,6.909,0,20,AB,B,Normal,0
990,41,65,57.59,5.34,6.62,45.72,422,5.883,0,24,O,A,Critical,0
991,19,28,92.43,81.14,44.4,45.55,91,6.37,0,9,A,A,Urgent,1
992,63,39,56.21,9.28,60.92,58.84,982,6.799,0,24,A,B,Urgent,0
993,42,56,62.98,31.47,98.71,80.84,987,4.942,0,14,O,O,Normal,1
994,46,31,53.99,69.06,30.64,69.8,595,6.374,1,15,O,A,Routine,0
995,44,75,88.92,59.47,10.32,54.79,924,5.213,0,31,B,B,Urgent,1
996,59,53,60.26,2.37,97.98,59.28,550,5.004,3,6,AB,A,Normal,0
997,61,49,77.14,43.75,92.53,97.65,435,8.585,0,12,A,B,Normal,0
998,67,62,91.62,58.07,82.17,52.2,209,6.709,1,5,O,O,Normal,1
999,52,66,81.39,97.12,31.01,93.77,188,4.683,1,14,A,B,Urgent,0
1000,21,58,58.96,91.4,63.16,85.83,812,0.5,0,37,O,A,Normal,0
1001,47,56,39.09,16.19,28.83,98.21,368,6.702,1,9,B,B,Urgent,1
1002,23,41,61.96,64.8,43.48,85.87,884,3.819,0,18,A,O,Routine,0
1003,66,31,74.35,55.17,74.37,73.99,6,5.516,2,35,O,A,Critical,0
1004,49,68,43.72,3.81,65.2,77.6,210,9.837,0,19,A,AB,Urgent,0
1005,23,28,77.69,52.69,6.55,46.05,432,6.305,0,5,O,B,Urgent,1
1006,59,53,90.96,39.31,55.12,85.94,203,3.348,1,6,A,O,Urgent,0
1007,49,68,85.64,92.74,10.59,97.0,180,5.362,1,19,B,A,Normal,0
1008,63,66,93.57,42.38,68.67,50.14,25,1.789,2,3,A,A,Critical,1
1009,57,19,83.35,59.82,4.74,79.7,708,3.142,0,38,B,O,Routine,1
1010,24,74,67.96,21.92,44.0,77.72,263,5.681,5,50,AB,B,Normal,0
1011,66,36,81.98,85.14,35.98,45.17,88,4.558,1,30,A,B,Normal,0
1012,19,75,73.38,3.85,64.49,72.7,889,3.372,1,56,B,A,Normal,0
1013,57,62,75.23,71.76,76.47,49.48,431,3.505,2,5,B,O,Urgent,0
1014,43,73,88.23,72.08,13.13,47.1,387,3.748,1,30,O,B,Urgent,0
1015,34,52,73.12,1.99,21.1,95.93,539,5.134,0,18,B,O,Urgent,0
1016,41,69,53.7,39.77,31.53,69.78,191,0.5,0,28,A,B,Routine,0
1017,66,44,62.58,39.18,37.79,55.73,552,8.236,2,22,B,B,Urgent,0
1018,59,18,26.38,38.32,93.41,59.5,426,8.964,5,41,AB,A,Critical,0
1019,22,24,48.48,8.31,52.5,58.56,741,5.344,6,2,A,AB,Normal,1
1020,66,54,43.65,99.33,10.12,97.54,97,8.917,6,12,A,O,Critical,0
1021,46,72,79.5,58.01,84.7,84.78,225,5.323,2,26,A,B,Normal,0
1022,55,67,77.13,56.72,76.51,59.2,210,6.905,2,12,A,O,Routine,0
1023,43,67,97.07,50.08,0.12,89.97,194,6.633,7,24,O,A,Urgent,1
1024,57,20,73.83,26.6,24.55,95.67,650,5.036,3,37,B,A,Routine,0
1025,33,32,91.7,36.05,76.04,59.64,784,6.955,0,1,O,A,Normal,1
1026,42,70,41.17,14.11,17.69,95.1,175,4.255,5,28,B,O,Critical,0
1027,37,31,77.94,16.62,69.17,82.34,831,7.69,0,6,O,A,Normal,1
1028,44,36,61.72,31.38,52.21,49.82,50,8.988,0,,O,B,Normal,0
1029,45,55,55.35,33.19,13.89,61.55,927,7.986,0,10,A,A,Normal,0
1030,56,57,83.15,63.78,27.03,98.39,672,7.183,0,1,O,A,Urgent,1
1031,33,77,92.81,74.44,89.12,52.07,924,6.254,1,44,O,A,Normal,0
1032,28,18,65.18,32.75,18.8,45.81,323,4.664,4,10,B,B,Urgent,0
1033,48,63,87.89,59.72,62.65,59.61,745,6.23,0,15,AB,O,Critical,0
1034,46,24,29.43,35.13,72.53,87.59,797,3.81,6,22,B,A,Urgent,0
1035,36,74,34.56,4.47,41.66,51.17,738,5.838,3,38,A,O,Normal,0
1036,43,52,96.06,67.42,87.56,72.62,551,3.007,1,9,A,A,Urgent,1
1037,26,49,34.42,1.14,85.79,77.53,15,4.641,3,23,O,O,Critical,0
1038,29,67,88.86,48.82,6.96,50.68,675,3.793,0,38,O,A,Routine,1
1039,24,73,54.86,8.48,77.62,75.8,889,7.374,2,49,O,O,Critical,1
1040,59,63,75.28,48.12,51.58,96.09,993,3.876,2,4,O,B,Urgent,1
1041,44,61,88.35,90.85,11.79,84.93,54,6.379,0,17,A,A,Routine,0
1042,18,37,52.42,93.29,18.64,69.79,654,4.554,2,19,O,O,Normal,0
1043,23,36,61.15,93.09,32.69,97.32,697,9.533,0,13,A,AB,Normal,0
1044,67,27,63.16,59.68,73.04,53.31,162,7.886,0,40,B,O,Normal,0
1045,41,42,35.1,39.61,5.88,47.37,171,5.914,0,1,A,A,Normal,1
1046,51,71,51.83,31.04,61.65,68.47,776,6.43,1,20,O,A,Normal,1
1047,26,20,87.76,10.13,13.97,86.91,837,10.883,1,6,B,B,Urgent,1
1048,22,20,33.53,50.21,46.58,72.94,157,8.033,0,2,A,A,Urgent,0
1049,33,76,34.91,11.5,90.05,52.3,554,9.359,3,43,A,A,Urgent,0
1050,41,37,73.53,57.68,40.21,50.86,138,5.773,1,4,AB,O,Routine,0
1051,47,21,53.91,8.21,28.09,51.49,871,4.785,0,26,B,A,Normal,0
1052,19,61,52.54,7.41,77.2,91.43,121,2.666,1,42,B,O,Critical,0
1053,68,45,26.02,71.82,8.98,81.37,299,6.394,0,23,O,B,Urgent,1
1054,68,44,38.71,40.05,25.48,78.52,503,7.138,6,24,B,O,Routine,0
1055,36,77,62.98,13.3,85.21,81.16,23,0.5,3,41,O,AB,Urgent,1
1056,54,26,94.44,51.56,15.43,53.06,476,8.465,1,28,A,O,Normal,0
1057,45,72,67.7,60.52,64.31,93.04,256,5.889,5,27,B,O,Routine,0
1058,52,49,67.49,26.26,79.23,87.04,575,5.054,4,3,A,O,Normal,0
1059,48,33,60.52,41.4,28.93,86.0,4,8.576,0,15,O,B,Critical,0
1060,67,37,40.34,19.17,56.96,68.38,434,5.342,0,30,O,A,Normal,1
1061,39,64,35.5,3.0,41.98,50.12,555,5.651,0,25,A,A,Routine,1
1062,35,54,28.74,58.81,24.8,50.35,657,2.081,4,19,O,AB,Urgent,0
1063,48,54,37.34,14.72,3.21,89.14,322,6.373,2,6,B,O,Normal,0
1064,39,73,74.93,94.03,94.87,76.06,72,5.806,1,34,O,O,Urgent,0
1065,64,49,84.34,7.83,5.97,94.91,48,2.535,4,15,A,O,Routine,1
1066,38,57,59.55,0.98,98.26,89.24,209,4.742,5,19,B,O,Critical,0
1067,64,67,31.13,48.14,94.53,97.01,366,6.816,0,3,B,A,Urgent,0
1068,41,69,84.75,6.28,81.07,86.48,428,3.51,0,28,A,B,Normal,0
1069,60,33,62.98,61.68,26.99,95.68,983,5.086,1,27,B,B,Urgent,1
1070,18,59,52.82,98.26,80.27,86.48,371,9.25,0,41,A,B,Routine,0
1071,64,49,36.64,74.73,30.56,68.49,589,4.606,2,15,B,B,Normal,1
1072,36,52,52.99,29.29,95.02,50.08,56,6.646,1,16,B,B,Normal,0
1073,38,38,59.19,95.17,9.79,78.55,535,5.817,0,0,A,A,Critical,1
1074,30,60,34.26,97.72,88.38,64.08,182,7.258,1,30,A,B,Normal,0
1075,67,74,77.91,84.85,23.28,75.13,60,8.103,5,7,B,O,Urgent,0
1076,57,73,81.75,5.86,93.2,59.88,8,5.182,1,16,B,B,Urgent,1
1077,33,32,44.32,2.12,31.01,80.84,37,5.208,1,1,O,B,Urgent,1
1078,22,43,34.72,61.61,78.65,72.77,841,2.349,3,21,B,O,Normal,0
1079,53,25,34.6,32.72,35.08,76.31,628,4.197,1,28,A,AB,Critical,1
1080,60,25,72.82,93.21,80.99,68.03,446,4.64,3,35,B,O,Urgent,0
1081,55,73,46.8,46.98,16.87,79.67,436,6.523,0,18,B,O,Normal,0
1082,40,45,86.6,11.52,65.21,49.9,550,3.293,1,5,O,A,Urgent,1
1083,21,43,86.37,92.51,70.97,61.48,315,6.056,5,22,B,A,Normal,0
1084,,77,36.37,49.99,19.6,92.21,476,6.148,2,58,O,O,Normal,0
1085,50,40,42.57,89.6,6.82,,852,7.154,0,10,O,O,Normal,0
1086,34,20,74.08,,92.79,67.48,965,3.234,1,14,O,A,Normal,0
1087,35,30,27.39,37.69,99.29,62.09,756,6.501,0,5,B,O,Critical,0
1088,68,27,60.44,98.57,55.55,72.18,299,5.532,1,41,O,A,Urgent,0
1089,69,61,73.12,72.05,37.49,96.74,853,4.654,1,8,O,B,Normal,1
1090,59,42,61.05,22.77,0.81,77.18,314,4.17,2,17,A,A,Urgent,1
1091,57,73,55.75,12.77,26.98,68.03,335,3.351,0,16,O,A,Normal,1
1092,52,33,56.35,47.2,91.07,53.45,856,9.745,0,19,O,O,Normal,0
1093,64,27,46.48,14.93,37.2,98.42,,6.43,0,37,A,O,Urgent,0
1094,35,64,70.88,91.32,78.59,51.88,876,5.177,4,29,O,A,Critical,0
1095,65,22,47.97,61.32,64.93,60.3,432,5.227,3,43,A,B,Normal,0
1096,20,33,57.44,83.77,61.29,57.77,169,3.381,0,13,A,AB,Urgent,0
1097,34,46,86.35,45.99,95.52,98.65,28,6.681,1,12,B,B,Urgent,0
1098,30,51,91.42,2.68,38.81,,605,5.037,1,21,O,O,Urgent,1
1099,28,66,59.83,30.83,87.13,90.53,670,7.206,1,38,O,B,Critical,0
1100,28,38,78.31,83.19,42.09,96.88,528,5.918,1,10,O,A,Routine,1
1101,67,60,86.05,37.73,78.99,53.42,611,3.737,2,7,O,O,Routine,1
1102,54,31,97.63,65.42,56.92,80.78,947,3.593,1,23,O,B,Urgent,1
1103,44,68,39.04,3.18,43.43,67.71,506,1.599,3,24,O,A,Critical,0
1104,24,39,42.89,44.12,60.4,70.89,590,3.904,0,15,A,O,Normal,0
1105,55,69,94.74,28.6,5.55,61.17,283,5.185,3,14,B,O,Normal,1
1106,50,70,79.85,0.04,29.93,64.0,401,5.643,3,20,AB,B,Normal,0
1107,66,70,44.48,59.34,39.4,96.82,720,6.544,1,4,AB,O,Routine,0
1108,24,32,78.81,95.16,12.95,73.77,721,7.091,0,8,A,O,Urgent,0
1109,24,47,32.04,26.87,18.18,73.09,969,2.658,2,23,A,O,Urgent,0
1110,41,45,54.9,5.97,3.37,90.56,695,5.052,1,4,B,B,Routine,1
1111,41,41,70.18,66.35,30.61,93.06,399,5.707,4,0,O,O,Routine,1
1112,58,19,93.88,4.91,17.68,48.62,,5.453,0,39,A,O,Routine,0
1113,61,52,38.04,88.44,80.82,96.14,528,2.62,1,9,O,A,Urgent,0
1114,50,25,31.24,44.73,25.57,85.04,696,3.193,0,25,O,O,Urgent,1
1115,59,61,77.84,5.67,61.17,77.92,146,7.227,1,2,A,B,Urgent,1
1116,60,51,30.84,39.86,84.21,46.6,443,6.367,4,9,O,A,Urgent,0
1117,51,54,91.97,29.13,79.56,85.46,961,4.885,2,3,A,O,Critical,1
1118,19,71,29.42,75.17,78.88,72.76,627,4.441,2,52,B,B,Critical,0
1119,28,30,84.2,7.97,38.01,76.35,629,2.232,4,2,A,O,Normal,1
1120,55,76,31.26,0.52,85.65,65.9,395,8.97,0,21,A,A,Critical,1
1121,36,23,80.16,59.45,62.7,63.29,410,4.959,2,13,B,O,Routine,0
1122,27,41,43.22,12.78,42.21,63.43,217,3.064,2,14,O,B,Critical,0
1123,45,23,28.58,89.91,37.59,51.4,658,4.959,2,22,B,A,Urgent,0
1124,54,60,67.48,16.79,83.67,55.24,250,0.5,1,6,A,O,Normal,0
1125,26,23,51.48,63.53,12.51,84.63,652,3.408,2,,A,B,Normal,0
1126,36,20,98.91,92.14,46.44,60.55,564,5.192,3,16,B,A,Routine,0
1127,36,43,64.36,71.67,90.4,57.82,135,4.718,5,7,O,O,Normal,0
1128,49,21,65.83,42.73,6.64,47.27,912,5.869,0,28,O,O,Urgent,1
1129,38,53,91.59,95.01,30.01,61.7,421,2.567,0,15,O,O,Urgent,1
1130,46,75,90.66,16.68,84.67,54.45,436,6.942,1,29,A,AB,Critical,1
1131,29,19,86.05,58.92,94.15,91.72,975,4.983,8,10,O,B,Normal,0
1132,60,21,26.14,9.74,91.85,69.07,797,5.871,1,39,B,B,Normal,0
1133,41,67,68.27,46.98,71.95,58.66,915,5.846,1,26,B,O,Normal,0
1134,51,44,76.84,19.91,16.92,52.59,764,2.059,3,7,AB,O,Urgent,0
1135,18,39,56.79,39.27,67.92,83.76,958,4.59,0,21,B,B,Critical,1
1136,29,29,91.96,45.76,11.82,64.5,34,4.016,1,0,O,O,Normal,1
1137,18,20,30.7,70.97,18.07,62.47,417,4.672,1,2,O,O,Routine,0
1138,37,70,82.38,11.83,68.14,53.15,147,7.996,2,33,A,A,Normal,1
1139,24,64,63.75,89.14,41.67,77.67,182,3.353,6,40,B,AB,Critical,0
1140,37,44,90.33,32.07,14.54,62.54,270,0.5,5,7,A,O,Urgent,1
1141,50,61,56.94,5.4,85.84,55.99,52,4.488,1,11,A,A,Critical,1
1142,57,30,66.58,11.8,6.3,71.83,613,4.338,1,27,O,A,Urgent,1
1143,44,64,82.56,27.5,84.14,84.22,284,6.919,4,20,A,O,Critical,0
1144,44,32,54.37,75.47,85.63,72.92,28,7.251,0,12,O,O,Urgent,0
1145,59,22,39.35,30.41,40.45,87.89,37,4.749,1,37,O,A,Urgent,0
1146,23,72,28.47,80.7,45.39,68.19,689,5.747,1,49,O,A,Normal,0
1147,28,37,66.23,66.57,62.81,46.09,487,7.459,0,9,A,A,Urgent,0
1148,19,50,36.97,79.27,39.45,57.83,782,5.154,1,31,O,O,Urgent,0
1149,52,74,70.13,78.88,86.7,57.49,960,3.343,6,22,AB,A,Critical,0
1150,60,71,43.1,69.81,71.8,94.69,640,8.326,0,11,B,O,Normal,0
1151,25,56,95.99,52.4,46.86,72.0,205,4.748,0,31,O,AB,Urgent,1
1152,33,22,63.21,8.62,97.47,55.51,397,3.889,5,11,A,O,Normal,0
1153,52,55,83.71,38.98,23.01,70.54,808,5.365,1,3,AB,B,Urgent,1
1154,21,56,95.17,91.07,64.21,64.8,323,7.021,1,35,B,O,Critical,0
1155,29,21,44.23,99.92,62.99,45.5,49,1.324,2,8,B,B,Normal,0
1156,26,55,34.97,75.06,64.29,96.0,176,4.107,1,29,O,O,Normal,0
1157,30,42,71.39,56.42,65.97,55.68,701,5.323,4,12,A,B,Urgent,1
1158,25,53,31.43,29.77,18.97,67.67,329,6.186,0,28,A,B,Critical,0
1159,33,63,28.67,46.83,15.52,94.41,527,10.936,0,30,O,O,Critical,1
1160,67,23,63.88,26.46,42.31,66.38,728,7.673,0,44,O,B,Normal,0
1161,64,18,65.85,89.67,25.41,61.75,837,4.071,6,46,O,B,Critical,0
1162,65,33,62.36,12.4,25.5,77.53,353,5.493,0,32,O,O,Normal,1
1163,48,77,74.76,46.52,49.16,83.18,649,7.367,6,29,O,B,Normal,0
1164,57,68,53.99,13.08,89.64,83.23,758,3.029,2,11,B,O,Urgent,0
1165,61,42,97.5,86.19,28.43,49.0,862,4.831,2,19,O,A,Urgent,1
1166,40,51,40.0,77.57,31.91,52.67,888,6.523,0,11,B,O,Normal,0
1167,57,69,92.23,77.14,35.49,57.47,34,2.398,0,12,O,B,Urgent,1
1168,32,62,52.09,90.78,10.3,80.33,261,7.817,6,30,A,B,Normal,0
1169,40,27,53.86,23.9,52.24,,971,3.558,2,13,B,B,Normal,0
1170,33,46,92.6,81.61,26.77,72.31,688,3.865,0,13,AB,A,Critical,0
1171,56,74,30.13,33.69,,91.14,118,3.977,0,18,A,O,Normal,0
1172,56,41,28.27,62.47,22.62,49.96,881,8.583,2,15,A,A,Urgent,0
1173,21,26,67.32,39.75,30.55,51.89,340,7.493,0,5,B,A,Urgent,0
1174,58,28,63.57,91.57,60.32,55.23,398,8.447,3,30,O,O,Critical,0
1175,62,48,49.56,30.3,55.34,99.12,852,4.739,2,14,O,B,Routine,0
1176,28,39,32.97,61.32,76.81,88.77,274,1.667,4,11,O,A,Normal,0
1177,22,32,57.53,85.79,31.12,56.37,551,2.526,2,10,O,O,Urgent,1
1178,63,72,45.38,91.24,86.83,70.34,195,9.562,2,9,O,A,Urgent,0
1179,25,63,51.75,37.2,99.74,61.76,264,0.955,0,38,O,O,Urgent,0
1180,33,35,52.29,84.11,49.39,48.92,720,8.528,1,2,O,O,Urgent,1
1181,59,76,84.06,1.91,24.54,45.94,352,3.685,0,17,O,O,Routine,1
1182,66,58,67.59,45.22,47.3,90.53,354,6.406,2,8,B,O,Urgent,0
1183,56,56,70.78,7.72,51.31,49.86,714,4.07,0,0,O,O,Urgent,1
1184,40,67,49.83,39.84,34.96,47.71,587,4.625,0,27,A,A,Urgent,1
1185,23,76,49.34,21.73,43.2,91.94,419,9.073,1,53,A,O,Normal,0
1186,45,24,58.37,96.49,39.09,99.02,446,2.849,1,21,O,A,Critical,0
1187,26,62,64.9,28.72,1.46,48.88,4,12.17,4,36,O,AB,Critical,0
1188,25,50,90.08,48.99,3.6,60.42,816,4.668,0,25,A,B,Urgent,1
1189,51,68,,52.9,86.5,99.25,280,5.491,0,17,A,B,Normal,0
1190,54,70,94.88,3.44,63.15,48.98,256,3.4,0,16,A,A,Routine,1
1191,48,55,25.76,13.99,43.32,55.75,442,9.162,1,7,A,A,Urgent,1
1192,44,45,40.73,27.41,48.65,47.83,832,5.522,2,1,O,A,Urgent,1
1193,47,27,66.92,52.78,45.72,74.17,546,6.262,1,20,A,O,Normal,0
1194,41,56,52.8,5.13,93.17,49.34,715,7.146,1,15,O,B,Normal,0
1195,25,45,93.84,86.27,45.27,73.95,743,5.313,0,20,O,O,Routine,1
1196,48,59,85.72,83.44,51.24,58.32,539,10.285,0,11,B,A,Urgent,0
1197,22,28,61.6,0.03,54.66,74.99,957,7.284,1,6,O,A,Urgent,1
1198,18,31,50.19,53.67,40.14,93.88,425,5.757,3,13,O,B,Urgent,0
1199,53,71,32.97,2.9,98.39,57.79,847,4.443,4,18,O,A,Normal,0
1200,57,73,83.27,24.55,76.2,92.88,879,5.048,0,16,A,O,Routine,1
1201,34,27,98.62,79.82,96.77,77.77,617,4.09,0,7,O,A,Urgent,1
1202,59,34,28.25,58.52,95.45,86.31,422,7.074,0,25,B,A,Routine,0
1203,37,35,75.69,36.91,59.45,77.91,448,2.978,0,2,B,AB,Normal,1
1204,24,35,57.47,13.22,88.59,59.47,103,4.7,4,11,O,B,Critical,0
1205,37,57,47.57,99.72,98.14,51.93,563,6.669,1,20,A,A,Normal,0
1206,53,63,32.16,75.81,46.29,98.11,664,6.104,0,10,A,A,Normal,0
1207,45,60,34.0,77.34,68.6,64.04,152,7.955,2,15,B,AB,Normal,0
1208,54,63,85.71,87.63,31.54,93.24,51,6.402,2,9,O,O,Normal,1
1209,25,42,88.04,1.33,73.96,52.33,551,1.733,0,17,A,A,Normal,1
1210,65,77,37.59,28.02,41.74,69.31,579,2.734,1,12,O,A,Normal,0
1211,36,54,43.05,56.19,87.53,59.01,414,4.737,1,18,B,O,Routine,0
1212,50,77,91.95,5.78,54.95,57.88,646,9.237,1,27,O,A,Normal,1
1213,56,26,92.0,57.76,27.57,62.21,712,3.668,5,30,A,A,Urgent,0
1214,21,34,59.62,64.44,4.36,99.27,483,8.658,0,13,B,O,Normal,0
1215,39,30,28.99,87.73,43.88,89.2,542,11.487,0,9,A,O,Critical,0
1216,41,37,99.79,4.91,60.03,69.48,225,2.593,0,4,A,B,Normal,1
1217,62,21,58.33,20.38,86.8,72.83,748,9.307,4,41,O,O,Normal,0
1218,22,22,95.65,51.27,34.72,68.84,129,8.393,0,0,O,O,Routine,1
1219,27,28,40.79,87.66,53.08,78.16,434,0.906,0,1,A,O,Normal,0
1220,63,22,79.59,4.85,31.67,72.2,615,5.776,3,41,O,A,Normal,1
1221,18,30,61.82,93.57,33.32,98.68,955,6.171,7,12,O,A,Critical,0
1222,55,60,64.41,81.96,90.67,72.98,641,5.477,4,5,O,O,Urgent,0
1223,43,18,69.33,12.67,16.68,92.28,756,2.454,6,25,B,O,Normal,1
1224,58,65,63.2,80.62,41.38,88.76,260,4.191,6,7,A,B,Critical,0
1225,43,63,85.68,53.04,42.36,92.0,257,4.03,2,20,A,B,Urgent,0
1226,28,63,48.49,2.31,6.89,86.62,927,1.935,3,35,O,B,Urgent,1
1227,63,39,87.98,17.64,87.81,65.27,477,11.734,2,24,O,A,Normal,0
1228,40,48,33.88,11.07,77.43,50.9,459,2.199,2,8,O,O,Routine,0
1229,56,62,71.81,59.51,72.67,47.97,745,6.644,3,6,O,O,Urgent,0
1230,65,70,26.4,60.89,16.07,59.99,973,1.944,1,5,A,B,Urgent,1
1231,48,32,84.51,10.33,36.78,73.06,779,4.379,3,16,A,O,Urgent,0
1232,67,55,63.88,53.84,33.68,78.18,,4.301,2,12,A,O,Critical,0
1233,49,,77.9,61.32,91.01,72.03,,7.563,1,18,B,O,Routine,0
1234,35,53,75.33,23.52,29.51,89.97,594,8.225,0,18,A,B,Normal,0
1235,45,77,41.81,46.04,22.19,47.53,99,2.879,0,32,A,B,Urgent,0
1236,34,24,70.88,84.7,49.33,76.74,758,5.848,0,10,O,A,Critical,0
1237,31,24,49.01,32.88,39.41,75.06,706,4.235,1,7,B,B,Normal,1
1238,35,24,93.15,59.18,62.24,78.77,727,4.905,0,11,O,O,Urgent,1
1239,68,39,66.46,64.53,54.5,74.67,336,7.348,0,29,B,A,Urgent,0
1240,26,51,87.27,22.49,96.49,56.67,932,3.877,1,25,O,A,Urgent,1
1241,21,31,93.86,8.62,5.34,72.37,138,4.005,0,10,O,A,Routine,1
1242,47,52,67.1,7.67,74.45,75.93,909,7.386,0,5,O,O,Urgent,1
1243,59,68,73.63,7.83,97.81,83.22,778,4.488,2,9,O,O,Critical,1
1244,50,56,69.25,88.33,12.09,67.06,576,2.594,0,6,A,AB,Critical,1
1245,40,32,48.98,99.11,96.74,80.45,418,0.5,3,8,A,O,Normal,0
1246,57,57,65.57,26.0,24.28,72.72,384,8.07,0,0,AB,O,Normal,0
1247,53,35,44.63,45.01,31.48,74.29,155,8.537,0,18,A,A,Normal,0
1248,34,34,96.76,73.13,11.6,91.26,999,6.727,2,0,O,A,Normal,1
1249,40,33,45.89,86.23,98.13,68.61,621,4.528,5,7,A,O,Routine,0
1250,58,70,96.15,88.63,3.47,60.5,888,7.064,0,12,O,B,Normal,1
1251,28,47,31.32,25.26,9.62,79.52,658,8.275,4,19,O,O,Urgent,1
1252,52,32,39.09,83.24,71.04,52.5,511,4.813,0,20,AB,O,Urgent,0
1253,30,72,40.49,54.54,94.31,81.84,828,6.619,0,42,B,A,Normal,0
1254,57,66,59.0,30.37,81.78,86.52,353,5.764,1,9,O,O,Critical,1
1255,37,54,79.3,30.9,88.4,51.72,319,5.959,4,17,O,O,Urgent,0
1256,59,53,77.42,77.23,3.19,45.6,212,7.449,2,6,A,O,Routine,0
1257,40,29,98.06,91.27,89.42,47.56,338,5.402,1,11,A,B,Routine,0
1258,64,67,80.09,55.44,64.14,57.83,568,2.874,2,3,A,O,Normal,0
1259,37,70,67.54,32.11,94.24,57.91,976,4.297,1,33,B,B,Urgent,0
1260,46,37,79.45,93.19,75.16,51.62,849,5.184,0,9,A,B,Critical,0
1261,69,29,70.69,60.75,17.89,48.36,629,5.056,4,40,AB,O,Routine,0
1262,51,29,80.99,99.9,53.71,98.42,418,6.173,0,22,AB,O,Urgent,0
1263,58,61,59.9,54.63,93.66,84.73,339,5.555,0,3,B,B,Critical,1
1264,47,38,72.07,43.35,26.42,76.42,924,5.362,0,9,O,O,Urgent,1
1265,60,29,43.26,99.04,47.12,47.76,659,0.5,0,31,A,O,Urgent,0
1266,36,64,95.25,75.66,86.8,67.92,912,4.862,4,28,A,A,Normal,0
1267,28,27,43.06,10.31,90.36,86.31,33,1.906,1,1,O,O,Routine,1
1268,31,74,63.78,63.62,74.06,53.6,179,3.318,1,43,A,O,Normal,0
1269,20,46,64.97,88.93,11.99,72.15,788,3.556,2,26,O,B,Urgent,0
1270,51,53,89.3,66.48,57.44,57.9,820,3.719,2,2,A,A,Normal,0
1271,31,75,36.33,41.9,54.32,65.21,198,7.427,0,44,O,B,Urgent,0
1272,38,58,37.72,80.44,88.35,59.74,756,7.051,0,20,B,A,Normal,0
1273,44,44,77.77,25.25,49.77,73.46,4,5.097,0,0,O,O,Routine,1
1274,30,76,96.54,89.18,8.22,63.44,439,5.705,2,46,O,O,Critical,1
1275,69,56,88.74,66.91,82.66,45.99,553,9.342,2,13,O,B,Urgent,0
1276,,48,86.43,57.97,68.01,99.58,388,4.277,0,3,B,A,Normal,0
1277,66,32,95.37,69.94,18.21,59.78,464,9.197,1,34,O,A,Routine,1
1278,25,32,97.47,45.33,58.35,94.77,13,8.297,2,7,O,O,Critical,1
1279,30,74,63.91,58.98,68.03,51.58,946,8.033,0,44,A,O,Critical,0
1280,29,43,94.88,27.99,58.13,91.2,750,5.592,5,14,O,A,Urgent,1
1281,39,41,54.0,1.69,87.91,63.35,873,4.584,6,2,O,AB,Urgent,1
1282,51,59,33.14,71.64,12.76,95.69,159,8.203,0,8,B,O,Normal,0
1283,19,31,75.4,79.58,68.45,92.35,944,4.797,2,12,B,O,Normal,0
1284,23,73,47.14,22.41,31.23,71.31,,6.812,2,50,B,O,Critical,0
1285,33,33,71.67,84.65,95.47,82.97,34,0.5,4,0,O,A,Normal,0
1286,31,37,81.48,95.08,70.41,79.58,86,4.297,2,6,O,A,Routine,1
1287,43,40,74.79,34.32,85.94,48.78,787,5.109,2,3,A,A,Urgent,1
1288,18,64,47.49,70.8,3.19,57.4,778,4.137,0,46,AB,O,Routine,0
1289,63,20,79.52,11.92,79.62,95.29,761,1.946,0,43,A,B,Routine,0
1290,66,30,94.99,52.52,73.11,85.82,856,5.861,1,36,O,A,Normal,0
1291,25,24,46.8,0.5,65.57,45.26,819,4.448,4,1,A,O,Critical,1
1292,44,18,86.13,33.31,80.94,80.17,511,4.639,0,26,O,O,Urgent,1
1293,24,45,88.11,81.99,78.66,58.81,196,0.5,1,21,O,O,Urgent,0
1294,54,75,50.84,50.24,4.12,86.15,21,5.503,0,21,B,A,Normal,0
1295,69,50,67.54,12.72,28.4,54.3,481,6.875,0,19,B,A,Urgent,0
1296,29,34,55.56,69.83,39.53,97.79,200,5.851,0,5,O,A,Urgent,0
1297,28,19,34.94,32.77,72.18,56.75,749,3.625,5,9,O,B,Urgent,0
1298,53,42,97.35,99.36,47.93,98.6,615,8.018,2,11,O,O,Urgent,1
1299,63,76,51.69,28.28,13.86,56.11,60,5.818,0,13,O,O,Urgent,0
1300,25,76,65.43,66.03,47.44,57.34,113,6.882,6,51,B,AB,Routine,0
1301,55,52,80.02,20.1,94.65,62.9,388,1.905,0,3,A,A,Normal,1
1302,43,68,71.12,77.46,30.29,79.87,210,8.488,1,25,B,A,Urgent,0
1303,48,65,79.46,41.06,44.4,79.33,673,8.064,0,17,O,B,Critical,1
1304,42,37,30.55,36.98,59.25,71.61,957,7.329,0,5,B,O,Urgent,1
1305,36,65,64.39,86.98,86.18,89.1,967,1.02,4,29,A,A,Normal,1
1306,50,64,48.41,68.55,11.86,45.28,207,1.318,0,14,A,O,Routine,0
1307,49,20,39.91,63.92,70.19,68.53,989,8.889,2,29,O,O,Normal,0
1308,48,67,31.96,30.27,32.79,95.01,859,5.431,2,19,O,O,Critical,1
1309,53,66,33.33,74.77,28.41,60.22,723,7.443,0,13,B,O,Normal,0
1310,28,31,25.05,12.08,40.56,82.48,856,2.73,1,3,O,B,Critical,1
1311,22,36,83.77,,97.85,46.44,469,7.462,3,14,O,O,Critical,1
1312,66,25,55.5,88.9,22.37,61.27,673,5.723,0,41,B,O,Urgent,0
1313,19,40,79.64,67.24,34.48,94.58,971,5.099,0,21,B,A,Normal,0
1314,27,45,35.08,13.11,19.12,83.38,604,7.052,0,18,O,B,Urgent,0
1315,43,58,60.19,84.44,31.81,92.01,326,5.021,0,15,O,B,Urgent,0
1316,19,46,64.2,94.21,42.32,90.76,85,7.22,1,27,A,O,Normal,0
1317,34,46,86.58,32.98,71.01,70.47,364,1.402,0,12,A,A,Urgent,1
1318,40,28,55.48,,69.53,87.23,831,7.538,1,12,A,AB,Routine,1
1319,27,35,27.4,98.17,42.3,91.78,636,7.687,,8,O,B,Critical,1
1320,56,49,81.41,43.71,96.19,77.98,385,7.222,2,7,B,O,Urgent,0
1321,19,45,69.44,67.04,93.02,74.45,645,1.647,0,26,A,A,Routine,1
1322,56,25,51.5,21.88,76.42,61.53,908,5.198,2,31,B,O,Normal,0
1323,24,55,98.4,79.49,12.3,91.77,634,4.252,4,31,B,A,Critical,1
1324,,71,74.87,57.23,82.82,94.4,198,3.728,2,3,B,A,Routine,0
1325,55,19,47.05,91.52,52.98,52.96,85,4.126,0,36,A,B,Urgent,0
1326,34,68,94.22,37.69,32.28,48.19,594,3.46,0,34,O,O,Normal,1
1327,60,50,85.19,80.38,82.25,99.54,435,8.382,4,10,B,A,Urgent,0
1328,,25,47.94,41.55,93.86,71.24,456,3.693,2,4,B,A,Critical,0
1329,35,20,91.38,63.23,12.61,52.77,199,5.489,1,15,A,A,Normal,1
1330,54,59,74.28,37.75,97.74,93.55,791,3.031,1,5,O,O,Critical,1
1331,63,58,92.47,71.53,40.8,99.01,838,9.335,0,5,A,O,Urgent,0
1332,46,25,32.9,73.96,23.66,77.48,614,4.19,3,21,O,A,Urgent,0
1333,56,52,44.35,77.68,30.91,91.75,436,5.716,4,4,AB,AB,Critical,1
1334,21,73,39.0,44.53,46.26,50.52,430,4.87,2,52,A,O,Critical,0
1335,44,51,32.99,71.76,67.75,48.63,334,9.145,3,7,A,O,Normal,0
1336,20,28,61.56,79.76,6.27,73.1,922,7.398,0,8,O,A,Normal,1
1337,61,73,75.2,47.49,94.9,85.72,583,9.16,3,12,O,O,Normal,0
1338,21,73,31.51,17.11,35.19,62.8,701,4.577,4,52,O,O,Normal,0
1339,53,61,47.3,70.92,0.73,62.41,51,9.131,1,8,O,AB,Urgent,0
1340,27,25,69.33,3.31,,56.57,424,3.22,0,2,B,B,Normal,1
1341,34,25,29.71,91.44,94.1,78.08,53,7.218,4,9,O,B,Urgent,0
1342,69,52,61.33,96.48,18.62,52.79,440,11.184,0,17,O,A,Urgent,0
1343,29,23,62.78,13.97,15.95,73.59,730,8.156,2,6,B,A,Normal,0
1344,40,31,57.09,83.99,33.61,98.26,279,4.176,0,9,B,B,Critical,1
1345,58,66,50.93,11.07,22.84,60.34,542,6.29,0,8,O,A,Urgent,1
1346,22,30,44.89,59.77,48.48,76.55,415,5.489,3,8,A,B,Normal,0
1347,65,30,84.79,35.51,1.81,77.73,709,6.175,0,35,A,O,Normal,0
1348,44,45,49.9,88.6,49.96,62.6,535,4.316,1,1,B,O,Critical,0
1349,59,64,61.14,81.13,40.12,50.68,981,8.414,0,5,O,A,Critical,0
1350,18,30,29.65,37.32,22.86,77.77,886,3.73,1,12,O,B,Urgent,0
1351,31,64,60.3,96.92,63.18,48.83,174,6.115,0,33,O,O,Urgent,0
1352,32,45,72.49,84.7,72.27,88.42,228,2.493,4,13,B,A,Critical,0
1353,50,53,97.56,83.89,86.36,76.46,831,5.144,1,3,B,B,Critical,1
1354,30,19,43.73,79.14,53.66,64.62,835,3.374,1,11,O,O,Normal,1
1355,31,42,95.06,51.5,94.76,59.32,611,6.871,0,11,B,B,Normal,1
1356,22,69,64.26,93.95,86.29,66.11,456,5.2,0,47,AB,O,Normal,0
1357,46,59,62.21,48.33,58.72,93.66,780,2.638,0,13,O,B,Normal,1
1358,34,42,67.33,79.28,58.85,51.72,16,7.888,0,8,O,O,Normal,0
1359,25,43,77.42,19.32,39.81,86.49,46,7.17,0,18,B,B,Urgent,1
1360,32,25,96.32,4.1,9.91,53.14,108,4.515,2,7,A,B,Critical,1
1361,27,46,51.15,76.74,37.65,58.09,172,2.003,1,19,B,O,Critical,0
1362,68,47,64.15,44.31,61.24,55.86,615,8.885,2,21,A,O,Urgent,0
1363,48,50,51.97,42.65,57.13,70.47,839,4.703,0,2,O,O,Urgent,0
1364,18,39,69.95,1.7,15.41,93.66,747,8.577,1,21,O,O,Critical,1
1365,24,18,76.44,77.92,94.0,89.93,731,6.301,0,6,O,A,Urgent,0
1366,52,40,48.11,44.02,92.53,62.06,721,3.851,0,12,AB,A,Critical,0
1367,57,42,47.44,90.61,2.14,86.31,644,6.165,1,15,O,O,Routine,0
1368,55,19,85.09,75.52,63.88,84.96,842,6.796,1,36,O,O,Critical,1
1369,22,58,80.31,9.32,13.01,89.47,101,6.085,0,36,A,A,Normal,1
1370,20,73,95.79,36.81,1.99,79.66,954,7.742,2,53,O,AB,Normal,1
1371,68,58,67.34,21.92,39.44,52.03,329,3.137,3,10,A,A,Normal,1
1372,28,20,38.5,32.09,6.42,94.52,488,1.034,2,8,O,A,Urgent,1
1373,20,,95.58,53.26,72.78,85.96,700,8.547,0,53,A,B,Normal,0
1374,35,44,47.81,87.17,31.74,96.01,718,2.518,1,9,O,A,Critical,0
1375,66,21,96.18,76.99,36.78,96.75,116,7.742,0,45,A,O,Normal,0
1376,59,73,36.67,42.65,77.01,81.54,273,2.429,0,14,O,O,Urgent,0
1377,22,25,32.85,42.51,6.14,98.04,383,6.216,0,3,B,B,Normal,1
1378,50,40,71.74,52.36,34.25,70.04,3,9.631,0,10,O,O,Normal,0
1379,45,28,67.51,57.47,23.49,83.11,454,3.208,1,17,O,O,Normal,1
1380,29,44,47.06,48.78,23.32,71.3,582,3.447,1,15,O,AB,Normal,1
1381,59,22,97.57,30.65,39.54,75.98,824,5.53,0,37,A,O,Routine,0
1382,60,54,38.93,58.88,84.67,80.84,957,6.306,1,6,O,O,Normal,0
1383,50,70,57.09,58.53,85.81,61.03,92,3.749,2,20,B,B,Normal,0
1384,20,41,93.7,61.46,11.71,79.48,39,4.318,5,21,B,O,Normal,0
1385,25,47,31.1,21.9,25.23,62.89,810,3.065,0,22,O,O,Normal,0
1386,65,75,28.52,50.35,53.15,64.65,242,5.627,1,10,AB,O,Normal,0
1387,45,74,74.0,82.09,32.89,62.51,330,7.168,1,29,O,O,Critical,0
1388,60,26,46.31,28.8,19.1,69.92,222,8.825,0,34,AB,O,Urgent,0
1389,23,49,91.43,99.7,25.68,70.44,614,6.937,1,26,B,A,Urgent,0
1390,21,33,30.45,50.2,15.05,62.77,778,6.903,0,12,O,O,Critical,1
1391,42,65,72.01,6.69,73.44,82.25,2,3.152,1,23,B,A,Routine,0
1392,28,50,48.34,76.78,38.29,92.67,25,8.169,0,22,O,B,Normal,0
1393,52,44,83.92,43.27,95.49,99.79,907,7.375,0,8,B,O,Urgent,0
1394,41,72,63.65,59.03,28.26,69.2,415,3.388,2,31,A,O,Normal,0
1395,37,22,47.26,61.38,43.46,94.39,271,8.988,1,15,O,B,Critical,0
1396,24,74,81.2,9.36,56.07,71.79,894,3.611,0,50,B,A,Normal,1
1397,35,45,51.73,40.31,44.3,90.2,980,4.107,3,10,O,B,Normal,0
1398,29,23,51.12,85.96,20.79,94.89,756,5.771,5,6,O,A,Critical,0
1399,27,27,80.09,66.52,91.35,77.54,982,7.255,5,0,A,B,Normal,0
1400,34,56,89.09,48.26,12.74,47.98,459,3.314,1,22,A,O,Urgent,0
1401,63,72,75.46,30.44,3.86,83.59,871,6.04,0,9,A,A,Urgent,1
1402,40,37,29.07,14.21,3.04,90.69,354,4.324,0,3,O,O,Routine,1
1403,47,70,55.96,94.14,80.32,64.65,265,6.018,0,23,O,O,Urgent,0
1404,45,33,31.16,99.71,22.51,57.11,614,5.12,3,12,A,O,Routine,0
1405,45,72,40.77,1.21,85.66,71.19,168,7.54,1,27,B,O,Normal,0
1406,40,60,45.35,0.42,50.07,45.53,592,4.247,3,20,O,AB,Normal,1
1407,34,29,90.19,53.16,59.19,57.26,382,2.373,5,5,O,B,Urgent,0
1408,26,53,72.83,10.63,3.5,67.48,843,5.733,0,27,O,B,Normal,1
1409,56,41,55.1,98.19,18.02,47.08,566,6.149,2,15,O,B,Urgent,0
1410,31,28,69.17,1.62,6.96,48.89,559,8.017,0,3,O,A,Normal,1
1411,30,21,35.68,8.63,24.91,54.12,481,7.786,1,9,A,O,Urgent,0
1412,25,35,89.54,40.49,67.15,91.83,52,6.107,0,10,A,O,Critical,0
1413,56,31,69.24,44.17,20.84,97.09,470,4.061,3,25,O,A,Normal,1
1414,18,75,66.62,25.0,70.24,90.73,835,1.511,0,57,B,A,Critical,0
1415,49,51,41.17,72.27,63.35,75.17,493,4.372,0,2,O,A,Routine,0
1416,36,65,58.78,99.06,36.67,98.85,989,5.726,3,29,O,A,Urgent,0
1417,20,20,98.28,63.25,93.19,94.96,832,4.244,2,0,A,A,Routine,1
1418,39,18,52.55,40.81,22.85,99.24,405,5.048,1,21,A,O,Normal,0
1419,67,21,88.59,36.37,57.98,76.19,312,2.869,2,46,O,B,Critical,1
1420,42,76,37.42,82.38,79.42,70.93,182,7.574,2,34,O,A,Routine,0
1421,42,47,76.6,66.69,98.64,79.37,891,3.414,0,5,B,O,Normal,1
1422,18,65,48.77,4.0,86.55,99.71,408,3.956,2,47,O,A,Critical,0
1423,43,70,48.8,1.76,73.64,63.55,976,7.284,1,27,A,O,Urgent,0
1424,60,61,84.67,76.66,45.57,45.12,466,5.18,4,1,O,O,Routine,1
1425,56,42,33.4,43.47,1.75,48.28,925,4.479,0,14,A,A,Normal,1
1426,30,54,60.09,38.62,32.07,61.52,904,6.836,2,24,A,B,Urgent,1
1427,34,28,87.07,18.99,66.84,92.05,966,4.806,0,6,A,A,Critical,1
1428,22,29,72.57,65.45,69.64,68.7,272,7.963,3,7,O,O,Urgent,1
1429,30,31,26.01,39.71,13.11,66.39,408,5.207,0,1,O,A,Critical,1
1430,40,21,33.32,27.1,42.28,52.43,553,6.453,1,19,O,O,Normal,0
1431,54,27,91.84,,38.33,97.76,929,5.572,1,27,B,AB,Urgent,1
1432,22,44,95.75,16.48,9.4,52.69,831,7.04,3,22,O,A,Routine,1
1433,62,54,92.24,81.51,32.27,55.11,568,4.631,3,8,O,A,Critical,1
1434,31,45,84.1,44.79,2.58,56.26,598,7.854,1,14,A,O,Urgent,0
1435,68,46,40.06,65.65,82.11,69.02,308,0.5,1,22,O,A,Normal,0
1436,40,28,61.1,10.72,46.41,47.89,724,8.324,3,12,O,A,Urgent,0
1437,41,45,95.27,12.89,69.11,54.08,148,6.818,0,4,B,B,Normal,1
1438,39,42,53.96,84.96,71.49,74.69,253,4.86,1,3,O,O,Normal,1
1439,50,26,82.28,77.12,15.41,47.37,801,6.089,3,24,B,B,Urgent,1
1440,58,60,69.28,49.78,19.26,78.7,708,6.294,0,2,O,A,Normal,1
1441,22,31,63.17,50.59,50.86,55.51,777,3.538,1,9,A,A,Urgent,1
1442,35,51,29.32,79.7,0.09,56.93,451,6.458,1,16,O,A,Normal,0
1443,28,50,89.03,86.16,36.35,64.71,853,2.579,1,22,O,A,Normal,1
1444,38,62,40.85,77.52,10.88,69.95,183,5.266,1,24,O,A,Normal,0
1445,64,52,26.15,53.94,90.25,70.68,24,5.412,0,12,AB,AB,Urgent,0
1446,21,58,39.72,59.66,63.45,60.3,78,6.389,0,37,O,A,Normal,0
1447,33,69,29.53,52.38,7.66,65.49,508,3.278,0,36,A,O,Normal,0
1448,37,68,32.55,60.33,19.68,66.47,868,0.546,3,31,O,A,Routine,0
1449,51,63,50.07,99.53,91.76,63.99,180,6.865,0,12,A,AB,Normal,0
1450,21,66,85.39,51.86,58.96,64.85,395,6.612,0,45,O,B,Urgent,0
1451,47,20,73.48,13.82,32.73,75.25,544,1.701,0,27,B,A,Normal,0
1452,39,61,95.61,71.25,54.32,62.03,888,10.401,3,22,O,B,Urgent,1
1453,64,53,77.06,79.4,56.62,80.95,428,6.014,1,11,A,B,Normal,0
1454,37,65,54.57,84.07,80.09,78.24,584,3.225,0,28,B,B,Normal,0
1455,65,28,36.21,84.99,3.14,74.54,883,3.203,3,37,O,A,Urgent,0
1456,54,23,86.53,76.58,33.66,85.47,955,9.251,2,31,B,B,Normal,1
1457,55,31,28.8,93.03,80.57,81.22,601,6.404,2,24,A,B,Normal,0
1458,59,45,44.29,5.64,1.15,98.93,409,6.692,0,14,AB,A,Urgent,0
1459,36,76,40.15,40.25,80.42,59.41,761,5.713,2,40,B,AB,Routine,0
1460,57,47,77.23,21.28,38.49,85.95,498,4.904,0,10,A,O,Urgent,1
1461,35,31,57.2,17.53,69.6,50.43,152,2.659,0,,A,O,Urgent,0
1462,18,24,92.39,91.39,23.41,48.09,785,1.276,1,6,O,O,Urgent,1
1463,30,58,42.93,27.56,70.92,68.16,94,4.76,0,28,B,B,Critical,1
1464,40,73,81.11,67.43,15.9,80.51,992,4.959,0,33,AB,O,Normal,1
1465,31,46,90.14,48.49,65.57,60.65,412,10.048,0,15,O,O,Critical,0
1466,43,19,43.57,68.54,13.02,57.15,818,3.645,4,24,O,B,Normal,0
1467,25,30,29.47,89.24,85.51,46.88,654,3.386,3,5,O,B,Urgent,0
1468,47,51,87.32,47.68,60.78,79.68,535,6.106,1,4,O,O,Urgent,1
1469,40,34,48.1,80.03,8.78,96.4,249,5.623,2,6,O,O,Normal,0
1470,67,26,29.52,40.72,18.2,84.13,826,7.388,0,41,O,B,Normal,0
1471,30,41,28.92,28.16,56.97,68.01,550,6.583,1,11,O,O,Normal,0
1472,51,73,36.19,47.49,98.83,81.9,740,4.194,0,22,B,O,Routine,0
1473,37,68,65.89,64.79,35.17,69.79,839,5.43,0,31,A,O,Critical,0
1474,35,27,62.29,25.68,10.18,71.36,782,5.274,0,8,O,B,Normal,1
1475,23,53,54.69,3.0,17.7,95.31,460,8.04,1,30,O,B,Routine,1
1476,31,30,82.5,65.49,5.78,80.79,8,7.606,0,1,O,AB,Normal,1
1477,26,76,37.28,6.21,39.39,84.56,279,7.721,0,50,B,O,Normal,0
1478,22,46,68.03,20.84,5.09,81.47,796,5.474,2,24,O,B,Critical,1
1479,69,48,47.59,48.45,90.09,47.11,183,6.446,0,21,O,O,Urgent,1
1480,33,35,47.0,83.95,14.15,56.69,530,4.104,1,2,O,A,Urgent,0
1481,27,65,78.87,19.81,62.97,66.26,7,7.368,2,38,A,AB,Routine,1
1482,52,33,49.92,1.78,7.26,99.63,747,8.818,2,19,O,O,Urgent,1
1483,28,30,70.63,1.79,1.67,73.23,533,3.61,2,2,B,AB,Routine,1
1484,33,67,78.11,56.13,15.08,75.12,505,5.631,8,34,B,B,Urgent,1
1485,,20,46.43,20.07,18.68,47.89,215,5.522,3,49,B,O,Routine,0
1486,22,48,95.29,70.71,80.58,99.61,531,3.822,0,26,O,B,Critical,1
1487,37,58,37.37,90.51,54.42,69.08,675,9.865,4,21,O,B,Normal,0
1488,24,55,46.29,92.28,7.61,69.92,409,0.5,8,31,B,A,Urgent,0
1489,63,19,79.92,56.6,38.45,97.46,847,5.505,0,44,B,B,Urgent,1
1490,41,61,29.91,62.42,25.22,63.75,697,6.285,1,20,O,A,Critical,0
1491,32,41,63.15,65.2,89.73,52.1,986,6.174,0,9,O,B,Normal,1
1492,32,76,51.05,83.05,88.74,64.54,277,8.284,0,44,O,B,Normal,0
1493,58,47,89.76,24.18,88.5,73.55,9,6.992,2,11,O,O,Critical,1
1494,51,56,96.0,94.68,95.81,74.78,317,3.4,4,5,B,B,Normal,0
1495,18,23,49.95,37.57,41.61,85.98,955,4.074,2,5,O,B,Normal,1
1496,40,39,50.92,42.44,90.93,50.76,930,4.636,2,1,O,O,Routine,1
1497,55,41,,0.85,81.28,54.43,896,1.161,0,14,A,O,Normal,0
1498,49,23,61.72,20.97,60.21,63.12,642,5.576,1,26,B,A,Critical,0
1499,28,23,60.47,91.34,33.85,86.3,235,5.966,2,5,O,A,Urgent,0
1500,26,36,34.89,64.43,16.7,54.51,43,4.0,0,10,A,B,Normal,0
1501,23,66,29.6,9.68,62.87,72.29,571,2.979,2,43,B,B,Critical,1
1502,36,34,39.15,39.75,82.13,53.13,987,4.925,0,2,O,A,Critical,0
1503,45,36,78.82,59.32,52.94,57.55,635,6.438,3,9,O,B,Critical,1
1504,47,62,97.08,30.04,40.23,79.69,799,5.874,3,15,A,A,Routine,1
1505,30,26,55.3,45.67,9.16,48.17,217,4.057,7,4,B,B,Urgent,1
1506,45,52,50.17,17.58,46.44,61.87,264,1.936,1,7,B,AB,Normal,0
1507,45,34,82.65,26.62,97.7,89.11,624,5.457,2,11,O,A,Urgent,1
1508,22,41,54.03,1.01,4.15,95.36,886,5.771,3,19,A,A,Routine,1
1509,39,62,44.0,70.93,6.51,65.87,980,7.047,0,23,O,AB,Normal,0
1510,41,70,80.79,56.51,50.6,72.89,473,5.758,6,29,AB,O,Urgent,0
1511,44,72,48.89,59.05,22.55,47.88,582,3.12,2,28,A,O,Normal,0
1512,42,20,28.71,47.23,19.15,96.05,547,5.958,0,22,AB,O,Normal,0
1513,46,60,74.86,77.37,,81.95,532,8.152,0,14,B,B,Routine,1
1514,68,76,90.15,3.92,23.38,45.52,116,8.189,1,8,O,A,Urgent,1
1515,63,51,66.95,61.04,52.92,92.67,933,3.859,3,12,O,O,Normal,1
1516,30,69,92.36,49.62,3.28,62.03,969,4.461,1,39,O,O,Normal,1
1517,67,76,43.54,18.5,61.81,91.1,9,6.736,2,9,A,B,Normal,0
1518,24,32,44.09,26.08,99.73,51.12,502,4.345,0,8,B,AB,Routine,0
1519,28,52,54.53,35.36,75.37,51.13,903,6.456,1,24,O,O,Urgent,0
1520,59,21,79.2,34.25,46.03,73.25,95,6.719,1,38,A,A,Normal,1
1521,38,74,61.1,23.99,0.53,68.84,883,6.329,1,36,O,B,Urgent,0
1522,57,55,80.95,24.16,44.43,,618,4.515,1,2,O,O,Normal,1
1523,20,41,43.12,48.6,67.89,64.95,766,5.705,1,21,O,O,Urgent,1
1524,54,42,56.96,72.92,80.45,69.41,484,3.238,1,12,B,AB,Critical,0
1525,57,52,41.89,71.6,82.45,69.13,856,6.385,0,5,O,B,Critical,0
1526,46,70,94.74,80.03,94.78,77.47,197,4.919,0,24,A,B,Routine,0
1527,27,36,54.57,7.74,65.39,85.65,52,4.621,3,9,B,B,Urgent,1
1528,20,52,67.0,2.91,6.7,94.28,24,7.277,0,32,O,O,Critical,1
1529,55,41,95.43,86.28,66.65,71.96,127,3.166,4,14,B,O,Normal,0
1530,52,68,48.38,33.05,46.55,82.97,649,6.328,4,16,A,B,Normal,0
1531,51,22,95.76,9.72,70.55,65.53,150,3.86,6,29,O,O,Routine,0
1532,69,48,94.3,59.6,22.98,71.18,609,3.653,3,21,B,O,Normal,0
1533,31,54,76.14,83.85,98.53,70.2,179,4.281,1,23,O,A,Normal,0
1534,60,41,31.3,25.39,59.48,70.2,979,3.618,2,19,B,O,Routine,0
1535,39,47,65.89,91.08,63.21,72.4,1000,8.018,1,8,O,O,Critical,1
1536,54,19,96.36,,89.68,77.53,229,2.471,3,35,A,O,Routine,0
1537,54,31,98.19,74.8,93.3,98.06,827,7.074,0,23,B,A,Urgent,0
1538,24,73,86.83,23.81,46.03,72.59,474,6.721,2,49,B,B,Normal,1
1539,41,66,44.02,87.28,42.06,77.3,866,9.531,5,25,A,O,Routine,0
1540,39,19,55.28,98.85,1.03,53.45,36,7.229,0,20,A,O,Urgent,0
1541,29,25,62.75,51.41,98.77,64.51,574,5.397,3,4,A,O,Critical,0
1542,33,39,26.58,84.86,25.37,91.31,936,7.816,1,6,A,A,Critical,1
1543,59,51,26.26,87.15,29.24,91.74,323,7.324,4,8,O,A,Critical,0
1544,47,46,86.18,96.18,1.53,52.09,103,4.415,5,1,O,B,Routine,0
1545,22,65,28.29,81.89,83.76,64.11,205,4.477,2,43,B,B,Normal,0
1546,40,42,96.29,75.5,9.41,75.26,17,7.485,1,2,O,B,Routine,1
1547,31,70,25.35,59.22,99.25,72.3,445,6.619,0,39,A,O,Urgent,0
1548,30,65,91.3,83.77,70.26,96.64,140,0.703,1,35,B,A,Normal,0
1549,33,59,46.09,92.63,38.95,49.05,709,8.859,2,26,O,A,Urgent,0
1550,28,60,27.04,21.12,6.23,47.89,84,8.328,0,32,O,B,Urgent,0
1551,59,73,55.95,31.28,40.11,46.05,793,2.917,0,14,B,A,Normal,0
1552,58,61,52.84,13.32,42.04,59.2,622,5.926,0,3,B,O,Urgent,1
1553,52,40,93.05,60.38,46.84,62.17,997,7.449,0,12,O,A,Normal,1
1554,37,29,74.24,26.13,96.92,82.31,282,8.258,3,8,O,A,Routine,0
1555,54,33,70.24,55.32,45.82,78.81,36,7.25,0,21,O,O,Urgent,1
1556,40,31,63.42,71.32,4.12,89.81,815,6.405,0,9,O,O,Critical,0
1557,32,19,41.13,12.12,92.11,84.19,440,5.62,2,13,B,A,Urgent,0
1558,60,22,42.48,76.43,37.85,74.74,879,7.762,3,38,B,O,Urgent,0
1559,56,59,77.97,21.95,51.16,62.2,432,8.154,6,3,O,A,Normal,0
1560,60,38,46.18,70.26,61.89,90.63,522,3.396,0,22,AB,O,Normal,0
1561,68,75,45.79,82.96,12.33,48.97,341,2.298,1,7,A,O,Normal,0
1562,27,25,93.34,75.49,69.8,63.28,678,5.715,1,2,A,A,Normal,1
1563,60,54,38.66,90.41,61.48,54.14,313,8.893,3,6,AB,B,Routine,0
1564,18,32,90.52,12.67,9.05,76.98,556,7.322,2,14,O,AB,Routine,1
1565,25,59,81.67,60.21,8.24,53.72,177,3.727,0,34,B,A,Critical,0
1566,36,71,63.35,23.22,40.51,54.36,312,3.984,4,35,O,O,Normal,1
1567,41,31,41.5,73.71,96.05,53.67,468,6.283,2,10,O,A,Routine,0
1568,51,68,37.07,31.53,50.95,57.66,346,3.312,6,17,O,B,Critical,0
1569,44,48,63.57,76.51,88.91,82.27,857,7.882,5,4,B,A,Normal,0
1570,47,67,35.75,43.52,76.75,63.89,109,3.464,3,20,A,A,Urgent,0
1571,47,67,45.14,24.69,77.63,87.22,664,6.935,1,20,A,AB,Normal,0
1572,60,71,99.68,6.23,69.34,49.08,394,6.358,0,11,O,AB,Normal,1
1573,20,40,49.36,60.66,77.5,72.47,365,2.954,0,20,O,B,Routine,0
1574,28,37,79.38,57.01,42.67,64.35,720,5.662,0,9,A,A,Urgent,1
1575,35,58,47.15,96.41,99.02,46.69,848,7.585,0,23,O,B,Urgent,0
1576,60,23,72.38,54.93,39.03,48.32,521,3.855,0,37,O,A,Normal,0
1577,60,45,68.24,44.91,19.96,72.1,900,2.448,0,15,A,A,Urgent,1
1578,28,36,90.31,14.92,70.05,89.48,540,3.116,1,8,O,O,Routine,1
1579,36,24,90.12,17.95,89.58,87.3,100,1.706,0,,O,O,Normal,1
1580,33,55,76.74,38.8,34.21,99.62,533,4.032,6,22,B,O,Urgent,0
1581,64,62,51.27,85.74,47.68,89.55,172,4.408,4,2,O,O,Normal,0
1582,39,50,49.59,75.74,35.35,69.62,327,4.179,3,11,B,O,Urgent,0
1583,29,27,41.75,63.49,83.48,46.2,328,4.227,2,2,B,B,Normal,0
1584,31,76,50.61,5.56,69.5,76.12,162,7.039,4,45,B,O,Urgent,0
1585,32,68,46.35,0.42,22.38,87.23,729,4.209,1,36,O,B,Urgent,1
1586,22,38,75.09,69.15,9.96,99.55,873,7.12,1,16,B,O,Normal,1
1587,65,76,30.2,86.66,29.1,96.1,17,6.69,3,11,O,O,Normal,0
1588,53,74,84.61,28.04,74.8,69.56,993,4.871,0,21,O,B,Normal,0
1589,69,49,58.71,78.54,14.45,96.26,878,1.719,3,20,O,O,Urgent,1
1590,64,41,88.45,32.22,32.78,75.9,620,6.827,0,23,O,B,Critical,1
1591,63,69,51.99,63.61,88.76,72.13,637,7.951,1,6,O,A,Critical,0
1592,18,23,81.07,63.9,95.16,55.71,125,7.383,8,5,A,O,Normal,0
1593,62,66,32.66,51.06,78.42,91.91,239,6.346,1,4,O,A,Normal,0
1594,21,43,89.78,23.9,95.52,45.28,231,5.195,0,22,O,A,Urgent,1
1595,26,25,69.5,42.61,95.8,61.4,956,5.496,5,1,O,A,Normal,0
1596,24,34,85.37,92.26,26.3,45.02,286,5.074,0,10,A,O,Urgent,0
1597,37,29,90.01,68.82,53.79,69.27,594,6.243,2,8,O,B,Normal,1
1598,61,32,45.58,7.54,10.17,55.22,231,3.595,2,29,O,B,Normal,1
1599,50,68,42.79,20.43,11.03,83.56,17,6.424,3,18,B,O,Urgent,0
1600,48,75,64.29,76.59,29.93,85.36,562,6.519,0,27,O,O,Normal,1
1601,53,45,29.52,68.19,29.83,71.8,282,,2,8,A,A,Urgent,0
1602,23,26,38.33,50.94,9.32,65.32,245,5.839,4,3,AB,A,Normal,0
1603,32,41,94.52,14.24,24.0,49.59,222,2.223,1,9,B,A,Normal,0
1604,50,37,35.9,80.83,96.9,63.81,655,3.839,1,13,O,A,Urgent,0
1605,59,27,85.51,52.58,94.54,77.22,823,6.897,4,32,AB,A,Critical,0
1606,52,19,30.24,9.15,16.88,70.64,434,4.211,1,33,B,A,Normal,0
1607,40,77,39.17,63.45,33.61,84.87,368,3.842,1,37,O,O,Normal,0
1608,53,41,25.55,18.24,71.55,90.61,381,4.973,0,12,B,B,Urgent,0
1609,42,64,76.89,1.8,72.15,54.98,222,0.5,1,22,O,B,Normal,0
1610,43,67,90.34,94.01,1.5,78.51,370,5.599,0,24,O,O,Normal,1
1611,48,55,63.13,45.91,81.51,50.96,690,3.629,2,7,B,B,Urgent,0
1612,50,22,76.07,88.05,64.49,82.86,511,4.526,0,28,B,O,Critical,0
1613,69,66,87.16,31.07,3.21,68.87,79,5.286,0,3,O,O,Normal,1
1614,42,64,80.18,23.29,57.83,75.53,811,4.776,0,22,O,O,Critical,1
1615,48,67,85.66,79.07,41.15,99.27,292,5.382,6,19,B,B,Urgent,1
1616,40,35,61.9,10.5,82.45,74.52,867,9.261,6,5,B,O,Normal,0
1617,43,28,47.29,75.25,57.56,63.72,949,9.266,2,15,O,A,Normal,0
1618,32,55,80.27,3.98,56.59,89.35,110,3.562,0,23,A,A,Urgent,1
1619,31,21,87.35,12.38,98.95,65.78,324,6.006,3,10,A,B,Normal,0
1620,28,53,28.06,22.47,49.54,51.82,410,7.915,0,25,O,B,Routine,0
1621,69,26,93.01,37.71,53.92,95.73,807,3.833,0,43,O,O,Urgent,1
1622,49,57,54.07,73.33,76.26,60.62,176,6.133,6,8,AB,B,Normal,0
1623,49,47,85.13,63.69,65.56,47.52,127,8.984,0,2,O,B,Critical,1
1624,63,52,89.52,60.83,19.87,70.83,791,3.901,2,11,B,A,Critical,1
1625,39,68,26.92,83.49,52.66,68.0,48,5.705,3,29,AB,O,Urgent,0
1626,57,51,65.24,10.62,22.54,69.38,363,7.806,7,6,A,O,Normal,0
1627,26,,99.19,56.62,65.4,97.14,403,3.778,1,22,O,B,Normal,1
1628,54,39,65.79,42.69,21.99,61.44,378,8.359,7,15,A,A,Urgent,1
1629,28,40,27.94,21.4,59.75,73.36,781,5.137,1,12,AB,O,Normal,0
1630,56,46,44.56,68.81,21.12,81.99,371,8.081,3,10,B,O,Urgent,0
1631,34,60,45.97,87.72,91.49,62.69,448,4.008,0,26,A,B,Urgent,0
1632,54,68,43.21,91.93,76.36,82.16,226,4.957,4,14,B,AB,Urgent,0
1633,36,68,35.02,29.8,58.0,82.71,358,1.639,2,32,O,O,Normal,0
1634,52,36,62.98,94.49,68.28,52.39,477,3.838,2,16,A,A,Normal,0
1635,32,30,41.26,58.1,60.32,54.49,778,2.505,1,2,A,B,Urgent,0
1636,64,51,79.76,71.59,40.31,63.36,43,3.087,3,13,O,O,Routine,0
1637,44,56,71.08,80.23,81.42,61.07,878,4.653,0,12,O,A,Normal,0
1638,20,37,38.12,62.28,14.26,64.91,927,5.307,0,17,O,O,Critical,1
1639,43,52,95.25,29.87,59.39,80.62,179,5.462,0,9,A,A,Urgent,1
1640,29,49,94.42,66.73,95.05,89.37,989,3.959,3,20,O,O,Critical,0
1641,54,76,62.39,29.6,59.73,91.84,99,8.503,2,22,O,A,Critical,1
1642,63,57,86.32,58.73,21.57,50.02,439,5.187,0,6,O,A,Normal,1
1643,56,29,85.51,67.39,66.05,95.61,448,2.349,1,27,B,A,Normal,0
1644,53,22,30.1,24.97,52.71,71.04,231,5.581,0,31,AB,O,Normal,0
1645,58,36,72.94,27.19,9.91,70.71,407,3.941,0,22,O,O,Normal,1
1646,52,30,69.67,12.11,33.87,69.34,374,5.163,1,22,B,O,Urgent,1
1647,42,26,46.74,69.15,72.62,90.07,493,7.291,0,16,B,A,Normal,0
1648,31,68,77.49,61.14,40.72,70.83,532,5.464,0,37,AB,A,Urgent,0
1649,40,65,27.13,15.24,25.96,73.88,459,3.049,2,25,O,A,Urgent,1
1650,35,38,85.2,23.31,31.84,67.92,481,7.175,1,3,B,O,Urgent,0
1651,66,48,26.42,7.14,21.77,55.71,946,9.222,1,18,B,A,Normal,0
1652,51,39,38.42,89.75,52.66,59.96,310,4.007,0,12,O,A,Urgent,0
1653,51,23,48.76,77.28,70.19,76.45,397,5.795,0,28,O,A,Normal,0
1654,65,43,83.62,34.34,30.48,67.28,995,9.123,2,22,B,A,Normal,1
1655,31,24,25.3,34.14,27.04,52.37,426,6.691,1,7,O,B,Normal,0
1656,56,45,90.02,38.17,50.16,56.25,584,2.226,6,11,A,O,Normal,0
1657,44,73,32.25,0.71,67.97,71.0,671,2.182,0,29,B,O,Normal,0
1658,65,21,87.34,98.12,62.32,75.02,263,9.311,1,44,O,O,Urgent,0
1659,22,71,32.65,6.74,57.3,66.54,835,1.255,3,49,O,O,Urgent,0
1660,40,18,53.82,5.8,95.2,66.2,732,5.304,5,22,O,O,Normal,0
1661,59,69,75.97,13.57,58.17,55.86,181,2.912,2,10,O,A,Urgent,1
1662,19,67,72.13,98.73,73.36,45.13,191,4.486,0,48,B,A,Normal,0
1663,31,44,86.08,5.43,27.55,92.24,935,4.506,2,13,B,A,Critical,0
1664,42,28,37.83,47.69,45.17,50.9,883,3.189,3,14,O,O,Critical,1
1665,59,75,48.3,37.82,59.82,51.71,846,2.953,0,16,O,O,Urgent,1
1666,51,41,86.41,73.02,20.1,72.35,233,8.96,1,10,A,AB,Urgent,1
1667,69,75,77.58,54.51,57.02,68.35,171,11.325,1,6,A,A,Normal,0
1668,67,71,49.55,76.83,37.87,90.9,832,8.537,7,4,O,B,Normal,1
1669,32,75,71.07,12.22,1.18,47.49,534,2.127,4,43,O,B,Normal,1
1670,50,42,64.81,39.67,82.99,77.1,661,8.013,0,8,A,B,Urgent,0
1671,68,76,96.41,50.0,40.83,51.77,932,2.723,1,8,A,A,Normal,1
1672,23,50,44.76,78.6,36.92,70.5,18,2.493,0,27,B,O,Critical,0
1673,57,66,84.37,90.78,39.94,79.17,655,0.5,3,9,A,A,Normal,0
1674,61,29,91.5,8.88,15.63,69.26,815,1.629,1,32,A,A,Routine,1
1675,41,53,25.85,6.05,44.18,80.58,676,2.758,1,12,A,B,Normal,1
1676,44,51,38.62,83.03,84.41,90.9,618,9.154,1,7,AB,A,Normal,0
1677,56,62,31.9,66.46,27.28,81.39,838,4.185,0,6,B,O,Normal,0
1678,67,50,58.79,84.12,18.35,96.16,245,5.583,1,17,B,A,Normal,0
1679,33,34,36.94,65.7,42.0,82.14,18,3.708,3,1,O,O,Normal,0
1680,55,65,69.61,96.41,65.88,66.51,364,11.059,0,10,B,B,Urgent,1
1681,52,52,67.72,54.26,29.44,88.25,153,0.5,4,0,O,O,Urgent,1
1682,23,57,99.03,29.16,89.67,51.82,978,6.723,2,34,AB,B,Normal,0
1683,37,57,62.38,48.62,11.76,67.87,44,4.715,0,20,B,O,Normal,1
1684,44,57,65.61,32.39,6.39,46.1,408,6.018,0,13,AB,O,Normal,1
1685,27,62,78.23,75.85,55.78,52.32,142,5.171,0,35,O,A,Routine,0
1686,66,68,36.57,59.07,59.27,82.8,122,5.657,0,2,A,B,Urgent,0
1687,62,18,65.79,12.97,18.63,98.5,453,9.678,0,44,O,B,Normal,1
1688,40,18,62.33,86.55,25.39,52.91,46,4.795,1,22,A,A,Critical,1
1689,35,58,82.68,38.83,59.7,65.44,903,4.819,1,23,B,B,Normal,1
1690,44,48,34.46,19.08,11.07,69.33,148,5.472,4,4,O,O,Normal,1
1691,30,33,30.79,1.72,31.64,72.14,666,7.948,3,3,O,O,Critical,1
1692,39,25,36.5,23.51,10.73,96.67,38,5.821,0,14,O,A,Normal,0
1693,23,64,80.85,7.42,36.29,88.38,323,5.267,0,41,B,B,Critical,1
1694,23,20,83.11,72.89,97.84,79.77,99,5.648,1,3,A,A,Urgent,0
1695,40,58,83.72,66.93,95.86,95.33,837,8.42,0,18,O,O,Critical,0
1696,33,49,42.11,25.16,92.96,83.43,314,6.618,0,16,O,O,Normal,1
1697,45,27,73.11,58.78,56.15,53.62,165,6.606,0,18,B,A,Normal,0
1698,59,49,88.1,16.06,40.66,68.82,234,7.968,1,10,O,A,Urgent,1
1699,39,41,33.13,65.56,24.84,46.29,46,6.544,8,2,B,A,Routine,0
1700,37,76,56.79,22.08,2.0,70.88,11,5.243,1,39,B,A,Urgent,0
1701,38,18,65.46,47.31,95.12,56.15,649,3.571,0,20,A,B,Urgent,0
1702,67,33,50.73,92.16,20.09,95.78,937,2.441,2,34,O,O,Urgent,1
1703,49,27,65.09,8.33,61.29,81.68,526,2.101,1,22,O,O,Urgent,1
1704,24,58,34.41,65.63,38.47,68.15,446,4.518,0,34,O,A,Critical,0
1705,36,36,42.18,63.37,73.38,76.77,852,6.719,1,0,B,O,Urgent,0
1706,27,20,49.42,23.45,21.64,77.81,847,2.234,7,7,B,O,Normal,0
1707,59,53,99.77,89.32,79.12,47.0,781,5.816,3,6,O,A,Urgent,1
1708,66,21,44.56,62.97,42.76,52.75,401,5.964,0,45,A,O,Urgent,0
1709,38,19,96.25,53.5,8.85,92.1,420,6.833,3,19,A,B,Normal,1
1710,26,60,45.43,58.42,34.37,82.33,197,5.982,3,34,O,A,Urgent,0
1711,34,27,55.31,60.38,24.57,65.69,19,6.068,1,7,B,A,Urgent,0
1712,44,63,76.29,12.48,54.53,,314,2.179,3,19,A,O,Normal,0
1713,37,65,31.78,38.55,18.24,61.51,417,5.197,1,28,A,O,Urgent,0
1714,56,19,66.55,53.21,4.98,62.44,860,2.705,1,37,O,O,Urgent,1
1715,63,42,69.89,83.67,73.44,59.81,371,4.683,2,21,A,O,Urgent,0
1716,34,55,73.39,43.2,58.95,99.25,361,2.254,1,21,B,B,Urgent,1
1717,61,72,62.25,39.66,25.69,95.74,651,4.151,0,11,B,A,Urgent,0
1718,49,70,82.27,11.32,50.2,53.62,574,9.765,0,21,O,O,Urgent,1
1719,67,27,51.81,70.88,59.93,72.55,629,4.159,0,40,O,A,Urgent,1
1720,48,26,82.31,59.32,70.79,85.45,14,7.449,0,22,B,A,Urgent,0
1721,21,57,89.22,25.62,71.43,80.1,135,2.456,0,36,B,O,Normal,0
1722,39,58,32.69,41.36,18.99,66.07,456,4.498,2,19,B,B,Routine,1
1723,67,61,66.49,6.02,75.02,93.42,478,3.446,2,6,O,A,Critical,1
1724,52,74,64.3,4.52,14.54,50.04,523,9.327,2,22,B,A,Routine,1
1725,43,47,95.24,51.78,73.19,65.2,864,5.523,0,4,O,B,Urgent,1
1726,57,41,45.45,49.05,7.43,55.25,375,3.351,0,16,B,A,Critical,0
1727,48,27,28.88,34.37,86.8,81.84,866,,4,21,O,A,Routine,0
1728,56,65,80.87,41.82,42.89,61.9,685,5.872,0,9,B,AB,Normal,1
1729,64,42,33.04,12.9,53.74,94.89,926,8.293,3,22,B,B,Critical,1
1730,24,33,48.28,80.64,75.05,78.5,795,9.008,0,9,O,O,Urgent,0
1731,54,65,90.45,44.25,32.55,48.19,487,6.309,0,11,O,O,Urgent,1
1732,65,34,29.99,3.85,78.52,85.69,,7.493,0,31,O,AB,Normal,1
1733,44,73,30.19,47.82,74.87,68.14,572,8.201,0,29,O,O,Critical,0
1734,42,61,89.38,35.82,43.06,60.77,398,5.07,8,19,AB,O,Urgent,0
1735,38,58,57.24,8.9,22.96,83.78,668,9.338,0,20,B,A,Urgent,1
1736,26,35,44.36,55.84,19.78,79.56,322,4.698,2,9,B,O,Critical,0
1737,55,56,29.24,51.13,73.38,52.3,255,2.163,2,1,O,B,Urgent,0
1738,36,57,53.69,89.43,1.67,63.52,610,5.343,3,21,B,A,Urgent,0
1739,42,27,27.91,49.97,96.0,88.3,126,5.369,5,15,B,B,Routine,0
1740,40,22,56.93,60.2,34.91,53.97,799,7.552,2,18,O,AB,Urgent,1
1741,39,73,54.87,49.39,74.15,57.22,346,3.802,0,34,AB,O,Critical,0
1742,62,32,41.68,84.55,7.18,90.8,4,6.418,0,30,A,B,Normal,0
1743,31,20,45.07,36.13,37.68,59.62,786,6.37,2,11,A,B,Urgent,0
1744,55,65,50.55,51.22,49.91,46.51,917,1.651,0,10,B,A,Normal,0
1745,21,39,69.99,32.58,33.33,63.08,396,2.718,2,18,B,B,Normal,0
1746,27,54,98.37,60.87,7.82,74.61,829,6.808,0,27,O,B,Urgent,1
1747,23,31,53.46,69.44,17.38,77.28,304,6.49,6,8,A,A,Urgent,0
1748,69,68,49.57,28.14,60.25,73.15,182,4.178,1,1,O,O,Urgent,1
1749,31,65,52.35,1.94,25.05,86.52,638,2.506,3,34,O,B,Normal,1
1750,57,71,60.32,43.44,38.87,79.69,381,4.454,1,14,A,B,Normal,0
1751,31,30,39.7,48.0,77.07,72.04,206,7.652,0,1,O,B,Normal,0
1752,29,51,49.24,10.03,89.91,62.28,242,6.607,0,22,O,O,Routine,0
1753,65,69,31.1,4.42,6.49,66.72,87,0.83,0,4,O,O,Normal,1
1754,66,23,62.28,71.0,88.64,77.99,919,5.596,4,43,O,O,Critical,0
1755,52,,62.11,43.68,0.56,64.74,820,8.008,0,16,O,O,Urgent,1
1756,38,63,59.01,28.14,62.38,47.86,617,6.711,0,25,O,O,Normal,1
1757,49,50,33.55,16.54,48.63,64.62,926,5.803,0,1,O,A,Normal,1
1758,42,45,61.89,71.09,87.35,52.12,705,9.996,1,3,O,O,Normal,0
1759,36,42,79.64,29.34,55.46,67.15,888,7.748,1,6,B,A,Normal,0
1760,40,64,82.76,21.95,82.79,72.52,457,8.286,0,24,A,A,Urgent,1
1761,32,69,30.96,57.82,73.6,64.53,452,5.806,8,37,A,O,Critical,0
1762,27,19,60.2,27.1,73.98,99.15,676,7.852,1,8,B,O,Routine,0
1763,55,47,49.03,72.32,98.0,70.66,778,6.108,0,8,O,O,Urgent,0
1764,19,62,96.88,28.7,13.4,66.6,430,8.055,0,43,O,A,Normal,1
1765,66,65,31.39,11.56,23.67,57.59,6,6.228,2,1,B,A,Critical,1
1766,35,69,81.0,70.4,11.13,80.09,31,5.518,0,34,O,O,Urgent,1
1767,33,32,65.12,4.21,45.6,48.9,854,4.932,4,1,O,O,Normal,1
1768,29,43,38.18,30.09,23.35,47.38,933,8.277,1,14,O,B,Normal,1
1769,50,37,48.75,27.07,88.97,54.4,664,2.377,1,13,O,A,Critical,1
1770,35,36,83.74,91.4,6.58,79.52,492,6.971,0,1,A,A,Urgent,0
1771,43,54,49.27,20.96,50.43,51.91,909,8.52,1,11,O,B,Normal,0
1772,21,76,86.35,44.17,30.79,47.77,769,6.799,2,55,O,O,Routine,1
1773,26,20,47.5,6.83,64.3,56.93,734,4.496,1,6,O,O,Urgent,0
1774,65,27,77.22,9.75,74.43,61.18,833,5.539,0,38,B,A,Critical,0
1775,27,56,58.29,31.76,68.04,52.27,654,4.653,0,29,A,O,Critical,0
1776,33,26,68.13,16.9,18.56,92.63,658,6.16,2,7,B,O,Critical,0
1777,26,40,25.18,98.9,51.99,90.01,673,3.959,1,14,A,O,Urgent,0
1778,41,48,96.56,7.25,47.89,85.28,762,4.581,2,7,AB,O,Urgent,0
1779,36,64,27.54,66.29,94.25,55.81,706,7.035,4,28,A,B,Critical,0
1780,56,31,89.81,88.37,45.15,78.29,941,8.102,0,25,O,A,Urgent,0
1781,64,18,37.5,80.96,57.54,77.7,299,9.306,0,46,A,A,Normal,0
1782,21,28,32.06,84.47,73.51,94.02,78,6.663,5,7,O,B,Urgent,0
1783,58,44,70.1,48.63,8.35,79.3,357,8.287,1,14,A,B,Critical,0
1784,38,36,75.23,9.39,39.35,92.67,866,,0,2,A,A,Normal,1
1785,18,25,82.56,68.3,74.78,72.62,400,6.641,6,7,O,A,Urgent,0
1786,19,68,92.69,80.63,22.63,88.07,135,7.328,1,49,B,O,Urgent,0
1787,39,48,89.12,92.88,52.03,81.83,321,3.372,1,9,O,O,Normal,1
1788,61,62,63.02,42.47,64.57,50.37,875,5.482,3,1,A,O,Urgent,0
1789,35,48,64.88,21.79,51.31,95.5,98,2.062,8,13,B,A,Urgent,0
1790,46,53,89.99,23.36,81.38,63.74,323,4.329,0,7,O,A,Critical,1
1791,43,73,58.98,5.16,56.58,79.37,703,5.622,0,30,A,A,Normal,1
1792,67,19,74.48,63.28,50.92,67.12,809,6.488,6,48,A,O,Normal,0
1793,36,31,33.85,54.39,70.33,94.8,45,5.889,2,5,O,O,Urgent,1
1794,34,67,47.01,80.77,74.04,50.65,705,7.397,1,33,O,A,Normal,0
1795,46,32,29.98,41.17,9.46,64.78,665,3.735,1,14,O,O,Routine,1
1796,66,69,26.72,84.24,17.75,85.98,927,6.002,0,3,A,A,Routine,1
1797,57,70,70.44,87.45,4.06,92.54,577,6.928,2,13,O,B,Normal,0
1798,29,68,60.95,59.93,16.21,53.47,314,5.066,0,39,O,O,Routine,1
1799,21,38,76.81,16.1,56.2,61.15,811,5.816,0,17,A,AB,Critical,1
1800,46,32,58.02,42.62,17.92,65.55,207,3.74,0,14,A,O,Urgent,0
1801,30,59,95.54,48.98,95.12,82.8,779,9.327,5,29,O,B,Urgent,0
1802,38,77,29.52,78.23,33.89,50.25,702,6.88,1,39,O,A,Routine,0
1803,46,52,51.7,69.15,84.77,45.58,894,4.587,0,6,O,O,Normal,1
1804,48,38,87.02,18.84,97.92,57.97,936,2.733,2,10,B,O,Normal,0
1805,49,18,79.53,96.97,2.33,80.31,667,0.5,0,31,B,O,Urgent,0
1806,23,70,78.18,31.52,80.16,50.39,746,3.398,0,47,O,O,Urgent,1
1807,31,67,59.44,41.6,68.56,85.56,369,6.42,1,36,O,A,Normal,0
1808,36,77,77.1,94.96,9.76,83.25,877,2.5,0,41,A,A,Routine,1
1809,68,24,62.73,22.55,,57.95,524,5.113,6,44,B,O,Urgent,0
1810,67,48,66.15,11.48,12.81,94.62,577,0.926,2,19,B,O,Critical,0
1811,59,68,86.77,36.86,45.02,66.47,557,5.54,0,9,O,A,Urgent,1
1812,49,45,90.55,79.35,35.15,66.72,625,6.731,1,4,O,A,Normal,1
1813,56,25,93.33,34.63,46.85,95.03,486,5.129,0,31,B,O,Normal,1
1814,22,51,91.22,61.16,9.73,62.64,714,3.986,0,29,O,B,Urgent,1
1815,65,37,86.16,66.73,,82.72,465,7.438,0,28,A,O,Normal,0
1816,66,57,62.5,99.6,28.8,84.58,262,5.933,2,9,O,B,Urgent,0
1817,19,36,92.32,71.62,85.87,56.54,824,6.374,0,17,O,AB,Critical,1
1818,27,54,47.54,9.8,32.62,45.6,732,6.819,1,27,A,B,Routine,0
1819,68,64,61.86,59.53,63.99,46.01,,4.13,7,4,B,B,Urgent,0
1820,41,54,58.95,57.53,27.35,87.64,70,3.269,3,13,A,O,Normal,0
1821,22,24,94.36,57.73,90.47,98.72,912,5.972,0,2,O,A,Urgent,1
1822,23,61,36.47,80.56,79.35,96.27,212,4.56,0,38,A,O,Normal,0
1823,27,32,38.12,90.18,65.18,78.08,860,5.175,6,5,O,O,Urgent,1
1824,59,74,48.36,77.04,23.14,83.56,962,5.848,1,15,O,O,Normal,0
1825,32,71,45.88,92.11,0.69,81.58,467,7.14,4,39,O,B,Normal,0
1826,49,64,87.77,5.67,1.4,98.0,691,2.608,2,15,O,A,Critical,1
1827,18,29,30.66,29.77,57.19,75.72,170,2.193,0,11,O,O,Critical,0
1828,18,62,53.64,45.88,72.05,55.34,929,6.126,1,44,O,A,Normal,0
1829,20,21,74.49,24.66,91.34,89.28,948,5.439,0,1,O,O,Critical,1
1830,58,33,29.37,20.35,31.03,47.38,856,4.003,2,25,B,O,Normal,0
1831,49,39,75.28,82.13,58.82,83.7,617,3.9,1,10,O,AB,Normal,1
1832,37,73,34.03,73.83,27.92,80.84,245,3.359,0,36,B,B,Critical,0
1833,24,41,77.77,6.05,13.05,78.16,467,7.92,3,17,AB,B,Normal,0
1834,43,51,95.75,76.09,21.37,56.84,193,4.32,0,8,O,B,Routine,0
1835,69,76,71.12,29.65,93.94,95.72,603,5.449,0,7,O,O,Urgent,1
1836,53,34,64.88,80.83,15.44,55.53,156,8.127,0,19,O,A,Urgent,0
1837,57,62,51.93,30.43,62.32,71.81,421,4.291,0,5,O,B,Normal,1
1838,26,62,78.33,1.64,58.85,99.13,505,6.702,0,36,A,O,Normal,1
1839,47,22,60.28,15.8,12.08,79.23,842,5.19,4,25,O,O,Critical,1
1840,18,56,39.06,52.97,99.5,83.48,328,6.435,0,38,O,O,Normal,0
1841,31,43,87.7,64.58,67.0,79.15,704,4.121,2,12,O,O,Normal,1
1842,49,39,39.0,11.27,50.2,59.98,72,5.062,0,10,A,O,Urgent,0
1843,19,26,87.36,22.78,24.4,95.08,39,4.908,1,7,B,O,Routine,1
1844,65,50,72.47,80.68,38.01,89.42,485,8.064,0,15,O,A,Critical,1
1845,52,76,44.51,81.42,62.94,80.02,870,7.707,1,24,A,B,Normal,0
1846,53,38,90.12,55.58,96.54,84.0,968,8.054,0,15,B,A,Urgent,0
1847,59,22,68.73,14.06,39.51,63.31,755,0.5,8,37,O,O,Normal,1
1848,56,64,31.03,46.31,4.89,97.05,633,7.127,4,8,B,O,Normal,0
1849,58,23,73.71,3.64,47.59,79.01,297,8.013,3,35,O,AB,Normal,1
1850,65,60,87.99,25.36,83.64,49.08,549,7.825,0,5,B,B,Normal,1
1851,35,64,99.06,20.4,40.2,55.69,86,6.031,0,29,O,B,Normal,0
1852,25,19,68.09,66.49,80.3,78.66,20,5.308,0,6,AB,A,Normal,0
1853,22,22,60.03,4.16,78.52,81.92,835,3.704,1,0,O,O,Urgent,1
1854,47,44,37.06,93.56,31.14,80.84,533,4.407,5,3,O,A,Routine,0
1855,60,55,81.11,8.5,72.71,87.34,85,3.163,6,5,B,B,Normal,1
1856,58,54,80.65,57.04,93.62,62.9,377,6.713,0,4,B,O,Normal,0
1857,27,47,55.4,26.55,45.36,87.74,20,2.284,1,20,A,O,Normal,0
1858,55,70,54.38,49.49,3.18,67.84,481,6.588,1,15,B,O,Urgent,1
1859,27,48,99.98,8.3,25.97,52.87,337,2.015,0,21,O,A,Normal,1
1860,45,63,64.9,71.88,88.55,95.07,271,3.909,0,18,AB,B,Urgent,0
1861,57,31,73.88,19.38,49.97,61.15,489,2.837,0,26,A,O,Urgent,1
1862,43,38,48.48,21.22,18.33,90.65,694,4.024,0,5,O,O,Urgent,1
1863,23,46,64.38,55.84,39.17,92.53,700,9.538,7,,A,O,Urgent,0
1864,40,52,85.46,33.37,71.82,72.73,70,2.758,0,12,B,A,Critical,1
1865,27,19,72.87,55.41,12.75,93.7,957,5.574,0,8,AB,A,Critical,1
1866,21,74,82.39,58.59,0.6,49.9,613,8.702,0,,O,A,Normal,1
1867,39,61,80.8,34.33,42.39,95.26,87,0.5,3,22,B,A,Urgent,0
1868,35,76,32.81,37.63,3.91,88.97,433,1.569,6,41,O,B,Routine,0
1869,47,,64.26,42.86,47.15,95.59,885,3.182,0,29,B,O,Urgent,0
1870,50,29,31.2,45.95,97.35,56.66,567,4.376,4,21,O,O,Urgent,0
1871,52,36,92.2,66.31,85.63,83.17,674,5.348,0,16,A,A,Urgent,1
1872,44,25,30.74,27.6,25.77,99.68,266,7.591,1,19,O,B,Urgent,0
1873,57,31,82.62,44.57,81.96,61.92,113,5.821,1,26,O,B,Normal,0
1874,33,62,77.25,41.03,27.81,45.56,496,8.116,2,29,O,B,Routine,0
1875,50,43,96.95,51.51,44.01,89.76,527,5.33,1,7,O,O,Normal,1
1876,19,35,88.81,70.71,58.12,66.99,986,3.408,2,16,A,B,Normal,0
1877,36,24,41.06,36.22,36.36,77.75,891,5.828,2,12,O,B,Normal,1
1878,19,76,75.55,25.07,78.51,57.48,674,5.049,0,57,B,B,Normal,1
1879,65,34,31.8,1.91,80.05,77.34,430,7.228,3,31,B,B,Normal,0
1880,31,48,50.48,0.77,64.59,54.37,737,3.717,0,17,O,A,Routine,1
1881,67,68,25.72,84.15,40.72,47.81,395,3.785,0,1,B,B,Urgent,0
1882,41,35,39.9,37.16,55.48,78.05,880,3.354,3,6,B,O,Routine,0
1883,36,44,63.23,0.64,12.16,49.68,8,5.22,0,8,B,O,Normal,1
1884,21,53,83.46,82.06,51.07,47.56,839,7.679,1,32,O,O,Urgent,1
1885,30,18,51.44,13.61,42.35,83.29,787,1.716,0,12,O,O,Critical,0
1886,68,76,26.82,92.05,7.39,46.66,477,5.479,4,8,O,O,Normal,1
1887,51,27,73.76,87.44,55.62,53.62,249,5.406,1,24,B,A,Routine,0
1888,31,35,27.06,68.23,20.24,46.58,363,5.735,1,4,O,B,Urgent,0
1889,42,73,36.45,86.83,6.06,98.3,859,4.466,2,31,O,O,Urgent,1
1890,60,46,80.98,97.73,11.87,92.03,797,3.9,2,14,A,O,Normal,0
1891,59,49,92.63,30.82,76.98,89.14,563,4.288,2,10,O,B,Urgent,1
1892,62,46,99.96,10.05,23.74,86.59,135,10.081,0,16,B,B,Critical,1
1893,30,52,30.79,81.89,29.63,87.51,860,7.03,1,22,O,A,Normal,0
1894,51,20,33.23,11.37,9.65,80.57,46,4.774,2,31,O,O,Urgent,0
1895,30,68,43.39,65.17,85.53,,232,5.449,3,38,B,A,Urgent,0
1896,18,53,27.06,18.56,40.83,45.03,489,5.707,2,35,O,O,Urgent,0
1897,32,37,28.45,93.04,80.97,57.42,566,3.453,1,5,O,A,Urgent,0
1898,36,60,38.55,79.39,83.04,58.77,822,6.161,3,24,A,O,Normal,0
1899,26,54,64.8,27.07,86.63,82.24,946,5.757,0,28,O,O,Normal,1
1900,35,74,97.03,45.97,87.7,97.84,79,7.798,1,39,O,O,Critical,1
1901,20,40,28.79,49.63,95.05,93.81,877,7.82,3,20,A,A,Urgent,1
1902,57,52,50.01,34.54,62.29,57.82,57,5.313,0,5,A,O,Urgent,0
1903,56,51,93.58,46.12,59.61,94.94,839,7.559,4,5,O,A,Urgent,0
1904,63,45,69.13,50.21,51.28,79.85,416,5.55,1,18,A,B,Critical,0
1905,38,29,97.88,69.14,5.35,69.94,996,6.85,2,9,B,B,Normal,1
1906,30,19,80.24,75.99,83.95,77.05,782,0.5,2,11,O,O,Urgent,1
1907,28,20,65.39,54.73,20.13,70.5,728,8.424,0,8,B,O,Critical,0
1908,37,21,30.6,12.02,91.97,80.4,661,5.039,2,16,A,O,Routine,0
1909,68,38,32.93,48.77,7.74,97.15,324,8.711,3,30,B,B,Critical,0
1910,24,39,70.07,89.12,13.98,61.67,699,5.607,3,15,A,O,Urgent,0
1911,69,32,53.96,37.37,28.66,88.16,270,7.876,0,37,O,O,Critical,1
1912,48,56,69.26,15.12,0.72,63.48,899,3.628,1,8,O,B,Normal,1
1913,66,27,84.44,98.05,23.57,59.23,922,6.211,4,39,O,O,Urgent,0
1914,48,77,54.39,33.37,26.5,69.48,965,6.963,3,29,A,AB,Normal,1
1915,68,43,71.19,96.04,95.66,76.5,165,3.198,2,25,O,A,Normal,0
1916,61,31,26.09,8.63,91.58,53.21,158,4.677,3,30,O,O,Routine,0
1917,44,29,69.17,3.69,0.33,62.24,624,4.306,2,15,O,O,Normal,1
1918,23,36,34.93,98.79,70.84,94.73,894,4.325,2,13,O,O,Routine,1
1919,29,74,89.71,89.11,16.52,90.22,523,5.459,4,45,AB,O,Critical,0
1920,19,38,25.12,11.94,58.59,54.1,203,4.2,3,19,O,O,Urgent,1
1921,64,53,27.03,59.93,60.2,88.94,391,6.518,0,11,B,B,Urgent,0
1922,34,29,73.06,37.48,37.72,80.25,289,6.681,1,5,O,O,Urgent,0
1923,37,30,46.67,2.6,87.97,86.34,965,4.566,2,7,B,B,Normal,1
1924,38,75,80.25,92.78,71.45,56.47,896,4.719,0,37,B,B,Urgent,0
1925,31,76,88.51,91.6,78.64,84.2,537,6.844,0,45,A,B,Routine,0
1926,39,75,83.97,0.3,6.77,66.89,604,4.796,0,36,O,O,Normal,1
1927,20,62,92.28,38.66,65.37,49.8,398,1.483,0,42,A,B,Urgent,1
1928,39,44,55.09,38.77,54.66,71.17,651,3.406,1,5,O,O,Urgent,1
1929,52,28,99.13,12.11,46.31,70.57,462,5.085,3,24,A,O,Normal,1
1930,19,46,67.13,95.15,24.41,45.57,175,2.288,0,27,O,O,Urgent,0
1931,39,28,84.26,59.78,58.85,76.41,526,4.087,1,11,A,B,Normal,0
1932,55,60,55.12,47.44,34.04,97.6,861,6.46,0,5,A,O,Urgent,1
1933,38,21,67.52,72.58,40.96,83.1,941,4.865,0,17,O,A,Routine,1
1934,20,74,82.62,17.11,0.76,70.47,448,0.762,5,54,A,A,Urgent,0
1935,57,62,86.24,84.5,56.68,68.2,717,5.587,1,5,O,B,Urgent,1
1936,50,68,89.23,85.14,52.93,65.11,902,4.728,0,18,O,A,Critical,1
1937,35,68,93.18,41.57,73.08,54.55,962,8.455,3,33,A,A,Critical,1
1938,53,47,82.93,1.26,24.86,64.09,200,4.613,4,6,A,O,Critical,1
1939,57,25,94.3,67.9,37.85,88.88,314,,0,32,O,O,Critical,1
1940,39,73,49.2,67.42,42.15,78.22,165,0.5,5,34,A,A,Critical,1
1941,34,40,34.41,41.63,46.19,79.77,558,2.008,2,6,O,A,Urgent,1
1942,37,48,52.46,64.14,47.17,58.25,991,8.895,0,11,B,B,Normal,0
1943,67,50,59.13,,56.24,88.16,297,,0,17,O,O,Normal,0
1944,55,43,55.51,5.97,51.92,88.14,130,4.928,1,12,B,A,Normal,0
1945,60,44,42.65,42.04,82.57,77.43,694,8.075,3,16,A,A,Urgent,0
1946,62,76,51.3,99.07,89.79,99.23,280,7.281,0,14,O,B,Critical,0
1947,29,19,26.69,41.63,44.07,77.6,547,4.695,0,10,B,B,Normal,0
1948,52,21,91.33,6.02,21.94,72.37,778,6.628,1,31,A,O,Urgent,0
1949,50,72,50.08,79.65,50.72,88.48,190,4.884,3,22,O,AB,Normal,0
1950,54,73,26.51,30.27,88.08,85.25,433,5.811,0,19,O,B,Urgent,0
1951,30,31,46.42,32.71,80.75,51.66,687,7.316,0,1,O,A,Critical,1
1952,24,25,69.42,93.11,84.15,98.47,89,0.5,1,1,O,O,Critical,1
1953,61,72,79.89,3.35,7.66,86.86,309,6.963,0,11,O,A,Urgent,1
1954,57,34,71.79,82.78,63.19,49.88,780,5.536,1,23,B,B,Routine,0
1955,49,67,29.59,87.5,48.65,66.48,567,2.858,1,18,O,O,Routine,0
1956,33,60,53.05,57.66,24.71,51.95,365,5.235,3,27,O,O,Normal,0
1957,27,77,92.8,55.63,20.84,79.94,103,8.443,0,50,A,O,Urgent,0
1958,45,57,44.35,18.57,62.43,51.49,481,6.814,0,12,O,A,Normal,0
1959,23,36,98.73,88.8,87.66,91.09,450,3.503,3,13,O,O,Urgent,0
1960,57,50,56.45,27.84,79.34,77.25,302,6.094,5,7,O,A,Normal,1
1961,44,52,40.9,1.49,12.67,78.52,735,6.129,0,8,O,A,Normal,1
1962,24,69,62.05,82.72,32.59,85.99,179,3.595,2,45,O,A,Normal,0
1963,57,40,89.37,62.69,90.85,84.99,879,,1,17,O,O,Critical,1
1964,22,60,66.59,94.13,47.69,83.1,733,4.938,1,38,AB,O,Urgent,0
1965,29,61,95.99,58.96,8.96,64.82,14,4.398,5,32,O,A,Normal,1
1966,50,36,44.52,15.55,61.81,75.87,266,5.512,1,14,B,O,Normal,0
1967,38,45,76.82,63.67,29.14,81.15,968,5.671,0,7,O,O,Critical,1
1968,67,61,36.07,49.56,22.52,70.82,738,4.326,1,6,A,A,Urgent,1
1969,49,55,36.2,72.75,34.55,67.97,514,9.839,0,6,AB,O,Normal,0
1970,50,67,71.02,50.98,3.43,85.22,499,5.743,0,17,O,O,Normal,1
1971,42,76,46.31,6.5,44.03,56.7,175,5.645,0,34,O,O,Routine,0
1972,69,63,42.8,43.34,6.23,94.89,850,3.269,1,6,B,O,Critical,1
1973,26,35,63.5,37.39,7.68,79.23,915,2.528,0,9,B,A,Normal,1
1974,37,27,79.64,64.53,23.48,60.8,349,0.638,2,10,A,O,Urgent,0
1975,67,27,53.62,47.34,88.34,98.64,177,5.242,1,40,O,B,Urgent,0
1976,47,27,48.92,4.76,94.48,95.87,833,8.148,0,20,O,A,Normal,1
1977,21,47,82.73,62.92,77.67,90.09,583,5.406,4,26,O,O,Routine,0
1978,56,67,79.84,78.67,72.41,77.21,814,4.361,0,11,O,O,Urgent,1
1979,58,76,49.99,30.83,42.58,85.07,839,10.197,1,18,A,O,Normal,0
1980,26,28,,42.83,14.41,54.54,9,7.956,3,2,A,B,Routine,0
1981,49,59,79.05,16.44,22.4,58.64,37,5.303,2,10,O,O,Normal,1
1982,31,51,35.37,90.68,0.85,48.96,786,3.218,1,20,A,A,Normal,1
1983,34,77,67.24,65.74,17.7,77.56,524,3.018,2,43,B,O,Urgent,0
1984,,46,59.83,51.32,21.63,89.01,493,7.94,1,9,A,B,Normal,0
1985,64,18,34.89,99.56,47.63,82.54,356,4.514,6,46,O,O,Critical,0
1986,18,35,37.78,30.87,92.41,66.39,482,4.224,0,17,A,B,Routine,0
1987,55,58,87.03,50.53,2.61,56.24,174,6.678,4,3,B,A,Urgent,0
1988,30,68,45.63,45.37,71.66,54.48,966,2.287,0,38,B,A,Critical,0
1989,50,44,97.73,98.0,52.42,62.34,441,5.294,8,6,O,O,Urgent,1
1990,47,66,83.22,81.97,52.2,88.94,147,6.518,0,19,B,A,Normal,0
1991,38,71,99.32,2.78,96.29,99.24,163,3.005,2,33,O,A,Normal,0
1992,41,66,27.71,76.33,81.8,79.11,958,4.637,4,25,O,O,Normal,0
1993,25,30,84.81,51.14,72.15,91.39,799,10.765,2,5,B,B,Routine,1
1994,60,40,57.75,66.97,94.09,88.8,232,5.085,2,20,O,A,Urgent,0
1995,26,59,79.18,73.68,14.2,62.83,188,7.357,0,33,A,O,Normal,0
1996,40,60,80.08,93.44,76.44,73.31,295,4.709,1,20,O,A,Normal,0
1997,22,30,44.42,5.88,95.69,60.64,881,5.878,0,8,O,A,Critical,1
1998,34,57,61.27,2.93,34.84,65.62,927,,1,23,B,A,Normal,1
1999,24,36,77.1,57.77,75.88,64.54,141,3.681,3,12,A,O,Critical,0
2000,28,51,56.3,48.12,74.64,66.47,846,5.721,1,23,B,A,Normal,0
2001,39,71,40.27,56.35,96.8,52.73,31,4.442,2,,O,B,Routine,0
2002,37,69,49.84,45.02,7.32,91.83,52,5.113,3,32,O,O,Urgent,1
2003,50,29,25.04,5.37,58.41,82.27,481,4.469,1,21,O,AB,Critical,0
2004,43,68,52.8,80.55,8.03,65.31,910,4.323,0,25,O,O,Routine,1
2005,42,69,70.0,71.15,43.69,73.95,80,4.119,2,27,AB,A,Normal,0
2006,59,40,75.97,46.4,65.18,87.03,897,4.847,0,19,B,O,Normal,0
2007,31,41,93.68,83.93,35.37,77.29,905,4.453,1,10,A,O,Routine,0
2008,43,59,61.85,11.96,65.04,97.8,411,4.867,0,16,O,O,Urgent,1
2009,45,46,72.31,6.62,68.13,51.91,322,8.259,2,1,O,O,Urgent,0
2010,56,53,48.28,77.84,17.91,80.95,336,6.335,0,3,O,O,Critical,1
2011,28,62,65.78,31.22,10.2,50.28,735,4.122,2,34,B,O,Normal,0
2012,26,34,81.92,59.43,16.12,79.68,247,6.619,0,8,A,O,Normal,0
2013,25,43,42.58,20.81,5.64,51.65,355,6.168,3,18,AB,B,Normal,0
2014,38,53,82.58,21.17,77.54,61.55,432,1.025,0,15,O,B,Normal,1
2015,55,18,38.32,26.55,77.42,71.78,848,5.922,2,37,O,B,Routine,0
2016,33,46,45.17,85.2,36.53,50.64,538,3.352,1,13,O,B,Normal,0
2017,22,38,78.74,80.32,70.13,94.56,764,3.315,2,16,A,A,Normal,1
2018,67,18,95.26,43.17,5.12,54.56,90,5.411,1,49,A,A,Urgent,1
2019,30,72,71.53,73.4,96.23,69.63,719,3.467,5,42,O,O,Urgent,0
2020,69,28,54.23,54.06,93.46,73.68,771,5.428,4,41,O,O,Urgent,0
2021,20,59,49.52,32.77,13.33,80.74,798,4.746,0,39,A,A,Urgent,1
2022,29,68,34.64,89.73,35.61,67.51,695,5.055,0,39,A,A,Urgent,0
2023,57,64,60.0,66.51,58.13,71.92,378,3.972,0,7,A,AB,Normal,0
2024,18,63,65.6,90.63,52.02,46.83,86,4.975,2,45,O,A,Urgent,0
2025,20,34,32.21,91.87,98.15,45.91,557,5.401,1,14,O,A,Critical,0
2026,34,19,72.47,96.33,76.67,88.31,452,7.865,0,15,O,O,Normal,1
2027,52,31,94.83,95.41,81.26,46.59,797,7.047,1,21,B,O,Normal,0
2028,28,27,91.91,13.67,57.25,45.84,784,1.798,1,1,O,O,Critical,1
2029,31,59,70.47,40.64,74.46,54.31,983,4.046,3,28,O,A,Normal,0
2030,53,32,66.49,89.07,58.05,90.88,737,10.147,0,21,O,O,Urgent,1
2031,26,44,99.71,89.82,60.77,61.54,33,4.962,1,18,B,AB,Critical,1
2032,32,52,28.59,43.33,58.87,74.46,329,7.045,0,20,O,O,Normal,0
2033,19,33,75.54,69.57,18.28,66.48,461,6.776,7,14,O,A,Normal,0
2034,24,40,52.67,85.64,48.37,70.8,572,1.476,3,16,O,O,Critical,0
2035,22,38,69.25,95.5,0.97,73.88,413,0.64,2,16,A,B,Critical,1
2036,41,25,57.1,51.85,19.76,50.3,61,6.357,0,16,O,O,Urgent,1
2037,29,51,85.71,11.31,97.27,88.37,87,6.666,8,22,A,A,Urgent,1
2038,64,29,80.78,31.55,1.35,48.89,892,2.671,1,35,B,O,Routine,0
2039,65,72,64.9,28.42,79.23,80.1,45,6.368,2,7,A,A,Urgent,1
2040,34,67,90.52,7.8,80.85,86.65,507,1.592,2,33,AB,O,Critical,0
2041,39,48,55.96,69.28,73.03,83.55,943,7.87,0,9,B,O,Normal,0
2042,41,50,62.95,88.28,33.96,48.22,748,5.486,0,9,B,B,Critical,0
2043,37,61,87.67,71.34,33.44,67.1,288,2.757,1,24,A,A,Normal,0
2044,31,56,63.4,67.46,87.04,74.0,833,6.201,0,25,AB,AB,Urgent,0
2045,60,33,30.57,81.28,97.96,51.47,6,4.705,4,27,O,B,Routine,0
2046,23,56,35.86,5.3,93.32,67.22,466,6.375,2,33,O,O,Urgent,0
2047,59,68,67.69,49.59,95.91,95.79,58,4.482,2,9,A,O,Critical,0
2048,65,21,53.12,48.17,97.7,93.99,803,6.04,1,44,A,O,Normal,0
2049,31,62,71.0,95.3,88.85,76.25,119,6.367,0,31,B,O,Urgent,0
2050,42,28,64.91,16.2,90.37,99.73,241,3.274,1,14,B,B,Normal,0
2051,65,44,44.5,91.68,88.23,95.22,330,7.33,8,21,O,O,Normal,0
2052,42,56,42.96,6.76,77.91,95.61,919,6.737,0,14,B,B,Critical,1
2053,45,64,50.49,18.72,91.51,70.71,806,1.417,0,19,A,B,Routine,0
2054,35,30,,76.01,49.63,95.55,387,3.488,0,5,O,A,Urgent,1
2055,21,29,99.65,92.92,38.02,65.77,75,4.547,1,8,A,A,Normal,1
2056,51,70,53.99,89.21,32.57,59.05,583,9.45,4,19,O,A,Urgent,0
2057,53,44,38.15,91.72,8.27,63.54,40,2.776,3,9,AB,A,Critical,0
2058,63,55,50.81,42.11,54.39,97.29,133,6.014,1,8,A,A,Urgent,1
2059,20,19,48.06,90.95,65.83,51.74,717,2.231,2,1,O,B,Routine,0
2060,25,73,79.4,75.37,28.98,58.21,629,5.43,0,48,O,O,Urgent,0
2061,67,55,55.15,51.53,76.38,94.65,275,5.906,0,12,A,O,Urgent,0
2062,47,30,65.53,87.3,10.9,67.18,,6.595,0,17,A,O,Normal,0
2063,34,21,97.65,34.6,46.6,81.16,252,5.667,2,13,B,B,Normal,1
2064,47,29,78.01,87.22,23.02,98.85,739,6.993,3,18,O,O,Routine,0
2065,56,54,83.7,15.65,61.16,53.26,25,7.725,1,2,O,O,Urgent,1
2066,47,40,78.17,93.84,60.99,82.38,528,6.984,1,7,A,A,Critical,1
2067,63,67,87.06,92.0,2.55,97.53,8,10.76,0,4,O,A,Critical,1
2068,29,21,97.62,72.12,86.62,55.63,164,6.296,1,8,A,A,Routine,1
2069,58,26,60.73,89.11,27.98,88.11,177,7.339,5,32,O,O,Critical,1
2070,35,40,82.81,91.71,14.47,52.3,50,0.5,2,5,A,O,Routine,0
2071,61,57,81.7,11.02,53.23,52.77,519,5.335,0,4,B,A,Urgent,0
2072,50,51,70.69,72.14,0.79,85.78,320,3.847,0,1,O,A,Normal,1
2073,60,28,50.16,63.39,1.46,80.12,469,5.49,0,32,B,B,Critical,1
2074,21,20,50.09,23.66,69.68,58.01,120,3.191,0,1,A,B,Critical,0
2075,42,19,57.7,28.47,81.31,68.4,640,4.72,0,23,A,O,Urgent,0
2076,27,65,77.16,28.52,99.29,58.45,988,5.742,2,38,O,O,Urgent,1
2077,68,57,54.56,65.97,38.95,81.24,364,7.189,1,11,A,B,Urgent,0
2078,49,46,62.34,76.75,59.92,93.7,611,6.416,0,3,A,O,Normal,0
2079,68,53,70.89,50.67,10.78,89.44,93,6.571,2,15,A,A,Urgent,1
2080,42,63,48.32,86.66,88.4,59.39,175,2.802,1,21,O,B,Routine,0
2081,26,25,33.96,80.59,57.38,92.66,861,4.012,0,1,A,O,Normal,0
2082,53,39,75.15,56.15,44.66,62.54,933,7.813,2,14,A,B,Urgent,0
2083,27,21,47.95,3.25,87.43,77.94,242,0.5,0,6,O,B,Normal,0
2084,18,60,49.28,6.31,99.07,99.57,830,0.5,1,42,O,B,Normal,0
2085,38,59,37.38,59.13,74.97,99.07,720,9.011,0,21,O,O,Normal,0
2086,24,70,89.04,23.36,41.86,57.69,998,1.354,0,46,O,O,Normal,1
2087,30,75,25.39,82.02,96.2,66.94,317,5.419,6,45,A,A,Routine,0
2088,66,29,33.79,33.41,5.26,48.95,318,7.044,0,37,B,O,Normal,0
2089,32,52,80.56,49.52,80.97,69.82,650,9.075,3,20,O,B,Routine,1
2090,50,57,32.87,3.86,31.27,75.77,89,6.251,1,7,O,A,Normal,1
2091,26,47,85.71,71.4,38.78,74.28,740,7.952,4,21,O,A,Routine,1
2092,40,39,92.79,62.14,7.0,73.89,545,3.665,2,1,A,O,Normal,0
2093,29,33,79.24,87.54,34.56,80.74,661,4.496,1,4,O,A,Urgent,1
2094,21,69,94.89,83.57,95.24,94.34,829,4.754,0,48,O,O,Normal,0
2095,51,22,51.27,82.9,3.57,65.57,767,6.178,2,29,B,B,Urgent,1
2096,49,60,26.96,30.12,41.79,62.45,474,8.413,0,11,O,A,Urgent,0
2097,69,49,83.08,61.66,22.1,87.01,261,10.811,1,20,AB,B,Urgent,0
2098,65,39,52.28,1.82,48.14,84.44,33,6.083,0,26,O,O,Urgent,1
2099,46,,81.45,68.98,60.23,93.81,877,4.272,1,18,B,O,Critical,0
2100,55,50,98.39,26.83,86.98,93.96,247,4.349,1,5,O,A,Routine,1
2101,23,27,39.36,79.2,26.18,82.56,150,6.582,1,4,A,A,Urgent,0
2102,30,55,56.84,5.49,44.8,99.48,306,4.238,1,25,O,O,Urgent,1
2103,65,37,66.43,79.67,94.95,71.65,675,6.19,3,28,O,A,Urgent,0
2104,63,24,62.92,72.16,38.77,58.6,953,5.455,3,39,O,O,Urgent,0
2105,39,43,53.48,2.05,53.48,72.85,295,6.793,5,4,A,B,Urgent,0
2106,50,22,98.78,48.25,4.35,49.56,432,9.844,0,28,A,A,Normal,1
2107,63,77,92.65,38.92,4.43,54.32,31,0.777,1,14,O,O,Urgent,1
2108,62,63,71.61,94.55,99.26,61.62,602,6.721,0,1,O,O,Urgent,0
2109,23,43,43.56,13.72,57.45,74.56,292,5.01,0,20,O,B,Normal,1
2110,43,46,25.92,31.52,12.4,83.65,632,6.373,2,3,A,O,Normal,0
2111,69,71,53.33,69.27,60.86,79.6,943,5.167,3,2,B,A,Urgent,0
2112,33,73,30.8,,86.82,57.09,221,4.903,2,40,A,A,Critical,0
2113,58,41,77.52,25.79,0.54,71.51,174,1.254,2,17,B,O,Urgent,1
2114,39,31,47.28,94.09,2.81,73.75,45,9.098,2,8,O,O,Routine,0
2115,55,34,81.35,97.49,18.45,88.61,346,2.038,0,21,O,A,Normal,0
2116,63,19,88.63,57.31,8.85,76.55,668,5.427,2,44,O,O,Normal,1
2117,30,27,46.46,65.12,46.8,59.46,834,4.295,0,3,B,A,Urgent,0
2118,37,60,66.58,37.85,66.15,83.34,971,4.587,1,23,A,B,Normal,1
2119,24,75,47.51,48.9,11.5,93.05,663,4.527,4,51,O,A,Normal,0
2120,37,26,73.11,57.28,99.15,98.59,104,3.676,0,11,A,A,Urgent,1
2121,50,30,59.41,66.89,4.82,50.01,295,6.359,1,20,B,O,Normal,0
2122,53,34,60.73,75.65,72.28,84.2,943,7.009,4,19,B,A,Normal,0
2123,60,21,34.91,11.75,91.32,66.91,221,5.69,0,39,B,O,Urgent,0
2124,51,30,89.04,57.98,35.64,66.48,379,2.659,0,21,O,A,Urgent,1
2125,41,41,40.17,4.85,4.85,55.06,226,6.524,4,0,B,A,Normal,0
2126,34,23,79.64,92.28,24.74,94.5,950,9.419,0,11,O,A,Urgent,1
2127,51,19,99.78,67.47,12.37,51.51,899,6.617,2,32,O,O,Normal,1
2128,62,63,83.03,21.75,5.91,84.21,863,1.964,7,1,A,O,Normal,1
2129,37,58,47.83,0.54,15.73,64.34,503,6.402,8,21,A,O,Urgent,0
2130,20,73,99.37,4.07,8.05,93.79,670,2.78,1,53,A,O,Urgent,1
2131,33,67,70.21,64.1,44.51,58.51,247,7.653,0,34,A,O,Routine,0
2132,23,22,25.62,65.35,92.65,74.62,638,4.719,3,1,B,B,Routine,0
2133,50,60,95.17,38.92,46.71,67.97,157,4.574,0,10,O,A,Routine,1
2134,34,66,52.21,40.16,55.0,63.81,884,4.118,0,32,O,B,Normal,0
2135,34,58,43.9,59.8,1.56,84.91,352,6.337,7,24,B,A,Critical,0
2136,19,46,52.97,83.79,53.33,58.95,570,3.773,6,27,O,A,Normal,0
2137,57,61,40.4,12.76,7.57,83.89,970,3.479,5,4,A,B,Urgent,1
2138,46,67,48.92,64.68,96.64,98.64,22,4.903,3,21,B,O,Normal,0
2139,25,48,95.75,70.27,80.62,57.78,913,6.729,1,23,A,A,Routine,1
2140,64,68,59.0,87.65,48.98,86.36,18,4.872,0,4,O,B,Critical,1
2141,43,37,42.85,85.97,27.97,96.25,77,7.811,1,6,O,O,Routine,0
2142,61,64,49.7,39.88,75.07,61.16,561,6.221,6,3,B,B,Normal,0
2143,47,39,74.8,64.59,68.88,68.92,87,8.052,1,8,O,O,Normal,0
2144,64,21,50.98,13.16,99.99,74.11,563,3.999,0,43,O,O,Urgent,0
2145,34,58,80.74,,38.76,88.98,915,7.094,4,24,B,A,Routine,0
2146,19,68,82.62,71.07,43.92,76.1,82,5.855,1,49,O,A,Routine,0
2147,59,58,52.47,81.2,96.99,87.75,295,2.66,4,1,O,O,Urgent,1
2148,39,30,45.95,49.99,88.79,58.24,686,4.679,1,9,B,B,Urgent,1
2149,41,74,92.76,0.12,81.06,76.74,938,7.722,0,33,B,AB,Normal,0
2150,48,28,84.44,95.1,48.1,75.0,387,3.796,0,20,B,O,Normal,0
2151,58,61,57.12,69.43,12.32,53.42,697,5.839,1,3,B,A,Normal,0
2152,66,70,74.16,,22.36,48.33,753,3.178,0,4,A,O,Critical,1
2153,51,71,30.96,64.65,0.07,76.07,188,5.049,8,20,A,O,Urgent,0
2154,51,69,62.7,80.81,73.29,82.44,,4.525,3,18,O,O,Normal,0
2155,42,51,98.84,18.83,40.07,57.63,705,6.137,1,9,B,B,Urgent,1
2156,37,43,34.67,96.48,29.23,65.92,690,4.422,5,6,A,A,Urgent,1
2157,69,31,52.64,80.62,95.9,75.19,211,3.911,5,38,O,O,Normal,0
2158,28,71,43.04,1.45,53.08,47.91,470,4.805,2,43,B,O,Urgent,0
2159,69,34,34.06,43.94,15.0,94.93,113,4.807,1,35,AB,A,Critical,0
2160,57,36,91.94,99.68,63.03,74.12,75,8.386,3,21,A,O,Critical,0
2161,33,58,33.54,14.05,57.87,74.58,409,2.001,3,25,O,O,Urgent,0
2162,54,42,43.87,47.76,61.97,99.34,222,3.985,0,12,O,A,Critical,0
2163,41,55,87.09,83.09,21.04,68.17,599,7.498,7,14,A,A,Critical,1
2164,63,20,45.85,40.91,88.94,59.01,723,3.19,2,43,O,O,Critical,0
2165,56,20,65.9,16.03,85.63,58.14,3,6.43,0,36,B,B,Urgent,0
2166,33,46,69.51,27.6,4.02,87.91,162,8.822,3,13,B,A,Normal,1
2167,46,23,38.01,91.63,29.13,49.91,4,5.371,1,23,AB,B,Normal,0
2168,57,74,41.6,74.87,92.39,46.17,629,2.476,0,17,A,A,Normal,0
2169,69,59,38.01,52.92,66.66,80.27,949,5.949,1,10,B,AB,Normal,1
2170,46,43,27.05,97.02,36.26,71.49,84,7.945,3,3,B,O,Critical,0
2171,24,64,86.1,74.22,35.25,74.03,584,6.511,0,40,A,O,Normal,0
2172,21,48,64.88,46.45,61.44,87.56,973,4.799,4,27,B,O,Critical,0
2173,53,37,79.85,10.75,85.62,54.72,217,9.372,0,16,B,A,Critical,0
2174,26,75,84.94,56.16,87.58,99.11,99,6.071,3,49,O,A,Normal,0
2175,35,77,99.51,22.44,73.42,69.56,380,6.168,2,42,O,O,Critical,1
2176,49,22,83.96,89.69,22.33,88.89,999,7.052,0,27,O,A,Urgent,1
2177,22,67,94.93,79.25,15.0,88.31,922,6.923,1,45,B,O,Urgent,0
2178,37,19,85.09,64.51,1.9,77.82,8,7.38,3,18,O,O,Urgent,1
2179,42,62,80.57,58.35,25.17,86.54,721,9.432,0,20,A,O,Urgent,1
2180,44,26,36.26,20.64,40.6,80.44,717,3.539,0,18,A,O,Urgent,0
2181,27,60,58.68,53.98,41.01,91.11,392,4.744,0,33,O,O,Normal,1
2182,35,67,49.46,44.62,27.34,94.57,370,3.992,1,32,O,B,Routine,0
2183,68,48,85.78,64.41,1.76,82.69,583,4.056,2,20,O,O,Normal,1
2184,20,75,25.36,88.37,70.98,91.64,709,5.175,6,55,A,A,Urgent,0
2185,52,24,88.89,39.25,4.25,99.9,416,0.991,,28,A,B,Urgent,0
2186,39,19,61.36,69.59,11.97,99.74,337,5.141,0,20,AB,O,Urgent,0
2187,20,38,90.91,99.29,62.45,58.81,841,5.397,2,18,O,B,Normal,0
2188,48,29,78.89,2.16,0.84,87.1,194,1.023,0,19,O,O,Normal,1
2189,31,44,63.98,88.0,24.89,80.17,951,7.544,0,13,A,B,Urgent,0
2190,65,67,51.31,66.38,83.78,80.25,722,5.803,2,2,O,B,Normal,0
2191,24,48,90.72,63.07,86.95,47.44,298,9.971,2,24,O,O,Routine,1
2192,64,32,44.03,2.03,76.83,98.59,379,6.599,0,32,O,O,Normal,1
2193,63,68,35.01,34.47,88.61,79.58,606,6.879,0,5,A,A,Urgent,0
2194,31,51,30.15,81.36,23.4,65.46,971,6.044,0,20,O,O,Normal,0
2195,19,36,56.68,67.29,95.29,49.87,758,6.369,1,17,O,O,Normal,0
2196,61,77,96.35,77.02,45.25,97.86,542,3.814,0,16,B,A,Critical,1
2197,61,33,75.82,94.08,70.58,89.91,640,6.144,3,28,A,O,Routine,0
2198,38,52,44.95,80.9,,97.42,4,11.66,1,14,O,O,Urgent,0
2199,18,34,95.21,,94.52,75.88,888,3.915,0,16,B,B,Urgent,1
2200,24,69,71.43,98.43,90.06,52.75,421,3.965,1,45,O,O,Normal,0
2201,59,54,98.53,31.09,57.17,50.7,798,7.084,1,5,AB,A,Urgent,0
2202,32,21,89.15,0.9,39.97,70.22,346,4.688,0,11,O,A,Urgent,1
2203,57,43,35.56,98.25,90.15,80.55,731,4.796,1,14,O,O,Urgent,1
2204,32,39,57.49,99.53,84.59,46.01,912,3.591,0,7,B,O,Urgent,0
2205,63,23,34.0,77.48,15.74,54.47,516,3.724,1,40,B,O,Normal,0
2206,37,29,60.02,73.09,96.68,66.57,450,7.43,4,8,O,A,Urgent,0
2207,21,38,84.06,26.8,10.58,92.07,845,4.984,3,17,O,O,Normal,1
2208,50,71,73.96,98.17,81.65,55.67,801,6.895,5,21,A,O,Urgent,0
2209,20,34,67.24,50.89,7.28,57.23,257,2.649,0,14,O,O,Normal,1
2210,35,60,31.23,0.38,18.89,45.32,473,1.353,1,25,O,O,Urgent,1
2211,51,51,74.45,3.32,29.75,99.74,956,1.468,1,0,A,O,Routine,1
2212,59,34,42.72,36.5,53.45,80.15,636,4.09,2,25,A,O,Urgent,0
2213,30,35,48.55,16.33,52.24,64.12,370,4.933,2,5,O,B,Normal,1
2214,22,55,83.52,94.81,26.93,84.87,397,4.377,2,33,O,O,Normal,1
2215,18,23,78.57,58.12,10.14,93.67,56,5.232,1,5,B,B,Normal,1
2216,48,70,81.79,46.63,79.28,93.95,643,9.127,1,22,B,O,Urgent,0
2217,38,24,80.91,65.47,88.41,65.43,626,2.272,3,14,B,O,Routine,0
2218,21,31,64.96,73.09,69.49,83.85,856,3.079,4,10,B,O,Urgent,0
2219,22,48,36.74,9.42,25.6,86.1,268,3.09,8,26,B,A,Normal,0
2220,57,62,71.19,61.23,3.58,71.57,796,6.089,1,5,AB,B,Urgent,1
2221,65,73,83.62,70.52,84.92,92.51,433,4.159,7,8,O,A,Urgent,0
2222,22,,68.52,77.43,32.63,81.45,542,4.717,1,29,O,O,Normal,1
2223,36,39,79.51,2.54,10.08,96.45,289,1.243,1,3,B,A,Urgent,1
2224,45,46,92.45,26.71,19.02,58.36,319,4.862,1,1,A,AB,Urgent,1
2225,23,71,94.68,27.41,43.0,93.6,325,4.905,0,48,O,B,Normal,0
2226,21,69,97.95,36.33,42.74,96.29,442,9.789,2,48,O,B,Normal,1
2227,45,41,73.46,88.41,88.26,67.2,365,8.125,0,4,A,B,Critical,0
2228,52,22,95.13,15.19,60.13,92.58,500,6.426,8,30,O,AB,Urgent,1
2229,53,76,96.77,44.37,83.78,68.35,878,0.864,0,23,A,B,Normal,0
2230,45,52,29.38,79.84,87.06,57.84,64,6.201,0,7,B,A,Critical,0
2231,29,22,56.14,13.78,55.03,92.96,546,4.36,2,7,A,B,Critical,0
2232,27,74,92.25,27.55,92.42,77.9,369,7.197,6,47,O,O,Normal,0
2233,39,32,82.89,71.06,90.47,75.04,987,7.394,2,7,A,A,Normal,1
2234,41,39,71.99,21.95,99.87,93.79,842,3.707,0,2,B,O,Critical,0
2235,48,58,27.6,90.08,26.73,47.14,207,4.945,1,10,A,A,Urgent,0
2236,27,62,85.09,60.46,9.43,45.99,842,6.351,1,35,B,B,Routine,1
2237,31,62,75.55,16.64,12.14,78.44,23,3.829,0,31,A,AB,Normal,1
2238,45,53,89.65,95.82,37.39,84.5,315,0.834,0,8,O,B,Urgent,1
2239,34,65,83.66,11.54,82.06,76.15,644,2.429,1,31,A,B,Urgent,0
2240,52,57,61.89,83.98,19.97,58.12,290,6.723,3,5,O,B,Normal,0
2241,30,30,25.76,26.25,71.27,79.85,32,4.009,1,0,O,A,Normal,0
2242,56,26,77.88,22.35,5.33,57.06,962,4.503,4,30,O,B,Normal,1
2243,35,56,76.01,2.19,8.55,89.72,655,2.119,1,21,A,O,Critical,1
2244,34,32,57.78,82.43,50.58,70.55,468,4.259,7,2,B,O,Normal,0
2245,42,63,90.19,43.71,24.02,51.81,891,5.646,4,21,O,A,Urgent,1
2246,35,26,77.79,25.87,18.51,97.74,283,0.5,0,9,O,A,Urgent,1
2247,32,31,56.27,30.61,90.38,89.17,25,7.12,1,1,O,O,Routine,1
2248,36,30,96.87,53.44,81.83,62.47,746,6.801,1,6,B,A,Urgent,0
2249,48,55,78.16,9.77,63.21,65.4,655,5.873,1,7,O,A,Critical,1
2250,30,22,53.01,19.98,56.7,97.32,283,7.224,1,8,A,O,Routine,0
2251,35,77,37.72,47.12,97.26,98.12,442,9.924,0,42,O,O,Critical,0
2252,24,50,94.01,89.48,92.33,75.46,509,7.031,0,26,A,O,Urgent,0
2253,63,51,81.66,63.92,98.05,87.19,596,3.159,2,12,B,O,Urgent,0
2254,23,26,69.0,19.23,61.42,88.41,829,5.297,0,3,O,B,Critical,1
2255,25,56,75.35,35.43,43.94,98.64,327,4.759,8,31,O,B,Urgent,0
2256,28,40,43.4,56.18,49.14,62.95,157,5.128,2,12,O,O,Normal,1
2257,43,76,49.8,51.1,84.23,51.07,708,5.145,0,33,O,B,Critical,1
2258,31,61,84.29,51.32,23.47,63.37,172,4.108,0,30,O,A,Urgent,1
2259,27,64,72.47,11.05,55.59,79.39,349,4.844,0,37,B,B,Routine,1
2260,21,74,99.73,94.47,41.19,94.9,48,,3,53,B,O,Urgent,0
2261,19,21,75.32,49.95,92.82,77.68,25,5.334,2,2,O,A,Normal,0
2262,26,56,32.91,72.57,39.31,66.95,642,7.845,3,30,O,A,Urgent,0
2263,24,59,70.88,52.46,1.79,86.37,745,6.417,0,35,A,B,Routine,0
2264,62,69,96.45,88.09,44.55,53.03,401,9.555,0,7,O,O,Urgent,0
2265,53,63,44.36,14.56,20.25,82.36,545,9.919,2,10,O,O,Urgent,1
2266,40,37,81.88,55.22,7.62,55.17,650,5.081,2,3,A,O,Normal,0
2267,55,66,38.58,77.21,5.21,87.06,334,6.792,0,11,AB,B,Normal,0
2268,44,19,82.0,85.66,43.52,70.91,335,6.66,0,25,A,A,Urgent,1
2269,62,75,31.63,46.77,62.26,95.3,971,0.5,2,13,B,B,Critical,1
2270,28,67,97.04,36.01,68.5,98.15,800,7.285,1,39,A,A,Routine,1
2271,50,44,57.42,24.23,86.29,89.51,456,6.965,5,6,A,A,Urgent,0
2272,35,32,80.66,82.44,67.2,83.86,295,6.78,1,3,A,O,Urgent,0
2273,39,57,87.01,70.02,14.54,82.22,501,4.583,0,18,B,O,Normal,1
2274,18,68,70.24,13.13,75.68,53.12,116,6.196,2,50,A,B,Critical,0
2275,40,34,51.85,3.29,93.34,61.23,776,6.835,5,6,A,AB,Normal,0
2276,29,27,98.32,57.99,80.8,83.49,722,6.528,1,2,B,B,Urgent,1
2277,45,22,95.25,31.52,53.98,48.27,500,5.405,1,23,A,O,Urgent,0
2278,62,25,32.91,61.68,17.52,66.34,872,4.762,,37,A,A,Normal,0
2279,67,53,89.09,92.69,22.7,52.25,718,4.908,2,14,O,AB,Routine,1
2280,64,36,92.59,67.35,55.7,65.27,821,6.596,0,28,O,O,Urgent,1
2281,25,20,44.24,0.46,43.21,53.92,364,1.065,3,5,O,O,Critical,1
2282,45,45,85.75,17.32,43.19,80.83,222,5.182,0,0,B,B,Normal,1
2283,33,69,91.55,10.5,81.47,87.27,333,7.867,1,36,O,A,Critical,1
2284,44,36,33.62,26.06,67.52,81.27,820,6.434,5,8,B,A,Normal,0
2285,28,57,85.74,61.71,63.35,86.27,741,6.2,1,29,O,A,Normal,0
2286,54,38,81.48,16.04,72.73,75.59,176,1.185,1,16,O,O,Urgent,1
2287,57,24,40.85,22.64,91.41,88.65,599,4.625,2,33,B,A,Urgent,0
2288,62,69,73.56,29.94,56.86,62.46,976,7.414,0,7,A,A,Normal,1
2289,58,69,94.55,45.71,48.96,92.08,226,4.753,1,11,A,A,Urgent,1
2290,35,66,83.06,12.48,53.85,62.08,890,3.276,1,31,A,O,Critical,1
2291,20,23,91.63,6.59,0.39,67.64,333,7.017,1,3,A,O,Urgent,1
2292,40,49,42.82,15.86,5.83,66.77,686,2.444,0,9,O,A,Routine,1
2293,48,55,45.43,21.27,35.95,82.74,950,7.037,0,7,O,A,Normal,1
2294,57,54,64.58,6.6,56.93,83.19,220,5.871,0,3,B,O,Critical,1
2295,18,59,33.56,0.83,40.74,63.03,206,5.532,1,41,B,O,Normal,0
2296,31,49,55.55,26.8,43.13,66.33,10,6.471,3,18,B,O,Routine,0
2297,25,25,64.07,67.32,25.04,84.05,16,5.731,1,0,O,O,Normal,1
2298,26,52,69.17,73.1,3.62,77.81,203,5.771,0,26,O,O,Urgent,1
2299,20,66,54.01,55.43,18.78,65.04,888,8.177,4,46,A,AB,Normal,0
2300,64,45,50.58,2.56,48.94,64.84,821,3.107,0,19,B,O,Critical,1
2301,43,41,49.6,4.26,48.51,79.3,422,5.942,0,2,O,B,Critical,0
2302,59,51,64.0,35.96,52.42,64.05,399,3.954,0,8,B,O,Urgent,0
2303,67,19,33.29,85.97,46.76,80.44,405,1.501,5,48,O,A,Critical,0
2304,49,35,72.91,16.08,10.76,52.34,961,1.881,1,14,B,O,Normal,1
2305,46,28,54.62,3.94,63.34,95.95,691,7.068,1,18,B,A,Normal,1
2306,59,41,63.45,49.43,31.92,57.34,448,4.707,1,18,B,A,Routine,0
2307,46,39,60.45,32.9,98.39,95.81,175,5.291,1,7,B,A,Urgent,0
2308,19,64,95.5,53.96,51.89,74.67,358,3.597,1,45,A,A,Routine,1
2309,46,69,77.97,98.73,12.71,53.82,893,6.479,0,23,B,O,Urgent,0
2310,44,32,81.16,70.82,80.64,55.84,729,8.485,2,12,O,O,Normal,1
2311,28,22,37.76,4.73,15.95,45.09,293,7.162,2,6,O,AB,Normal,0
2312,20,76,41.38,8.33,23.4,47.02,574,7.704,0,56,B,O,Urgent,0
2313,22,27,91.59,96.47,98.26,95.88,272,7.595,0,5,O,A,Normal,0
2314,30,41,87.12,38.25,7.4,72.32,873,3.704,0,11,A,B,Normal,1
2315,37,58,26.28,32.65,70.82,50.51,522,4.409,1,21,A,B,Routine,0
2316,30,23,92.53,31.02,24.75,63.06,191,2.987,0,7,A,A,Routine,1
2317,40,56,43.77,50.29,71.67,68.64,82,7.928,5,16,O,B,Routine,1
2318,31,52,30.62,17.46,65.58,93.18,483,7.711,1,21,O,B,Urgent,0
2319,26,45,29.85,62.84,67.4,93.29,871,4.878,1,19,O,A,Normal,0
2320,66,35,64.45,77.18,93.49,55.42,422,4.306,1,31,A,O,Urgent,0
2321,20,67,31.9,20.95,23.17,67.67,415,6.783,1,47,O,O,Urgent,0
2322,42,29,71.34,73.09,80.89,88.52,926,0.5,3,13,O,A,Critical,1
2323,44,61,78.45,95.07,73.75,62.5,744,7.306,1,17,B,AB,Routine,0
2324,21,71,31.79,35.17,21.67,47.11,379,4.841,2,50,O,A,Normal,0
2325,21,45,83.02,41.97,65.61,76.92,1,4.404,1,24,A,B,Urgent,0
2326,42,47,66.02,43.29,67.41,79.58,512,7.212,3,5,O,A,Normal,0
2327,,70,42.66,94.75,75.19,86.39,580,4.1,,12,O,O,Urgent,0
2328,55,49,34.56,91.58,27.05,54.58,296,3.106,1,6,B,B,Normal,0
2329,69,29,49.09,63.85,42.14,93.57,403,5.845,0,40,B,A,Routine,0
2330,50,30,61.97,72.87,30.97,50.16,223,5.007,3,20,O,AB,Normal,0
2331,68,69,52.27,61.48,73.73,83.23,915,4.892,0,1,A,O,Urgent,0
2332,27,47,58.24,48.75,92.62,77.95,295,4.772,3,20,B,O,Urgent,0
2333,30,33,74.38,69.81,34.1,74.65,84,3.489,7,3,O,O,Normal,1
2334,36,29,51.84,54.62,80.58,51.06,160,4.764,,7,O,O,Urgent,0
2335,62,68,93.0,73.04,79.04,63.39,450,4.209,0,6,B,O,Urgent,0
2336,60,49,84.02,62.88,92.56,71.14,235,5.159,0,11,O,AB,Normal,0
2337,67,42,55.32,55.99,61.91,47.92,770,7.689,1,25,O,O,Normal,1
2338,23,60,60.53,60.4,82.12,84.2,680,2.523,1,37,O,A,Urgent,1
2339,24,24,83.57,44.19,25.96,97.72,420,6.928,1,0,O,B,Critical,1
2340,29,26,66.26,93.32,61.8,91.89,947,4.285,0,3,B,B,Routine,0
2341,33,77,44.16,34.44,37.58,54.27,153,4.829,1,44,O,A,Routine,0
2342,53,54,56.37,30.83,72.33,45.18,947,2.029,6,1,O,B,Routine,1
2343,42,38,57.68,69.85,12.38,76.32,779,5.317,2,4,A,O,Urgent,0
2344,49,54,85.08,98.75,79.81,52.01,347,2.869,0,5,O,O,Urgent,1
2345,37,29,36.28,33.78,96.38,96.86,532,3.132,3,8,O,AB,Critical,0
2346,54,77,75.42,94.51,55.78,84.49,704,7.118,0,23,O,B,Urgent,0
2347,43,71,81.13,72.61,57.89,93.33,130,2.208,1,28,O,A,Urgent,1
2348,65,26,35.47,47.72,14.72,91.86,596,4.466,6,39,O,O,Urgent,0
2349,58,31,34.22,57.25,52.34,98.56,789,2.295,3,27,A,B,Urgent,0
2350,32,74,32.46,73.28,39.98,,851,5.573,1,42,A,A,Normal,0
2351,56,21,64.36,99.06,37.68,46.0,751,7.49,1,35,O,O,Urgent,0
2352,55,77,46.77,77.14,4.1,64.94,461,4.64,1,22,B,B,Urgent,0
2353,46,21,70.03,60.61,96.83,94.4,628,3.5,0,25,A,O,Normal,0
2354,35,61,81.01,57.53,80.01,59.85,832,7.933,0,26,B,O,Urgent,0
2355,52,41,55.44,95.21,69.67,50.84,560,8.44,1,11,O,A,Normal,0
2356,27,69,78.6,80.83,11.18,86.19,107,4.373,0,42,O,A,Critical,0
2357,19,42,53.15,66.7,67.75,56.71,672,4.711,0,23,A,A,Critical,0
2358,36,45,36.74,25.96,80.8,66.39,862,9.328,2,9,O,B,Normal,0
2359,18,34,41.24,8.28,76.49,71.6,301,3.986,5,16,O,B,Urgent,0
2360,69,29,44.96,58.34,22.92,47.2,347,6.146,0,40,B,A,Normal,0
2361,67,71,51.95,70.63,80.58,48.89,437,8.48,1,4,B,A,Normal,0
2362,34,64,46.67,44.57,63.22,66.55,573,4.94,1,30,O,A,Critical,0
2363,64,42,96.62,41.75,0.56,48.78,612,5.776,2,22,B,O,Critical,1
2364,67,26,87.53,56.95,86.98,62.24,584,8.336,2,41,O,O,Urgent,1
2365,21,60,33.83,14.05,71.6,80.62,736,5.12,4,39,A,O,Normal,0
2366,25,69,71.04,62.63,27.81,80.48,981,2.096,0,44,A,A,Urgent,1
2367,54,34,34.02,47.04,15.27,84.7,857,5.634,0,20,B,O,Normal,0
2368,31,62,61.05,77.6,53.12,98.28,24,7.097,1,31,AB,O,Urgent,0
2369,44,59,41.41,38.45,17.23,97.24,744,4.723,1,15,O,B,Normal,0
2370,43,21,47.69,88.44,25.57,96.39,660,3.175,3,22,AB,B,Urgent,0
2371,21,44,75.97,92.4,46.24,51.48,290,8.177,1,23,O,A,Routine,0
2372,53,23,95.92,1.3,71.79,89.01,133,4.318,5,30,B,O,Normal,0
2373,58,43,87.34,13.3,92.14,77.94,16,5.455,0,15,B,O,Urgent,0
2374,45,47,90.31,48.85,37.06,78.21,258,6.403,1,2,A,B,Urgent,1
2375,46,31,31.39,67.35,0.31,73.79,225,6.335,1,15,O,O,Normal,1
2376,22,38,54.24,6.99,91.62,61.56,383,3.577,0,16,A,A,Routine,0
2377,22,56,84.7,95.04,17.57,99.22,305,7.028,0,34,B,O,Normal,0
2378,53,39,39.97,67.16,82.6,67.03,436,4.302,1,14,A,A,Urgent,0
2379,41,61,54.6,95.77,89.7,93.61,20,6.338,5,20,A,B,Routine,0
2380,49,67,88.07,11.13,59.36,65.2,50,3.614,1,18,O,AB,Normal,1
2381,45,28,61.8,72.68,2.61,54.15,446,4.223,1,17,O,AB,Normal,0
2382,35,36,48.88,32.0,47.96,76.28,629,8.164,4,1,O,O,Urgent,0
2383,28,76,30.3,62.66,95.56,56.37,383,8.526,0,48,A,B,Urgent,0
2384,18,58,37.59,28.49,90.11,93.16,366,6.622,1,40,A,O,Normal,0
2385,23,54,38.77,70.54,11.53,96.14,32,0.5,0,31,O,O,Urgent,0
2386,26,53,46.13,47.29,93.02,80.83,172,7.153,3,27,B,B,Routine,0
2387,48,70,48.25,83.72,46.42,80.04,515,5.65,0,22,O,B,Urgent,0
2388,55,51,64.23,57.79,34.96,48.59,564,5.67,0,4,O,O,Normal,1
2389,34,43,72.8,57.85,93.38,59.56,22,4.321,1,9,O,O,Normal,0
2390,26,48,63.71,52.83,44.39,48.87,477,7.849,0,22,A,O,Urgent,0
2391,32,,79.91,82.1,50.92,82.65,655,6.08,0,1,O,B,Urgent,1
2392,44,59,60.99,25.26,41.99,50.02,641,7.044,4,15,O,O,Urgent,0
2393,54,58,98.94,42.73,35.84,96.96,933,2.505,3,4,O,O,Routine,1
2394,18,71,99.68,11.86,35.47,87.93,456,7.695,2,53,O,B,Normal,1
2395,27,56,49.81,61.95,74.32,70.27,308,4.339,2,29,A,O,Normal,0
2396,47,21,26.9,39.1,0.24,73.29,20,5.392,1,26,O,O,Urgent,0
2397,19,37,38.93,71.68,44.55,86.17,663,7.129,3,18,O,B,Normal,0
2398,69,53,71.52,48.2,81.29,99.6,287,2.009,4,16,O,A,Routine,0
2399,34,73,86.7,40.11,95.62,52.79,269,6.659,0,39,A,A,Critical,0
2400,36,62,33.49,8.3,94.14,81.6,88,1.125,1,26,O,AB,Urgent,0
2401,51,63,84.6,34.3,53.04,45.04,972,7.596,0,12,O,AB,Normal,1
2402,23,53,44.41,98.89,47.2,79.51,834,5.719,3,30,O,O,Routine,0
2403,40,41,58.27,60.3,11.29,77.99,338,8.499,0,1,B,O,Critical,0
2404,33,18,48.35,1.49,70.96,92.51,357,6.076,1,15,O,B,Critical,1
2405,19,60,94.98,94.76,95.26,86.22,412,6.586,0,41,O,O,Routine,0
2406,30,38,63.69,51.75,22.73,50.55,964,4.069,0,8,O,O,Critical,1
2407,41,30,53.87,35.39,13.61,85.5,517,3.852,2,11,A,B,Urgent,0
2408,48,24,52.09,55.17,69.63,74.63,223,4.136,1,24,B,O,Urgent,0
2409,28,29,41.44,71.32,62.78,93.23,738,9.002,3,1,B,A,Normal,0
2410,51,26,57.15,82.25,95.36,75.19,363,3.946,1,25,O,O,Normal,0
2411,57,45,40.05,,48.94,46.93,875,7.371,1,12,O,O,Urgent,0
2412,37,77,64.14,68.4,55.61,47.93,101,4.885,0,40,O,A,Urgent,0
2413,49,29,25.05,64.11,62.92,55.2,635,0.5,3,,B,A,Normal,0
2414,51,36,64.21,52.66,55.4,73.07,300,5.669,1,15,A,O,Urgent,0
2415,66,70,54.69,87.89,39.2,45.08,265,4.337,2,4,O,O,Normal,0
2416,62,42,60.94,11.32,40.69,98.57,168,4.336,6,20,O,A,Urgent,0
2417,24,47,27.75,77.44,42.74,77.81,778,8.397,0,23,O,O,Urgent,0
2418,18,44,27.0,89.52,92.11,63.76,169,4.32,3,26,A,AB,Critical,0
2419,39,68,35.58,2.41,46.6,95.89,494,9.048,1,29,O,A,Critical,1
2420,20,67,47.15,37.09,77.13,54.07,701,7.954,0,47,O,A,Critical,0
2421,40,40,82.93,77.32,80.37,96.7,539,4.766,0,0,O,O,Normal,1
2422,27,77,25.6,60.66,87.56,93.57,609,3.842,4,50,A,O,Normal,0
2423,50,24,75.72,7.18,41.58,85.37,396,6.783,2,26,O,B,Urgent,1
2424,67,27,34.58,69.83,52.14,53.17,318,7.042,1,40,A,O,Urgent,0
2425,44,46,93.16,67.48,63.67,72.47,329,5.631,0,2,B,AB,Critical,1
2426,30,57,41.68,14.06,14.49,51.18,58,5.171,3,27,A,B,Normal,0
2427,31,30,44.78,49.33,18.26,66.88,493,4.271,3,1,B,O,Normal,0
2428,39,25,87.9,72.97,54.61,95.67,454,4.549,1,14,O,A,Normal,0
2429,35,77,85.72,92.14,25.42,77.97,662,3.914,0,42,A,B,Routine,0
2430,30,21,25.56,67.31,98.94,70.73,245,3.701,0,9,B,O,Normal,0
2431,33,60,84.27,27.29,24.85,81.31,940,5.579,0,27,AB,B,Urgent,1
2432,54,62,73.06,90.89,12.08,56.56,572,3.2,1,8,A,O,Routine,0
2433,60,57,49.75,33.57,60.45,62.13,573,2.776,2,3,A,O,Urgent,0
2434,46,39,37.97,99.36,71.44,96.51,78,7.266,1,7,O,B,Normal,0
2435,23,57,60.44,31.02,3.31,49.07,462,5.284,0,34,A,A,Urgent,1
2436,28,45,51.39,50.16,58.3,50.24,818,5.289,1,17,B,A,Urgent,0
2437,68,36,72.9,21.29,62.6,84.18,994,4.874,4,32,A,A,Normal,1
2438,37,76,99.95,3.43,71.25,56.18,53,8.003,1,39,O,O,Urgent,1
2439,51,64,86.02,5.48,52.07,59.93,511,1.732,5,13,B,O,Urgent,0
2440,63,27,35.18,30.59,86.96,90.3,256,1.784,1,36,AB,B,Urgent,0
2441,45,76,84.46,62.52,6.96,98.14,636,4.122,1,31,B,O,Routine,0
2442,37,46,33.65,2.99,38.95,74.7,641,3.831,0,9,B,A,Urgent,0
2443,38,69,27.18,99.26,32.4,89.92,811,8.629,0,31,O,B,Critical,0
2444,58,35,48.75,17.9,41.85,85.57,376,3.908,1,23,O,O,Urgent,1
2445,25,69,89.19,22.78,0.34,66.96,486,2.698,0,44,B,O,Normal,0
2446,18,74,81.38,38.48,90.62,97.25,883,7.231,4,56,A,B,Normal,0
2447,42,36,38.95,75.18,63.53,85.49,372,5.448,3,6,O,O,Normal,0
2448,69,69,98.2,40.25,50.42,57.22,415,1.739,0,0,A,O,Normal,1
2449,64,18,77.83,0.03,61.15,46.79,673,7.889,0,46,B,B,Urgent,1
2450,58,63,71.73,39.08,66.78,63.09,60,4.348,0,5,A,O,Critical,0
2451,39,41,47.64,80.81,62.46,58.86,883,5.497,0,2,O,B,Routine,0
2452,30,24,67.84,3.4,92.81,85.33,193,9.449,0,6,O,B,Normal,1
2453,35,59,42.53,91.42,75.96,60.09,565,5.127,7,24,O,O,Normal,0
2454,37,39,28.96,76.02,79.38,46.25,623,4.322,4,2,O,B,Urgent,0
2455,36,20,78.66,21.33,54.12,75.89,976,4.928,0,16,O,AB,Normal,1
2456,38,43,46.37,87.96,62.24,95.1,957,5.28,0,5,AB,O,Normal,0
2457,65,54,90.15,73.34,87.05,80.0,89,4.28,1,11,O,A,Normal,0
2458,57,50,47.78,70.69,1.48,50.32,897,3.538,0,7,A,O,Normal,0
2459,29,41,35.11,50.41,86.94,73.0,358,8.051,1,12,O,O,Normal,0
2460,32,70,67.67,23.7,66.2,98.1,67,4.911,1,38,O,O,Normal,1
2461,34,54,36.16,89.64,4.5,83.01,692,5.13,0,20,O,A,Normal,0
2462,31,72,25.87,81.05,38.44,79.51,643,1.787,6,41,O,B,Routine,0
2463,39,29,90.93,78.36,11.76,85.69,792,5.461,2,10,O,B,Critical,1
2464,25,29,71.9,30.21,44.07,55.05,973,7.075,1,4,O,O,Normal,0
2465,55,48,88.31,76.98,15.39,55.04,879,8.764,0,7,O,B,Urgent,1
2466,51,41,79.97,29.09,30.41,51.18,448,8.145,1,10,B,B,Critical,1
2467,21,21,57.14,78.42,43.98,77.49,350,2.814,1,0,AB,AB,Normal,0
2468,34,32,73.71,79.98,11.24,86.16,45,1.23,1,2,A,O,Urgent,0
2469,39,54,42.52,10.33,27.04,83.75,865,0.5,3,15,O,O,Normal,0
2470,30,21,35.39,29.98,44.97,49.31,995,5.254,0,9,B,A,Urgent,0
2471,42,65,28.66,30.93,24.82,68.99,551,7.477,6,23,A,A,Normal,1
2472,60,31,39.36,33.57,,75.64,30,7.682,0,29,AB,A,Normal,0
2473,55,28,49.81,46.28,76.74,63.81,284,7.809,3,27,B,O,Normal,0
2474,40,52,74.4,43.86,35.79,84.49,189,6.856,4,12,O,A,Critical,1
2475,18,37,45.33,30.11,89.64,71.75,664,9.858,2,19,O,A,Urgent,0
2476,61,27,85.49,81.51,88.86,97.63,315,7.239,6,34,A,O,Urgent,0
2477,34,77,84.14,53.82,96.94,78.93,12,6.826,5,43,O,B,Normal,0
2478,64,70,84.52,17.38,98.09,96.13,959,6.821,2,6,A,B,Urgent,0
2479,53,19,91.51,28.29,33.82,87.48,263,4.581,0,34,O,B,Normal,1
2480,43,,53.29,98.93,50.66,65.27,360,1.754,1,4,B,O,Urgent,0
2481,36,40,53.96,69.51,19.8,55.14,987,3.81,2,4,B,O,Urgent,0
2482,66,72,77.09,24.6,29.67,88.51,332,3.935,0,6,A,O,Critical,1
2483,42,27,26.6,30.05,88.37,86.42,846,8.605,0,15,A,O,Urgent,0
2484,62,40,73.67,37.32,74.88,89.25,339,5.717,0,22,A,A,Normal,1
2485,69,55,36.92,49.2,48.25,58.19,354,5.677,0,14,AB,B,Critical,0
2486,60,74,32.18,90.06,19.85,80.41,337,3.435,0,14,B,O,Urgent,0
2487,31,19,50.4,47.71,88.25,82.32,352,5.653,1,12,O,O,Normal,0
2488,37,66,26.48,59.78,8.1,56.68,733,2.939,2,29,B,O,Normal,0
2489,50,69,66.35,64.59,43.54,72.48,595,4.935,0,19,A,B,Critical,0
2490,31,38,35.47,83.37,30.75,83.5,239,5.803,0,7,A,A,Normal,0
2491,35,21,37.97,19.6,26.81,99.78,839,4.897,3,14,A,B,Routine,0
2492,55,30,25.33,67.5,81.15,45.75,370,5.674,0,25,A,O,Urgent,0
2493,66,69,73.26,47.51,89.65,77.33,190,8.87,3,3,O,A,Normal,0
2494,21,24,93.17,87.13,30.88,54.27,432,3.875,1,3,O,O,Normal,1
2495,63,34,43.02,11.64,77.31,55.74,734,3.039,1,29,AB,O,Critical,0
2496,57,69,25.53,13.54,60.52,86.05,485,5.475,0,12,O,B,Normal,1
2497,20,51,35.93,15.54,15.78,46.92,449,4.997,2,31,O,B,Normal,0
2498,53,47,81.06,9.27,53.0,83.0,192,10.998,0,6,O,O,Routine,1
2499,53,70,49.72,54.42,67.01,57.74,439,9.616,1,,O,O,Critical,0
2500,50,51,75.74,33.02,46.77,74.34,265,4.766,1,1,A,O,Normal,1
2501,47,23,71.73,78.05,65.76,45.32,804,3.935,4,24,O,A,Urgent,0
2502,45,19,84.77,7.33,10.38,62.37,347,7.853,2,26,O,O,Urgent,1
2503,56,45,62.8,49.4,22.68,60.64,221,4.407,4,11,B,AB,Normal,1
2504,34,27,33.34,96.75,74.95,47.77,599,5.916,1,7,O,B,Urgent,0
2505,40,51,63.09,84.41,11.34,65.67,825,6.378,0,11,B,A,Normal,0
2506,22,67,27.21,83.59,69.01,66.78,341,5.885,0,45,O,O,Normal,0
2507,26,25,62.43,85.84,68.46,96.89,66,6.26,0,1,O,A,Routine,0
2508,36,71,58.65,59.21,8.94,72.57,587,6.753,1,35,A,B,Urgent,0
2509,33,60,51.87,4.44,97.13,99.5,65,5.472,2,27,B,A,Normal,0
2510,62,67,55.64,10.19,65.73,47.06,178,0.559,3,5,A,O,Urgent,0
2511,56,39,84.05,97.28,27.86,74.42,88,3.198,0,17,B,B,Routine,1
2512,19,35,35.62,10.43,48.41,83.5,454,6.724,2,16,O,O,Urgent,1
2513,63,52,84.24,57.17,51.44,60.55,416,2.173,0,11,O,O,Normal,1
2514,62,18,67.38,22.38,16.81,88.16,450,2.365,0,44,B,B,Urgent,0
2515,40,32,80.36,55.0,91.73,52.03,886,9.666,2,8,O,AB,Normal,1
2516,41,38,34.94,99.48,29.01,60.06,322,3.945,2,3,B,A,Urgent,0
2517,36,51,77.04,93.81,40.4,58.34,407,4.002,5,15,AB,O,Urgent,0
2518,41,40,61.01,15.72,18.91,70.15,777,6.346,2,1,O,B,Critical,0
2519,69,31,87.47,97.13,9.45,72.35,50,2.424,2,38,O,O,Critical,1
2520,26,46,97.72,2.7,51.54,61.08,449,6.159,0,20,AB,B,Urgent,0
2521,65,19,93.5,16.73,46.19,93.49,882,8.059,1,46,B,O,Normal,1
2522,62,67,33.63,41.6,81.25,52.43,821,7.79,0,5,A,O,Urgent,0
2523,35,35,78.31,58.67,45.9,60.51,144,6.683,1,0,B,O,Urgent,0
2524,30,68,99.15,67.61,86.79,94.92,58,4.202,0,38,B,O,Critical,0
2525,57,62,33.45,35.94,12.12,84.99,788,9.266,0,5,B,O,Critical,0
2526,25,31,69.94,91.04,26.08,83.43,620,5.719,0,6,O,A,Routine,1
2527,52,69,39.57,88.13,68.71,48.47,994,4.352,2,17,B,B,Urgent,0
2528,22,27,69.27,2.45,28.41,54.51,297,7.965,3,5,O,AB,Urgent,1
2529,68,49,64.35,73.1,13.37,65.43,977,7.066,0,19,O,O,Urgent,1
2530,64,45,77.04,49.3,90.33,86.28,251,6.232,4,19,O,A,Routine,0
2531,38,21,79.86,85.69,69.85,63.51,195,4.101,0,17,A,O,Normal,0
2532,41,77,62.68,8.06,86.72,81.39,129,6.684,4,36,O,B,Critical,0
2533,43,31,80.58,89.91,51.64,67.41,49,4.905,1,12,O,A,Critical,0
2534,31,35,38.67,49.57,16.72,89.32,659,4.915,2,4,O,A,Critical,1
2535,22,44,91.51,66.33,81.1,53.07,622,7.82,0,22,O,O,Normal,1
2536,59,25,26.8,33.38,9.54,79.73,320,5.923,0,34,A,AB,Critical,0
2537,22,22,72.48,26.04,16.56,60.83,91,10.905,1,0,B,O,Normal,1
2538,56,67,29.41,59.66,44.65,55.23,359,5.951,1,11,O,O,Urgent,1
2539,39,56,93.84,7.29,90.69,81.77,191,3.303,0,17,O,O,Critical,1
2540,51,48,73.56,74.29,64.09,70.99,453,3.469,0,3,O,O,Critical,1
2541,52,45,68.35,49.45,89.83,72.64,432,5.177,3,7,O,O,Critical,1
2542,49,59,90.1,80.16,67.42,52.85,81,5.983,4,10,B,O,Critical,0
2543,21,56,40.51,69.43,59.22,80.39,247,8.221,0,35,O,A,Urgent,0
2544,62,61,33.83,70.29,83.93,77.99,891,1.739,2,1,B,B,Urgent,0
2545,37,36,38.98,66.62,23.68,87.35,732,8.813,0,1,O,B,Normal,1
2546,22,42,65.95,63.18,30.9,90.49,480,2.374,0,20,O,B,Urgent,1
2547,18,51,50.53,43.75,95.59,92.25,339,2.82,1,33,B,B,Normal,0
2548,44,46,41.39,60.7,84.2,82.58,542,5.328,0,2,O,O,Urgent,0
2549,24,37,57.32,26.05,46.8,50.92,931,5.251,0,13,B,AB,Normal,1
2550,59,49,60.52,24.1,60.96,97.37,730,5.194,1,10,B,O,Urgent,0
2551,34,62,34.85,6.81,1.43,62.68,41,7.151,7,28,O,A,Critical,0
2552,38,73,94.99,80.5,62.57,45.47,582,5.867,4,35,O,B,Urgent,0
2553,31,58,40.29,32.12,47.76,56.59,490,7.031,0,27,B,A,Urgent,0
2554,61,54,25.71,88.87,38.28,81.85,558,3.026,2,7,A,B,Normal,0
2555,58,68,56.66,53.56,93.17,78.58,965,5.311,1,10,O,A,Normal,0
2556,62,60,58.7,43.7,68.16,99.78,691,5.467,5,2,O,O,Normal,1
2557,37,71,32.5,69.11,31.15,63.86,781,5.203,0,34,A,AB,Normal,0
2558,68,49,80.26,12.44,22.75,92.41,197,8.969,0,19,A,O,Normal,0
2559,59,39,72.24,82.27,25.19,65.24,298,7.81,0,20,A,A,Routine,1
2560,37,74,54.95,56.19,61.35,47.57,26,4.958,1,37,O,A,Urgent,0
2561,53,73,39.02,6.1,6.1,67.97,647,3.625,0,20,O,O,Urgent,1
2562,54,67,41.17,64.11,42.61,48.28,857,10.926,0,13,O,B,Routine,0
2563,61,57,35.04,91.43,18.66,57.34,209,6.008,1,4,O,B,Critical,0
2564,48,20,98.96,86.98,4.34,60.34,892,3.076,1,28,AB,B,Normal,1
2565,46,32,52.67,79.76,80.95,81.49,975,5.161,0,14,A,B,Urgent,0
2566,61,73,43.61,42.04,95.43,59.72,189,6.169,6,12,A,O,Routine,0
2567,38,28,51.78,36.32,82.4,78.59,985,3.083,0,10,A,O,Routine,0
2568,48,42,46.83,47.51,51.97,93.03,412,6.549,0,6,A,B,Urgent,0
2569,41,22,89.51,3.11,39.92,74.72,688,,0,19,AB,B,Normal,1
2570,49,77,50.89,2.46,8.63,66.04,398,4.574,0,28,A,O,Urgent,1
2571,25,29,28.97,68.45,73.54,73.72,229,6.092,1,4,A,AB,Routine,0
2572,61,31,99.4,4.99,85.0,83.22,48,2.266,0,30,O,A,Normal,1
2573,46,23,93.84,82.31,56.51,70.08,487,2.041,1,23,A,B,Normal,0
2574,37,73,39.32,35.31,89.5,71.99,142,1.278,0,36,A,O,Normal,0
2575,48,73,27.57,82.01,30.07,92.53,500,3.384,0,25,O,A,Urgent,0
2576,22,30,79.06,24.29,74.61,84.02,173,4.212,1,8,B,A,Urgent,0
2577,49,49,81.98,1.31,26.87,57.55,888,2.429,3,0,O,A,Normal,1
2578,21,37,34.85,83.89,8.5,48.22,452,9.059,2,16,AB,A,Normal,0
2579,19,74,34.49,23.99,68.77,49.15,372,3.069,0,55,O,O,Urgent,0
2580,58,68,49.48,75.2,32.78,60.86,918,8.829,4,10,B,A,Urgent,0
2581,51,69,65.66,20.03,94.6,49.45,2,4.63,1,18,O,B,Urgent,0
2582,56,35,62.48,30.71,27.59,53.08,877,8.664,0,21,B,O,Routine,0
2583,39,64,87.72,50.65,38.83,75.11,543,6.191,4,25,B,A,Critical,0
2584,34,21,35.65,66.21,36.54,80.51,871,3.384,4,13,O,O,Normal,0
2585,44,35,81.07,65.44,70.22,49.35,657,5.406,1,9,AB,O,Urgent,0
2586,44,67,51.98,35.6,67.03,55.99,786,3.606,1,23,A,A,Urgent,1
2587,25,62,63.96,15.42,53.91,90.69,307,3.169,5,37,O,A,Critical,0
2588,59,35,95.55,86.4,97.26,80.7,206,5.908,4,24,O,O,Normal,0
2589,45,33,47.22,69.16,7.53,56.41,394,4.343,1,12,O,A,Urgent,1
2590,57,72,77.88,98.7,92.31,65.6,767,9.2,4,15,O,A,Normal,0
2591,50,61,43.75,22.0,29.23,96.58,729,2.069,8,11,O,O,Urgent,1
2592,57,45,41.62,92.51,94.74,61.44,764,2.067,0,12,O,O,Critical,1
2593,68,47,82.46,12.0,82.09,56.78,2,5.054,1,21,O,O,Critical,1
2594,59,45,,87.28,99.6,73.12,870,4.287,2,14,A,B,Critical,0
2595,31,29,66.51,17.56,70.22,65.73,204,3.932,0,2,O,O,Normal,1
2596,57,48,90.02,21.49,78.37,79.83,56,10.65,8,9,B,O,Routine,0
2597,21,20,78.13,61.4,48.24,89.05,710,2.865,0,1,B,O,Routine,0
2598,35,38,61.84,84.23,88.96,62.05,95,7.657,4,3,B,AB,Routine,0
2599,66,70,78.43,54.21,46.73,49.58,112,2.811,2,4,O,B,Urgent,0
2600,56,71,40.72,40.45,16.7,93.42,371,9.35,2,15,B,B,Normal,1
2601,44,69,84.18,74.01,79.65,60.66,399,6.345,2,25,O,B,Normal,0
2602,26,54,74.17,10.35,90.74,66.54,463,4.065,1,28,A,A,Normal,0
2603,69,69,75.0,76.33,87.78,86.83,171,6.173,0,0,O,B,Normal,1
2604,35,29,79.14,52.16,33.57,75.32,423,4.461,0,6,B,O,Routine,1
2605,48,77,94.1,90.56,71.25,65.73,47,4.551,1,29,O,B,Normal,0
2606,25,45,44.26,78.75,81.76,71.45,234,8.832,2,20,A,O,Normal,0
2607,25,73,72.25,83.82,52.05,74.65,704,3.163,2,48,O,O,Critical,1
2608,43,53,84.85,27.49,73.86,78.83,187,5.354,2,10,A,A,Urgent,1
2609,35,26,62.05,61.17,22.07,45.98,720,8.513,1,9,O,O,Critical,1
2610,27,75,93.52,19.98,36.34,54.73,874,8.005,0,48,B,O,Normal,0
2611,44,75,96.24,74.77,0.09,81.97,341,4.873,2,31,B,O,Urgent,0
2612,56,37,50.63,86.39,1.8,72.66,62,2.823,0,19,B,B,Urgent,0
2613,31,40,51.29,28.08,75.5,83.45,775,4.829,1,9,AB,A,Urgent,0
2614,23,71,53.89,70.64,27.34,78.75,412,4.727,0,48,O,A,Normal,0
2615,67,71,28.91,16.59,52.15,70.86,207,5.655,4,4,O,A,Normal,0
2616,67,43,62.58,2.76,14.53,73.66,357,4.892,0,24,O,O,Urgent,1
2617,53,24,72.76,17.07,3.13,71.57,941,4.965,5,29,AB,A,Urgent,0
2618,67,37,42.92,49.34,87.97,95.26,738,3.738,4,30,O,O,Urgent,0
2619,41,76,63.43,97.57,17.25,92.22,203,6.479,0,35,A,O,Urgent,0
2620,52,59,26.53,92.3,39.07,79.71,174,5.404,,7,A,A,Critical,1
2621,60,28,,81.3,75.6,81.57,605,7.616,3,32,B,B,Normal,0
2622,62,51,66.28,66.75,51.12,99.22,499,3.134,2,11,O,B,Urgent,0
2623,18,22,83.29,57.67,5.94,86.6,315,7.443,5,4,B,B,Normal,1
2624,18,69,35.98,19.26,15.82,53.04,351,5.431,1,51,O,A,Routine,0
2625,41,55,71.37,34.93,45.76,53.84,215,4.887,1,14,B,O,Routine,0
2626,32,73,97.92,19.18,27.87,63.3,56,4.171,2,41,O,O,Normal,0
2627,62,55,63.45,29.82,87.46,81.64,587,4.087,1,7,A,B,Normal,0
2628,25,20,41.98,82.71,33.24,86.12,224,2.267,1,5,O,A,Normal,1
2629,49,30,91.12,11.85,61.99,55.55,553,3.246,1,19,O,A,Normal,1
2630,62,73,69.07,31.24,36.31,95.55,230,3.693,1,11,A,O,Urgent,0
2631,19,59,66.94,68.4,17.24,60.07,635,7.128,1,40,A,A,Normal,1
2632,18,29,,63.52,29.31,53.71,124,5.022,0,11,O,AB,Routine,0
2633,37,62,96.29,42.19,66.85,97.58,248,6.839,0,25,O,A,Urgent,1
2634,48,48,49.23,84.92,24.59,49.53,327,6.073,0,0,B,O,Normal,0
2635,39,41,54.12,64.03,31.72,53.99,790,4.511,6,2,B,B,Normal,1
2636,68,72,99.59,9.36,46.54,92.28,241,2.145,0,4,O,A,Routine,1
2637,59,43,54.27,94.01,7.77,46.66,393,5.554,0,16,B,O,Urgent,0
2638,26,42,97.24,91.84,13.06,85.83,324,2.741,0,16,O,O,Urgent,1
2639,24,49,26.85,45.03,98.86,80.62,716,5.362,1,25,B,O,Urgent,0
2640,67,28,45.57,21.95,83.96,56.15,704,7.157,2,39,B,B,Normal,0
2641,36,67,35.96,46.65,68.23,94.99,702,3.491,0,31,AB,O,Urgent,0
2642,67,76,82.19,19.53,1.24,91.45,375,7.162,5,9,B,A,Urgent,1
2643,25,42,48.4,19.75,48.0,84.57,250,4.299,4,17,B,O,Normal,0
2644,55,33,74.75,30.67,86.59,72.72,186,7.009,6,22,O,B,Urgent,0
2645,32,77,92.7,33.18,32.88,50.92,10,6.751,0,45,A,O,Normal,0
2646,57,43,41.44,20.11,92.71,65.08,485,0.5,2,14,O,O,Normal,1
2647,32,22,74.74,91.24,1.31,97.4,367,7.506,1,10,AB,B,Normal,0
2648,47,48,34.64,53.78,69.07,60.57,662,6.741,1,1,A,A,Urgent,0
2649,58,64,66.57,54.22,0.21,62.52,345,4.8,0,6,A,A,Critical,1
2650,21,45,82.74,21.53,17.61,62.51,602,4.014,0,24,B,O,Normal,1
2651,37,67,30.6,37.2,50.34,89.26,789,5.796,0,30,O,A,Urgent,1
2652,31,38,59.33,17.07,21.86,49.19,863,7.502,2,7,AB,O,Urgent,1
2653,55,60,40.86,46.7,4.98,85.82,77,2.35,5,5,B,B,Critical,1
2654,46,77,64.43,25.74,97.31,62.24,637,2.25,6,31,A,O,Normal,0
2655,51,40,75.41,90.13,39.31,88.37,475,1.437,0,11,A,B,Critical,0
2656,34,23,30.57,78.02,54.25,57.62,68,9.11,0,11,B,B,Normal,0
2657,61,18,47.35,35.66,47.82,95.93,378,10.019,1,43,AB,A,Normal,0
2658,19,44,86.03,64.33,0.85,65.39,254,3.804,2,25,A,O,Normal,0
2659,60,23,54.24,92.7,49.73,53.57,459,3.733,1,37,O,A,Normal,0
2660,38,51,66.31,53.24,32.92,95.39,71,6.849,3,13,O,O,Urgent,0
2661,39,34,67.25,,25.16,69.47,85,3.767,2,5,B,A,Normal,0
2662,33,74,45.54,77.39,59.26,78.13,418,6.044,1,41,O,O,Critical,0
2663,55,19,94.43,43.24,11.62,59.13,669,0.896,7,36,O,O,Critical,1
2664,66,53,31.16,62.06,63.71,99.18,307,2.216,4,13,O,A,Urgent,0
2665,21,42,79.95,13.71,25.67,76.47,372,6.376,0,21,B,B,Urgent,1
2666,42,61,63.29,84.23,23.33,70.18,371,9.995,2,19,B,AB,Urgent,1
2667,69,70,54.69,7.82,16.87,99.29,533,10.443,0,1,O,A,Normal,1
2668,20,38,60.62,54.01,33.0,78.53,,1.52,0,18,O,B,Routine,0
2669,32,61,64.18,37.73,2.85,58.26,400,6.929,1,29,AB,B,Critical,0
2670,25,31,29.69,20.34,7.68,63.0,173,4.94,0,6,O,O,Normal,1
2671,49,38,70.04,84.13,7.42,78.49,259,4.932,2,11,O,O,Urgent,1
2672,35,49,84.99,96.01,44.21,47.7,661,1.45,1,14,A,B,Routine,0
2673,53,76,25.06,23.88,31.81,82.74,15,7.6,0,23,O,O,Urgent,0
2674,33,38,28.28,69.26,68.3,54.81,287,6.168,1,5,A,O,Normal,0
2675,38,60,98.15,10.33,98.1,58.81,952,5.023,1,22,O,A,Normal,1
2676,64,58,72.52,84.3,0.69,97.62,888,0.724,0,6,B,B,Critical,1
2677,30,53,26.82,82.04,98.93,81.23,292,3.536,2,23,B,A,Urgent,0
2678,42,51,88.67,31.02,64.53,57.16,440,8.847,1,9,O,A,Normal,0
2679,56,75,97.8,57.84,40.77,81.73,977,3.846,1,19,B,O,Critical,1
2680,30,31,81.23,98.96,24.71,51.36,78,6.985,0,1,B,AB,Critical,0
2681,50,48,76.94,11.74,82.57,62.93,532,1.326,0,2,O,B,Normal,1
2682,41,70,54.45,29.37,76.67,64.06,706,10.587,6,29,B,O,Urgent,0
2683,46,19,66.08,79.88,37.52,58.44,460,8.633,0,27,O,O,Urgent,0
2684,21,65,51.49,52.54,43.23,59.02,561,0.5,1,44,B,B,Normal,1
2685,58,68,96.76,44.83,83.46,49.39,994,5.168,1,10,O,O,Normal,1
2686,28,31,31.29,27.14,97.01,62.29,736,5.021,2,3,O,A,Critical,0
2687,41,50,88.03,33.93,94.95,82.63,481,5.669,0,9,A,A,Routine,1
2688,49,46,77.26,26.81,54.18,56.58,162,2.76,0,3,A,O,Urgent,0
2689,63,26,31.35,56.12,38.82,59.13,500,5.694,1,37,A,O,Routine,0
2690,28,50,61.42,2.61,54.61,95.68,71,5.041,0,22,AB,O,Normal,0
2691,43,53,94.78,67.31,25.36,66.1,575,6.564,2,10,A,O,Urgent,0
2692,51,25,77.38,75.9,79.38,87.68,952,7.548,0,26,O,B,Normal,0
2693,40,60,33.75,39.39,28.09,88.54,775,4.78,0,20,O,O,Normal,0
2694,56,28,92.55,23.66,40.3,59.69,824,3.999,2,28,A,AB,Urgent,1
2695,21,48,85.03,50.85,83.82,75.57,353,8.001,2,27,AB,O,Normal,0
2696,55,62,25.95,89.7,5.0,92.79,959,4.109,8,7,O,B,Urgent,0
2697,51,57,81.3,87.6,99.04,60.3,220,8.01,1,6,AB,AB,Normal,0
2698,36,26,50.07,45.19,95.58,95.62,720,5.088,1,10,O,O,Urgent,1
2699,30,53,76.95,76.33,41.78,59.78,158,3.542,2,23,B,B,Normal,1
2700,50,64,36.3,10.63,17.11,59.37,773,6.908,0,14,A,O,Normal,0
2701,21,44,45.05,63.73,31.92,88.01,264,6.682,3,23,A,AB,Critical,1
2702,47,74,42.53,63.73,93.81,97.04,347,3.15,0,27,O,A,Urgent,0
2703,67,33,34.89,14.18,16.15,59.05,998,5.233,0,34,A,O,Urgent,0
2704,39,32,99.53,86.98,6.91,83.52,434,7.985,2,7,A,B,Normal,0
2705,29,74,65.36,36.02,40.73,84.26,169,6.179,2,45,B,A,Urgent,0
2706,35,67,99.46,56.59,8.23,94.65,337,5.6,1,32,O,O,Routine,1
2707,26,41,55.47,62.53,4.37,58.26,295,7.632,1,15,A,B,Routine,0
2708,25,57,89.27,16.53,84.27,69.09,756,6.961,1,32,B,O,Critical,0
2709,29,19,83.58,87.38,44.89,99.86,529,6.132,4,10,A,B,Critical,0
2710,63,73,47.41,29.45,56.3,46.81,822,,3,10,O,O,Normal,1
2711,21,73,96.82,18.25,27.77,66.67,142,3.096,0,52,B,A,Routine,0
2712,48,77,78.57,57.26,89.22,94.43,721,4.593,0,29,O,A,Normal,1
2713,20,65,53.77,61.18,3.22,79.84,810,6.228,3,45,O,B,Normal,0
2714,24,60,73.13,60.87,27.75,49.56,236,6.993,2,36,A,A,Routine,0
2715,36,32,88.68,78.72,50.61,57.83,74,5.641,3,4,A,A,Critical,1
2716,52,59,43.06,91.03,68.19,98.72,745,7.264,4,7,AB,O,Critical,0
2717,40,35,37.86,77.19,47.89,79.33,335,5.742,0,5,O,B,Urgent,0
2718,28,67,89.13,32.82,30.76,57.46,480,5.45,2,39,O,A,Routine,1
2719,20,26,34.37,41.11,34.33,84.95,33,4.326,0,6,O,O,Urgent,1
2720,28,27,58.27,2.75,8.27,51.7,829,4.66,0,1,O,A,Urgent,1
2721,49,19,88.09,96.78,32.13,85.4,756,3.271,1,30,AB,O,Urgent,1
2722,50,28,31.58,92.81,32.15,63.7,873,7.916,4,22,B,O,Routine,0
2723,61,40,87.92,98.07,54.34,60.23,756,6.722,0,21,A,B,Normal,0
2724,32,31,56.87,73.61,71.27,59.25,326,4.224,0,1,B,A,Normal,0
2725,50,32,87.35,47.76,67.58,90.83,421,7.527,5,18,O,A,Urgent,0
2726,21,60,75.9,57.56,6.91,90.1,236,5.284,0,39,O,B,Normal,1
2727,42,28,,41.83,74.03,47.07,499,5.825,2,14,B,O,Urgent,0
2728,52,53,66.19,39.26,85.74,73.15,76,8.441,0,1,A,A,Normal,0
2729,43,29,64.59,3.56,56.1,56.92,323,2.182,1,14,O,O,Urgent,1
2730,59,21,27.61,65.92,90.19,89.92,340,8.112,1,38,O,O,Normal,0
2731,24,22,69.78,10.28,54.15,49.4,430,3.597,3,2,O,A,Normal,0
2732,43,30,88.2,63.58,48.87,78.66,7,1.222,0,13,O,O,Critical,1
2733,57,55,50.05,54.47,61.4,47.6,317,5.94,0,2,A,O,Normal,0
2734,54,71,99.06,64.75,46.5,92.1,500,5.937,2,17,O,B,Urgent,1
2735,41,37,92.57,96.56,44.33,59.05,926,4.125,6,4,O,A,Urgent,1
2736,35,71,46.35,69.04,88.74,67.71,324,9.629,2,36,A,B,Normal,0
2737,26,42,89.6,19.05,25.73,67.96,771,7.443,2,16,O,A,Normal,1
2738,42,72,41.3,78.38,46.13,73.88,431,5.93,1,30,O,O,Normal,0
2739,58,26,82.7,91.89,26.19,59.34,43,3.093,0,32,O,A,Urgent,0
2740,40,41,39.56,48.32,78.35,93.63,283,2.284,4,1,A,O,Critical,0
2741,58,75,83.16,1.87,21.57,59.8,280,9.22,1,17,B,O,Urgent,0
2742,47,32,27.23,70.49,52.39,47.94,726,4.146,1,15,A,A,Critical,1
2743,50,43,97.75,16.32,93.84,89.07,158,3.488,1,7,A,O,Urgent,1
2744,29,59,97.2,37.03,3.09,99.98,749,6.299,1,30,O,O,Critical,1
2745,43,59,87.26,13.57,49.42,91.19,268,4.201,0,16,O,O,Normal,1
2746,69,59,73.9,18.73,20.32,47.65,851,1.73,2,10,O,B,Urgent,1
2747,59,52,25.52,95.89,66.85,82.21,254,1.494,3,7,O,B,Urgent,0
2748,20,,89.62,66.64,29.08,48.56,640,4.713,2,40,A,B,Routine,0
2749,27,67,82.48,49.42,19.71,79.63,943,5.734,0,40,O,O,Critical,1
2750,52,19,36.94,87.96,39.2,80.35,512,3.764,2,33,O,B,Urgent,0
2751,42,75,99.69,40.98,63.93,63.9,621,7.575,2,33,B,B,Critical,1
2752,59,,91.61,80.21,35.65,88.16,916,4.739,2,2,AB,B,Normal,0
2753,67,40,67.61,35.38,53.2,60.16,595,2.097,0,27,A,AB,Critical,1
2754,29,67,69.23,8.93,2.28,74.09,274,4.423,3,38,B,O,Urgent,0
2755,57,51,45.19,74.76,78.47,45.94,550,4.682,2,6,B,A,Normal,0
2756,45,58,31.6,81.62,7.69,86.62,779,4.91,4,13,B,O,Urgent,0
2757,59,66,42.88,56.3,13.96,71.69,527,3.236,0,7,B,O,Normal,0
2758,24,50,40.73,6.4,3.11,48.66,777,4.751,5,26,A,O,Routine,0
2759,44,21,47.57,19.16,23.16,79.82,704,4.946,1,23,A,B,Normal,0
2760,30,32,89.99,56.77,53.34,90.93,775,2.901,1,2,B,A,Normal,0
2761,41,40,25.03,50.73,4.15,90.79,490,6.203,0,1,B,A,Normal,0
2762,53,25,97.23,4.05,54.23,78.14,518,0.5,0,28,O,B,Urgent,1
2763,37,22,65.25,89.14,11.26,75.38,543,6.516,0,15,O,B,Urgent,1
2764,60,65,63.37,12.4,32.01,71.63,72,0.781,2,5,B,O,Urgent,0
2765,20,46,36.43,96.66,70.69,53.7,30,3.192,1,26,O,O,Routine,0
2766,38,33,38.73,99.96,39.16,92.67,459,5.404,7,5,B,B,Critical,0
2767,60,66,86.54,10.48,42.21,60.01,918,4.011,0,6,B,B,Routine,1
2768,55,54,95.46,21.38,57.17,73.82,243,7.501,4,1,A,O,Urgent,1
2769,21,42,44.46,21.02,40.17,67.32,236,4.86,3,21,B,A,Normal,0
2770,52,58,52.07,97.48,21.46,97.39,599,6.3,1,6,O,B,Normal,0
2771,43,30,62.9,29.82,80.3,66.27,662,4.895,2,13,B,A,Normal,0
2772,23,24,36.48,94.23,87.69,75.51,132,9.478,0,1,A,A,Normal,0
2773,62,76,47.81,33.8,97.93,68.34,625,9.013,0,14,B,B,Critical,1
2774,54,38,61.76,50.86,80.5,78.13,240,5.655,0,16,O,O,Urgent,1
2775,41,25,56.11,66.06,63.01,58.4,348,3.253,0,16,O,B,Urgent,0
2776,59,29,95.66,38.0,41.73,60.42,703,4.148,0,30,O,B,Routine,1
2777,67,64,64.46,27.7,58.34,59.61,698,6.966,0,3,B,A,Normal,0
2778,21,39,46.27,67.64,63.05,64.02,714,6.468,1,18,B,B,Routine,0
2779,65,49,96.52,66.44,14.7,96.45,229,4.861,0,16,A,A,Routine,1
2780,44,23,52.8,91.49,64.81,90.33,2,4.777,0,21,B,B,Routine,0
2781,20,41,44.77,76.6,3.5,67.15,496,4.024,0,21,B,A,Urgent,0
2782,60,43,41.07,42.28,75.47,77.19,556,3.776,4,17,O,B,Normal,0
2783,54,69,75.67,89.94,2.41,60.96,196,4.08,4,15,O,B,Normal,0
2784,65,30,46.15,15.2,79.11,95.53,287,6.839,3,35,AB,O,Routine,0
2785,55,65,69.12,28.81,54.23,50.46,615,4.925,3,10,B,A,Urgent,0
2786,62,68,96.78,6.0,22.51,91.62,634,7.526,0,6,B,O,Urgent,1
2787,26,51,78.26,2.71,79.12,78.41,851,3.34,1,25,B,A,Urgent,1
2788,58,19,92.18,1.05,65.48,76.41,556,9.321,0,39,A,A,Urgent,1
2789,21,21,74.79,25.84,53.01,62.57,575,4.049,3,0,B,B,Urgent,1
2790,34,64,73.13,24.99,76.81,66.31,651,3.445,0,30,O,B,Critical,1
2791,40,37,91.54,2.29,99.72,75.53,675,7.285,0,3,B,O,Critical,0
2792,33,31,73.12,88.87,69.09,75.37,554,5.744,6,2,AB,AB,Normal,0
2793,59,56,90.34,13.59,70.92,59.41,19,8.994,1,3,O,O,Normal,1
2794,53,65,28.74,29.68,87.51,91.72,902,9.523,1,12,AB,B,Normal,0
2795,39,44,97.03,34.18,85.57,97.84,983,9.914,0,5,B,O,Critical,0
2796,54,53,84.37,81.55,80.31,45.6,401,5.674,0,1,AB,O,Urgent,0
2797,48,56,68.76,77.04,27.58,66.1,204,5.799,0,8,A,B,Normal,0
2798,26,31,49.86,78.07,72.61,,473,7.56,2,5,B,O,Routine,0
2799,50,24,41.55,18.63,36.05,47.11,497,3.039,1,26,B,O,Urgent,0
2800,24,28,51.6,93.47,43.67,49.45,963,3.775,0,4,A,O,Urgent,0
2801,65,26,45.37,52.5,99.29,90.2,272,7.698,2,39,A,O,Routine,0
2802,27,39,57.36,21.64,61.0,69.58,842,6.026,0,12,O,AB,Critical,1
2803,44,38,91.54,0.13,32.47,47.7,66,0.5,4,6,O,B,Normal,1
2804,57,44,73.23,26.55,58.48,49.93,786,4.137,1,13,B,AB,Normal,1
2805,,23,80.77,70.8,5.66,51.45,786,8.079,1,21,O,B,Urgent,1
2806,25,47,60.6,80.95,45.48,76.58,692,4.733,0,22,A,O,Normal,0
2807,57,74,55.35,21.05,47.07,65.32,118,8.116,4,17,B,B,Routine,0
2808,46,43,66.75,64.45,53.73,96.79,102,4.484,1,3,O,A,Urgent,0
2809,47,58,34.77,11.22,97.15,49.81,585,3.529,2,11,O,O,Routine,0
2810,31,59,64.35,83.6,43.16,70.23,857,5.097,0,28,A,O,Routine,0
2811,38,40,47.71,67.04,6.32,80.24,754,0.987,3,2,A,O,Urgent,0
2812,,77,28.17,58.38,20.73,78.96,958,4.459,2,42,B,O,Normal,0
2813,32,21,30.94,4.59,11.3,94.96,902,8.737,0,11,A,A,Critical,1
2814,65,76,41.56,82.5,69.12,68.03,610,6.107,0,11,O,O,Normal,0
2815,42,19,79.1,33.41,72.69,79.03,281,10.846,1,23,AB,B,Urgent,0
2816,21,26,38.62,11.0,58.72,90.77,192,5.428,0,5,O,A,Urgent,1
2817,27,34,39.59,87.59,68.49,53.62,305,3.784,3,7,B,O,Normal,0
2818,60,27,84.01,2.13,6.37,99.72,942,4.27,7,33,O,B,Routine,1
2819,57,18,48.37,30.98,43.69,49.58,827,4.865,2,39,O,O,Urgent,0
2820,21,77,89.62,74.88,35.85,96.09,736,4.171,0,56,O,O,Urgent,0
2821,31,33,,95.49,92.26,82.8,445,10.094,1,2,A,B,Urgent,0
2822,43,42,65.51,22.68,69.41,55.32,313,5.85,0,1,O,O,Critical,1
2823,31,67,97.56,81.37,78.35,90.48,375,8.907,1,36,A,A,Routine,1
2824,35,43,48.65,68.85,41.07,71.88,807,5.876,1,8,B,O,Routine,0
2825,23,40,74.5,68.87,21.56,97.63,580,3.572,1,17,B,O,Routine,0
2826,65,63,74.61,72.61,45.31,71.63,644,9.136,1,2,A,O,Critical,0
2827,31,69,91.32,35.1,17.25,97.92,480,8.713,0,38,A,A,Urgent,1
2828,41,38,31.68,87.84,11.46,92.16,419,4.367,0,3,AB,A,Urgent,0
2829,31,47,74.8,45.53,82.26,78.92,841,2.698,0,16,O,B,Routine,1
2830,33,40,81.47,89.66,22.0,84.63,855,1.57,0,7,O,O,Urgent,1
2831,29,35,95.02,35.15,59.7,91.96,489,3.833,1,6,O,A,Urgent,1
2832,19,56,47.47,69.93,24.36,82.47,329,3.967,7,37,O,O,Normal,0
2833,32,28,98.25,30.92,7.35,79.57,847,2.226,2,4,O,A,Urgent,1
2834,51,68,36.72,30.83,1.17,96.67,631,7.917,2,17,B,O,Urgent,0
2835,49,71,51.81,43.83,27.74,84.24,28,6.894,4,22,O,O,Urgent,0
2836,,67,93.54,37.01,19.08,80.02,370,3.478,1,42,AB,B,Urgent,0
2837,61,46,84.06,57.97,90.36,88.29,955,3.134,0,15,A,B,Critical,0
2838,30,48,53.7,54.78,69.0,61.17,144,7.319,1,18,A,A,Urgent,0
2839,60,75,55.4,18.43,56.08,59.78,283,3.601,0,15,O,B,Urgent,1
2840,31,73,81.64,61.95,25.23,63.36,175,0.5,0,42,B,A,Critical,0
2841,49,22,40.03,48.63,57.7,75.18,455,2.477,1,27,A,AB,Critical,0
2842,37,24,41.1,33.06,62.1,58.95,509,6.13,2,13,O,O,Routine,1
2843,41,49,60.69,65.44,83.35,95.21,780,4.468,1,8,O,O,Normal,1
2844,23,39,85.11,8.51,35.95,98.24,158,4.985,0,16,O,B,Urgent,1
2845,27,58,95.64,24.96,75.88,95.72,694,1.457,1,31,O,B,Normal,1
2846,35,65,47.43,40.6,66.42,66.69,69,11.332,0,30,A,B,Critical,0
2847,43,36,81.5,54.55,4.77,98.76,195,4.643,4,7,A,B,Critical,0
2848,30,76,84.02,18.92,6.45,84.43,110,5.881,0,46,AB,O,Urgent,1
2849,33,23,29.17,80.77,20.32,73.94,787,3.676,1,10,O,O,Normal,1
2850,26,46,68.86,20.07,34.48,90.48,791,3.077,3,20,O,B,Critical,1
2851,59,27,91.66,92.9,23.28,62.81,556,4.955,3,32,O,O,Critical,1
2852,68,54,75.61,72.68,28.02,55.43,938,5.965,1,14,B,O,Urgent,1
2853,53,48,46.95,65.38,30.43,91.91,139,4.526,2,5,A,O,Urgent,0
2854,60,75,89.76,15.58,35.21,73.17,89,2.812,0,15,O,O,Normal,1
2855,39,73,57.45,18.52,45.08,60.6,979,3.823,0,34,O,A,Urgent,1
2856,62,27,89.91,64.44,18.2,57.99,777,6.526,1,35,O,A,Critical,1
2857,60,65,97.02,49.37,67.33,60.62,896,4.356,4,5,A,A,Normal,1
2858,69,59,93.87,75.4,93.63,74.47,346,7.147,8,10,A,B,Normal,0
2859,55,21,74.13,45.77,79.85,52.08,321,6.505,0,34,A,B,Normal,0
2860,32,35,61.38,97.86,49.12,96.06,1,6.495,0,3,O,O,Urgent,1
2861,32,63,69.28,78.9,87.86,69.71,423,1.967,3,31,O,O,Urgent,0
2862,18,60,31.8,43.47,55.7,59.48,386,9.199,3,42,B,B,Urgent,0
2863,48,69,63.15,67.4,71.13,88.11,604,5.139,3,21,O,B,Critical,0
2864,50,77,36.65,82.29,22.69,55.16,718,3.972,0,27,O,A,Normal,0
2865,44,30,78.76,61.83,54.03,50.17,341,5.726,5,14,A,O,Urgent,0
2866,64,50,58.66,9.78,39.13,59.71,346,8.851,0,14,O,B,Normal,0
2867,60,68,90.51,41.24,27.5,89.94,900,1.924,6,8,O,A,Urgent,1
2868,35,28,94.26,8.72,78.19,47.07,779,1.184,1,7,A,B,Urgent,1
2869,36,54,88.53,33.7,49.15,57.87,715,5.375,2,18,A,O,Normal,0
2870,19,69,75.85,61.11,91.9,59.89,530,6.857,0,50,B,B,Normal,1
2871,59,65,93.25,51.94,67.0,98.88,103,4.27,3,6,B,O,Normal,0
2872,53,73,43.68,48.98,22.6,46.61,316,2.747,0,20,A,A,Normal,0
2873,24,59,93.28,93.8,54.07,67.71,29,5.532,1,35,A,O,Normal,0
2874,64,32,61.31,41.63,32.24,55.63,853,4.655,1,32,B,A,Normal,1
2875,53,69,88.27,14.17,49.9,73.39,944,3.928,0,16,O,B,Normal,1
2876,51,22,86.88,0.5,82.98,69.45,331,2.007,1,29,O,A,Critical,1
2877,63,40,43.56,63.64,7.25,84.88,306,2.437,0,23,O,B,Normal,0
2878,66,47,57.21,84.99,71.28,56.6,278,6.867,0,19,B,A,Normal,0
2879,59,72,40.92,13.1,92.43,89.27,241,7.456,0,13,B,B,Urgent,0
2880,19,27,35.27,11.95,6.62,73.12,886,1.906,0,8,B,A,Urgent,1
2881,48,40,99.41,31.36,49.41,64.17,918,5.74,0,8,A,O,Routine,0
2882,61,67,42.75,53.55,89.94,82.01,508,4.448,2,6,O,B,Urgent,0
2883,18,71,94.08,,86.93,56.5,500,4.432,7,53,O,B,Urgent,0
2884,47,37,87.77,77.67,70.77,86.76,534,3.891,,10,O,A,Normal,0
2885,54,23,87.0,10.44,31.79,48.94,958,3.137,2,31,O,O,Urgent,1
2886,45,52,95.21,96.21,32.69,61.18,27,6.493,3,7,A,O,Critical,0
2887,45,50,39.37,6.83,20.33,67.7,788,4.92,0,5,B,B,Urgent,1
2888,58,49,27.64,60.65,95.84,63.62,919,5.471,1,9,O,B,Urgent,0
2889,57,75,54.22,44.0,24.33,78.56,838,6.159,3,18,AB,A,Urgent,0
2890,67,25,80.98,29.3,15.3,86.53,23,4.176,0,42,A,A,Normal,1
2891,22,61,91.8,15.82,0.18,70.83,287,8.159,5,39,O,O,Routine,1
2892,20,18,43.44,24.9,37.59,47.84,970,5.586,0,2,O,O,Normal,1
2893,31,42,48.78,97.55,4.81,81.05,496,6.338,0,11,O,O,Routine,1
2894,25,63,38.63,57.06,0.98,67.98,969,2.608,2,38,A,O,Urgent,0
2895,32,19,69.52,99.12,93.99,85.85,214,5.489,2,13,O,O,Normal,1
2896,27,54,70.26,34.42,35.76,94.31,496,5.262,0,27,O,O,Routine,1
2897,32,43,52.89,70.79,50.34,50.19,555,6.246,0,11,A,A,Normal,1
2898,56,31,79.08,13.14,35.99,85.85,161,6.187,2,25,AB,O,Normal,0
2899,31,55,46.97,14.21,25.99,66.3,636,5.641,2,24,O,B,Urgent,0
2900,54,71,76.02,21.79,19.59,58.38,41,7.37,0,17,B,O,Critical,1
2901,66,48,44.5,13.67,9.47,68.65,1,,0,18,O,B,Urgent,0
2902,31,68,62.69,91.79,4.44,81.48,128,10.027,2,37,O,A,Urgent,0
2903,60,53,87.47,32.74,88.88,77.02,264,2.488,0,7,B,O,Normal,0
2904,50,23,61.59,48.51,50.12,95.41,245,7.195,0,27,B,A,Routine,0
2905,24,53,38.98,76.95,11.04,48.23,92,8.361,4,29,A,B,Routine,0
2906,27,57,54.84,6.56,28.5,87.87,864,3.618,3,30,B,O,Urgent,1
2907,34,70,39.53,74.61,96.67,88.53,721,8.154,0,36,B,B,Urgent,0
2908,41,63,49.68,55.94,50.1,49.95,556,5.902,2,22,O,B,Critical,0
2909,62,34,32.47,49.79,57.01,57.58,283,2.537,0,28,O,B,Normal,0
2910,38,70,45.48,90.64,97.63,88.17,711,1.135,3,32,B,A,Normal,0
2911,35,76,98.17,28.12,77.05,87.52,28,5.69,0,41,A,O,Urgent,0
2912,53,73,35.09,42.01,37.43,58.05,575,4.184,3,20,A,O,Normal,0
2913,50,68,46.23,11.06,8.08,49.69,564,6.453,0,18,B,O,Urgent,1
2914,59,48,76.2,40.2,79.25,51.17,235,4.958,2,11,B,A,Urgent,0
2915,65,58,32.2,99.77,12.1,77.4,295,6.725,0,7,B,B,Normal,1
2916,63,61,,84.71,10.3,86.71,393,2.506,3,2,O,O,Urgent,0
2917,43,51,83.45,90.98,90.83,48.77,284,6.101,1,8,O,A,Normal,0
2918,35,43,32.09,47.73,81.75,47.72,686,5.657,0,8,A,O,Urgent,0
2919,58,22,36.33,7.49,58.91,80.54,963,8.539,5,36,A,B,Normal,0
2920,49,58,76.08,9.27,64.11,98.57,175,3.22,1,9,O,O,Urgent,1
2921,32,62,44.79,31.73,88.89,86.78,964,6.044,0,30,O,A,Critical,0
2922,57,74,65.37,10.51,69.49,70.32,467,4.491,2,17,O,A,Urgent,0
2923,20,26,65.55,48.54,83.08,68.65,64,6.746,0,6,O,A,Urgent,0
2924,64,47,67.56,20.53,50.09,88.15,139,7.489,1,17,B,O,Urgent,0
2925,32,35,93.09,84.32,40.1,69.02,569,6.398,5,3,A,B,Urgent,0
2926,30,27,79.54,68.94,98.01,51.18,249,8.558,0,3,O,O,Routine,0
2927,43,71,96.09,49.47,69.56,62.38,647,6.163,3,28,A,A,Urgent,1
2928,41,60,56.51,77.81,32.2,78.35,374,2.649,2,19,O,B,Urgent,0
2929,26,39,31.56,50.29,25.55,96.64,705,9.5,2,13,A,B,Critical,0
2930,68,42,69.91,48.7,37.37,87.34,965,3.239,5,26,O,O,Normal,1
2931,67,41,91.75,68.26,75.63,57.31,652,6.929,0,26,O,O,Normal,1
2932,33,46,85.11,29.64,98.19,82.37,207,2.685,0,13,O,B,Critical,1
2933,38,34,92.39,78.33,59.49,98.45,155,6.614,2,4,A,B,Urgent,0
2934,52,22,47.79,62.74,7.49,69.22,79,5.247,0,30,O,O,Normal,0
2935,68,19,84.13,24.44,55.43,67.97,432,6.237,5,,O,O,Urgent,1
2936,53,27,54.41,76.02,48.1,74.9,472,2.81,0,26,O,A,Urgent,1
2937,33,53,40.3,12.96,29.71,91.0,532,7.336,1,20,B,O,Critical,0
2938,20,62,71.87,59.55,52.22,62.34,793,3.498,0,42,B,A,Normal,0
2939,62,34,90.88,68.45,7.17,65.21,725,7.214,0,28,O,A,Normal,1
2940,45,50,69.8,64.78,47.89,46.6,401,6.152,0,5,A,A,Urgent,1
2941,48,37,73.87,41.86,81.16,92.1,396,0.5,0,11,O,A,Normal,1
2942,28,60,42.0,74.87,21.59,97.6,656,8.706,0,32,O,B,Urgent,0
2943,48,61,49.02,25.18,61.61,51.44,543,2.54,1,13,A,B,Routine,0
2944,35,51,92.4,4.72,65.42,73.13,492,4.917,0,16,O,O,Critical,1
2945,40,63,44.48,87.78,27.88,62.74,60,5.735,1,23,AB,A,Urgent,0
2946,59,57,28.93,96.08,30.97,62.08,546,8.735,8,2,A,B,Urgent,0
2947,68,61,48.35,72.02,46.85,71.26,823,7.058,0,7,O,O,Normal,1
2948,56,37,36.08,38.73,54.31,58.85,314,7.298,3,19,O,A,Urgent,0
2949,65,44,85.81,82.12,22.42,46.67,464,7.401,2,21,A,O,Routine,0
2950,27,48,90.97,45.8,60.85,78.48,616,7.945,0,21,O,B,Urgent,1
2951,55,74,66.95,79.69,93.59,47.13,475,4.603,2,19,B,O,Normal,0
2952,43,62,52.87,73.12,79.5,49.6,602,5.101,2,19,B,A,Urgent,0
2953,63,22,63.84,67.6,16.74,64.92,129,2.887,0,41,B,O,Normal,0
2954,21,41,84.28,65.8,32.63,80.07,203,6.339,0,20,B,O,Urgent,0
2955,28,55,81.27,32.05,21.03,54.79,824,5.722,0,27,B,B,Urgent,1
2956,37,20,96.75,61.12,62.44,81.67,169,4.747,0,17,O,A,Urgent,0
2957,36,77,39.75,84.07,51.43,60.46,900,8.328,0,41,O,O,Normal,0
2958,59,55,51.61,79.73,77.59,68.01,253,2.978,0,4,B,O,Routine,0
2959,37,48,57.52,90.35,10.87,84.08,305,2.817,3,11,B,O,Urgent,0
2960,30,40,91.17,40.85,84.11,98.33,950,2.676,1,10,A,O,Critical,0
2961,45,68,54.07,72.17,90.78,82.93,933,8.928,1,23,B,B,Normal,0
2962,27,50,38.78,54.1,10.59,71.86,709,8.555,3,23,O,AB,Critical,0
2963,21,38,43.88,1.29,66.6,45.23,806,8.862,0,17,B,AB,Critical,0
2964,21,62,70.24,60.26,8.43,99.38,631,6.631,0,41,O,A,Routine,1
2965,59,56,30.18,38.83,49.03,66.43,794,5.176,1,3,O,O,Urgent,1
2966,68,70,64.8,94.19,18.47,48.81,71,4.797,0,2,O,O,Normal,1
2967,19,18,40.24,92.9,71.9,50.99,131,3.266,0,1,O,A,Urgent,0
2968,39,60,92.81,87.47,41.01,90.97,298,0.738,0,21,A,AB,Critical,0
2969,38,42,77.04,81.26,67.56,88.8,603,8.102,2,4,O,B,Normal,0
2970,48,30,59.49,99.58,35.76,83.73,879,5.178,1,18,O,A,Normal,0
2971,41,61,35.27,33.66,91.4,57.21,60,9.497,2,20,O,AB,Urgent,0
2972,59,63,80.23,95.4,81.62,61.83,707,6.182,0,4,B,O,Normal,0
2973,62,44,37.0,31.39,10.1,72.61,574,7.231,1,18,A,AB,Normal,0
2974,34,38,73.62,28.99,83.53,76.65,695,5.767,2,4,O,O,Urgent,1
2975,50,66,46.49,51.46,38.84,98.39,847,5.094,1,16,A,O,Routine,0
2976,36,76,79.89,16.87,82.14,77.63,960,2.74,3,40,B,A,Urgent,0
2977,18,33,56.06,99.76,36.74,95.71,491,9.219,3,15,O,O,Normal,0
2978,36,77,42.45,94.36,27.22,54.27,286,3.761,1,41,A,B,Normal,0
2979,24,47,95.47,75.5,7.88,85.19,945,5.934,3,23,A,O,Normal,0
2980,62,63,96.28,39.23,84.08,45.06,217,4.078,0,1,O,B,Urgent,1
2981,35,24,80.19,19.26,50.42,88.99,173,6.267,1,11,O,AB,Normal,0
2982,63,22,61.92,43.5,37.47,77.92,886,2.101,0,41,O,B,Urgent,1
2983,55,57,82.91,43.77,74.27,59.78,573,8.958,4,2,O,B,Critical,0
2984,20,34,34.99,91.47,64.71,67.2,750,5.431,0,14,O,A,Normal,0
2985,46,49,45.95,7.66,56.28,93.27,313,2.061,0,3,B,O,Normal,0
2986,26,24,74.7,36.24,,92.44,208,7.274,0,2,B,A,Normal,0
2987,26,34,79.42,23.44,29.87,99.55,628,5.377,0,8,O,B,Urgent,1
2988,30,60,71.21,51.42,90.78,77.48,385,8.756,1,30,O,A,Normal,0
2989,52,42,85.76,35.93,42.55,91.0,201,5.04,1,10,O,O,Normal,1
2990,43,69,61.95,92.16,9.36,87.96,264,7.851,1,26,B,O,Normal,0
2991,44,23,82.71,92.57,96.18,74.81,498,6.346,1,21,A,A,Critical,0
2992,62,71,88.95,94.55,34.78,66.25,967,2.627,0,9,O,B,Normal,1
2993,18,18,91.24,,27.22,60.76,641,3.721,2,0,O,B,Routine,1
2994,68,56,71.34,65.77,41.03,97.73,315,4.707,3,12,A,B,Urgent,0
2995,27,60,57.68,45.96,25.1,79.28,842,7.737,2,33,B,B,Urgent,1
2996,59,31,71.18,66.07,85.09,63.84,109,8.258,6,28,B,B,Urgent,0
2997,65,32,83.29,18.41,10.75,71.93,564,6.669,0,33,B,B,Urgent,1
2998,64,21,78.11,99.07,79.93,81.19,638,5.435,5,43,O,A,Normal,0
2999,30,38,28.43,77.99,34.88,62.11,822,3.281,0,8,O,B,Normal,0
3000,20,71,81.32,90.59,17.05,94.68,636,9.174,0,51,A,B,Urgent,0
3001,30,62,27.25,20.77,91.44,95.01,373,1.074,6,32,O,AB,Critical,0
3002,24,38,79.12,50.56,71.27,71.4,203,7.16,0,14,A,B,Critical,0
3003,38,52,73.23,15.14,94.21,63.0,681,8.54,0,14,AB,B,Normal,0
3004,68,23,76.96,60.0,50.15,72.95,399,2.247,2,45,O,B,Normal,0
3005,45,39,70.99,91.69,26.88,54.81,943,7.445,4,6,B,O,Urgent,1
3006,24,24,96.03,49.43,92.74,95.23,813,7.512,1,0,A,O,Normal,0
3007,69,64,71.08,77.39,5.33,51.37,241,6.761,7,5,O,O,Urgent,1
3008,25,56,70.58,48.6,37.54,67.3,781,6.843,1,31,B,A,Critical,0
3009,30,55,98.44,21.82,70.44,90.95,123,7.241,1,25,B,O,Normal,1
3010,28,61,82.49,90.72,79.34,74.85,459,3.872,5,33,O,A,Normal,0
3011,37,50,88.88,74.78,66.87,96.77,485,7.072,5,13,O,O,Urgent,1
3012,31,65,41.1,41.05,80.55,81.79,426,8.51,0,34,O,B,Normal,0
3013,18,71,43.61,23.9,81.88,63.99,491,8.404,0,53,B,A,Routine,0
3014,30,73,84.38,68.77,9.24,82.38,222,3.565,0,43,A,A,Normal,1
3015,42,19,85.89,28.05,10.5,83.41,232,10.974,2,23,A,A,Normal,1
3016,62,71,92.71,0.07,28.52,91.61,751,6.227,1,9,O,O,Critical,1
3017,50,51,33.19,69.48,99.98,81.77,98,5.688,0,1,A,B,Normal,0
3018,55,29,74.63,86.18,13.89,49.49,868,4.569,0,26,O,B,Urgent,1
3019,21,40,29.36,64.52,78.44,80.36,432,7.687,1,19,A,A,Critical,0
3020,52,29,69.13,24.47,8.42,86.19,133,5.072,3,23,O,AB,Urgent,0
3021,53,38,30.85,54.02,51.51,84.75,321,4.007,1,15,B,O,Routine,0
3022,69,49,33.79,71.41,55.23,66.34,986,6.455,0,20,B,O,Routine,0
3023,20,19,48.89,77.86,2.5,68.7,701,3.405,0,1,A,O,Urgent,0
3024,42,23,61.36,19.35,28.74,47.53,668,5.112,1,19,O,A,Urgent,0
3025,41,47,95.46,24.36,16.24,54.29,92,4.342,1,6,O,B,Normal,1
3026,19,74,26.61,7.97,65.83,80.43,331,6.281,6,55,O,O,Urgent,0
3027,26,32,87.48,57.09,37.1,65.11,662,5.971,2,6,B,A,Urgent,0
3028,29,35,54.51,30.08,17.09,84.2,96,4.992,1,6,B,O,Normal,0
3029,,23,95.92,40.89,94.47,66.75,51,2.572,1,34,O,O,Normal,1
3030,36,34,93.68,12.46,50.85,84.45,189,6.184,0,2,B,B,Urgent,1
3031,41,26,52.64,54.66,96.91,49.22,666,5.0,0,15,A,A,Urgent,0
3032,46,23,45.77,39.98,48.21,89.36,713,7.671,0,23,O,O,Routine,0
3033,65,68,64.07,79.8,38.78,49.98,490,3.609,1,3,A,B,Normal,0
3034,23,40,40.2,55.86,78.42,58.85,936,5.146,1,17,A,A,Critical,0
3035,69,22,62.37,71.26,85.34,76.75,314,1.944,3,47,B,A,Routine,0
3036,22,70,97.3,3.24,14.35,63.69,392,5.609,1,48,A,B,Critical,0
3037,69,58,91.67,6.13,84.31,63.73,706,3.616,0,11,O,AB,Critical,1
3038,63,58,42.79,28.21,37.84,59.31,456,3.182,0,5,O,O,Normal,1
3039,67,44,35.97,29.87,52.09,71.65,83,5.067,0,23,O,O,Critical,1
3040,54,45,41.57,93.63,2.65,45.69,301,4.87,0,9,B,O,Normal,0
3041,33,,32.63,86.35,49.26,68.44,610,4.701,3,8,O,O,Urgent,0
3042,40,19,85.33,17.76,80.35,75.53,147,5.375,7,21,O,O,Urgent,1
3043,25,67,55.3,15.73,75.83,98.2,122,4.442,1,42,O,B,Urgent,0
3044,33,20,60.23,42.19,36.69,47.09,792,6.924,0,13,A,AB,Urgent,1
3045,54,48,25.53,29.04,68.69,85.92,338,8.371,3,6,B,B,Normal,0
3046,36,49,52.7,27.5,60.8,76.2,453,5.453,2,13,B,B,Urgent,0
3047,29,23,64.49,71.51,19.64,89.82,17,5.421,6,6,O,B,Critical,1
3048,64,46,42.76,86.35,80.67,72.59,685,1.989,0,18,O,O,Normal,1
3049,47,32,72.12,85.53,84.85,64.04,738,6.333,5,15,O,A,Urgent,0
3050,28,44,66.48,1.92,10.45,98.7,212,4.064,0,16,AB,AB,Normal,1
3051,27,69,54.42,51.61,68.65,59.02,136,5.964,1,42,A,A,Normal,0
3052,41,24,54.5,95.36,0.75,71.24,112,3.299,1,17,O,B,Normal,0
3053,45,47,55.91,58.14,98.8,86.95,634,6.139,1,2,B,B,Normal,1
3054,20,72,48.28,26.56,91.53,60.63,605,5.587,0,52,B,O,Routine,0
3055,49,60,33.4,44.02,76.94,89.1,480,3.2,0,11,O,A,Routine,0
3056,65,42,27.2,7.36,47.84,50.0,627,8.196,0,23,O,A,Normal,0
3057,19,52,97.64,6.66,29.35,76.7,432,3.171,1,33,O,B,Normal,1
3058,43,45,44.09,20.68,7.38,79.81,560,3.206,0,2,O,A,Critical,1
3059,49,60,69.62,81.92,81.5,76.45,771,0.925,2,11,O,AB,Urgent,1
3060,23,27,98.26,76.52,38.78,53.68,872,7.052,5,4,O,O,Critical,1
3061,49,24,31.55,75.79,32.9,87.96,559,3.49,3,25,A,O,Urgent,0
3062,30,21,47.82,70.26,69.92,91.83,57,5.233,2,9,A,O,Urgent,0
3063,24,27,33.07,77.25,66.12,84.87,573,5.58,0,3,O,O,Routine,0
3064,24,34,85.88,65.23,11.11,87.46,759,7.475,3,10,B,O,Urgent,0
3065,57,27,94.77,35.97,72.56,95.44,355,4.105,0,30,O,AB,Urgent,1
3066,25,39,73.98,39.03,42.32,89.41,680,2.221,1,14,A,AB,Urgent,0
3067,27,69,51.19,7.02,93.09,56.15,497,5.302,0,42,A,B,Urgent,0
3068,26,66,55.29,27.48,71.09,77.89,628,1.612,1,40,B,B,Urgent,1
3069,43,27,42.5,75.26,40.36,81.79,876,3.784,0,16,O,B,Urgent,1
3070,69,45,32.97,22.53,95.89,87.12,739,6.066,0,24,AB,B,Urgent,0
3071,22,39,95.97,77.93,85.3,84.41,702,5.873,1,17,O,O,Routine,1
3072,22,45,47.4,56.31,9.48,84.36,771,3.596,1,23,B,O,Normal,0
3073,28,43,43.85,73.39,18.65,64.82,822,6.406,2,15,O,A,Urgent,0
3074,63,54,35.84,7.34,92.25,87.26,400,0.5,0,9,O,A,Urgent,0
3075,32,48,28.02,91.16,86.41,89.09,703,9.417,7,16,B,B,Normal,0
3076,50,36,45.69,3.26,74.96,53.77,221,7.208,0,14,O,A,Normal,0
3077,60,27,88.26,72.36,41.1,55.28,298,4.991,1,33,B,A,Urgent,0
3078,43,26,95.58,19.3,13.13,92.08,221,2.412,5,17,A,O,Urgent,1
3079,26,49,51.7,7.58,31.24,72.91,748,3.876,6,23,B,B,Critical,1
3080,19,24,33.5,70.1,90.05,77.44,975,3.633,8,5,O,O,Normal,0
3081,21,69,82.73,89.92,65.81,83.8,248,4.759,0,48,A,O,Urgent,0
3082,31,22,33.62,41.66,95.71,64.23,884,6.828,0,9,A,O,Critical,0
3083,32,62,48.95,55.13,39.56,63.6,770,2.959,2,30,O,B,Normal,0
3084,28,54,25.32,1.44,48.67,76.73,116,5.634,0,26,O,O,Urgent,1
3085,21,66,68.12,37.14,53.0,88.31,756,7.027,2,45,A,A,Critical,0
3086,60,71,76.73,75.04,62.54,89.72,608,3.588,5,11,B,AB,Critical,1
3087,23,71,78.05,88.69,72.71,75.52,571,7.099,3,48,AB,B,Normal,0
3088,49,30,75.9,67.86,74.78,95.68,49,7.635,2,19,A,A,Critical,1
3089,40,73,28.93,29.82,18.52,90.72,815,6.496,0,33,A,B,Normal,0
3090,58,67,27.65,39.34,94.25,84.68,75,8.255,0,9,AB,O,Critical,0
3091,64,74,98.42,36.45,84.52,95.39,596,2.093,5,10,O,B,Normal,1
3092,30,22,84.14,97.78,99.36,73.11,358,4.747,0,8,O,O,Critical,0
3093,30,65,84.33,94.87,52.16,45.32,899,5.683,0,35,A,A,Urgent,0
3094,36,37,75.44,37.45,20.96,97.58,685,5.648,0,1,O,A,Urgent,1
3095,27,57,92.71,59.17,73.06,58.76,428,4.036,0,30,A,B,Urgent,1
3096,52,45,44.86,82.36,79.4,92.98,927,1.798,2,7,A,O,Urgent,0
3097,68,54,26.97,59.05,55.06,69.68,172,6.352,0,14,A,A,Urgent,1
3098,40,30,28.77,55.12,39.96,94.4,697,7.621,0,10,O,O,Critical,1
3099,18,46,76.73,91.74,23.18,89.27,964,3.176,1,28,O,A,Urgent,1
3100,51,67,70.77,47.66,69.52,52.68,50,8.624,0,16,O,O,Urgent,0
3101,48,51,,72.78,31.64,97.66,284,4.756,2,3,A,A,Urgent,0
3102,35,28,63.91,63.48,29.48,84.47,513,5.906,1,7,AB,B,Normal,0
3103,46,41,91.96,96.1,55.08,89.47,26,5.852,0,5,O,B,Urgent,1
3104,35,50,59.64,75.6,84.46,63.87,714,5.857,0,15,O,A,Normal,1
3105,28,54,95.24,42.43,41.61,94.59,591,4.949,3,26,O,O,Normal,1
3106,57,29,68.08,39.4,31.8,92.31,533,4.958,,28,A,O,Urgent,0
3107,41,52,79.97,67.78,52.05,69.03,673,5.938,5,11,A,A,Normal,1
3108,47,63,51.61,18.51,38.31,49.95,875,,0,16,A,B,Urgent,0
3109,37,20,76.23,28.15,22.02,93.74,757,2.542,2,17,B,O,Normal,1
3110,39,43,97.04,72.95,81.4,79.76,398,4.524,2,4,O,O,Normal,1
3111,50,,32.34,61.88,5.32,65.49,936,1.916,1,14,O,O,Normal,0
3112,31,43,69.94,20.19,43.95,59.72,207,8.545,6,12,O,B,Normal,0
3113,22,47,85.27,9.06,47.71,87.4,23,7.278,0,25,O,O,Normal,1
3114,22,58,91.9,50.02,85.61,83.44,141,8.79,1,36,A,A,Normal,0
3115,50,24,60.54,59.96,72.08,47.06,848,5.598,1,26,A,A,Normal,0
3116,20,74,93.31,67.91,20.99,77.27,697,7.121,2,54,AB,A,Critical,0
3117,67,49,55.36,13.87,19.6,77.5,11,3.379,1,18,A,A,Critical,1
3118,67,49,96.9,7.26,91.3,89.57,336,5.245,0,18,A,AB,Urgent,1
3119,19,27,77.38,41.46,25.13,54.73,299,5.284,2,8,O,B,Normal,1
3120,39,29,68.97,61.0,73.36,85.05,598,8.239,0,10,O,A,Urgent,1
3121,43,49,80.3,73.33,22.02,60.23,705,2.171,0,6,O,A,Normal,1
3122,47,51,43.47,69.42,96.67,51.0,747,4.642,2,4,O,O,Urgent,1
3123,18,26,36.22,66.13,30.73,96.76,981,7.419,0,8,O,A,Urgent,1
3124,63,69,50.77,34.69,41.14,76.01,393,0.945,3,6,O,AB,Urgent,0
3125,24,51,47.7,4.89,34.92,70.46,945,8.464,2,27,O,AB,Critical,1
3126,37,36,65.31,21.01,39.94,57.18,161,7.317,0,1,O,A,Urgent,0
3127,23,62,34.71,46.73,71.43,45.58,276,4.462,0,39,O,O,Routine,0
3128,38,41,96.9,27.08,69.02,76.14,543,6.901,3,3,AB,B,Normal,1
3129,32,77,96.75,92.8,64.95,54.11,372,7.332,0,45,A,O,Normal,0
3130,39,30,63.81,80.26,6.38,88.66,442,4.201,0,9,B,B,Urgent,1
3131,38,52,51.64,24.02,51.14,85.17,324,6.998,2,14,O,B,Urgent,0
3132,55,53,89.72,66.98,23.44,81.61,847,7.313,0,2,O,B,Critical,1
3133,38,60,49.06,65.55,25.54,51.21,112,3.411,2,22,O,A,Critical,0
3134,68,37,96.42,4.34,28.04,69.95,305,10.321,0,31,B,O,Critical,1
3135,37,20,64.6,55.33,64.28,95.1,791,5.936,1,17,A,O,Urgent,0
3136,45,58,94.7,20.52,72.48,88.96,978,4.052,8,13,B,A,Urgent,0
3137,57,24,67.05,5.16,5.69,73.83,542,5.032,0,33,O,O,Normal,1
3138,60,59,70.35,12.25,13.19,71.75,750,4.937,2,1,O,AB,Normal,1
3139,52,44,38.25,15.39,62.19,91.26,985,7.033,7,8,O,AB,Urgent,1
3140,46,77,82.65,38.01,18.28,62.83,693,7.301,0,31,A,AB,Routine,1
3141,48,39,86.07,3.91,61.01,93.55,437,6.541,7,9,A,O,Normal,0
3142,35,21,35.25,5.93,47.1,98.5,556,3.639,3,14,A,O,Normal,0
3143,46,19,90.82,99.59,93.96,48.27,693,5.293,5,27,O,A,Critical,0
3144,44,42,44.43,39.89,0.76,99.43,385,5.144,3,2,A,A,Normal,1
3145,28,65,37.96,13.32,45.42,99.38,677,9.065,0,37,B,O,Normal,0
3146,68,29,47.52,97.7,76.62,46.31,653,9.601,2,39,B,B,Urgent,0
3147,21,72,49.69,88.25,33.1,46.93,390,3.295,0,51,A,O,Urgent,0
3148,46,68,59.06,18.98,47.23,98.59,670,5.427,5,22,AB,O,Routine,0
3149,41,67,33.99,42.82,89.17,99.74,691,4.049,4,26,A,A,Urgent,0
3150,59,37,75.98,67.61,33.64,89.49,280,6.798,4,22,O,O,Routine,0
3151,40,72,75.39,59.32,51.79,86.14,39,2.673,6,32,B,B,Normal,0
3152,67,35,53.0,18.72,15.34,82.42,196,5.32,2,32,A,O,Routine,0
3153,18,46,68.51,8.42,5.97,68.9,53,5.623,2,28,B,A,Normal,0
3154,51,20,32.53,22.66,90.56,91.69,730,10.32,0,31,O,O,Normal,1
3155,64,72,86.16,40.39,58.2,52.58,999,4.103,1,8,A,A,Normal,1
3156,63,27,64.49,58.55,44.16,53.51,20,7.386,0,36,A,O,Critical,0
3157,52,33,53.5,20.35,78.57,48.01,124,3.284,0,19,AB,A,Urgent,0
3158,31,39,39.45,61.19,54.59,99.89,403,6.233,1,8,O,AB,Normal,1
3159,60,22,64.83,15.83,45.58,94.99,654,7.531,4,38,O,O,Urgent,1
3160,68,71,93.48,19.19,52.5,80.56,287,1.179,1,3,O,A,Normal,1
3161,38,27,,15.76,71.16,79.43,337,8.254,0,11,O,A,Normal,0
3162,63,73,90.82,9.92,63.78,61.27,948,4.885,2,10,B,B,Normal,1
3163,38,32,41.01,88.22,27.05,87.78,47,6.226,0,6,A,AB,Urgent,1
3164,25,71,76.84,70.29,27.25,73.27,809,3.552,0,46,A,O,Routine,0
3165,28,23,39.27,9.23,65.85,65.42,216,2.973,0,5,B,A,Urgent,0
3166,24,33,90.3,60.45,65.44,52.43,458,3.189,1,9,O,B,Urgent,1
3167,23,60,31.27,85.74,15.26,53.99,410,9.147,1,37,A,O,Routine,0
3168,23,43,38.28,4.12,5.76,47.68,869,6.031,0,20,O,B,Normal,1
3169,67,47,91.83,68.9,55.54,87.39,847,8.198,0,20,B,A,Normal,1
3170,66,58,26.75,94.34,41.38,81.44,893,3.932,0,8,B,A,Urgent,0
3171,65,25,93.56,48.39,77.19,56.19,346,5.256,1,40,A,B,Normal,0
3172,36,63,29.34,46.31,11.62,93.31,166,6.57,3,27,O,A,Normal,0
3173,42,63,31.48,45.77,71.41,84.02,688,,0,21,O,A,Critical,0
3174,47,36,83.54,5.35,60.83,45.51,675,7.355,4,,O,O,Critical,1
3175,50,23,47.63,4.61,10.49,75.58,798,5.991,3,27,O,A,Critical,0
3176,22,20,48.15,92.0,83.35,56.52,7,7.951,6,2,O,A,Critical,0
3177,65,40,48.4,63.93,76.79,86.27,619,5.724,1,25,O,A,Normal,0
3178,26,33,78.89,9.88,48.56,75.1,349,6.114,0,7,A,AB,Urgent,1
3179,57,64,93.23,79.32,68.59,86.23,760,7.294,0,7,B,A,Urgent,1
3180,45,32,66.63,69.95,15.15,90.47,259,6.074,1,13,O,B,Normal,1
3181,21,53,25.81,78.02,59.3,79.48,771,6.747,1,32,A,O,Normal,0
3182,32,64,26.12,49.8,2.09,52.86,251,4.536,1,32,O,B,Urgent,0
3183,61,34,37.63,67.59,95.7,64.55,152,3.38,4,27,O,A,Normal,0
3184,34,21,57.81,91.53,85.29,88.36,639,3.686,0,13,A,O,Normal,0
3185,50,74,76.74,14.94,99.2,59.78,430,4.502,0,24,A,A,Critical,1
3186,65,49,49.3,81.35,68.31,45.46,231,5.595,5,16,A,O,Normal,0
3187,26,47,46.15,39.64,16.01,78.58,627,9.331,2,21,O,A,Normal,0
3188,68,47,81.76,87.83,11.27,48.38,625,5.852,0,21,O,A,Urgent,1
3189,24,40,70.75,95.14,92.36,94.68,792,7.475,0,16,O,B,Urgent,1
3190,43,29,67.01,2.44,16.32,83.23,817,2.495,0,14,B,A,Urgent,0
3191,32,35,33.56,14.52,92.47,72.78,568,1.577,7,3,AB,AB,Normal,0
3192,44,27,87.34,51.81,50.19,51.29,647,4.007,4,17,A,A,Normal,1
3193,31,50,57.16,28.37,58.39,57.05,169,6.549,2,19,A,O,Critical,0
3194,25,51,28.66,13.89,72.79,72.53,176,5.087,4,26,O,A,Urgent,0
3195,61,33,57.24,83.82,69.9,85.55,762,4.261,2,28,O,O,Critical,0
3196,26,50,46.47,54.86,79.58,70.71,729,4.156,1,24,A,O,Normal,0
3197,64,51,28.54,2.56,89.72,73.6,618,5.534,6,13,A,A,Critical,1
3198,40,30,55.43,18.3,9.1,66.85,837,4.275,3,10,O,A,Critical,1
3199,45,59,39.13,68.77,82.84,82.73,759,6.964,0,14,O,A,Urgent,1
3200,32,73,49.42,10.28,25.7,94.92,108,2.978,0,41,O,O,Normal,0
3201,49,40,59.15,93.22,54.56,97.83,347,5.489,1,9,A,A,Normal,1
3202,62,22,71.62,76.96,23.06,78.06,538,2.571,1,40,O,B,Critical,1
3203,41,30,76.14,22.64,65.4,94.7,114,7.332,0,11,O,O,Urgent,1
3204,46,46,89.15,32.91,82.53,56.48,44,5.721,1,0,B,A,Normal,0
3205,44,47,53.17,77.09,93.77,67.57,861,5.922,1,3,A,B,Normal,0
3206,33,30,35.94,39.59,62.22,61.59,792,3.837,1,3,A,A,Normal,1
3207,24,66,48.82,5.81,65.81,98.99,286,2.053,4,42,A,O,Normal,0
3208,48,52,28.07,82.94,36.06,53.53,99,4.811,6,4,O,B,Normal,0
3209,22,77,84.72,74.88,81.7,67.11,45,7.537,0,55,B,AB,Routine,0
3210,18,26,72.68,82.86,91.37,77.31,571,5.307,5,8,O,O,Normal,1
3211,32,51,96.94,96.94,53.34,92.87,549,8.118,1,19,O,B,Normal,0
3212,63,54,60.41,7.44,64.78,77.03,40,8.245,0,9,O,O,Critical,0
3213,28,56,88.02,97.72,62.48,79.26,787,4.36,,28,B,A,Normal,0
3214,33,66,74.98,39.88,36.06,62.82,870,,0,33,B,B,Urgent,1
3215,53,63,33.17,52.42,68.53,48.21,180,5.174,4,10,O,O,Urgent,0
3216,22,61,78.92,33.36,89.18,47.31,511,,0,39,AB,B,Urgent,0
3217,32,71,84.73,89.78,66.4,47.63,176,6.466,4,39,B,B,Normal,0
3218,40,26,76.6,75.81,11.57,90.84,287,6.811,2,14,A,A,Normal,1
3219,24,49,29.41,66.69,79.1,86.78,470,8.352,0,25,O,B,Normal,0
3220,,23,71.3,44.35,87.51,77.87,866,1.445,3,4,O,O,Urgent,1
3221,64,23,75.87,45.83,18.63,67.42,790,2.591,1,41,B,A,Urgent,0
3222,60,26,34.36,20.25,36.75,45.94,635,9.131,3,34,B,B,Routine,0
3223,68,24,34.78,83.33,96.03,47.15,962,6.54,2,44,A,O,Normal,0
3224,54,46,26.48,7.83,49.62,87.61,691,2.703,0,8,A,O,Urgent,0
3225,19,34,93.61,92.04,22.48,75.4,872,6.216,0,15,A,O,Urgent,0
3226,19,35,93.21,77.11,80.08,53.99,929,6.159,1,16,O,O,Urgent,1
3227,45,73,81.35,16.87,14.84,54.7,970,4.31,0,28,AB,O,Critical,1
3228,68,22,89.21,36.7,85.69,98.88,874,3.983,6,46,O,B,Normal,1
3229,64,62,68.02,48.93,22.48,87.47,714,3.347,0,2,AB,B,Urgent,1
3230,57,27,61.19,57.15,24.79,49.41,393,6.145,2,30,AB,O,Urgent,0
3231,49,71,49.19,76.63,79.25,50.72,95,5.088,2,22,B,O,Normal,0
3232,44,57,78.3,7.53,88.6,74.9,146,9.676,0,13,B,O,Normal,0
3233,36,37,66.89,41.76,20.32,85.4,615,5.054,3,1,A,B,Critical,0
3234,49,73,88.14,18.13,91.13,93.71,748,5.61,1,24,A,AB,Critical,1
3235,38,66,70.47,4.23,37.2,54.59,574,4.909,1,28,B,B,Routine,1
3236,57,33,71.56,88.41,78.37,84.49,15,2.854,1,24,B,A,Normal,0
3237,65,21,36.01,58.55,33.83,70.55,978,4.83,0,44,O,O,Normal,0
3238,66,60,62.69,62.78,99.03,55.75,616,4.09,4,6,AB,A,Urgent,0
3239,51,50,30.66,59.48,53.36,82.52,716,6.955,2,1,AB,O,Normal,0
3240,30,23,58.34,68.12,88.86,73.4,751,4.116,0,7,A,O,Normal,0
3241,52,60,84.9,17.32,28.74,68.35,785,6.838,4,8,B,B,Urgent,1
3242,56,34,30.59,34.23,91.5,45.36,137,5.372,0,22,B,A,Normal,0
3243,32,36,67.16,5.33,25.37,94.86,858,4.422,2,4,B,B,Critical,1
3244,29,21,29.53,27.99,74.41,55.18,159,9.38,3,8,A,B,Routine,0
3245,66,46,78.38,15.84,5.18,83.41,479,5.771,0,20,O,O,Normal,1
3246,29,65,43.12,54.29,56.52,46.88,454,7.709,0,36,O,AB,Routine,0
3247,25,28,34.9,60.03,3.21,75.1,528,7.24,0,3,O,B,Routine,1
3248,22,62,,83.37,70.97,71.15,532,7.171,1,40,O,B,Routine,0
3249,62,60,50.6,30.16,,99.58,690,9.192,1,2,O,AB,Normal,1
3250,69,68,95.71,20.44,40.11,81.16,35,3.196,1,1,O,A,Urgent,1
3251,53,42,95.47,45.57,71.86,70.47,692,4.966,1,11,O,B,Urgent,1
3252,38,57,67.82,10.34,83.51,93.98,879,4.348,3,19,O,O,Normal,1
3253,40,67,43.74,89.56,25.59,83.62,468,5.879,0,27,O,O,Urgent,0
3254,18,77,67.25,79.97,6.12,87.88,978,8.052,2,59,A,A,Normal,1
3255,29,69,69.59,92.4,40.72,97.79,786,6.919,2,40,A,O,Normal,0
3256,59,27,58.14,95.39,59.63,81.6,,,4,32,B,AB,Critical,0
3257,59,49,50.3,14.15,80.36,61.04,285,1.942,0,10,B,O,Urgent,0
3258,43,76,30.43,,4.77,64.42,74,7.269,2,33,A,O,Critical,0
3259,45,42,32.66,84.0,96.18,48.58,981,4.724,1,3,B,O,Normal,0
3260,24,21,70.96,24.87,85.39,79.21,48,0.688,3,3,A,B,Normal,0
3261,51,22,36.56,95.18,8.71,63.15,89,12.304,2,29,A,A,Routine,0
3262,42,29,68.43,69.15,30.85,96.45,380,7.439,2,13,O,B,Critical,0
3263,45,72,47.02,75.98,24.6,93.92,814,4.181,8,27,O,O,Urgent,1
3264,48,58,66.47,45.78,44.08,92.58,383,5.609,1,10,A,O,Urgent,0
3265,56,51,61.07,93.61,99.58,65.98,280,5.368,0,5,B,O,Urgent,0
3266,44,57,64.31,39.2,22.48,79.51,321,2.985,1,13,A,B,Normal,0
3267,39,35,92.19,12.3,82.27,73.6,443,4.329,1,4,A,AB,Normal,1
3268,61,59,50.48,66.74,56.18,53.86,229,9.399,3,2,O,O,Normal,0
3269,69,39,95.67,66.93,83.09,53.92,406,4.632,1,30,O,O,Critical,0
3270,29,37,35.14,16.27,97.23,75.82,161,6.569,2,8,B,B,Normal,1
3271,32,32,82.34,92.64,61.29,50.3,943,5.376,5,0,O,A,Routine,0
3272,29,32,56.74,38.65,60.83,79.13,996,1.891,1,3,O,O,Critical,1
3273,21,57,49.01,67.01,6.71,65.97,160,6.705,0,36,B,AB,Urgent,0
3274,34,69,33.76,82.87,49.61,87.77,280,8.216,4,35,A,A,Urgent,0
3275,54,42,86.19,41.97,81.85,65.86,141,5.343,0,12,O,O,Normal,1
3276,61,34,54.16,39.04,60.67,72.15,275,8.232,0,27,B,A,Normal,0
3277,30,24,84.75,67.71,15.25,77.9,521,8.626,1,6,A,AB,Urgent,1
3278,54,35,41.08,17.29,79.31,65.33,760,7.439,0,19,O,A,Normal,1
3279,43,34,31.23,88.79,78.77,75.65,954,8.2,0,9,B,A,Normal,0
3280,59,56,85.16,16.27,63.3,84.99,902,2.837,1,3,A,B,Urgent,1
3281,18,60,37.67,53.42,24.82,85.62,559,4.965,2,42,A,A,Normal,0
3282,43,32,56.81,86.25,67.01,52.55,86,6.62,2,11,O,AB,Routine,0
3283,42,18,41.13,60.24,69.01,45.31,309,3.163,1,24,O,A,Urgent,0
3284,28,26,60.18,74.35,52.57,62.1,612,4.768,2,2,O,A,Normal,0
3285,40,37,76.94,78.38,32.06,53.84,298,7.852,3,3,B,O,Urgent,0
3286,59,42,98.08,95.47,69.57,53.98,165,5.142,0,17,O,O,Urgent,1
3287,32,51,97.22,53.43,67.34,75.47,111,6.46,1,19,A,A,Critical,1
3288,20,18,83.94,32.45,77.22,57.42,692,5.071,1,2,B,B,Urgent,1
3289,20,64,47.22,76.25,7.81,95.29,430,8.344,2,44,A,A,Normal,0
3290,46,68,34.75,45.68,77.12,71.12,501,6.688,0,22,A,O,Normal,0
3291,31,48,79.79,0.51,57.04,87.02,774,4.879,0,17,A,A,Routine,1
3292,41,45,36.72,54.31,21.06,73.91,818,6.01,5,4,O,B,Normal,0
3293,38,34,89.29,90.82,89.2,79.34,243,4.372,1,4,A,A,Urgent,1
3294,27,44,28.43,82.08,25.1,66.08,5,7.084,0,17,O,O,Normal,0
3295,29,21,94.47,72.91,67.0,53.19,277,6.394,3,8,O,O,Routine,0
3296,56,74,29.31,71.14,40.91,81.67,734,7.046,1,18,A,B,Urgent,0
3297,66,32,55.16,16.14,66.28,86.31,849,5.288,0,34,A,A,Critical,1
3298,40,51,67.54,58.14,59.29,72.15,958,3.843,1,11,O,O,Normal,0
3299,18,49,58.7,7.23,68.41,47.2,2,8.277,1,31,A,O,Urgent,0
3300,49,18,51.18,89.11,79.8,99.98,769,7.855,0,31,A,B,Normal,0
3301,36,20,33.55,38.23,82.98,69.84,261,6.38,6,16,A,A,Normal,0
3302,35,48,26.14,67.21,32.67,50.05,25,5.151,4,13,O,B,Urgent,0
3303,62,58,46.41,2.66,19.84,96.46,746,7.713,1,4,O,O,Urgent,1
3304,27,53,25.24,3.67,21.83,94.66,6,2.861,0,26,O,O,Critical,0
3305,24,47,75.91,90.72,86.9,93.84,271,6.563,0,23,O,AB,Critical,0
3306,22,28,66.44,29.69,59.11,67.87,395,3.888,5,6,B,A,Normal,0
3307,49,77,69.52,51.07,8.01,85.52,530,9.373,3,28,A,A,Normal,1
3308,64,28,63.44,6.94,45.79,50.7,411,6.597,2,36,A,AB,Urgent,0
3309,19,74,90.54,67.24,97.1,55.74,845,5.68,7,55,O,O,Normal,0
3310,25,39,28.37,1.24,46.2,67.79,96,8.213,3,14,O,O,Urgent,0
3311,40,43,31.06,84.61,20.33,45.39,970,2.945,2,3,O,B,Normal,0
3312,32,61,88.05,4.6,2.21,50.48,606,6.136,1,29,B,O,Routine,1
3313,36,70,25.58,8.63,57.51,58.49,179,8.119,2,34,O,O,Urgent,0
3314,66,64,25.2,58.48,89.7,95.47,83,6.544,5,2,O,O,Urgent,0
3315,48,69,60.13,75.16,25.44,55.55,78,7.201,2,21,A,AB,Routine,0
3316,68,52,76.02,73.45,33.45,99.41,893,6.189,0,16,A,O,Normal,0
3317,52,54,98.15,94.77,72.23,95.04,791,6.869,6,2,O,A,Routine,1
3318,28,20,46.68,79.89,1.94,53.06,928,6.544,0,8,B,O,Routine,0
3319,30,53,70.76,49.52,56.0,73.14,905,0.514,8,23,O,A,Normal,1
3320,58,71,79.9,19.0,66.18,,567,5.063,3,13,O,A,Urgent,1
3321,30,54,61.19,16.94,82.19,95.38,59,5.951,0,24,B,B,Urgent,0
3322,27,72,33.13,57.23,37.28,97.09,48,6.688,0,45,B,O,Urgent,0
3323,65,69,25.44,25.93,22.88,56.15,909,4.619,1,4,O,B,Critical,1
3324,58,44,59.91,6.75,20.44,68.39,15,4.483,5,14,O,B,Critical,0
3325,51,55,32.3,53.88,85.5,84.63,482,5.516,8,4,O,B,Critical,0
3326,49,29,63.42,7.19,84.8,48.19,506,3.456,0,20,O,O,Normal,0
3327,41,63,76.19,99.5,55.04,45.3,640,6.403,1,22,A,A,Routine,0
3328,57,29,82.62,14.51,45.03,73.59,708,4.99,3,28,O,B,Critical,1
3329,29,58,77.34,16.55,24.38,94.72,259,6.604,3,29,O,A,Critical,0
3330,66,65,68.86,13.48,17.36,62.51,331,6.198,0,1,O,O,Critical,1
3331,47,38,55.89,40.91,12.92,61.27,928,4.334,2,9,A,AB,Routine,1
3332,33,65,,89.44,9.98,47.69,622,6.066,0,32,A,B,Normal,0
3333,43,19,78.42,30.45,64.09,53.6,138,2.503,0,24,B,O,Normal,0
3334,39,65,52.08,84.2,76.48,61.95,174,5.581,0,26,B,A,Normal,0
3335,55,39,94.13,41.11,99.72,80.94,834,5.799,0,16,B,O,Routine,0
3336,41,58,58.7,2.53,56.25,72.65,840,6.701,0,17,B,O,Urgent,1
3337,41,31,93.55,1.44,32.12,95.78,476,6.771,1,10,B,B,Normal,1
3338,31,31,60.54,51.35,99.71,92.18,597,4.797,0,0,A,A,Routine,0
3339,67,34,47.29,83.6,38.63,51.53,700,5.959,0,33,O,B,Critical,0
3340,61,25,35.54,99.22,60.39,85.02,90,5.843,5,36,O,O,Normal,0
3341,21,28,95.52,25.02,3.79,91.83,304,3.834,1,7,B,O,Normal,1
3342,31,28,72.87,81.27,98.96,82.76,899,4.317,1,3,B,B,Urgent,1
3343,21,31,47.07,89.71,17.89,69.18,941,,0,10,O,O,Urgent,1
3344,24,63,42.39,40.02,61.62,74.51,608,8.009,0,39,O,O,Critical,0
3345,32,34,67.44,29.15,8.52,65.32,377,5.895,2,2,O,O,Routine,1
3346,35,40,67.81,67.32,5.21,70.76,318,5.657,6,5,AB,B,Urgent,0
3347,55,48,64.33,97.62,92.93,70.95,286,2.172,1,7,A,O,Normal,0
3348,36,44,65.32,86.89,13.92,80.68,517,5.179,0,8,A,O,Routine,1
3349,20,30,28.59,46.52,18.08,67.7,807,5.022,5,10,A,AB,Urgent,0
3350,34,38,94.18,10.27,75.26,73.31,203,4.682,5,4,O,A,Normal,1
3351,60,44,95.23,14.42,71.76,74.49,912,7.199,1,16,A,O,Urgent,1
3352,66,33,84.01,93.5,48.33,80.66,516,5.982,0,33,B,O,Routine,0
3353,49,53,28.39,89.75,31.96,61.71,445,8.449,0,4,O,B,Urgent,0
3354,54,24,94.48,93.76,83.22,58.32,590,2.223,0,30,O,B,Normal,0
3355,67,35,56.36,40.39,62.62,83.82,269,6.167,0,32,O,O,Normal,0
3356,21,43,92.35,76.95,37.97,69.97,891,5.903,0,22,O,O,Urgent,1
3357,66,32,42.9,88.0,8.17,79.28,379,8.215,4,34,B,B,Urgent,0
3358,45,25,50.45,23.92,79.8,64.14,935,7.157,1,20,B,B,Urgent,1
3359,22,54,29.42,50.47,85.9,98.43,587,8.696,3,32,B,B,Normal,0
3360,44,71,31.06,77.11,91.54,79.98,637,5.227,6,27,O,O,Urgent,0
3361,51,33,31.21,7.69,60.95,94.73,345,4.615,0,18,B,A,Urgent,0
3362,57,39,26.15,49.32,45.57,82.73,663,0.5,0,18,O,A,Urgent,1
3363,63,66,94.15,54.67,42.45,57.47,685,4.768,0,3,A,O,Urgent,0
3364,44,55,42.0,50.16,91.76,,676,6.948,3,11,O,A,Critical,0
3365,46,66,26.89,51.89,28.16,76.48,597,5.726,0,20,B,B,Urgent,0
3366,22,32,52.43,55.56,39.52,76.67,580,7.018,1,10,O,O,Normal,1
3367,37,57,73.06,60.53,18.08,75.83,339,4.551,1,20,B,A,Urgent,0
3368,67,63,90.7,43.8,75.42,45.33,228,7.689,3,4,O,B,Urgent,0
3369,60,58,61.78,42.38,95.98,51.46,766,6.191,0,2,O,O,Critical,1
3370,58,36,87.4,12.64,3.67,67.42,582,0.5,0,22,A,A,Critical,1
3371,41,72,82.06,86.11,29.37,46.0,405,8.833,6,31,O,O,Urgent,1
3372,45,23,58.58,27.22,54.97,55.85,92,10.007,0,22,B,O,Normal,0
3373,34,32,40.84,97.58,17.76,81.17,694,7.123,4,2,O,O,Routine,1
3374,67,46,43.91,17.04,35.13,59.86,125,5.519,2,21,A,O,Normal,0
3375,63,52,75.37,83.26,9.48,82.71,933,5.063,0,11,O,AB,Urgent,1
3376,49,26,81.02,11.09,31.08,64.88,596,6.942,1,23,A,B,Normal,0
3377,55,72,44.71,57.53,32.72,77.0,533,6.42,2,17,O,B,Normal,1
3378,27,36,40.94,96.03,72.58,58.72,5,5.136,2,9,O,O,Urgent,0
3379,59,56,89.43,84.99,71.37,85.67,361,4.187,0,3,O,AB,Normal,0
3380,41,49,76.78,90.52,86.03,94.28,622,0.5,1,8,A,A,Critical,1
3381,25,76,73.35,64.24,7.64,84.31,623,3.49,0,51,O,A,Routine,0
3382,40,39,34.01,81.99,38.66,77.29,253,2.196,3,1,AB,B,Normal,0
3383,54,,65.82,99.28,18.89,73.03,704,3.564,0,4,O,O,Normal,1
3384,25,27,78.48,54.03,,54.95,360,1.535,4,2,O,A,Urgent,1
3385,44,28,51.07,54.93,35.7,62.35,883,3.393,1,16,B,B,Critical,1
3386,53,20,30.43,32.83,53.35,71.08,648,6.174,0,33,B,O,Critical,0
3387,56,62,94.82,98.42,90.39,70.77,260,6.374,2,6,A,A,Normal,1
3388,22,27,99.89,96.28,74.46,63.93,233,0.5,2,5,A,O,Routine,0
3389,24,37,69.68,82.4,93.92,51.36,21,0.62,1,13,O,A,Urgent,0
3390,42,42,89.29,44.89,89.7,56.53,567,7.897,4,0,B,AB,Normal,1
3391,29,59,76.28,37.13,76.95,95.47,287,0.799,0,30,O,B,Urgent,1
3392,60,68,52.66,9.71,70.09,87.44,102,4.419,5,8,B,O,Urgent,0
3393,48,52,72.4,80.71,70.32,89.72,61,6.045,1,4,A,A,Urgent,0
3394,66,43,90.07,41.41,21.16,47.09,322,6.516,0,23,A,A,Normal,0
3395,43,76,65.22,4.62,33.17,93.91,520,7.953,1,33,A,AB,Critical,1
3396,40,34,94.24,96.2,3.1,84.67,202,6.444,8,6,O,A,Normal,0
3397,55,24,98.08,52.72,75.6,84.98,577,5.817,1,31,O,A,Normal,1
3398,52,46,73.05,72.41,34.59,52.63,834,6.841,2,6,O,B,Normal,1
3399,18,34,82.99,36.51,71.55,88.06,232,5.567,2,16,O,A,Urgent,0
3400,60,63,97.47,81.64,32.86,89.55,134,2.122,8,3,A,A,Urgent,1
3401,27,27,55.3,34.26,68.01,54.41,133,8.645,0,0,O,O,Urgent,1
3402,68,33,55.9,37.6,28.03,62.3,375,3.376,3,35,O,A,Critical,1
3403,67,70,51.88,54.19,63.15,84.43,542,3.026,0,3,O,A,Normal,0
3404,39,28,85.53,76.57,34.54,99.52,142,4.41,0,11,A,O,Critical,0
3405,63,36,98.23,13.5,51.77,55.22,423,1.09,0,27,A,B,Urgent,0
3406,49,47,43.96,7.54,59.71,82.31,430,5.737,5,2,B,O,Normal,0
3407,55,75,65.01,3.94,7.35,86.84,522,1.393,0,20,B,B,Normal,1
3408,44,42,73.09,76.22,52.19,60.09,658,3.593,0,2,A,B,Urgent,0
3409,64,73,49.09,46.96,90.89,96.66,801,9.05,2,9,B,O,Urgent,0
3410,35,26,64.9,59.72,53.71,83.51,541,9.87,1,9,B,O,Urgent,0
3411,34,55,55.88,78.43,30.5,63.2,603,6.817,0,21,B,O,Routine,0
3412,27,34,46.85,31.91,55.58,63.29,256,6.244,0,7,A,B,Critical,0
3413,37,42,81.38,21.7,97.74,48.01,790,0.5,3,5,B,AB,Urgent,0
3414,23,55,76.65,1.33,4.47,78.73,408,6.029,2,32,B,O,Normal,0
3415,22,36,35.72,57.01,2.16,58.33,738,6.119,3,14,O,O,Normal,0
3416,62,36,84.82,26.18,62.08,92.42,900,5.57,6,26,B,O,Urgent,1
3417,44,45,60.92,61.34,14.11,77.41,377,6.39,1,1,O,A,Normal,0
3418,28,57,79.46,97.02,10.57,55.52,921,5.698,3,29,AB,A,Urgent,0
3419,49,39,56.78,44.79,72.67,48.84,35,7.102,3,10,A,A,Urgent,0
3420,50,45,86.78,51.57,85.92,64.77,791,4.274,0,5,O,B,Normal,1
3421,21,30,30.11,38.99,91.96,87.1,96,4.505,1,9,O,B,Normal,0
3422,26,27,81.61,94.47,38.85,91.86,196,6.33,1,1,O,O,Routine,1
3423,29,28,95.96,76.0,62.15,92.91,280,8.292,3,1,B,A,Routine,0
3424,49,51,73.01,83.64,70.12,78.06,865,7.148,2,2,A,B,Urgent,0
3425,39,70,26.26,53.86,78.42,82.07,246,5.746,4,31,O,B,Normal,0
3426,42,18,64.38,6.84,22.49,49.88,994,1.914,1,24,O,O,Routine,1
3427,43,68,35.2,60.07,75.87,83.02,342,6.46,0,25,A,B,Urgent,0
3428,20,54,91.22,1.01,1.78,70.61,999,7.57,2,34,B,A,Urgent,1
3429,44,27,84.73,91.51,41.23,62.53,706,4.68,2,17,O,B,Normal,0
3430,62,70,70.78,91.89,83.94,99.22,382,5.475,0,8,O,B,Routine,0
3431,31,69,76.32,8.88,15.75,64.47,255,3.037,0,38,O,A,Routine,1
3432,39,69,54.96,27.97,86.5,50.83,14,5.312,3,30,A,A,Urgent,0
3433,47,59,75.93,21.38,9.69,47.55,770,5.771,1,12,O,AB,Normal,0
3434,29,74,95.41,21.12,72.45,49.32,615,4.538,0,45,O,B,Urgent,1
3435,55,52,30.24,73.76,13.9,64.22,749,4.387,2,3,A,A,Critical,0
3436,21,64,99.72,17.44,90.44,61.22,232,7.071,2,43,O,B,Critical,1
3437,51,47,76.05,80.47,45.88,60.98,324,4.747,0,4,B,A,Critical,1
3438,54,30,98.64,33.6,6.25,77.1,462,7.766,0,24,O,O,Critical,1
3439,40,47,74.57,22.86,50.62,74.05,985,5.6,1,7,A,O,Urgent,1
3440,19,31,26.41,68.17,79.18,75.51,477,9.922,1,12,B,O,Routine,0
3441,23,70,88.37,3.37,64.98,53.27,711,3.656,2,47,B,B,Critical,1
3442,22,64,68.97,8.33,57.6,77.5,331,5.957,8,42,B,A,Urgent,0
3443,32,57,60.67,73.72,87.88,84.76,198,5.512,1,25,O,A,Critical,0
3444,25,49,70.27,79.34,60.29,93.74,586,2.295,5,24,O,B,Urgent,1
3445,34,74,73.14,17.08,,58.35,564,6.552,1,40,O,A,Urgent,1
3446,65,60,85.59,63.12,93.97,74.52,827,4.139,0,5,O,B,Normal,1
3447,34,63,54.0,53.76,23.97,80.17,831,5.721,2,29,A,O,Normal,0
3448,23,31,25.99,22.61,59.4,81.64,160,5.978,1,8,B,O,Critical,0
3449,23,49,54.92,3.68,17.23,53.23,98,6.51,0,26,B,AB,Normal,1
3450,23,62,87.17,47.73,2.53,79.79,898,3.243,1,39,O,O,Urgent,1
3451,35,28,71.85,38.34,89.33,59.58,616,10.856,1,7,B,O,Normal,0
3452,63,33,74.25,79.68,88.18,64.8,623,5.516,1,30,O,O,Urgent,0
3453,34,76,45.15,83.87,33.57,55.67,575,7.294,1,42,A,O,Urgent,0
3454,58,48,28.23,15.36,63.46,46.63,581,6.194,3,10,A,O,Normal,0
3455,39,48,60.83,79.58,90.3,85.48,338,1.737,0,9,B,AB,Normal,0
3456,26,24,86.67,57.17,92.86,70.35,557,2.861,0,2,O,O,Normal,1
3457,35,34,51.31,99.6,20.26,64.86,382,7.664,1,1,O,O,Urgent,0
3458,24,27,35.63,32.12,11.75,45.54,704,4.787,2,3,A,AB,Normal,0
3459,24,63,50.1,19.91,80.78,45.6,431,,0,39,O,O,Critical,0
3460,37,45,37.62,92.87,57.49,47.43,243,3.281,4,8,O,O,Normal,0
3461,43,58,87.71,70.33,40.32,68.33,171,3.237,0,15,B,B,Normal,1
3462,51,41,65.74,39.65,55.27,62.92,45,5.386,0,10,B,B,Normal,1
3463,25,33,54.31,47.15,7.37,66.54,32,0.5,0,8,O,O,Normal,1
3464,54,46,35.27,4.95,11.44,76.19,563,5.813,2,8,O,O,Normal,1
3465,47,76,84.49,72.3,15.86,68.11,155,5.819,0,29,O,O,Urgent,1
3466,24,26,30.24,97.3,40.45,56.14,109,3.209,0,2,A,A,Urgent,0
3467,44,53,29.6,56.17,3.45,66.97,228,7.465,2,9,B,O,Routine,0
3468,44,71,56.65,8.3,25.56,53.53,908,5.571,1,27,AB,O,Urgent,0
3469,34,64,27.48,77.01,63.91,,73,4.049,1,30,O,A,Urgent,0
3470,50,63,62.12,10.4,39.01,68.01,847,3.635,4,13,A,B,Urgent,0
3471,54,30,88.63,99.12,52.48,46.12,310,2.757,0,24,A,AB,Urgent,0
3472,59,53,43.66,16.56,24.94,78.57,968,1.404,1,6,B,O,Urgent,0
3473,28,55,52.87,55.47,94.46,88.21,159,8.251,7,27,O,A,Urgent,0
3474,53,50,61.8,76.3,74.17,93.34,228,2.946,8,3,B,B,Routine,0
3475,36,22,52.95,21.31,25.51,59.85,375,,2,14,O,B,Critical,1
3476,63,52,36.68,6.81,71.03,64.87,629,,0,11,B,AB,Critical,0
3477,37,43,40.89,20.87,15.96,86.17,526,10.505,1,6,O,AB,Normal,0
3478,55,42,52.86,86.81,12.4,66.27,722,4.34,0,13,B,B,Urgent,1
3479,55,20,44.45,9.15,84.38,48.71,546,5.324,1,35,O,B,Routine,0
3480,68,22,66.81,46.41,61.28,62.02,157,5.097,1,46,O,B,Critical,0
3481,23,29,81.66,62.16,61.43,76.25,995,2.24,0,6,O,B,Normal,1
3482,47,77,61.07,43.61,62.86,85.91,532,4.335,5,30,A,A,Critical,0
3483,25,43,47.67,27.84,31.21,88.74,885,3.301,1,18,AB,O,Critical,0
3484,69,54,32.49,24.31,27.86,77.78,175,3.69,0,15,A,B,Routine,0
3485,52,35,53.35,63.98,50.39,98.46,108,7.98,0,17,O,B,Urgent,0
3486,18,46,37.09,92.49,39.37,75.38,550,5.784,4,28,O,O,Normal,0
3487,63,55,79.16,48.89,56.22,57.59,256,7.895,1,8,A,O,Urgent,0
3488,35,51,27.77,65.58,16.92,52.13,76,7.196,0,16,O,A,Normal,0
3489,24,74,46.34,25.06,31.52,74.61,619,8.571,0,50,O,A,Normal,0
3490,30,28,68.29,72.32,82.87,92.34,994,2.563,1,2,O,A,Urgent,1
3491,53,63,40.34,99.21,53.68,50.7,154,4.991,1,10,B,A,Urgent,0
3492,23,74,56.24,70.13,17.1,52.74,964,1.041,0,51,A,A,Critical,1
3493,32,23,94.66,93.85,63.53,75.02,848,5.924,0,9,A,B,Urgent,0
3494,38,45,50.87,49.82,33.47,82.41,753,7.352,0,7,B,B,Normal,1
3495,50,33,34.35,49.65,88.54,82.25,649,9.19,4,17,B,AB,Normal,0
3496,40,49,55.25,31.45,60.68,92.27,783,5.298,1,9,A,B,Urgent,0
3497,33,58,74.96,50.2,94.8,65.42,948,3.541,0,25,AB,O,Normal,0
3498,61,51,56.84,76.18,58.95,64.71,899,5.826,1,10,A,AB,Routine,0
3499,29,64,52.43,9.53,52.97,58.4,242,2.935,1,35,O,B,Urgent,0
3500,50,40,72.91,28.97,12.03,70.39,531,4.233,0,10,O,A,Critical,1
3501,63,63,25.02,82.85,54.1,,133,7.171,0,0,O,A,Normal,0
3502,32,29,63.63,68.91,31.97,92.39,97,5.681,0,3,O,B,Critical,1
3503,44,18,35.28,10.48,35.48,60.11,356,8.573,1,26,AB,A,Critical,0
3504,61,70,72.81,78.94,0.54,47.37,958,8.658,3,9,O,B,Normal,0
3505,40,42,91.98,66.64,44.7,65.35,699,6.79,3,2,A,A,Normal,1
3506,45,36,66.11,41.84,21.28,73.24,982,6.697,2,9,B,B,Critical,1
3507,35,22,57.34,97.1,8.87,81.7,306,6.684,0,13,B,A,Normal,0
3508,59,30,44.33,95.18,62.12,89.45,651,5.682,0,29,B,B,Urgent,0
3509,51,47,30.78,1.06,6.19,53.09,917,8.036,3,4,O,A,Urgent,1
3510,39,63,85.34,59.38,83.03,54.21,242,7.635,1,24,O,O,Normal,1
3511,19,21,42.09,23.48,73.08,98.0,302,4.146,2,2,A,A,Urgent,1
3512,65,77,81.15,75.24,66.64,71.45,43,5.952,1,12,O,A,Critical,0
3513,58,53,34.77,19.01,44.28,98.54,1000,1.899,1,5,O,O,Critical,1
3514,48,67,71.01,36.62,18.88,99.58,330,9.189,0,19,O,O,Normal,1
3515,55,30,73.86,56.95,89.02,90.24,192,3.655,0,25,A,A,Urgent,1
3516,37,26,68.15,64.71,55.6,70.31,53,6.926,1,11,B,B,Normal,0
3517,21,62,26.22,27.08,38.77,71.72,309,9.522,0,41,A,A,Normal,0
3518,39,24,72.47,1.67,41.92,77.58,70,8.764,4,15,O,O,Urgent,1
3519,44,42,58.48,81.93,49.16,59.69,193,4.783,3,2,B,A,Normal,0
3520,33,39,82.33,35.82,82.12,94.05,929,6.577,2,6,A,O,Normal,0
3521,61,73,97.4,0.05,38.91,65.59,914,5.026,1,12,B,B,Critical,1
3522,69,28,87.88,4.83,3.94,82.03,182,4.808,0,41,O,A,Urgent,1
3523,40,60,61.56,77.07,71.18,98.08,46,2.283,3,20,B,O,Normal,0
3524,69,69,83.1,82.39,40.48,69.01,95,6.381,0,0,A,A,Urgent,1
3525,32,70,48.17,86.82,26.03,67.84,58,4.422,0,38,A,O,Urgent,0
3526,61,48,71.51,30.19,64.16,93.14,943,6.135,1,13,B,A,Urgent,0
3527,25,73,36.75,79.53,29.08,49.49,17,6.724,0,48,O,A,Normal,0
3528,60,51,97.87,47.02,90.02,74.76,396,4.067,0,9,A,A,Normal,1
3529,23,55,82.5,67.52,1.78,70.62,456,3.617,0,32,O,A,Urgent,1
3530,46,33,94.8,21.04,55.45,,298,3.739,6,13,A,O,Normal,0
3531,23,30,59.8,87.18,58.43,76.58,659,5.528,4,7,O,O,Urgent,1
3532,46,76,56.92,50.68,94.87,84.57,502,11.872,3,30,B,O,Normal,0
3533,30,68,28.5,17.28,8.57,90.42,521,8.523,1,38,O,O,Critical,1
3534,38,60,59.18,93.95,16.74,77.82,180,2.746,0,22,A,A,Routine,1
3535,45,21,25.12,0.34,72.06,50.39,637,8.052,2,24,O,O,Urgent,1
3536,20,34,88.71,51.6,68.07,73.68,93,6.757,0,14,O,B,Routine,0
3537,20,47,,86.6,35.04,97.81,743,5.625,0,27,A,AB,Normal,0
3538,49,76,51.94,9.21,43.41,57.78,53,0.707,0,27,B,B,Normal,1
3539,53,55,75.52,0.04,23.93,78.46,30,7.122,4,2,B,A,Routine,1
3540,67,66,43.5,5.09,40.56,99.67,774,5.422,3,1,O,O,Urgent,1
3541,57,27,42.02,85.96,85.34,67.65,494,3.012,2,30,AB,B,Routine,0
3542,21,45,91.89,48.1,40.99,93.01,37,6.9,4,24,O,B,Critical,1
3543,27,61,85.54,10.17,14.66,95.38,12,6.256,2,34,A,B,Urgent,0
3544,29,26,41.99,72.4,82.1,83.43,75,2.504,1,3,A,B,Urgent,0
3545,54,69,49.58,37.17,45.51,76.64,371,4.697,1,15,A,O,Urgent,0
3546,53,58,71.26,32.98,54.07,69.03,993,2.365,3,5,A,AB,Normal,0
3547,23,43,81.66,13.21,13.38,50.21,755,5.653,0,20,A,O,Urgent,1
3548,48,74,33.68,61.28,38.29,78.94,375,4.64,1,26,B,O,Normal,0
3549,57,20,57.75,40.57,40.07,61.56,229,7.132,2,37,O,A,Normal,0
3550,40,64,91.53,34.27,85.62,72.27,692,2.824,0,24,O,O,Critical,1
3551,60,45,80.99,28.73,73.17,94.08,402,4.256,1,15,A,O,Normal,1
3552,39,72,96.87,60.66,75.69,77.69,167,8.1,1,33,A,O,Critical,0
3553,48,32,51.68,39.85,88.04,76.0,82,8.311,1,16,A,O,Normal,0
3554,65,76,97.62,51.77,50.45,84.13,912,6.06,0,11,O,A,Normal,1
3555,35,32,59.95,36.97,57.97,66.83,358,5.569,3,3,O,A,Urgent,0
3556,59,59,26.9,68.74,87.76,88.18,678,5.261,0,0,B,O,Critical,0
3557,62,67,48.36,6.87,24.87,89.69,684,1.158,2,5,O,O,Normal,1
3558,24,64,73.04,97.11,95.42,99.47,5,6.034,1,40,O,B,Routine,0
3559,68,40,85.28,91.5,26.84,99.7,254,5.832,0,28,A,A,Critical,1
3560,18,72,32.99,28.15,93.85,63.86,432,4.777,0,54,O,A,Urgent,0
3561,40,47,52.73,78.74,66.01,84.23,859,5.987,2,7,O,B,Urgent,1
3562,55,19,28.65,56.65,14.66,96.84,671,3.134,2,36,O,A,Normal,0
3563,68,41,88.35,69.53,92.22,50.42,813,3.033,1,27,AB,O,Urgent,0
3564,60,53,80.4,25.05,83.63,68.12,769,7.324,1,7,B,A,Normal,0
3565,38,66,54.16,55.08,25.54,68.79,353,7.967,1,28,O,B,Normal,0
3566,38,64,67.86,83.21,6.55,81.95,699,6.678,0,26,O,A,Routine,0
3567,58,70,65.46,85.63,37.5,78.74,384,2.66,0,12,O,A,Critical,1
3568,59,40,43.8,69.09,28.7,83.73,914,4.744,0,19,O,O,Routine,0
3569,67,63,53.48,60.6,98.32,69.15,863,6.077,4,4,O,B,Normal,0
3570,47,53,75.7,25.04,56.75,87.92,39,3.532,0,6,B,AB,Normal,1
3571,67,40,89.31,0.14,41.7,65.64,370,3.238,0,27,O,O,Critical,1
3572,67,57,69.49,12.98,44.79,80.41,495,6.54,1,10,A,B,Normal,0
3573,63,61,84.35,58.21,50.04,62.53,485,9.09,0,2,O,A,Urgent,1
3574,19,57,79.88,,6.48,54.0,30,2.307,1,38,B,B,Routine,1
3575,20,59,67.11,30.39,51.13,92.64,854,5.955,1,39,A,AB,Normal,1
3576,62,51,89.89,81.3,23.51,78.1,472,5.255,3,11,A,O,Normal,0
3577,41,54,98.08,43.54,70.02,64.35,122,7.878,8,13,AB,A,Urgent,0
3578,56,55,59.34,47.94,34.58,50.12,630,2.823,2,1,B,O,Normal,1
3579,45,35,70.4,48.42,39.6,83.97,644,3.608,3,10,A,AB,Urgent,1
3580,33,20,79.46,35.58,23.79,66.78,788,2.963,0,13,O,A,Urgent,1
3581,61,21,88.37,72.39,36.82,86.08,418,4.487,1,40,O,B,Routine,0
3582,44,42,86.66,41.78,20.08,49.38,547,5.86,2,2,O,O,Urgent,1
3583,67,71,87.32,18.73,58.6,93.51,595,5.923,2,4,O,O,Normal,1
3584,39,33,85.25,91.28,6.78,60.36,201,7.177,1,6,O,O,Normal,0
3585,43,73,59.24,25.19,67.13,52.64,219,10.407,3,30,B,B,Normal,0
3586,56,50,47.34,89.92,11.11,76.69,94,7.898,0,6,O,A,Critical,0
3587,68,42,33.53,86.9,2.32,73.71,81,5.396,2,26,O,O,Urgent,0
3588,42,57,70.82,70.25,95.09,80.5,833,5.318,2,15,AB,O,Critical,0
3589,30,60,95.84,35.18,61.35,85.99,55,4.855,4,30,B,B,Urgent,1
3590,22,42,36.55,26.55,42.62,80.74,610,4.49,2,20,A,A,Urgent,1
3591,66,30,43.52,47.49,36.79,96.84,966,7.984,1,36,O,AB,Urgent,1
3592,33,57,48.26,9.2,95.26,85.21,902,3.051,2,24,O,B,Normal,0
3593,46,18,42.18,54.07,87.88,66.66,119,6.578,1,28,A,A,Urgent,0
3594,37,68,91.49,98.27,22.72,48.04,434,4.684,0,31,B,A,Normal,0
3595,69,22,45.29,,61.61,71.93,352,5.923,8,47,O,A,Normal,0
3596,67,31,37.59,60.46,84.36,73.09,543,2.282,0,36,A,O,Urgent,0
3597,28,64,69.87,35.05,22.79,70.45,601,3.893,1,36,O,O,Normal,1
3598,61,70,89.97,13.52,14.76,47.63,437,4.792,2,9,A,A,Critical,1
3599,29,53,90.12,85.5,88.23,96.54,73,5.144,0,24,A,O,Routine,0
3600,20,41,52.23,93.8,68.24,87.05,377,7.273,0,21,B,O,Urgent,0
3601,58,41,86.22,69.94,71.21,53.6,127,5.402,3,17,B,AB,Normal,1
3602,66,55,36.44,62.77,6.39,,529,6.024,5,11,A,O,Urgent,0
3603,55,26,92.1,3.96,59.03,46.18,757,5.412,0,29,O,A,Routine,1
3604,53,45,51.55,48.89,39.23,60.74,421,7.719,1,8,A,B,Normal,0
3605,25,53,76.59,25.92,30.24,85.46,867,7.253,1,28,O,B,Urgent,1
3606,69,30,66.88,36.88,87.23,79.1,462,4.785,5,39,B,A,Routine,0
3607,45,51,78.84,21.34,79.24,50.23,442,3.596,0,6,B,O,Normal,0
3608,65,56,29.24,67.18,6.61,75.56,575,9.44,0,9,A,O,Urgent,0
3609,41,22,86.8,68.03,31.6,45.79,869,1.866,6,19,O,A,Normal,0
3610,44,45,82.41,90.22,41.07,77.09,813,5.82,0,1,O,B,Urgent,1
3611,63,60,87.58,45.73,39.63,73.83,513,6.925,2,3,B,A,Routine,0
3612,25,36,39.51,63.0,81.38,78.91,209,6.613,1,11,A,O,Normal,0
3613,42,39,97.04,10.49,30.1,48.56,377,11.489,0,3,O,A,Critical,1
3614,67,77,67.19,54.91,17.09,92.48,654,10.734,3,10,O,B,Normal,0
3615,24,37,97.87,25.8,70.33,52.74,966,5.284,4,13,O,B,Normal,1
3616,55,38,88.17,40.75,62.87,80.52,357,6.433,0,17,O,A,Urgent,0
3617,34,42,40.97,39.78,13.98,45.23,728,8.186,0,8,B,B,Critical,1
3618,65,28,62.46,28.72,53.27,45.12,957,6.455,0,37,O,B,Urgent,0
3619,64,34,34.2,29.5,44.52,92.56,542,3.855,0,30,O,O,Urgent,0
3620,26,60,87.59,28.94,83.26,64.53,64,4.509,1,34,O,A,Urgent,0
3621,33,44,34.23,30.51,52.9,87.92,732,6.237,2,11,A,O,Urgent,0
3622,64,52,41.52,45.34,26.09,49.38,207,3.305,1,12,O,A,Urgent,1
3623,67,42,38.93,83.87,8.71,87.89,970,4.45,0,25,O,AB,Normal,1
3624,22,18,25.19,72.71,49.42,65.81,306,7.318,3,4,O,O,Urgent,0
3625,51,22,53.78,67.57,67.36,98.86,440,6.841,4,29,O,O,Routine,0
3626,28,63,50.11,77.3,36.13,65.92,841,6.657,2,35,O,O,Critical,1
3627,40,46,43.28,20.86,16.43,53.14,365,5.115,1,6,B,B,Urgent,1
3628,66,57,73.84,77.9,30.24,67.39,280,11.001,0,9,O,B,Critical,1
3629,57,53,66.24,83.0,69.66,68.0,147,3.021,0,4,O,B,Normal,1
3630,56,73,95.69,32.15,5.26,95.68,215,4.903,4,17,B,O,Normal,1
3631,45,20,92.45,92.66,66.68,78.27,812,4.16,2,25,A,A,Critical,0
3632,67,27,49.62,9.67,96.46,59.33,925,6.792,1,40,O,A,Critical,0
3633,29,26,97.76,51.94,54.56,78.39,354,5.583,0,3,O,O,Normal,1
3634,40,30,33.19,13.79,23.1,99.03,937,8.563,2,10,O,O,Critical,1
3635,30,,93.88,83.88,31.85,66.58,521,4.922,1,13,O,A,Normal,0
3636,69,70,82.42,23.28,2.03,66.73,838,1.644,0,1,O,AB,Normal,1
3637,50,50,58.51,7.92,61.25,91.64,543,5.715,2,0,O,O,Normal,1
3638,22,34,42.1,35.29,88.71,94.67,854,8.478,1,12,O,A,Urgent,0
3639,38,42,35.79,78.22,43.16,58.18,666,2.445,2,4,A,B,Critical,0
3640,30,44,28.4,89.02,66.85,51.42,593,4.113,0,14,O,B,Normal,0
3641,45,22,97.02,21.01,8.04,56.13,537,3.86,0,23,A,B,Critical,1
3642,23,67,94.24,90.8,36.45,63.79,222,9.055,0,44,A,O,Urgent,0
3643,37,39,97.17,75.66,88.12,50.96,222,2.733,0,2,O,A,Normal,1
3644,64,74,96.73,49.85,11.14,71.43,616,7.382,1,10,O,O,Normal,1
3645,34,74,77.07,14.15,78.02,86.2,998,0.609,4,40,B,B,Routine,1
3646,67,67,40.03,76.16,8.46,48.74,128,6.716,0,0,A,B,Critical,0
3647,26,23,94.34,34.37,95.48,64.95,620,2.151,2,3,O,O,Urgent,1
3648,57,47,29.73,89.33,64.59,70.3,324,3.498,1,10,O,O,Urgent,1
3649,66,74,53.32,83.92,74.04,55.2,379,4.501,0,8,B,A,Normal,0
3650,66,68,57.06,23.55,42.1,62.1,373,5.029,3,2,O,A,Urgent,1
3651,31,35,83.94,47.94,0.45,57.46,761,10.012,0,4,A,O,Critical,1
3652,69,69,98.98,95.36,39.98,52.39,523,5.506,0,0,B,O,Normal,0
3653,53,29,88.94,19.73,77.74,47.24,494,1.219,0,24,A,B,Normal,0
3654,23,74,75.22,55.86,82.39,87.36,469,3.835,1,51,O,O,Normal,0
3655,23,19,55.61,53.48,93.76,95.49,387,5.396,8,4,B,O,Critical,0
3656,64,18,97.78,15.17,86.18,80.55,348,10.087,1,46,O,O,Urgent,0
3657,35,63,64.78,37.53,51.66,88.44,191,7.323,0,28,O,B,Normal,0
3658,45,64,85.27,17.57,66.74,94.48,454,5.266,2,19,O,AB,Critical,1
3659,37,66,83.21,29.76,25.16,74.66,541,6.588,2,29,O,A,Urgent,0
3660,32,58,44.75,89.6,84.7,45.85,251,5.292,0,26,O,AB,Normal,0
3661,58,73,68.98,82.74,23.02,53.37,57,4.387,0,15,A,A,Critical,1
3662,69,48,48.94,76.55,83.43,56.44,813,4.151,0,21,A,O,Normal,0
3663,22,38,33.63,58.38,44.87,52.12,339,6.507,1,16,A,A,Critical,0
3664,55,33,75.65,45.72,26.13,95.16,199,2.878,0,22,B,B,Normal,1
3665,69,68,56.49,69.82,67.07,48.72,358,10.384,0,1,A,B,Normal,0
3666,62,19,55.03,32.14,19.29,55.45,786,5.574,4,43,A,B,Critical,0
3667,65,40,93.4,3.36,49.55,83.88,104,7.113,1,25,O,B,Urgent,1
3668,65,19,34.96,54.38,92.01,92.28,711,7.118,5,46,O,AB,Normal,0
3669,49,25,75.36,89.48,52.25,48.53,218,5.256,1,24,O,B,Normal,0
3670,52,42,73.14,22.55,88.27,82.45,195,3.648,7,10,A,A,Urgent,1
3671,64,53,88.16,28.94,25.21,54.02,889,5.326,1,11,O,O,Normal,1
3672,50,75,37.29,32.34,37.84,62.78,653,8.424,1,25,B,B,Normal,1
3673,21,48,86.23,85.58,1.9,76.21,951,6.1,0,27,O,A,Critical,1
3674,37,50,32.31,35.93,77.64,71.53,604,4.819,2,13,O,B,Normal,0
3675,66,44,42.53,13.15,35.71,74.43,436,5.936,4,22,B,A,Normal,0
3676,35,75,51.96,21.71,38.08,90.47,63,7.407,0,40,A,B,Urgent,0
3677,23,35,57.87,23.07,51.87,,757,6.084,3,12,O,O,Critical,1
3678,40,33,90.78,31.62,24.92,68.16,483,6.083,4,7,A,O,Critical,1
3679,21,42,94.8,70.41,86.03,45.07,217,5.52,0,21,B,O,Urgent,0
3680,33,30,28.21,41.56,47.49,81.77,274,6.082,1,3,AB,B,Normal,0
3681,25,45,46.6,67.97,81.32,76.88,538,2.302,5,20,O,O,Urgent,0
3682,56,61,50.6,99.03,63.23,67.82,526,6.515,2,5,A,A,Normal,0
3683,60,31,85.78,22.31,19.67,69.93,288,2.427,1,29,B,O,Normal,0
3684,52,59,72.26,93.76,98.29,62.17,569,5.223,4,7,O,AB,Critical,0
3685,53,24,47.68,87.06,74.89,71.51,903,3.411,1,29,B,O,Urgent,0
3686,33,50,55.18,96.14,48.44,93.14,837,2.846,1,17,A,O,Urgent,0
3687,26,66,41.02,26.32,36.98,76.37,744,3.561,0,40,B,B,Critical,1
3688,58,52,37.99,72.43,39.37,47.11,559,8.508,0,6,O,O,Normal,0
3689,48,54,89.54,64.6,22.75,83.37,429,5.334,5,6,B,A,Normal,0
3690,49,70,43.38,36.47,59.35,64.69,556,2.189,0,21,O,A,Normal,1
3691,63,75,91.73,64.49,30.79,93.99,623,11.201,5,12,O,B,Urgent,1
3692,26,66,44.11,88.03,19.46,72.25,53,10.105,0,40,O,A,Critical,1
3693,36,69,63.88,60.77,21.46,65.36,175,5.911,0,33,A,B,Normal,0
3694,51,23,37.15,8.5,49.34,90.84,519,8.219,7,28,A,A,Critical,1
3695,54,43,44.09,39.93,42.31,74.73,435,4.992,8,11,O,B,Critical,0
3696,35,44,40.75,24.57,10.85,52.68,649,7.781,1,9,A,B,Normal,0
3697,64,24,37.58,26.0,25.46,89.51,934,3.545,0,40,AB,A,Normal,0
3698,20,52,94.11,53.46,28.91,74.65,351,5.128,3,32,B,O,Normal,0
3699,35,38,98.05,3.62,21.53,94.1,731,6.613,0,3,AB,B,Critical,1
3700,34,43,45.04,91.96,74.28,64.26,383,6.19,1,9,O,A,Normal,0
3701,58,76,26.12,96.64,64.14,88.86,657,6.426,4,18,O,B,Normal,0
3702,28,18,78.93,77.79,8.73,95.02,61,7.009,0,10,AB,A,Routine,0
3703,36,54,51.18,97.47,43.06,94.33,999,6.575,1,18,A,A,Urgent,1
3704,42,51,94.51,83.45,21.05,69.53,528,3.238,0,9,A,O,Normal,0
3705,53,77,96.16,4.19,88.29,50.48,187,6.08,0,24,A,O,Routine,0
3706,29,68,37.03,85.88,0.27,96.94,651,4.632,0,39,O,O,Normal,0
3707,35,73,42.9,24.39,1.61,99.59,624,5.81,1,38,O,A,Routine,1
3708,36,68,34.0,41.38,61.37,87.08,859,7.474,1,32,O,B,Normal,0
3709,42,68,92.05,63.74,56.9,94.83,593,6.394,2,26,B,A,Normal,0
3710,45,45,77.45,70.93,67.77,66.08,496,6.414,4,0,O,B,Normal,1
3711,65,23,99.34,71.83,70.98,81.0,449,5.93,2,42,O,B,Routine,0
3712,62,43,27.87,82.59,86.38,85.76,763,5.463,0,19,A,O,Urgent,0
3713,56,70,66.29,93.81,66.85,73.96,629,6.977,4,14,AB,A,Normal,0
3714,58,60,68.14,85.52,31.91,52.01,432,7.54,0,2,A,B,Normal,0
3715,65,23,53.37,14.97,16.3,75.57,61,7.933,3,42,B,O,Normal,0
3716,21,22,75.6,6.74,37.97,83.32,201,9.63,0,1,B,O,Urgent,0
3717,33,43,65.48,82.91,75.34,66.25,679,6.995,0,10,O,O,Urgent,1
3718,60,31,50.54,72.29,68.15,91.59,758,6.178,4,29,O,A,Urgent,0
3719,40,76,54.22,88.09,16.06,63.61,679,2.347,3,,A,A,Routine,0
3720,29,75,66.74,10.41,51.69,70.83,290,3.583,5,46,A,A,Critical,1
3721,28,60,38.27,12.56,20.26,74.1,22,5.121,1,32,A,O,Critical,0
3722,19,48,41.3,11.72,70.25,76.35,563,3.465,0,29,B,B,Routine,0
3723,,25,95.61,84.78,38.35,96.83,922,8.862,1,23,A,AB,Routine,0
3724,58,36,83.56,84.78,49.64,96.4,646,3.342,4,22,A,AB,Urgent,0
3725,39,56,34.82,20.55,48.41,59.4,638,4.727,5,17,O,B,Normal,0
3726,64,72,98.43,11.49,88.8,52.73,832,3.193,0,8,O,O,Normal,1
3727,60,32,89.78,12.15,55.39,70.95,859,9.755,1,28,A,O,Normal,0
3728,69,55,45.77,47.74,76.93,51.78,501,7.403,2,14,O,O,Critical,0
3729,38,46,85.98,34.24,77.53,69.69,21,8.997,3,8,O,O,Urgent,1
3730,26,74,81.29,56.82,50.38,59.11,294,8.446,1,48,A,B,Critical,0
3731,25,34,39.71,18.49,94.09,69.33,908,9.561,0,9,O,B,Routine,1
3732,49,52,81.88,73.08,11.43,55.32,344,4.163,4,3,A,O,Normal,0
3733,43,58,98.24,19.6,92.73,73.22,321,7.809,1,15,O,A,Urgent,0
3734,34,26,49.33,41.97,68.6,50.21,151,5.106,0,8,O,O,Urgent,1
3735,65,61,48.34,74.33,84.73,53.67,23,4.69,6,4,B,AB,Urgent,0
3736,31,67,28.42,97.74,97.44,60.16,515,4.337,0,36,A,B,Urgent,0
3737,36,30,78.31,61.58,98.51,84.65,388,7.823,1,6,AB,O,Urgent,0
3738,69,51,61.66,74.17,87.63,50.04,866,3.229,1,18,A,B,Normal,0
3739,23,56,29.3,92.85,60.25,77.28,55,3.607,0,33,A,A,Normal,0
3740,69,57,36.31,44.9,27.35,61.53,78,3.58,3,12,B,O,Normal,0
3741,26,70,82.97,36.73,31.87,90.77,957,6.368,7,44,A,O,Urgent,0
3742,61,71,58.86,40.7,90.18,74.33,463,4.599,3,10,O,B,Urgent,0
3743,65,20,49.66,88.12,77.82,65.1,620,6.604,2,45,O,A,Critical,0
3744,61,74,26.82,17.06,31.44,97.9,503,6.266,0,13,B,B,Normal,1
3745,60,66,48.52,17.03,94.79,46.14,84,3.035,8,6,O,O,Routine,0
3746,60,63,81.8,88.28,90.05,66.03,670,3.98,1,3,B,B,Normal,1
3747,45,31,65.27,97.96,36.04,92.09,497,5.899,4,14,A,A,Critical,1
3748,18,65,78.53,17.11,68.66,45.45,461,5.663,0,47,B,B,Routine,1
3749,63,36,79.36,94.83,24.84,52.96,63,6.844,1,27,A,B,Normal,0
3750,27,74,91.59,39.51,6.44,75.45,254,2.823,0,47,O,AB,Routine,0
3751,27,19,46.11,62.81,11.21,56.27,564,2.434,7,8,A,O,Normal,0
3752,57,41,57.18,69.5,51.54,51.57,725,2.805,0,16,A,O,Normal,0
3753,34,41,98.99,42.55,27.99,81.58,124,7.702,2,7,O,AB,Normal,1
3754,29,69,74.27,27.45,71.45,94.09,991,3.481,2,,O,O,Normal,1
3755,68,65,69.26,94.75,50.27,95.01,408,9.372,1,3,O,O,Urgent,0
3756,22,42,25.15,7.37,3.65,47.26,136,3.033,0,20,B,O,Normal,0
3757,39,36,96.16,88.9,0.91,71.27,492,5.556,1,3,A,O,Urgent,0
3758,40,52,76.41,45.84,59.13,89.68,99,6.536,1,12,O,B,Critical,0
3759,34,53,47.69,84.15,24.1,55.96,243,1.267,8,19,O,O,Routine,0
3760,53,61,86.08,50.05,28.52,65.1,611,5.184,6,8,A,A,Normal,1
3761,32,21,42.0,14.68,54.79,78.34,393,4.99,2,11,O,O,Normal,1
3762,19,18,93.79,60.6,93.66,76.61,913,0.98,6,1,A,O,Critical,0
3763,32,76,59.64,83.8,92.28,82.79,709,3.37,8,44,O,A,Urgent,0
3764,19,24,39.06,53.07,2.2,68.13,391,3.481,0,5,A,O,Routine,0
3765,51,39,39.9,68.35,27.43,49.67,502,6.273,1,12,A,A,Routine,0
3766,28,56,57.43,63.67,17.7,60.07,53,2.151,2,28,A,B,Urgent,0
3767,43,,96.17,91.47,99.46,80.05,2,7.029,3,24,O,O,Normal,0
3768,23,26,95.73,54.08,45.2,46.19,107,6.352,4,3,O,A,Routine,1
3769,54,21,98.63,0.98,87.44,89.2,694,3.394,3,33,A,B,Normal,0
3770,64,31,93.79,10.59,9.02,47.6,460,7.055,4,33,O,B,Normal,1
3771,64,31,54.38,97.88,49.04,94.1,368,1.799,7,33,A,O,Critical,0
3772,54,57,61.38,97.12,60.23,61.75,13,3.494,1,3,O,O,Urgent,1
3773,33,35,86.77,96.75,0.53,53.93,665,5.952,4,2,O,A,Normal,1
3774,57,22,25.78,55.4,19.94,60.38,741,5.95,0,35,B,A,Normal,0
3775,30,41,88.48,51.28,53.64,80.17,162,8.057,2,11,A,B,Normal,0
3776,31,22,60.42,85.18,86.08,86.01,554,8.078,2,9,O,B,Urgent,0
3777,56,54,62.71,37.85,14.45,67.88,23,4.851,6,2,B,B,Critical,1
3778,56,57,37.3,97.45,64.91,67.02,272,7.446,3,1,B,B,Critical,0
3779,39,22,85.88,97.97,86.16,86.27,659,3.26,2,17,B,A,Normal,0
3780,20,33,88.8,9.26,2.1,59.34,128,4.511,1,13,B,A,Urgent,1
3781,33,61,74.9,36.57,48.56,95.35,543,1.802,0,28,O,B,Normal,1
3782,60,54,25.79,53.81,67.34,70.51,603,2.128,0,6,O,A,Normal,0
3783,64,48,52.61,97.84,92.2,70.21,79,4.298,0,16,O,A,Normal,0
3784,29,71,43.89,10.69,1.84,82.19,796,9.427,0,42,A,A,Normal,1
3785,53,28,98.32,3.02,48.8,65.42,445,5.132,0,25,O,B,Routine,1
3786,45,56,84.31,31.92,80.54,61.08,249,7.18,0,11,B,A,Urgent,0
3787,55,76,40.76,59.32,11.96,54.91,593,2.247,0,21,O,O,Critical,1
3788,34,66,36.45,56.2,71.71,55.75,261,6.502,1,32,O,B,Critical,0
3789,52,50,41.3,24.99,53.73,92.09,605,4.244,0,2,O,A,Normal,1
3790,54,57,72.35,81.51,99.59,71.04,863,2.492,0,3,A,AB,Urgent,0
3791,60,46,45.86,16.43,5.17,46.63,216,3.808,0,14,A,O,Normal,0
3792,44,59,59.57,21.19,40.24,58.62,322,6.862,1,15,A,B,Critical,1
3793,29,59,96.82,88.5,56.55,53.48,609,3.376,0,30,O,B,Urgent,1
3794,22,46,49.88,52.49,21.61,51.8,267,8.244,4,24,B,O,Urgent,0
3795,68,68,30.39,29.45,37.34,50.29,643,6.384,0,0,B,A,Routine,0
3796,28,22,98.44,64.1,61.29,48.02,307,7.0,0,6,O,O,Routine,1
3797,31,69,65.13,42.41,60.07,53.6,509,3.424,7,38,B,B,Urgent,0
3798,37,46,51.21,59.22,25.68,84.9,786,,0,9,A,A,Critical,1
3799,63,74,91.71,63.28,94.28,71.78,883,6.243,0,11,AB,B,Urgent,0
3800,61,27,42.95,85.34,,45.88,418,6.02,1,34,O,B,Critical,0
3801,29,20,76.49,64.33,45.08,59.28,148,7.104,0,9,O,O,Routine,1
3802,65,48,51.13,95.06,66.13,68.75,161,0.921,2,17,A,A,Urgent,0
3803,63,26,83.21,7.45,88.97,65.12,304,6.22,1,37,O,O,Urgent,1
3804,39,46,43.78,3.11,13.94,55.06,724,2.952,1,7,O,B,Normal,1
3805,68,35,27.87,92.08,98.57,89.08,125,0.5,1,33,A,A,Normal,0
3806,61,29,82.76,18.83,59.95,48.43,915,7.908,0,32,O,O,Routine,1
3807,42,30,56.04,28.54,56.82,78.76,248,3.393,0,12,O,O,Normal,1
3808,28,41,30.18,56.53,80.12,49.62,239,0.5,4,13,O,A,Normal,0
3809,51,31,60.37,36.47,31.27,90.77,599,7.258,1,20,B,B,Urgent,1
3810,30,73,82.55,28.5,4.48,77.55,666,4.507,3,43,O,A,Routine,1
3811,32,51,65.22,84.87,71.61,86.43,244,6.282,1,19,A,O,Normal,0
3812,61,41,77.03,26.73,61.54,46.73,448,4.539,1,20,B,O,Routine,0
3813,46,73,55.52,22.51,35.85,74.97,377,5.773,1,27,O,A,Routine,0
3814,32,36,43.43,54.59,4.74,96.38,731,4.692,3,4,A,B,Normal,0
3815,31,22,28.79,55.74,89.51,81.82,65,4.575,2,9,A,O,Urgent,0
3816,40,54,28.53,11.22,42.73,81.17,342,1.724,1,14,B,A,Urgent,0
3817,48,46,35.57,8.75,22.05,52.77,789,2.177,4,2,O,A,Urgent,1
3818,43,44,62.36,46.77,29.57,74.13,371,5.963,1,1,O,B,Routine,1
3819,28,32,41.15,67.41,98.22,95.56,317,8.547,0,4,O,B,Normal,1
3820,30,67,32.21,52.65,70.72,51.39,727,8.849,5,37,O,O,Normal,0
3821,56,38,82.06,7.82,67.22,74.72,249,2.439,4,18,B,A,Urgent,0
3822,55,35,88.09,75.79,58.94,61.92,183,4.326,1,20,O,O,Critical,1
3823,30,55,46.67,88.48,56.4,79.31,106,3.464,1,25,O,O,Urgent,0
3824,61,40,81.95,30.39,12.49,67.86,901,6.019,1,21,A,A,Urgent,1
3825,60,28,83.21,26.72,88.4,94.93,348,2.189,3,32,O,A,Urgent,1
3826,57,43,69.09,38.87,34.23,57.8,321,4.732,2,14,A,A,Urgent,1
3827,66,28,50.99,16.21,47.36,89.14,888,1.872,8,38,B,O,Routine,0
3828,39,68,59.36,9.69,21.46,73.88,694,2.954,0,29,B,B,Normal,1
3829,57,45,81.29,54.99,95.59,78.92,686,4.754,4,12,O,O,Urgent,0
3830,27,39,74.48,58.93,42.92,48.74,387,3.695,1,12,A,A,Critical,1
3831,50,76,25.12,81.44,57.21,66.45,394,7.553,1,26,A,O,Critical,0
3832,30,42,87.92,75.57,0.62,68.15,515,5.038,8,12,O,B,Routine,0
3833,60,26,51.49,55.46,3.89,63.8,494,1.508,2,34,O,B,Normal,1
3834,49,25,45.69,93.17,96.17,52.92,85,6.156,2,24,A,B,Urgent,0
3835,62,20,73.99,40.45,45.88,88.27,945,6.358,0,42,B,A,Urgent,0
3836,37,42,86.17,55.33,68.35,48.1,840,3.94,0,5,B,A,Normal,1
3837,55,57,47.86,43.37,73.43,51.67,756,6.416,4,2,AB,O,Normal,0
3838,61,53,56.55,70.59,9.24,48.33,992,6.72,1,8,A,O,Urgent,0
3839,63,25,75.16,5.68,66.93,62.13,429,2.165,0,38,A,B,Normal,0
3840,69,64,64.61,73.96,9.36,67.8,440,9.907,0,5,O,A,Urgent,1
3841,66,60,38.13,,36.44,85.35,710,2.604,0,6,O,B,Normal,1
3842,44,71,56.8,75.44,86.73,75.52,340,0.5,0,27,O,B,Normal,0
3843,25,73,79.33,68.97,20.74,95.8,95,8.262,1,48,A,B,Urgent,0
3844,30,32,63.99,67.52,64.56,65.08,112,5.656,0,2,A,B,Critical,0
3845,53,28,73.13,10.78,25.97,59.91,23,2.967,3,25,B,O,Urgent,1
3846,62,23,97.44,8.55,35.6,90.77,374,1.497,0,39,O,O,Critical,1
3847,43,73,73.87,66.88,79.17,45.16,771,4.822,0,30,O,B,Normal,0
3848,46,67,66.17,72.77,98.86,90.12,461,5.109,0,21,O,A,Critical,1
3849,25,55,88.68,54.79,18.99,49.09,764,7.616,4,30,AB,A,Normal,0
3850,57,53,58.8,,62.97,75.03,180,3.686,5,4,O,O,Critical,1
3851,25,71,55.5,82.62,92.38,72.97,373,7.693,1,46,O,B,Urgent,0
3852,50,24,98.84,51.17,16.83,90.93,221,5.934,0,26,O,O,Normal,1
3853,43,51,66.68,0.63,56.26,92.53,900,6.438,4,8,A,O,Normal,0
3854,19,54,39.76,84.16,28.8,73.89,35,5.397,0,35,O,O,Normal,0
3855,66,50,33.47,42.82,39.6,79.13,943,4.838,4,16,O,O,Normal,1
3856,57,68,29.24,66.25,74.88,48.22,47,3.984,1,11,O,O,Normal,1
3857,58,62,51.15,86.92,64.6,60.42,874,6.51,0,4,B,O,Routine,0
3858,67,51,71.13,18.14,14.35,98.53,849,6.892,2,16,B,AB,Normal,1
3859,18,27,85.91,18.42,33.31,98.14,824,5.318,2,9,O,B,Urgent,1
3860,50,35,46.23,89.03,43.48,72.64,583,4.036,2,15,O,A,Urgent,1
3861,47,19,92.72,19.66,91.6,53.77,313,5.322,4,28,B,AB,Normal,0
3862,67,20,69.61,80.09,80.25,92.43,690,8.081,2,47,A,O,Routine,0
3863,25,22,57.12,16.91,90.87,45.02,978,5.4,0,3,B,B,Normal,1
3864,47,22,34.34,81.58,11.29,91.5,353,4.548,1,25,O,B,Normal,1
3865,48,37,81.49,19.3,40.0,63.53,246,5.934,1,11,B,B,Normal,1
3866,53,66,96.37,63.39,7.82,89.75,396,1.519,0,13,O,B,Routine,1
3867,19,53,25.2,65.12,18.23,98.72,576,5.0,2,34,A,B,Urgent,0
3868,35,68,76.56,23.36,90.12,97.54,721,4.815,2,33,B,O,Critical,0
3869,29,61,96.79,42.64,24.58,58.85,36,0.845,2,32,B,A,Normal,0
3870,69,59,25.6,94.68,15.24,72.58,568,,0,10,O,A,Urgent,0
3871,43,72,99.38,68.73,39.33,71.78,633,4.043,0,29,O,O,Urgent,1
3872,64,21,84.59,97.81,31.98,94.99,337,4.417,2,43,O,A,Critical,1
3873,48,36,30.02,49.16,42.94,81.9,982,5.695,0,12,O,O,Normal,1
3874,51,68,70.46,0.63,4.64,59.11,776,6.096,1,17,A,A,Normal,1
3875,23,47,85.28,10.33,71.24,55.76,286,6.42,1,24,O,O,Normal,0
3876,59,34,38.89,5.42,48.22,85.72,455,7.504,2,25,B,B,Critical,0
3877,67,42,40.91,77.37,80.06,45.13,46,6.986,0,25,B,O,Routine,0
3878,44,30,78.44,83.46,14.72,60.63,801,8.621,2,14,B,A,Critical,0
3879,18,44,58.98,40.0,14.89,87.82,106,2.699,1,26,O,O,Normal,0
3880,66,20,55.61,33.98,15.98,66.48,367,9.038,8,46,A,O,Normal,0
3881,55,60,65.52,58.5,40.89,52.05,152,6.765,1,5,O,O,Normal,0
3882,22,72,40.83,88.01,86.96,64.96,347,7.061,0,50,O,O,Normal,0
3883,47,46,80.95,91.28,93.19,,954,4.049,0,1,O,AB,Urgent,0
3884,44,28,34.51,33.66,54.03,93.46,701,5.427,0,16,B,O,Normal,0
3885,63,41,82.09,21.38,90.94,54.68,195,5.136,2,22,O,A,Normal,1
3886,44,53,89.64,68.89,70.62,92.32,429,6.722,2,9,O,O,Urgent,1
3887,47,53,32.2,60.32,65.0,73.45,658,6.185,4,6,A,B,Routine,0
3888,41,38,87.45,41.15,79.17,47.18,388,10.013,0,3,O,B,Normal,0
3889,64,28,45.69,17.51,0.51,99.3,214,5.544,2,36,O,O,Normal,1
3890,26,51,28.42,33.39,57.45,94.86,787,3.237,1,25,A,A,Normal,0
3891,34,76,82.38,24.97,41.88,70.94,294,6.441,0,42,O,B,Normal,0
3892,18,23,41.68,4.61,86.51,77.23,822,5.666,0,5,AB,A,Normal,0
3893,41,74,85.74,83.41,16.39,50.25,83,2.248,0,33,O,B,Urgent,1
3894,67,76,86.52,60.61,32.08,51.36,401,6.959,0,9,O,O,Routine,1
3895,35,53,26.15,49.43,49.87,45.47,374,7.688,2,18,O,A,Urgent,0
3896,36,76,62.0,85.36,49.17,58.25,912,5.039,0,40,AB,A,Normal,0
3897,40,59,51.39,34.83,23.85,47.28,996,4.835,0,19,B,A,Urgent,0
3898,63,36,71.1,30.27,95.62,59.32,167,3.79,1,27,A,O,Urgent,0
3899,36,34,97.76,44.9,68.83,89.98,230,7.413,3,2,O,A,Critical,1
3900,67,40,92.62,28.99,97.73,97.41,661,5.515,1,27,O,A,Urgent,1
3901,28,36,78.35,0.52,32.42,63.14,448,2.63,2,8,B,A,Critical,0
3902,60,20,51.39,11.34,59.61,73.85,267,5.814,4,40,O,AB,Urgent,0
3903,45,36,64.86,98.12,32.63,68.8,608,2.017,0,9,A,O,Normal,0
3904,34,34,61.63,12.06,95.41,49.59,886,6.349,1,0,A,AB,Critical,1
3905,24,18,80.15,83.97,63.47,79.74,216,6.464,1,6,O,O,Normal,0
3906,49,69,79.63,18.75,11.61,97.66,979,7.489,1,20,A,AB,Normal,1
3907,25,67,37.33,4.51,32.7,64.97,144,1.776,1,42,A,A,Normal,0
3908,31,21,97.96,38.99,80.92,97.31,842,7.975,2,10,A,A,Critical,1
3909,38,47,55.37,27.86,48.85,58.79,672,6.838,0,9,O,A,Normal,1
3910,37,58,34.67,63.39,98.27,46.68,671,7.27,1,21,O,A,Urgent,0
3911,37,61,83.01,40.94,63.24,62.2,197,9.102,1,24,B,A,Critical,0
3912,41,43,65.69,5.83,69.28,49.57,69,1.767,3,2,O,O,Normal,1
3913,54,45,61.14,97.05,39.54,54.3,987,7.328,0,9,B,B,Routine,0
3914,62,65,28.6,1.48,88.94,58.12,252,6.385,0,3,O,B,Critical,1
3915,44,21,83.63,97.78,81.5,98.46,503,4.559,2,23,B,A,Urgent,0
3916,64,56,43.0,30.55,28.21,47.86,797,4.456,0,8,O,A,Routine,1
3917,50,53,26.97,54.48,3.58,81.77,7,7.849,8,3,O,AB,Urgent,0
3918,36,22,47.13,26.27,83.46,54.48,651,5.482,0,14,O,A,Urgent,0
3919,30,68,51.23,80.72,35.87,60.13,894,3.413,4,38,B,A,Routine,0
3920,38,29,55.26,99.49,29.62,56.5,164,9.912,0,9,O,O,Routine,0
3921,58,46,51.77,2.43,22.47,79.14,580,5.272,1,12,O,O,Normal,1
3922,52,33,49.08,15.12,75.69,66.49,371,4.552,1,19,O,O,Urgent,0
3923,63,47,34.24,82.75,68.47,61.66,,8.064,0,16,A,B,Urgent,0
3924,51,26,82.54,82.61,31.66,96.5,806,3.194,4,25,O,O,Urgent,1
3925,18,24,87.47,30.26,30.02,46.55,538,7.173,1,6,A,O,Routine,0
3926,42,64,89.3,13.36,71.15,67.83,782,4.21,0,22,O,A,Routine,1
3927,26,35,79.96,99.33,40.01,54.41,380,4.133,0,9,A,A,Urgent,0
3928,49,,65.19,96.59,32.92,61.65,187,6.282,0,5,O,O,Urgent,1
3929,53,70,28.68,97.31,89.0,77.94,449,8.522,2,17,O,B,Urgent,0
3930,62,33,94.59,52.97,33.87,56.25,829,4.933,1,29,B,B,Routine,1
3931,23,32,51.79,49.59,39.7,81.4,91,6.076,0,9,O,O,Urgent,1
3932,40,35,28.85,15.4,20.64,92.1,116,3.421,0,5,O,O,Urgent,0
3933,29,28,73.53,98.74,20.13,46.78,738,3.494,3,1,O,B,Critical,1
3934,56,47,34.77,18.52,94.01,55.87,346,5.091,0,9,O,O,Critical,0
3935,61,74,89.24,63.28,17.67,95.87,435,4.304,0,13,O,B,Normal,1
3936,21,63,69.95,17.37,9.2,74.65,106,7.086,1,42,O,B,Normal,1
3937,35,19,55.39,47.1,95.62,51.83,314,2.007,2,16,O,B,Urgent,0
3938,45,43,59.63,37.19,38.23,53.78,844,4.446,4,2,B,B,Urgent,1
3939,63,77,44.63,85.32,89.79,58.24,705,6.876,0,14,B,O,Normal,0
3940,65,43,77.12,43.53,28.77,98.41,476,3.259,2,22,B,B,Critical,1
3941,24,30,52.23,22.59,12.89,99.64,345,0.87,2,6,O,A,Normal,1
3942,38,34,57.33,47.17,82.04,62.58,857,2.84,3,4,O,B,Critical,1
3943,25,50,58.08,49.35,25.17,70.86,838,5.173,0,25,O,B,Critical,0
3944,59,58,50.83,13.11,55.13,71.54,536,8.317,2,1,O,B,Urgent,1
3945,36,20,89.91,60.95,37.69,70.13,180,10.561,4,16,B,A,Critical,0
3946,36,26,40.37,74.59,14.79,94.49,130,3.185,3,10,AB,O,Urgent,0
3947,65,49,72.79,61.7,58.92,66.1,810,3.898,0,16,A,O,Urgent,1
3948,33,60,51.94,48.59,46.74,72.69,180,7.445,5,27,B,B,Routine,0
3949,56,54,56.27,89.93,27.42,64.19,87,6.401,1,2,B,O,Urgent,0
3950,58,38,60.97,47.79,48.48,80.19,591,1.134,0,20,B,O,Normal,0
3951,54,58,46.74,8.6,31.45,67.22,897,0.5,0,4,A,O,Critical,1
3952,49,26,92.4,18.62,24.47,98.81,130,5.198,0,23,B,O,Urgent,0
3953,65,64,63.97,87.48,15.47,80.77,662,4.606,3,1,A,A,Normal,1
3954,37,53,79.14,14.5,62.01,93.67,339,5.826,2,16,A,O,Critical,1
3955,43,30,31.9,99.33,71.86,54.26,,4.283,1,13,B,O,Urgent,0
3956,29,33,35.3,85.3,50.72,49.44,986,8.027,2,4,O,O,Normal,0
3957,27,46,52.23,38.49,94.33,56.6,435,2.749,4,19,A,A,Routine,1
3958,42,21,68.28,63.28,38.75,90.88,63,10.357,0,21,O,O,Normal,0
3959,46,69,96.2,29.42,5.94,81.07,764,5.034,0,23,O,O,Urgent,1
3960,46,76,49.03,32.95,67.91,50.29,23,6.712,5,30,O,A,Urgent,0
3961,41,62,62.55,64.68,26.86,99.76,940,4.005,0,21,O,O,Critical,1
3962,23,25,65.76,,22.25,96.1,868,7.581,2,2,A,A,Critical,1
3963,55,22,53.41,2.39,84.83,66.01,505,3.528,0,33,O,A,Normal,1
3964,38,65,95.26,62.58,48.66,90.38,657,0.714,3,27,B,B,Urgent,1
3965,55,61,93.62,28.05,6.9,49.75,979,8.033,1,6,B,A,Normal,1
3966,65,25,97.3,69.71,20.13,46.83,464,6.319,3,40,O,B,Normal,0
3967,36,37,34.32,94.27,6.58,96.19,233,7.949,4,1,O,A,Normal,0
3968,18,47,45.65,18.62,18.76,50.83,362,6.75,0,29,B,O,Urgent,0
3969,33,19,56.13,41.57,85.83,84.69,294,8.69,0,14,A,O,Routine,0
3970,60,37,63.13,80.96,80.2,72.54,269,3.022,1,23,O,O,Normal,0
3971,69,65,30.62,29.77,39.72,91.11,118,4.484,2,4,AB,B,Normal,0
3972,33,56,46.49,45.66,89.54,95.72,245,6.879,1,23,A,A,Urgent,0
3973,35,42,38.66,12.92,2.74,66.06,729,4.07,3,7,A,O,Normal,0
3974,39,25,31.48,,90.98,98.88,677,5.885,1,14,O,O,Routine,0
3975,53,49,27.63,10.12,36.39,78.44,256,10.222,0,4,O,A,Normal,0
3976,52,73,81.92,5.21,10.11,99.48,48,6.363,2,21,O,B,Critical,1
3977,20,49,86.52,20.96,63.3,89.82,738,5.663,1,29,B,A,Urgent,1
3978,18,26,88.08,53.42,27.83,72.35,245,7.203,0,8,B,O,Urgent,1
3979,66,62,80.16,58.4,62.42,98.03,5,3.373,1,4,O,O,Critical,0
3980,42,48,89.75,12.17,85.29,99.76,122,8.805,0,6,A,B,Normal,1
3981,32,18,86.07,52.7,8.45,70.61,450,4.437,0,14,O,A,Normal,1
3982,55,77,57.7,70.42,97.64,50.51,894,4.667,0,22,O,O,Normal,0
3983,24,51,78.75,64.52,31.74,83.92,370,6.83,0,27,A,O,Critical,0
3984,59,33,41.51,92.0,24.75,90.15,184,7.96,2,26,O,B,Normal,0
3985,19,25,65.1,32.07,99.3,57.69,371,7.501,2,6,B,A,Urgent,0
3986,38,18,30.6,93.26,18.15,62.82,479,3.512,1,20,O,A,Routine,0
3987,25,65,78.02,6.9,73.23,98.85,978,5.375,1,40,B,A,Normal,0
3988,28,41,53.21,6.83,91.17,55.4,911,2.509,0,13,O,B,Critical,1
3989,41,62,76.63,19.86,58.76,,841,7.676,0,21,O,A,Normal,1
3990,44,24,71.2,61.05,68.07,85.0,441,3.416,2,20,B,O,Normal,0
3991,35,33,39.1,97.59,19.64,61.32,53,4.899,1,2,O,O,Normal,0
3992,26,75,52.36,55.03,7.53,96.59,630,5.672,8,49,B,A,Normal,0
3993,50,28,86.61,82.01,61.7,78.08,502,7.749,0,22,B,O,Urgent,0
3994,29,30,61.05,23.23,4.07,65.98,404,7.82,0,1,O,A,Normal,1
3995,29,36,38.89,61.92,82.05,48.17,107,2.117,0,7,O,A,Critical,0
3996,52,29,54.67,1.09,32.09,61.42,548,5.339,1,23,O,O,Normal,1
3997,63,67,38.89,19.8,7.53,60.42,140,6.601,0,4,A,O,Critical,0
3998,37,69,74.43,55.45,49.53,73.09,225,6.299,0,32,O,A,Critical,1
3999,48,18,76.48,56.01,57.38,92.36,880,7.896,3,30,B,O,Urgent,0
4000,25,25,52.5,33.36,47.86,54.5,154,9.553,8,0,O,O,Urgent,1
4001,40,23,90.49,55.04,52.48,96.69,18,5.687,1,17,O,O,Normal,0
4002,38,46,71.91,13.88,66.55,65.95,32,5.317,0,8,A,O,Normal,1
4003,68,26,66.77,40.14,48.49,98.3,843,6.296,0,42,O,O,Critical,1
4004,26,41,78.62,50.13,32.46,98.33,829,5.658,1,15,O,AB,Urgent,1
4005,44,27,50.92,6.89,55.09,90.94,59,6.685,2,17,B,O,Urgent,0
4006,29,36,57.57,61.91,73.14,92.91,627,1.818,1,7,B,O,Urgent,0
4007,40,19,76.93,52.93,35.07,77.92,815,,1,21,O,O,Urgent,1
4008,51,71,71.92,53.44,15.22,54.77,568,4.404,3,20,O,A,Normal,1
4009,37,64,62.54,54.26,0.13,57.83,700,6.183,6,27,O,O,Urgent,1
4010,68,59,61.59,17.7,80.65,78.14,876,9.642,1,9,B,O,Urgent,0
4011,63,74,57.93,89.42,93.54,54.49,622,6.482,1,11,A,B,Urgent,0
4012,18,52,32.48,36.61,83.44,84.56,837,3.152,3,34,A,A,Normal,0
4013,51,39,82.55,36.34,52.35,55.42,478,4.402,0,12,B,AB,Normal,1
4014,50,34,94.61,59.66,14.38,68.66,598,5.957,0,16,B,O,Normal,0
4015,55,60,30.29,68.83,90.57,94.2,515,6.404,3,5,O,B,Urgent,0
4016,24,58,36.19,1.36,50.13,76.79,620,4.101,0,34,B,O,Normal,0
4017,54,33,66.07,13.5,3.32,49.6,275,3.294,0,21,B,O,Normal,0
4018,24,66,95.69,33.24,86.86,93.94,18,4.802,6,42,A,A,Normal,1
4019,47,47,74.56,50.97,92.39,54.7,835,6.774,1,0,A,O,Normal,0
4020,48,38,59.91,72.79,11.41,55.28,121,6.56,6,10,O,O,Critical,1
4021,38,36,98.62,93.19,38.73,68.53,668,6.705,2,2,O,AB,Normal,1
4022,49,46,49.55,76.61,41.27,53.72,867,2.246,3,3,A,O,Normal,0
4023,24,33,34.66,65.17,99.78,99.08,598,5.983,6,9,O,B,Routine,0
4024,60,25,55.62,21.17,22.95,52.35,,9.122,0,35,O,B,Urgent,1
4025,64,47,40.69,90.44,65.62,92.73,808,1.51,0,17,O,O,Urgent,0
4026,27,66,32.15,37.64,23.28,90.66,272,1.147,0,39,O,O,Normal,0
4027,19,68,61.38,51.76,31.1,46.0,751,3.448,0,,A,A,Urgent,0
4028,69,28,46.09,52.59,12.17,89.45,82,7.115,2,41,B,O,Normal,0
4029,66,25,50.73,12.93,15.19,89.62,804,5.584,0,41,A,B,Normal,0
4030,42,74,84.24,27.96,89.18,79.8,535,3.375,0,32,O,B,Routine,1
4031,18,67,60.73,57.7,38.84,55.55,431,7.475,0,49,A,A,Normal,0
4032,60,44,38.86,41.85,45.36,67.12,567,6.757,3,16,B,B,Urgent,0
4033,68,34,77.43,93.18,23.88,52.55,214,6.044,2,34,O,B,Urgent,1
4034,36,20,77.18,2.18,3.94,95.42,488,2.523,0,16,O,A,Urgent,1
4035,38,70,44.34,80.22,33.78,66.81,619,8.874,3,32,B,O,Urgent,0
4036,63,21,66.18,60.94,74.24,78.83,756,8.391,3,42,O,O,Critical,1
4037,33,50,26.6,15.06,25.12,95.17,966,5.798,0,17,O,A,Critical,1
4038,26,76,80.63,35.81,95.17,68.22,546,5.459,0,50,A,A,Urgent,0
4039,57,33,57.43,74.22,29.61,54.02,707,6.373,1,24,B,A,Normal,0
4040,32,35,87.63,78.38,71.27,62.13,864,5.116,0,3,B,B,Normal,1
4041,59,69,,60.08,49.61,54.97,248,3.469,0,10,A,A,Urgent,1
4042,44,55,48.84,12.9,93.79,94.93,748,4.642,0,11,B,AB,Urgent,1
4043,39,56,51.91,32.33,63.82,45.12,572,2.61,1,17,B,O,Normal,1
4044,32,28,97.08,23.45,64.63,67.17,664,5.436,0,4,O,O,Urgent,1
4045,64,44,86.65,36.92,87.22,63.88,54,2.742,0,20,O,O,Normal,0
4046,22,64,91.74,56.92,61.86,80.08,701,8.393,0,42,O,B,Critical,1
4047,59,56,50.7,99.66,20.0,52.44,514,6.171,1,3,O,A,Normal,0
4048,39,61,91.04,60.97,29.98,79.94,603,7.065,2,22,A,B,Normal,0
4049,58,24,53.59,92.23,31.64,76.2,343,7.075,1,34,O,A,Urgent,0
4050,62,42,39.33,90.18,65.27,72.45,24,8.352,0,20,B,O,Normal,0
4051,19,54,28.79,38.8,7.58,55.25,691,4.277,0,35,A,A,Normal,0
4052,40,59,42.79,52.59,82.4,73.56,995,2.254,1,19,B,B,Critical,1
4053,23,58,84.01,33.93,15.32,74.91,707,2.626,0,35,O,B,Urgent,1
4054,26,62,35.47,89.57,18.83,76.72,861,3.909,8,36,B,A,Critical,0
4055,68,69,96.06,74.96,62.97,94.37,,10.761,0,1,AB,O,Urgent,1
4056,63,33,51.13,97.4,14.88,97.39,373,4.237,0,30,A,O,Normal,0
4057,48,42,72.01,69.35,17.67,94.93,8,2.397,0,6,B,O,Urgent,0
4058,56,57,54.84,3.83,72.18,63.61,322,7.938,0,1,A,B,Normal,0
4059,26,25,68.1,13.57,83.78,60.03,742,6.677,4,1,A,O,Normal,0
4060,63,19,32.91,77.08,92.19,98.31,65,3.857,1,44,AB,O,Urgent,0
4061,22,30,51.21,38.42,89.5,50.38,277,0.5,0,8,B,O,Routine,0
4062,37,44,37.62,66.5,18.48,78.82,210,5.576,3,7,A,B,Normal,0
4063,69,30,51.13,92.6,12.93,47.19,551,5.902,1,39,O,A,Urgent,0
4064,47,41,30.93,30.62,41.76,76.8,440,3.632,0,6,A,O,Normal,0
4065,50,62,31.34,50.16,31.72,47.06,67,5.736,1,12,O,O,Urgent,1
4066,52,27,69.46,6.4,79.33,64.18,37,3.471,0,25,O,A,Normal,1
4067,18,23,31.57,38.63,54.25,79.31,439,6.775,0,5,O,O,Normal,1
4068,51,29,79.08,79.35,71.37,83.39,804,5.842,2,22,A,A,Normal,0
4069,51,60,88.74,89.26,35.89,49.47,25,5.946,1,9,O,A,Routine,1
4070,55,22,86.59,29.3,27.75,71.02,79,4.375,0,33,O,B,Critical,1
4071,61,69,98.53,32.37,8.3,48.85,206,6.38,0,8,A,O,Urgent,1
4072,63,31,93.88,60.02,80.75,77.2,606,5.439,3,32,A,O,Routine,0
4073,56,56,77.24,84.85,54.51,86.86,878,5.855,4,0,O,O,Routine,1
4074,30,76,45.3,,45.53,62.96,903,7.311,0,46,O,O,Routine,0
4075,43,47,63.09,9.21,15.82,78.39,783,4.464,0,4,O,A,Normal,1
4076,31,53,48.14,65.01,13.53,48.58,476,8.013,1,22,B,O,Urgent,0
4077,24,27,56.78,42.02,14.39,60.32,904,8.024,0,3,A,B,Routine,0
4078,42,46,65.27,42.67,97.36,46.61,644,8.823,4,4,O,A,Urgent,0
4079,66,52,35.12,4.91,61.05,47.5,257,5.587,0,14,B,A,Urgent,0
4080,66,24,95.7,43.19,34.81,59.74,106,8.024,1,42,B,O,Normal,0
4081,44,60,69.71,29.67,35.47,78.02,144,0.602,0,16,O,O,Normal,1
4082,52,26,60.51,43.52,29.91,90.98,727,6.09,0,26,O,A,Normal,1
4083,65,59,50.42,84.22,94.54,55.89,998,4.244,2,6,B,B,Urgent,0
4084,56,33,33.34,3.77,7.48,70.95,166,6.809,1,23,B,O,Normal,0
4085,35,60,25.76,59.78,8.34,63.08,107,5.733,1,25,O,A,Urgent,0
4086,22,55,39.56,19.69,39.94,84.5,803,7.674,2,33,B,O,Urgent,0
4087,58,34,31.67,13.24,26.84,78.27,265,2.627,2,24,B,B,Normal,1
4088,19,24,27.36,31.86,41.61,81.18,865,5.314,2,5,O,O,Urgent,1
4089,48,39,78.56,58.97,47.57,50.04,828,2.387,3,9,AB,B,Routine,0
4090,63,23,36.73,58.57,42.19,80.68,97,4.376,0,40,B,A,Urgent,0
4091,46,50,59.58,97.66,24.98,59.9,742,3.337,1,4,A,B,Urgent,0
4092,23,49,74.58,21.43,23.23,50.98,543,5.663,1,26,O,B,Critical,1
4093,63,70,86.33,68.29,89.45,45.4,274,2.771,1,7,A,A,Normal,1
4094,65,60,75.58,63.25,80.36,58.23,336,4.498,2,5,B,O,Normal,0
4095,57,25,67.63,73.55,89.16,57.99,120,10.592,0,32,A,O,Urgent,0
4096,68,25,50.6,66.04,61.2,77.91,964,5.074,1,43,O,O,Urgent,0
4097,49,44,32.1,26.13,76.94,82.5,219,1.954,1,5,O,O,Critical,0
4098,37,40,80.85,48.23,41.44,52.47,676,4.822,3,3,O,B,Critical,1
4099,19,55,66.39,84.43,86.59,77.02,440,4.636,1,36,A,B,Normal,0
4100,62,25,33.67,66.85,45.42,94.09,340,3.911,5,37,B,B,Normal,0
4101,53,70,45.76,93.21,14.51,65.4,916,3.402,8,17,O,B,Normal,0
4102,50,21,26.36,7.64,25.22,46.38,281,6.424,0,29,A,A,Urgent,1
4103,37,42,44.54,22.28,22.69,50.42,444,3.032,5,5,O,B,Normal,0
4104,55,52,29.33,81.4,44.43,63.24,746,7.926,4,3,B,O,Normal,0
4105,59,57,41.19,82.09,86.58,74.29,486,7.724,0,2,A,B,Normal,0
4106,51,58,31.13,60.32,79.35,98.0,575,3.754,0,7,B,A,Urgent,0
4107,60,48,95.04,94.44,45.27,86.64,187,4.931,1,12,A,A,Critical,1
4108,63,46,74.24,69.05,63.31,80.42,363,4.927,0,17,O,A,Normal,1
4109,59,22,59.58,56.43,33.67,85.82,627,4.58,2,37,A,O,Urgent,0
4110,67,30,28.32,8.31,28.61,94.74,62,7.509,1,37,O,B,Normal,0
4111,66,61,51.69,14.03,34.7,93.4,948,6.295,0,5,A,B,Urgent,1
4112,58,28,44.45,6.43,87.92,71.87,728,4.916,0,30,A,O,Normal,0
4113,45,19,74.53,14.23,76.33,52.03,381,3.527,4,26,O,O,Routine,0
4114,54,18,35.08,57.51,94.6,48.11,308,5.398,2,36,B,B,Urgent,0
4115,57,22,56.66,36.01,97.74,61.93,870,7.463,0,35,O,B,Urgent,0
4116,20,32,50.84,31.89,4.92,61.96,576,7.633,1,12,O,O,Routine,1
4117,68,23,41.11,51.4,19.93,45.04,16,4.55,2,45,O,A,Normal,0
4118,58,74,35.17,5.39,80.61,55.61,915,1.9,4,16,B,O,Normal,0
4119,42,61,82.85,71.38,11.25,73.3,77,2.899,1,19,A,A,Routine,1
4120,56,65,75.34,84.7,92.05,72.25,769,5.924,2,9,A,O,Routine,0
4121,54,30,95.84,46.78,99.14,63.27,761,4.682,2,24,B,AB,Urgent,1
4122,53,65,77.4,3.87,87.25,75.29,728,3.868,0,12,B,O,Critical,0
4123,18,48,73.14,4.75,86.93,46.62,82,6.745,1,30,O,B,Normal,0
4124,64,68,27.86,17.07,99.05,87.04,196,4.72,2,4,O,A,Critical,0
4125,33,60,71.82,48.72,24.25,45.08,339,7.013,0,27,A,O,Normal,0
4126,25,48,92.45,25.62,30.12,81.45,882,7.304,0,23,AB,A,Normal,0
4127,40,51,35.35,61.26,31.15,55.24,283,5.242,3,11,A,A,Urgent,0
4128,30,51,37.39,69.64,52.64,58.01,398,4.941,0,21,B,O,Normal,0
4129,27,62,96.56,39.09,31.94,77.02,199,8.399,1,35,B,A,Critical,0
4130,62,40,86.55,89.67,52.67,98.9,483,5.15,6,22,O,O,Normal,1
4131,37,21,93.02,29.28,13.03,95.28,951,3.435,0,16,O,B,Normal,1
4132,68,25,79.99,85.3,78.84,63.77,698,7.345,1,43,O,B,Urgent,0
4133,53,45,70.95,91.83,9.45,88.61,287,10.783,0,8,B,A,Normal,0
4134,19,67,30.74,1.97,25.43,51.24,251,4.37,1,48,B,A,Normal,0
4135,59,77,38.34,67.68,24.16,85.99,654,2.278,2,18,O,B,Critical,1
4136,62,66,86.36,56.84,85.97,86.29,697,2.454,4,4,B,O,Urgent,0
4137,25,45,26.33,39.24,64.64,53.03,858,5.054,3,20,O,A,Normal,0
4138,64,52,57.33,77.2,77.28,88.62,656,5.483,0,12,B,AB,Normal,0
4139,67,50,64.45,83.34,15.45,82.84,713,6.676,0,17,AB,O,Routine,0
4140,59,36,32.49,16.2,9.07,50.43,469,2.885,0,23,B,A,Normal,0
4141,43,23,46.53,56.36,51.15,58.65,926,5.386,0,20,A,O,Normal,0
4142,33,42,54.5,7.72,94.37,70.41,839,5.753,0,9,A,A,Normal,1
4143,40,30,66.96,58.45,40.71,56.14,349,5.86,1,10,O,O,Critical,1
4144,26,74,87.88,38.27,47.89,45.76,676,5.885,0,48,O,O,Urgent,1
4145,69,61,91.32,85.49,41.09,67.18,566,3.925,2,8,A,O,Normal,1
4146,22,66,40.88,40.09,5.16,94.37,791,5.065,1,44,B,A,Critical,0
4147,56,50,88.79,6.59,19.34,75.78,298,4.183,2,6,B,A,Urgent,1
4148,40,31,82.33,85.08,59.73,64.95,179,5.594,1,9,O,O,Urgent,0
4149,62,25,29.82,23.87,52.06,71.35,967,5.303,4,37,O,B,Normal,0
4150,33,71,33.65,63.27,55.11,54.11,481,4.356,5,38,O,O,Urgent,0
4151,53,58,87.53,64.66,30.06,99.7,775,6.522,0,5,AB,A,Routine,0
4152,27,24,31.05,33.81,82.16,92.04,139,8.015,0,3,O,A,Urgent,0
4153,38,62,73.49,19.66,47.89,62.94,857,5.421,3,24,O,B,Critical,1
4154,25,32,56.02,80.0,59.2,90.91,213,6.421,0,7,B,O,Urgent,0
4155,52,68,66.0,29.69,42.86,59.0,252,6.339,0,16,O,AB,Normal,1
4156,19,31,95.84,79.54,10.68,72.99,413,4.255,0,12,O,O,Routine,1
4157,55,67,31.49,53.74,11.84,74.2,518,6.801,0,12,O,A,Urgent,0
4158,62,34,64.79,60.21,64.46,83.96,629,0.5,0,28,AB,B,Normal,0
4159,65,51,33.44,28.12,13.14,45.09,355,2.572,1,14,O,O,Normal,0
4160,64,35,26.05,87.27,69.89,71.4,901,2.961,0,29,O,B,Urgent,0
4161,54,35,75.28,9.7,33.77,54.1,775,4.764,0,19,O,A,Normal,1
4162,59,43,47.42,77.25,34.48,66.31,35,3.86,6,16,A,A,Urgent,0
4163,30,22,65.17,98.38,97.3,61.36,865,8.721,1,8,O,O,Critical,0
4164,49,28,50.32,36.19,22.82,73.18,851,2.291,0,21,AB,O,Routine,0
4165,47,73,48.94,21.92,79.54,84.61,489,7.856,0,26,B,A,Critical,0
4166,31,42,43.32,97.93,45.1,88.78,105,5.613,0,11,A,B,Critical,0
4167,59,62,33.77,39.95,48.37,84.78,213,3.831,0,3,O,B,Normal,0
4168,53,21,28.43,67.86,63.33,55.65,823,3.242,1,32,A,A,Urgent,0
4169,21,21,89.58,36.83,8.78,62.36,461,4.983,2,0,O,O,Normal,1
4170,26,53,37.78,90.03,61.73,51.87,126,10.8,1,27,A,A,Critical,0
4171,58,18,38.67,60.73,0.74,96.29,72,7.742,0,40,O,O,Routine,0
4172,69,52,65.93,21.2,20.94,58.24,429,3.339,2,17,O,A,Urgent,1
4173,52,46,35.24,26.55,76.05,75.96,74,2.767,1,6,O,O,Urgent,0
4174,28,52,76.04,79.68,79.84,98.61,28,4.365,0,24,O,O,Urgent,1
4175,46,76,79.07,9.56,38.79,49.01,614,5.007,3,30,B,AB,Urgent,0
4176,21,57,89.22,52.79,70.34,65.7,143,6.279,0,36,A,O,Urgent,0
4177,35,53,55.13,46.96,6.0,87.95,786,7.795,0,18,A,O,Urgent,0
4178,36,56,94.03,64.73,77.35,51.9,381,10.137,6,20,B,AB,Normal,0
4179,48,40,78.34,13.94,1.83,58.73,306,5.676,0,8,B,O,Critical,1
4180,47,73,56.65,63.62,95.03,98.63,603,8.779,6,26,O,O,Routine,0
4181,41,60,98.29,82.26,11.52,72.63,148,2.229,0,19,B,A,Normal,0
4182,64,32,37.97,7.62,32.42,46.68,8,7.912,5,32,A,O,Routine,0
4183,49,74,76.73,94.35,24.36,62.03,462,5.317,0,25,B,O,Urgent,0
4184,26,30,26.58,0.13,62.79,84.97,241,4.27,4,4,O,A,Normal,0
4185,48,62,75.92,81.47,63.11,46.05,973,3.959,6,14,O,A,Urgent,1
4186,31,21,80.27,78.54,94.39,53.05,540,9.156,0,10,O,B,Normal,0
4187,68,72,82.7,99.4,18.81,55.77,865,2.685,0,4,O,A,Urgent,0
4188,61,50,57.43,,43.52,90.6,283,4.144,3,11,A,A,Critical,0
4189,33,37,73.04,27.19,57.12,88.55,719,4.322,0,4,O,A,Urgent,1
4190,21,77,88.41,15.6,36.95,69.77,572,7.714,0,56,O,O,Normal,1
4191,18,18,57.96,59.66,30.54,63.53,674,0.5,1,0,O,A,Normal,1
4192,59,25,68.81,59.35,10.89,86.1,790,5.53,3,34,O,A,Critical,1
4193,39,38,62.57,80.22,49.14,91.27,177,6.474,2,1,A,O,Normal,0
4194,50,29,78.75,75.18,3.08,74.58,678,6.202,0,21,B,A,Urgent,0
4195,35,77,28.41,77.0,23.62,67.62,844,5.432,2,42,O,B,Normal,0
4196,62,36,50.97,40.4,93.7,51.52,827,1.22,0,26,O,O,Normal,1
4197,27,25,95.9,81.79,1.07,57.48,,3.963,0,2,B,A,Urgent,1
4198,60,71,55.79,41.24,58.22,84.95,941,6.011,3,11,B,B,Normal,1
4199,65,74,76.83,73.55,80.49,75.43,813,6.614,4,9,O,O,Urgent,1
4200,63,39,99.94,76.13,0.57,59.35,485,6.908,3,24,A,O,Urgent,0
4201,43,18,95.93,93.73,25.13,95.45,89,8.255,3,25,O,B,Normal,0
4202,35,36,67.41,67.34,24.16,82.22,311,5.054,0,1,AB,A,Urgent,0
4203,37,44,95.53,7.93,28.78,52.59,583,7.066,1,7,B,O,Normal,1
4204,,63,83.27,41.04,32.87,67.19,968,5.052,1,28,O,O,Routine,1
4205,52,31,38.68,17.86,18.22,72.42,898,8.774,2,21,O,O,Routine,1
4206,32,54,88.44,78.91,16.01,97.64,554,5.848,3,22,B,AB,Normal,1
4207,36,35,94.53,61.01,96.75,57.42,832,7.026,4,1,A,O,Routine,1
4208,23,24,60.11,66.38,30.87,53.13,874,5.379,0,1,O,O,Normal,1
4209,49,29,57.09,93.76,60.59,80.05,395,4.629,1,20,B,O,Normal,0
4210,53,23,35.56,10.24,99.34,93.72,807,5.775,8,30,O,O,Urgent,0
4211,46,27,97.73,30.83,7.01,80.89,929,5.386,1,19,A,A,Urgent,1
4212,29,60,72.49,35.84,88.42,72.84,587,8.989,3,,O,A,Urgent,0
4213,60,72,52.82,62.5,96.27,51.64,65,5.486,3,12,O,A,Critical,0
4214,45,51,63.2,84.37,52.86,57.67,361,7.547,0,6,AB,O,Normal,0
4215,54,40,73.47,53.0,96.0,82.91,903,8.965,1,14,B,A,Normal,0
4216,22,20,89.74,17.39,3.82,60.99,109,5.323,1,2,O,B,Urgent,1
4217,60,47,61.35,51.87,26.1,66.25,504,7.101,2,13,O,A,Routine,0
4218,56,21,93.85,57.25,34.25,64.94,157,1.05,0,35,B,A,Critical,1
4219,61,60,29.15,19.54,3.16,79.46,128,4.02,2,1,A,O,Normal,0
4220,37,30,78.13,59.91,33.04,71.94,671,7.046,0,7,O,O,Critical,1
4221,60,35,54.12,17.68,20.23,91.67,769,7.04,1,25,B,O,Urgent,0
4222,45,55,72.77,50.61,46.99,71.58,420,1.934,1,10,O,O,Urgent,1
4223,37,64,54.33,78.63,38.59,66.56,955,4.001,3,27,O,A,Urgent,0
4224,41,76,46.8,71.64,68.02,92.66,953,4.352,0,35,AB,A,Urgent,0
4225,33,69,52.97,45.01,60.05,92.24,230,6.175,4,36,O,O,Normal,0
4226,33,44,54.0,31.27,80.35,95.0,629,6.558,1,11,O,B,Normal,0
4227,47,66,55.71,29.47,29.86,96.28,79,7.369,0,19,O,A,Routine,1
4228,59,22,94.19,56.08,87.05,82.99,321,2.639,1,37,B,O,Critical,0
4229,61,70,66.99,41.01,21.38,51.9,541,2.457,0,9,B,B,Urgent,1
4230,36,58,71.71,23.17,17.96,98.91,627,8.542,0,22,A,B,Normal,1
4231,48,43,40.48,0.01,39.0,87.12,351,8.736,7,5,O,B,Urgent,0
4232,45,58,70.59,58.01,77.95,90.83,574,4.685,0,13,A,O,Routine,0
4233,61,65,49.52,39.94,84.22,80.92,63,3.636,2,4,B,B,Normal,1
4234,36,59,47.59,31.09,61.51,56.25,325,4.901,1,23,B,A,Normal,0
4235,39,41,39.26,70.72,5.73,81.07,317,4.564,0,2,O,B,Normal,0
4236,33,52,53.79,48.57,52.44,61.14,131,1.244,0,19,O,O,Normal,0
4237,59,37,57.19,18.03,22.68,65.27,825,4.669,0,22,B,B,Normal,1
4238,49,47,92.92,95.98,8.11,48.65,405,9.152,0,2,A,A,Normal,1
4239,56,56,87.86,82.18,90.55,73.7,255,6.553,8,0,O,B,Urgent,1
4240,24,61,97.86,38.37,64.94,57.82,175,5.222,6,37,A,B,Normal,0
4241,55,29,96.71,98.09,23.66,73.27,499,8.88,3,26,A,A,Normal,0
4242,40,72,73.2,5.37,93.74,68.97,655,4.198,4,32,B,A,Normal,0
4243,34,68,62.64,46.1,37.71,83.82,858,5.567,1,34,O,O,Normal,1
4244,38,60,60.88,42.62,71.73,79.97,257,7.897,0,22,B,O,Normal,0
4245,41,18,73.13,12.56,87.43,94.36,420,2.174,0,23,B,O,Normal,0
4246,68,38,74.49,81.62,92.06,55.73,330,12.412,4,30,B,O,Urgent,0
4247,69,53,39.54,94.18,76.81,67.82,542,0.862,0,16,B,O,Urgent,0
4248,29,20,83.22,19.33,15.6,87.71,212,7.739,2,9,B,AB,Normal,1
4249,43,69,94.37,66.01,11.15,45.29,343,2.815,4,26,B,O,Critical,0
4250,38,25,35.69,87.06,15.41,57.08,662,6.835,0,13,AB,B,Normal,0
4251,51,45,99.3,86.88,16.15,83.39,910,7.335,3,6,A,O,Normal,0
4252,48,34,37.84,92.47,6.22,92.15,787,8.492,2,14,A,AB,Normal,0
4253,67,27,51.15,44.25,50.68,55.53,882,3.616,2,40,O,O,Normal,1
4254,31,55,67.1,5.08,72.62,55.94,954,6.486,2,24,B,O,Critical,0
4255,65,19,98.42,16.59,85.23,67.12,183,7.341,3,46,O,O,Urgent,1
4256,34,77,30.07,85.3,75.68,96.62,933,3.955,0,43,A,A,Routine,0
4257,54,56,70.8,19.76,70.46,71.2,392,5.584,0,2,A,B,Routine,0
4258,32,73,34.85,,0.72,76.88,423,6.467,0,41,O,AB,Critical,1
4259,51,23,37.51,4.44,21.17,61.45,648,5.223,0,28,A,O,Normal,0
4260,67,29,66.84,3.64,39.48,51.48,716,10.23,2,38,A,B,Normal,0
4261,63,27,62.06,13.0,32.35,48.4,310,2.196,6,36,A,O,Normal,0
4262,30,67,41.07,41.9,30.53,61.0,366,3.152,1,37,O,A,Urgent,0
4263,60,35,47.62,92.88,6.39,72.28,276,0.5,4,25,B,A,Critical,0
4264,29,36,33.34,87.29,47.9,55.64,709,3.802,4,7,O,A,Normal,0
4265,34,66,51.28,38.76,35.17,45.45,117,7.212,4,32,B,B,Critical,0
4266,57,71,41.65,80.53,9.14,61.74,263,7.911,4,14,A,A,Normal,0
4267,26,31,92.59,13.24,78.36,84.59,977,2.977,0,5,B,A,Normal,1
4268,21,44,57.73,70.98,95.4,72.72,189,6.058,2,23,O,O,Critical,0
4269,19,38,52.16,53.84,12.54,68.99,482,5.008,2,19,O,O,Urgent,0
4270,21,39,79.6,55.91,87.46,96.49,283,4.645,1,18,O,A,Normal,0
4271,21,70,49.44,76.0,64.89,58.53,982,4.719,1,49,O,O,Critical,0
4272,53,62,44.44,58.04,94.55,67.24,566,3.694,0,9,A,O,Urgent,0
4273,38,65,53.04,79.33,21.85,50.58,383,6.422,4,27,O,AB,Routine,0
4274,68,45,45.67,3.97,59.88,48.41,124,8.675,1,23,B,B,Urgent,0
4275,30,44,41.18,92.18,86.76,80.82,138,6.749,2,14,A,O,Critical,0
4276,28,55,66.88,82.12,52.78,87.72,917,3.108,4,27,O,B,Normal,0
4277,48,31,91.25,9.79,84.02,57.82,687,6.251,1,17,B,A,Normal,0
4278,25,45,30.72,32.75,39.02,47.8,792,4.728,0,20,O,B,Critical,0
4279,23,55,80.47,78.82,24.56,91.76,517,6.008,0,32,A,A,Critical,1
4280,64,22,74.25,54.83,65.1,48.5,273,4.262,0,42,O,O,Urgent,0
4281,21,30,84.66,23.48,34.49,89.92,818,4.817,1,9,B,B,Urgent,1
4282,36,58,66.49,94.71,87.23,64.82,175,6.253,1,22,O,O,Normal,0
4283,39,34,78.39,66.85,1.67,82.78,798,0.641,0,5,A,B,Normal,1
4284,23,53,95.81,44.78,74.56,61.15,842,6.857,0,30,A,A,Normal,1
4285,65,29,67.7,35.42,94.8,54.65,71,9.037,1,36,A,A,Normal,0
4286,48,25,83.96,35.69,11.41,53.67,,4.988,1,23,A,O,Urgent,1
4287,65,31,48.87,69.21,2.6,81.81,761,5.141,2,34,O,O,Routine,1
4288,38,60,38.19,37.45,87.41,96.49,403,4.145,0,22,O,O,Normal,0
4289,37,66,48.1,28.1,2.81,,859,3.698,2,29,O,O,Normal,1
4290,31,50,25.12,50.64,21.6,87.92,271,3.594,4,19,O,O,Normal,1
4291,63,33,75.24,50.15,63.5,98.85,203,4.04,0,30,AB,B,Normal,0
4292,59,74,97.92,58.89,45.47,77.43,84,7.907,6,15,O,A,Urgent,0
4293,57,28,76.0,14.28,62.6,93.76,731,5.842,4,29,O,A,Urgent,1
4294,66,50,77.78,72.85,83.38,66.29,756,5.419,1,16,O,O,Normal,1
4295,34,23,49.9,94.21,22.02,66.48,181,6.099,1,11,O,B,Urgent,0
4296,36,53,87.6,17.33,80.73,45.51,632,5.388,2,17,B,B,Normal,1
4297,65,48,31.37,59.3,5.6,79.77,76,5.562,2,17,AB,A,Normal,0
4298,38,34,99.91,78.29,47.21,79.6,629,7.707,1,4,O,O,Routine,0
4299,35,57,97.88,8.3,8.65,62.01,396,6.001,4,22,A,AB,Urgent,1
4300,65,44,59.73,53.97,9.22,99.98,583,5.04,0,21,O,O,Urgent,1
4301,35,47,61.12,14.1,92.71,71.68,482,2.433,1,12,A,AB,Normal,0
4302,19,18,43.04,59.68,41.15,57.81,703,3.908,2,1,O,O,Routine,1
4303,45,19,74.16,76.93,29.84,55.66,794,4.522,0,26,O,O,Normal,1
4304,55,39,39.23,58.13,98.57,60.43,647,4.412,0,16,B,O,Routine,0
4305,33,36,47.03,20.47,32.23,61.85,409,10.374,3,3,B,A,Critical,0
4306,25,53,57.75,75.52,79.81,98.86,,9.186,1,28,O,A,Critical,0
4307,41,59,28.24,55.76,3.33,92.58,423,4.121,2,18,O,B,Normal,0
4308,30,49,60.59,52.25,47.03,80.84,399,4.461,1,19,O,A,Normal,1
4309,36,73,71.37,85.97,17.19,81.26,368,6.944,0,37,A,B,Critical,0
4310,38,32,91.9,41.69,93.77,49.6,964,3.98,1,6,O,B,Critical,1
4311,24,73,58.72,12.2,39.64,88.34,502,4.915,2,49,A,O,Urgent,0
4312,66,20,92.86,49.85,16.97,80.96,849,6.528,2,46,O,B,Urgent,1
4313,54,70,72.53,61.08,64.49,64.25,978,3.414,6,16,O,O,Normal,1
4314,45,74,51.99,84.16,22.21,50.11,202,5.152,4,29,O,O,Normal,0
4315,38,56,75.61,27.28,16.61,86.51,720,5.568,0,18,O,B,Normal,1
4316,33,61,59.56,23.37,49.23,73.71,205,4.485,5,28,O,O,Urgent,1
4317,40,61,73.42,76.0,44.59,72.65,98,6.227,8,21,A,AB,Critical,0
4318,48,65,76.62,95.44,62.47,74.29,750,5.531,0,17,O,O,Normal,1
4319,68,26,74.55,9.14,77.21,68.47,197,4.428,1,42,O,O,Critical,0
4320,51,29,93.81,45.47,89.29,97.45,468,7.336,0,22,A,O,Normal,1
4321,64,51,52.36,35.53,61.93,50.56,804,5.322,1,13,O,A,Urgent,0
4322,32,70,97.8,78.04,68.46,69.67,298,4.112,0,38,O,B,Urgent,0
4323,54,61,69.6,80.59,41.17,55.25,384,4.297,0,7,O,A,Urgent,0
4324,67,60,54.81,20.57,56.12,56.15,327,8.318,1,7,O,B,Urgent,0
4325,27,68,84.73,,47.74,75.55,1000,4.31,0,41,B,O,Urgent,0
4326,64,64,80.52,40.57,33.59,64.98,727,5.179,1,0,B,O,Critical,1
4327,35,77,34.73,37.24,40.68,59.6,447,7.627,3,42,O,B,Urgent,0
4328,44,24,99.31,14.11,38.17,85.46,253,5.918,7,20,A,A,Critical,1
4329,27,54,44.46,84.23,9.14,73.11,456,6.318,1,27,A,A,Normal,0
4330,27,52,50.22,92.41,12.48,78.89,216,6.673,0,25,O,O,Critical,0
4331,38,69,38.96,20.46,73.9,71.46,516,6.24,1,31,O,O,Urgent,0
4332,28,20,78.06,31.18,60.88,91.03,461,3.035,0,8,AB,O,Urgent,0
4333,29,54,60.37,93.94,17.53,95.65,850,5.476,0,25,AB,A,Urgent,0
4334,54,62,72.52,61.72,31.64,93.64,602,4.277,1,8,O,O,Urgent,1
4335,35,26,71.38,31.29,29.93,94.43,42,7.371,3,9,A,O,Urgent,0
4336,59,54,44.03,6.19,72.72,79.96,974,3.579,0,5,O,A,Critical,1
4337,55,26,38.32,11.48,27.58,46.55,176,4.574,0,29,O,B,Critical,0
4338,26,63,56.94,15.7,62.89,59.26,773,7.406,3,37,A,B,Critical,0
4339,45,55,36.37,20.91,70.53,82.01,805,6.725,0,10,O,AB,Urgent,0
4340,56,44,36.04,77.67,99.69,47.92,851,7.052,0,12,A,B,Urgent,0
4341,47,77,29.56,95.02,26.08,91.87,837,3.931,2,30,B,B,Critical,1
4342,58,61,27.79,44.25,59.15,93.56,824,4.27,3,3,O,O,Normal,1
4343,34,75,59.62,56.68,82.83,90.6,28,5.401,0,41,B,B,Critical,0
4344,62,57,58.34,67.78,90.65,76.92,485,2.985,0,5,A,O,Critical,0
4345,64,61,64.6,92.16,54.61,55.15,918,5.119,0,3,O,B,Normal,1
4346,28,24,27.17,9.65,14.32,74.53,604,5.885,3,4,O,O,Routine,1
4347,64,59,28.53,56.82,57.12,70.77,961,3.959,0,5,A,O,Normal,0
4348,60,25,68.78,79.61,6.24,80.26,660,10.198,0,35,A,O,Urgent,0
4349,57,23,58.27,88.27,14.11,64.13,976,2.986,0,34,O,O,Urgent,1
4350,62,72,80.95,72.91,66.77,55.96,571,10.107,0,10,B,O,Urgent,0
4351,48,51,96.31,77.01,36.46,46.14,386,5.24,1,3,A,O,Urgent,0
4352,34,67,92.54,81.21,9.66,68.82,896,8.421,0,33,O,O,Urgent,1
4353,36,22,39.87,55.95,16.8,74.08,534,2.756,1,14,B,O,Critical,0
4354,27,52,87.93,94.26,56.07,72.08,514,4.142,2,25,A,B,Normal,0
4355,32,26,27.5,70.09,83.36,86.98,244,6.9,0,6,B,A,Normal,0
4356,35,40,63.45,95.84,38.46,45.45,699,8.038,8,5,B,O,Critical,0
4357,62,47,56.62,61.95,10.36,96.8,515,4.498,8,15,O,B,Critical,0
4358,49,61,37.95,26.78,47.24,72.4,900,5.952,0,12,B,B,Urgent,1
4359,44,75,25.53,58.24,70.19,48.68,631,2.345,1,31,O,A,Normal,0
4360,32,45,89.59,30.7,99.43,79.71,422,6.744,8,13,O,B,Urgent,1
4361,64,38,49.67,70.25,28.67,85.7,237,0.922,0,26,O,B,Routine,0
4362,35,23,94.18,95.92,44.18,54.44,72,3.98,3,12,AB,A,Critical,0
4363,53,18,42.11,20.58,40.76,57.27,981,5.955,2,35,O,B,Urgent,1
4364,22,30,64.85,2.29,49.09,62.94,687,5.919,1,8,O,B,Urgent,1
4365,31,46,61.34,13.27,35.91,96.89,25,3.786,0,15,A,O,Urgent,0
4366,40,58,54.97,7.26,94.67,67.93,365,3.75,0,18,B,A,Normal,0
4367,18,27,33.11,51.84,7.64,88.51,866,5.522,3,9,B,B,Urgent,1
4368,32,34,30.02,76.44,53.54,70.58,159,2.391,1,2,A,B,Normal,0
4369,45,33,34.85,76.75,95.63,80.51,456,5.329,8,12,B,A,Critical,0
4370,52,53,95.28,55.65,20.66,67.79,870,5.036,0,1,A,O,Routine,0
4371,47,25,64.8,50.66,48.46,78.19,464,6.215,0,22,A,O,Normal,0
4372,42,37,76.43,96.36,46.2,96.56,964,5.514,3,5,O,A,Normal,1
4373,49,59,53.46,29.58,87.41,73.53,811,4.844,1,10,B,A,Normal,0
4374,,27,84.57,64.16,20.16,87.25,384,5.855,3,41,B,O,Normal,0
4375,56,32,41.15,57.77,55.49,88.02,695,5.239,3,,A,B,Urgent,0
4376,40,64,61.47,12.99,69.9,52.95,693,5.055,6,24,O,AB,Critical,0
4377,53,35,51.13,11.7,78.54,55.25,883,10.067,1,18,B,B,Normal,1
4378,43,28,61.95,35.93,24.03,92.51,971,5.84,0,15,O,O,Urgent,1
4379,66,65,32.77,0.18,11.01,47.29,346,5.413,0,1,A,AB,Normal,1
4380,21,74,98.92,52.54,53.47,80.11,618,7.809,5,53,B,B,Normal,0
4381,22,19,33.87,35.38,62.26,72.07,436,0.703,1,3,O,B,Normal,1
4382,37,68,32.15,71.77,75.16,77.21,177,6.019,0,31,A,O,Normal,0
4383,21,32,99.93,95.42,61.46,78.47,234,,3,11,A,O,Urgent,0
4384,43,41,84.48,66.47,13.96,88.08,471,3.937,3,2,A,O,Urgent,0
4385,50,68,25.51,56.5,27.3,96.08,572,3.706,2,18,O,O,Urgent,0
4386,32,53,68.16,89.04,96.83,71.8,211,5.011,2,21,O,A,Normal,0
4387,56,36,54.41,37.97,12.88,50.19,572,5.666,3,20,O,O,Routine,0
4388,69,23,37.21,39.32,11.65,55.65,646,6.308,5,46,AB,B,Normal,0
4389,23,37,25.12,78.59,85.8,67.5,616,6.066,4,14,O,A,Normal,0
4390,20,25,43.82,69.85,62.34,47.88,261,2.227,0,5,B,O,Critical,0
4391,51,56,99.91,54.56,38.67,62.41,933,5.942,1,5,A,A,Urgent,1
4392,28,46,79.47,33.32,30.72,45.68,315,7.468,2,18,O,A,Normal,1
4393,44,48,25.93,15.7,32.28,69.65,677,3.075,1,4,O,O,Normal,1
4394,50,54,66.23,0.19,30.26,53.91,705,0.848,1,4,O,A,Urgent,1
4395,59,48,38.21,34.76,98.19,92.24,916,5.499,8,11,O,A,Normal,0
4396,36,62,43.45,93.76,88.1,82.89,485,3.83,1,26,B,A,Routine,0
4397,38,20,76.23,45.8,12.22,48.88,212,2.616,0,18,A,A,Normal,1
4398,64,57,73.13,58.83,35.39,89.89,296,6.054,0,7,A,O,Normal,1
4399,66,29,44.42,85.68,16.65,53.79,510,4.357,0,37,B,B,Urgent,0
4400,49,68,76.69,82.89,95.11,80.64,151,2.073,0,19,B,A,Routine,0
4401,44,51,39.98,40.75,39.28,70.25,830,8.061,0,7,A,B,Normal,0
4402,60,27,86.57,89.88,30.91,71.59,759,4.919,,33,O,AB,Normal,0
4403,63,55,52.52,76.23,17.46,90.41,795,6.805,0,8,A,O,Normal,0
4404,26,49,88.75,77.81,68.55,52.08,592,7.253,8,23,B,O,Urgent,0
4405,67,28,56.5,98.11,12.43,82.69,528,6.291,6,39,O,O,Critical,0
4406,44,36,87.53,48.41,82.93,47.9,712,7.026,4,8,B,O,Routine,0
4407,24,61,54.54,92.95,4.12,99.59,942,5.792,0,37,B,B,Urgent,0
4408,37,33,92.94,21.49,38.64,56.5,539,4.913,2,4,O,O,Routine,1
4409,65,74,90.7,63.3,17.48,86.14,27,3.928,3,9,B,B,Normal,1
4410,33,46,44.16,35.8,91.12,53.83,800,8.218,1,13,AB,B,Urgent,0
4411,48,75,89.71,69.45,87.54,68.69,942,4.751,0,27,A,A,Urgent,1
4412,33,26,63.55,78.14,12.47,51.73,974,3.464,0,7,O,A,Critical,1
4413,55,71,86.91,3.46,26.33,46.29,777,5.175,1,16,O,O,Critical,1
4414,34,33,75.14,59.54,30.59,90.66,832,3.371,0,1,O,A,Urgent,1
4415,63,60,36.75,36.46,71.55,63.01,177,4.379,0,3,A,A,Urgent,0
4416,60,50,48.91,10.64,58.34,80.37,142,4.202,0,10,B,AB,Normal,1
4417,60,67,79.39,43.98,34.7,55.1,580,7.434,4,7,B,O,Urgent,0
4418,37,56,88.38,57.46,52.06,91.15,276,1.749,0,19,B,A,Routine,0
4419,38,68,52.93,45.91,79.69,99.71,87,2.544,2,30,O,A,Normal,0
4420,53,38,28.84,84.47,52.81,63.9,276,6.734,1,15,AB,A,Normal,0
4421,67,39,25.82,85.99,11.01,83.2,982,8.343,4,28,O,B,Critical,0
4422,53,31,79.28,61.78,68.19,74.35,417,6.86,0,22,O,AB,Critical,0
4423,32,27,72.63,33.48,9.67,51.99,442,3.529,1,5,A,A,Critical,1
4424,46,33,29.88,74.24,75.71,63.68,596,7.191,0,13,B,A,Critical,0
4425,34,61,76.32,60.3,78.63,80.97,251,3.357,1,27,B,O,Urgent,0
4426,51,68,48.04,67.88,18.64,95.67,149,4.411,0,17,O,O,Urgent,0
4427,48,43,66.88,28.36,21.0,49.02,37,6.28,2,5,A,O,Urgent,0
4428,18,60,48.85,4.46,43.8,72.91,190,6.142,0,42,O,B,Urgent,0
4429,37,51,91.82,8.53,6.01,95.5,461,7.682,2,14,B,O,Normal,1
4430,56,36,61.96,77.92,50.39,66.37,448,2.086,5,20,B,B,Normal,0
4431,57,34,35.09,91.25,68.7,74.58,495,7.708,3,23,B,B,Critical,0
4432,37,39,80.15,14.06,63.43,70.45,736,4.881,1,2,O,O,Critical,1
4433,48,29,36.93,23.32,41.75,79.58,160,5.75,0,19,A,A,Normal,1
4434,53,43,65.91,17.9,68.76,47.96,681,3.901,2,10,A,O,Urgent,0
4435,21,64,93.96,52.62,84.33,68.83,161,2.922,5,43,B,A,Urgent,0
4436,23,49,96.57,46.39,92.03,71.02,677,6.294,4,26,AB,AB,Normal,0
4437,52,68,51.7,61.67,43.29,83.02,537,7.197,1,16,A,A,Normal,1
4438,44,51,62.76,80.13,54.95,48.25,968,7.071,0,7,A,O,Normal,0
4439,60,37,89.36,56.99,58.07,77.58,982,5.142,2,23,O,B,Normal,1
4440,26,30,32.51,,12.32,63.81,992,2.48,2,4,B,O,Urgent,0
4441,47,55,25.92,97.5,32.98,87.82,364,4.153,2,8,O,AB,Critical,0
4442,48,44,93.59,95.04,78.41,97.45,102,6.228,2,4,A,B,Normal,0
4443,68,20,83.96,82.48,92.01,58.63,903,10.061,1,48,O,AB,Routine,0
4444,43,55,78.22,71.55,93.21,84.87,49,6.401,0,12,B,O,Normal,0
4445,54,72,38.84,61.99,33.18,82.88,101,5.613,6,18,O,O,Normal,1
4446,62,70,45.78,46.91,15.76,97.89,279,5.791,8,8,O,O,Critical,1
4447,29,28,66.4,19.11,19.06,55.75,19,3.359,2,1,A,A,Urgent,1
4448,41,18,66.38,16.81,89.92,81.48,412,5.856,8,23,A,B,Critical,0
4449,19,25,85.28,9.16,36.65,50.13,752,3.218,1,6,B,O,Urgent,1
4450,32,,73.65,97.28,80.89,61.18,527,6.459,4,21,O,O,Urgent,0
4451,44,44,39.39,45.84,20.6,80.76,73,7.429,1,0,A,B,Urgent,0
4452,60,24,97.59,86.56,62.29,53.11,115,12.722,5,36,A,A,Normal,0
4453,44,54,73.36,59.55,65.06,47.86,729,5.27,1,10,B,A,Urgent,0
4454,56,49,52.98,51.75,,87.09,71,2.294,1,7,B,B,Normal,0
4455,43,20,43.85,1.35,46.43,98.73,654,5.489,2,23,O,A,Urgent,0
4456,51,64,35.78,31.14,42.98,93.57,55,8.521,2,13,O,AB,Routine,0
4457,39,44,54.36,55.01,41.15,98.7,998,5.056,0,5,O,B,Routine,1
4458,40,25,40.08,43.24,44.69,51.16,682,7.272,0,15,O,B,Normal,0
4459,38,18,57.8,91.94,70.85,62.49,454,7.274,3,20,A,B,Normal,0
4460,56,37,83.12,37.66,61.37,55.18,756,4.442,0,19,O,B,Urgent,1
4461,49,31,99.47,23.83,15.72,96.12,556,1.711,2,18,A,O,Normal,1
4462,50,52,70.5,86.35,6.91,96.98,154,4.122,0,2,A,O,Normal,0
4463,33,38,47.89,3.55,51.46,48.55,308,6.237,0,5,O,A,Normal,0
4464,20,40,46.32,68.45,28.42,68.78,902,5.564,0,20,O,O,Normal,0
4465,36,62,44.81,99.78,94.84,94.2,805,2.487,0,26,O,O,Normal,1
4466,47,63,92.01,63.81,42.42,76.1,442,3.69,0,16,B,O,Normal,0
4467,61,33,37.82,18.2,88.32,94.95,932,7.723,2,28,O,AB,Critical,1
4468,20,26,33.21,23.6,98.95,56.35,586,4.678,2,6,O,O,Urgent,0
4469,23,64,57.21,87.52,83.49,98.51,494,4.253,1,41,A,O,Urgent,0
4470,27,61,73.6,84.6,24.22,99.34,885,5.124,3,34,O,O,Normal,0
4471,50,53,90.69,48.57,60.96,99.31,525,5.122,1,3,O,O,Urgent,1
4472,22,48,96.38,35.68,98.45,52.57,161,7.0,0,26,O,B,Urgent,1
4473,64,20,62.45,67.67,91.86,72.88,578,5.795,1,44,A,O,Urgent,0
4474,62,71,46.96,0.32,19.67,71.87,456,6.22,0,9,O,B,Urgent,1
4475,35,50,73.97,19.32,36.91,68.11,714,0.833,1,15,B,O,Critical,1
4476,53,62,83.97,1.85,46.04,62.84,109,4.993,3,9,B,A,Critical,0
4477,55,70,77.18,38.99,31.7,59.4,954,6.492,2,15,O,B,Urgent,1
4478,35,26,41.65,11.06,28.01,60.48,234,5.098,2,9,O,A,Routine,0
4479,22,30,71.89,37.17,45.0,79.1,49,,1,8,A,O,Normal,0
4480,35,18,68.51,59.85,63.54,75.9,871,5.619,0,17,O,A,Critical,1
4481,69,35,97.29,86.66,36.8,72.1,332,5.445,2,34,A,A,Urgent,0
4482,65,38,74.52,90.38,56.43,69.97,753,5.265,1,27,O,A,Urgent,0
4483,66,37,39.37,65.28,18.28,51.91,828,6.427,3,29,B,B,Normal,1
4484,59,27,67.01,82.42,37.79,75.83,347,8.412,5,32,A,O,Normal,0
4485,58,42,96.15,72.8,38.14,80.0,784,8.029,1,16,O,B,Normal,0
4486,65,50,81.41,36.27,35.8,64.94,75,3.756,2,15,O,O,Urgent,1
4487,62,39,60.84,10.88,2.08,70.3,746,3.823,2,23,A,O,Normal,1
4488,67,41,59.81,20.15,45.63,65.51,978,3.788,0,26,B,A,Critical,0
4489,53,69,56.65,6.25,69.07,96.65,394,2.246,0,16,A,A,Normal,0
4490,45,34,80.6,49.65,31.5,57.78,930,6.163,3,11,A,A,Normal,1
4491,37,49,96.47,53.97,95.33,91.07,827,6.222,2,12,O,A,Urgent,1
4492,50,53,66.63,9.64,52.15,47.81,418,4.36,8,3,B,O,Normal,0
4493,23,52,90.25,79.22,96.19,48.87,174,4.269,2,29,O,AB,Urgent,0
4494,41,25,32.97,57.84,25.34,71.74,839,6.465,2,16,A,A,Normal,1
4495,57,59,77.98,81.52,51.57,91.33,993,2.604,4,2,O,O,Routine,0
4496,31,60,60.18,10.83,70.18,84.81,61,5.648,0,29,O,B,Normal,1
4497,50,57,94.69,11.45,73.41,64.9,338,5.507,1,7,A,AB,Urgent,1
4498,56,32,70.03,87.87,85.83,82.33,747,9.063,6,24,A,O,Normal,0
4499,39,63,49.58,68.12,34.95,86.31,115,2.169,3,24,O,B,Critical,0
4500,19,29,42.66,86.0,70.7,60.77,965,8.999,0,10,A,B,Normal,0
4501,62,70,31.9,28.39,97.58,96.21,176,6.775,3,8,O,A,Urgent,0
4502,56,48,53.99,10.79,24.97,92.94,786,4.31,3,8,B,A,Normal,1
4503,67,34,79.0,73.51,80.93,82.02,445,6.79,0,33,B,O,Normal,0
4504,64,48,48.62,51.95,57.0,63.9,600,9.42,0,16,O,A,Urgent,0
4505,19,77,79.02,94.48,39.78,47.38,717,7.805,4,58,A,AB,Normal,0
4506,55,58,74.01,94.46,20.56,67.91,580,4.58,3,3,AB,O,Urgent,0
4507,22,20,64.45,87.89,46.52,75.57,634,5.383,1,2,O,O,Routine,1
4508,26,27,27.76,86.06,98.55,48.12,735,3.179,0,1,A,O,Urgent,0
4509,35,69,48.64,73.8,78.34,75.24,910,6.32,3,34,A,B,Normal,0
4510,66,42,66.14,85.28,45.01,70.38,240,6.416,1,24,O,A,Urgent,0
4511,42,34,55.93,48.38,71.88,74.4,142,7.301,3,8,A,A,Urgent,0
4512,23,69,42.71,98.5,75.08,68.12,860,6.718,0,46,B,O,Urgent,0
4513,46,64,99.47,86.81,62.05,80.84,313,3.78,2,18,O,A,Normal,1
4514,25,20,56.56,44.63,8.87,73.65,674,4.873,0,5,A,B,Critical,0
4515,68,25,93.44,76.39,30.3,75.9,522,6.565,0,43,A,O,Normal,0
4516,51,26,64.47,35.22,19.06,96.76,741,7.108,0,25,O,O,Critical,1
4517,43,40,77.69,58.24,73.26,63.36,52,3.345,1,3,B,B,Urgent,0
4518,38,63,42.39,28.24,22.82,63.52,240,3.152,1,25,B,B,Normal,1
4519,59,36,61.09,36.48,56.56,97.12,768,3.212,1,23,O,A,Normal,0
4520,45,61,46.55,92.46,73.1,88.77,988,6.096,1,16,B,A,Urgent,0
4521,18,63,29.18,46.0,91.07,72.7,790,3.286,0,45,O,A,Urgent,0
4522,64,24,44.12,6.17,57.03,93.97,209,9.44,2,40,B,B,Urgent,1
4523,59,44,82.34,,34.7,58.15,196,5.502,1,15,B,O,Routine,0
4524,57,47,27.91,80.06,30.44,60.13,793,4.899,0,10,O,O,Normal,0
4525,36,30,36.95,61.23,80.12,94.62,40,5.485,1,6,B,O,Urgent,0
4526,53,55,97.43,22.73,31.68,66.89,244,,1,2,O,B,Normal,1
4527,22,38,31.3,37.05,18.35,63.36,156,8.745,1,16,O,AB,Urgent,1
4528,62,31,43.13,14.09,1.37,94.02,600,8.462,2,31,O,O,Critical,0
4529,28,36,60.68,8.39,44.47,90.96,295,2.929,7,8,B,O,Urgent,0
4530,38,66,69.42,21.66,15.31,97.64,886,7.156,2,28,A,A,Normal,1
4531,63,77,72.35,39.81,25.42,73.04,105,1.248,1,14,A,O,Critical,0
4532,19,20,39.22,94.69,84.5,59.51,164,5.294,3,1,O,B,Normal,0
4533,51,65,37.2,68.04,65.37,94.78,672,4.994,0,14,B,B,Critical,0
4534,34,66,42.52,5.88,21.61,70.56,445,6.272,0,32,O,B,Normal,1
4535,49,29,89.54,19.82,59.37,45.56,882,6.638,4,20,A,O,Normal,1
4536,66,30,94.97,2.1,49.11,51.07,333,5.369,2,36,B,O,Normal,0
4537,38,59,40.0,88.44,53.24,87.29,978,3.837,0,21,A,O,Normal,0
4538,63,21,50.06,98.96,71.76,47.77,30,7.012,0,42,B,B,Normal,0
4539,47,66,78.9,23.19,92.65,95.06,393,3.294,2,19,O,O,Critical,1
4540,44,22,84.3,97.96,45.09,70.05,729,6.377,8,22,A,B,Urgent,0
4541,31,37,52.56,23.1,56.85,76.98,174,5.499,5,6,A,B,Urgent,0
4542,56,46,42.47,15.01,62.86,97.11,477,3.573,0,10,O,O,Normal,1
4543,41,42,39.51,93.09,25.61,75.96,646,6.991,2,1,O,B,Critical,0
4544,66,59,67.43,87.89,78.47,70.94,294,6.379,0,7,B,B,Normal,0
4545,42,26,89.19,14.5,78.32,90.27,901,5.145,1,16,O,O,Urgent,1
4546,61,19,46.93,56.94,55.44,66.19,934,3.482,5,42,B,O,Critical,0
4547,65,20,99.38,75.57,9.77,47.22,200,8.383,0,45,B,A,Urgent,0
4548,50,77,80.8,94.7,24.91,60.55,486,4.813,1,27,O,O,Critical,0
4549,48,24,26.73,73.68,85.81,87.13,606,5.473,0,24,O,A,Urgent,0
4550,60,75,31.62,87.97,6.63,61.08,337,6.835,3,15,A,B,Normal,0
4551,43,58,94.08,61.98,79.76,70.01,871,4.224,0,15,O,A,Urgent,1
4552,61,38,53.2,65.92,65.45,74.75,357,5.408,1,23,O,B,Urgent,0
4553,28,48,50.24,78.5,4.1,67.22,26,4.914,2,20,A,O,Urgent,0
4554,62,34,36.57,74.15,27.73,98.54,859,2.551,2,28,AB,A,Routine,0
4555,32,45,88.34,75.26,40.36,62.77,178,8.668,1,13,O,A,Normal,0
4556,51,29,67.85,89.03,94.14,65.78,871,4.107,1,22,O,O,Normal,1
4557,54,29,43.12,90.64,25.84,89.81,413,4.749,0,25,A,O,Critical,0
4558,32,41,40.3,42.1,26.13,99.4,358,2.079,1,9,A,O,Critical,0
4559,60,49,26.83,68.3,91.31,85.4,345,4.079,3,11,B,O,Urgent,0
4560,60,47,73.94,61.46,41.37,92.86,146,4.534,1,13,A,B,Normal,0
4561,64,75,63.66,56.56,0.26,83.59,845,5.965,6,11,B,O,Normal,0
4562,61,33,45.04,2.27,64.0,65.26,338,4.202,6,28,B,B,Normal,0
4563,46,64,97.23,73.95,37.31,90.1,272,3.33,0,18,B,O,Routine,1
4564,44,62,70.46,70.64,13.48,75.88,921,6.161,0,18,O,B,Normal,1
4565,57,64,75.57,69.36,59.19,87.22,547,2.34,0,7,O,AB,Critical,1
4566,33,51,37.9,5.49,28.55,71.33,841,4.372,1,18,O,A,Routine,1
4567,59,69,34.09,45.23,33.05,89.44,370,6.678,0,10,A,O,Normal,0
4568,42,28,78.43,13.92,65.9,72.53,905,6.515,4,14,O,B,Critical,1
4569,45,49,82.46,35.73,8.01,56.54,293,6.64,0,4,B,A,Urgent,0
4570,20,69,56.72,94.07,34.16,64.36,204,7.844,1,49,B,O,Normal,0
4571,57,50,72.01,23.99,25.71,75.25,955,6.755,1,7,O,O,Urgent,1
4572,60,63,29.55,5.01,17.74,68.78,391,4.677,4,3,O,A,Routine,1
4573,67,74,66.48,29.95,7.86,99.63,711,3.466,3,7,B,AB,Normal,0
4574,52,39,86.22,22.57,22.52,66.57,20,6.529,0,13,A,O,Urgent,1
4575,20,69,27.37,60.64,45.44,66.86,377,6.392,1,49,O,B,Normal,0
4576,49,45,50.91,48.81,67.99,52.37,982,5.918,1,4,B,B,Routine,0
4577,48,41,63.25,75.19,45.32,68.69,491,2.575,0,7,A,O,Urgent,0
4578,28,42,51.99,90.51,14.55,47.72,536,6.386,2,14,A,B,Critical,0
4579,32,54,81.82,,16.79,60.86,659,4.194,1,22,A,O,Normal,0
4580,59,32,42.84,28.61,35.03,56.86,900,6.192,0,27,A,O,Normal,0
4581,68,75,83.64,25.19,5.02,63.85,604,0.931,1,7,A,B,Normal,0
4582,68,73,78.08,11.64,80.63,67.31,380,3.832,1,5,A,O,Urgent,0
4583,37,60,94.97,44.84,71.79,73.59,940,6.31,0,23,O,B,Normal,1
4584,19,27,96.55,1.4,7.54,60.27,692,5.214,2,8,A,A,Routine,1
4585,65,57,93.14,53.14,33.85,66.64,540,3.979,0,8,AB,O,Normal,1
4586,63,29,43.46,82.81,3.78,75.9,249,5.297,0,34,O,O,Normal,0
4587,62,56,59.81,16.46,13.95,79.6,571,5.952,1,6,B,A,Routine,0
4588,26,35,49.8,59.34,68.04,84.22,173,2.243,3,9,O,O,Critical,1
4589,67,58,67.04,27.9,80.05,89.24,384,5.696,0,9,A,A,Critical,1
4590,68,59,42.1,87.9,11.65,61.1,437,1.315,4,9,O,O,Urgent,0
4591,39,43,86.53,58.53,72.17,49.77,178,4.674,3,4,O,B,Routine,1
4592,40,59,94.58,84.93,82.2,85.15,101,8.347,0,19,O,O,Normal,0
4593,30,46,95.67,89.87,76.54,47.64,320,,0,16,O,B,Critical,1
4594,50,28,80.53,2.99,61.25,81.76,985,6.881,2,22,A,B,Normal,0
4595,68,62,88.33,65.51,82.13,52.17,562,6.504,1,6,A,O,Urgent,0
4596,53,70,47.87,14.73,57.19,75.98,810,3.878,1,17,A,B,Critical,0
4597,64,37,42.66,28.96,6.3,51.44,632,4.765,1,27,O,AB,Normal,0
4598,46,51,30.49,15.36,94.5,97.89,575,7.24,1,5,B,A,Normal,0
4599,44,44,88.25,19.45,28.82,96.0,761,5.104,2,0,B,A,Critical,1
4600,27,52,76.34,62.15,71.93,46.85,37,0.5,1,25,B,O,Urgent,0
4601,68,46,44.87,79.23,98.18,86.85,883,8.656,0,22,O,O,Routine,0
4602,24,53,73.33,13.4,11.69,52.15,162,5.525,0,29,B,O,Urgent,0
4603,24,42,52.09,79.26,66.31,49.1,545,7.244,0,18,B,O,Urgent,0
4604,63,59,48.84,76.24,88.54,72.26,357,4.118,2,4,B,O,Urgent,0
4605,24,19,32.02,78.63,47.12,47.62,996,2.82,0,5,O,O,Critical,1
4606,35,29,81.49,53.03,60.11,80.53,158,5.716,0,6,B,O,Normal,0
4607,40,52,34.31,92.62,88.1,95.47,340,6.516,3,12,B,O,Critical,0
4608,43,52,63.39,31.6,14.68,96.05,931,4.654,0,9,O,A,Normal,1
4609,28,37,61.41,5.0,5.1,96.77,805,3.374,1,9,A,O,Urgent,0
4610,37,47,33.67,1.59,32.28,45.89,935,2.426,1,10,O,A,Critical,0
4611,32,39,37.91,78.97,44.24,71.14,466,7.122,4,7,A,A,Urgent,0
4612,38,36,60.86,71.56,54.33,79.52,304,8.082,0,2,O,O,Urgent,0
4613,41,60,90.63,57.22,88.73,58.11,907,6.137,1,19,B,AB,Routine,0
4614,62,52,37.14,32.53,6.42,79.04,210,3.221,0,10,O,O,Routine,1
4615,33,42,36.7,72.1,10.9,51.07,218,5.521,1,9,O,O,Routine,0
4616,63,46,38.55,23.33,53.58,78.75,612,6.829,1,17,A,O,Normal,0
4617,42,19,50.22,34.25,64.42,52.3,841,6.1,2,23,AB,O,Normal,0
4618,40,22,93.18,73.5,40.23,86.93,430,4.947,2,18,O,A,Urgent,0
4619,56,21,36.07,66.57,31.43,57.56,210,10.934,2,35,O,A,Routine,0
4620,46,72,68.56,70.81,40.69,77.51,71,5.757,0,26,O,O,Critical,0
4621,65,70,56.59,82.52,8.56,95.09,833,7.994,0,5,O,O,Urgent,1
4622,42,55,70.83,68.4,37.22,46.64,230,5.127,0,13,O,B,Urgent,0
4623,54,29,50.06,47.26,30.64,74.77,497,5.469,7,25,O,B,Urgent,1
4624,18,40,33.93,87.26,29.83,62.04,207,5.121,4,22,B,O,Normal,0
4625,53,68,78.1,9.21,48.15,62.16,788,3.907,0,15,O,O,Critical,1
4626,39,48,98.33,56.62,91.71,46.28,449,5.154,0,9,A,O,Urgent,0
4627,33,51,25.86,99.92,30.49,72.33,347,4.385,6,18,O,O,Urgent,0
4628,57,27,58.16,91.44,71.56,75.69,228,2.173,0,30,B,A,Routine,0
4629,55,68,50.9,25.79,61.41,87.08,976,4.975,1,13,O,B,Urgent,0
4630,25,70,34.67,88.46,0.8,68.96,169,3.826,0,,B,B,Urgent,0
4631,45,20,68.68,51.52,42.88,58.57,848,5.903,0,25,O,A,Critical,0
4632,46,53,53.85,77.18,5.93,61.2,863,2.87,1,7,A,A,Normal,1
4633,30,60,45.07,76.31,66.75,80.6,143,5.641,5,30,B,B,Urgent,0
4634,57,60,69.16,67.72,39.64,54.69,6,7.774,0,3,O,B,Normal,0
4635,55,76,74.35,14.87,39.1,46.7,204,4.008,3,21,A,O,Urgent,0
4636,62,58,79.67,90.55,21.67,78.03,153,4.869,0,4,B,AB,Normal,1
4637,32,72,87.7,39.39,57.91,92.22,198,8.987,5,40,O,A,Urgent,0
4638,21,,74.07,61.02,16.06,46.6,321,3.557,0,46,A,O,Critical,0
4639,62,22,36.41,8.74,67.56,62.41,116,5.11,7,40,O,A,Normal,0
4640,36,71,44.85,59.76,37.38,61.36,529,5.125,2,35,O,AB,Critical,1
4641,66,34,70.08,19.84,3.36,94.98,335,8.147,0,32,A,O,Urgent,0
4642,55,60,74.38,63.73,34.34,85.96,70,1.301,0,5,B,A,Normal,0
4643,46,43,55.23,26.7,20.51,49.35,153,6.008,0,3,O,O,Urgent,1
4644,30,49,48.97,51.91,85.57,97.66,351,7.447,1,19,A,O,Urgent,0
4645,23,35,74.96,44.49,72.22,96.86,755,7.106,1,12,AB,A,Urgent,0
4646,27,30,97.1,46.36,76.37,86.27,332,3.816,3,3,O,B,Urgent,1
4647,49,60,58.61,75.4,31.97,59.56,912,7.964,4,11,A,B,Urgent,0
4648,24,31,89.79,63.74,56.24,72.09,507,6.147,4,7,B,O,Urgent,0
4649,67,76,68.31,83.72,23.75,86.16,564,2.325,0,9,A,B,Critical,0
4650,48,57,72.27,75.94,65.38,69.96,200,6.567,0,9,O,A,Normal,1
4651,47,50,66.62,86.39,96.65,91.83,97,7.155,8,3,O,A,Urgent,0
4652,66,70,43.81,86.49,80.53,64.48,14,1.563,1,4,O,B,Normal,0
4653,51,52,55.59,87.86,63.19,98.06,221,7.981,0,1,O,A,Normal,0
4654,35,18,91.05,18.73,22.01,80.83,471,7.133,4,17,A,O,Urgent,0
4655,58,49,76.68,69.86,75.79,76.42,720,3.67,2,9,A,O,Routine,0
4656,62,72,79.08,12.21,64.31,89.73,660,2.985,1,10,O,O,Critical,1
4657,64,74,45.45,90.65,40.36,82.24,818,3.818,8,10,O,O,Critical,0
4658,38,52,65.26,65.07,31.85,92.65,400,4.15,0,14,A,B,Urgent,0
4659,32,58,85.69,58.38,80.3,88.57,784,9.419,4,26,O,O,Normal,1
4660,44,45,99.39,20.03,37.12,59.55,248,4.903,0,1,A,B,Urgent,1
4661,66,76,62.79,69.35,4.8,93.38,188,8.677,3,10,A,O,Critical,0
4662,49,27,28.61,45.45,62.72,91.72,681,5.917,0,22,A,A,Urgent,0
4663,24,21,32.62,70.22,57.44,72.51,680,4.763,2,3,O,B,Normal,0
4664,59,39,53.48,29.38,48.66,87.48,248,1.273,0,20,A,O,Normal,0
4665,69,62,85.12,60.1,89.27,59.6,178,4.03,8,7,B,O,Normal,0
4666,44,72,47.62,41.74,62.41,82.26,106,6.898,3,28,AB,A,Normal,0
4667,48,54,43.71,3.51,95.76,61.73,184,2.982,0,6,O,A,Urgent,0
4668,22,25,,63.4,86.01,97.54,982,5.982,0,3,O,A,Normal,1
4669,24,18,31.88,37.51,36.83,47.21,380,2.801,4,6,O,B,Critical,0
4670,24,56,88.3,56.5,17.79,49.56,455,4.437,0,32,AB,O,Urgent,0
4671,46,21,81.02,71.41,87.02,69.12,321,5.128,0,25,B,O,Urgent,0
4672,41,,28.23,75.04,50.9,61.68,230,5.572,0,30,A,B,Urgent,0
4673,44,70,72.27,32.63,75.91,69.04,372,7.104,0,26,O,O,Normal,1
4674,52,22,93.36,87.78,46.2,63.03,970,4.945,7,30,O,B,Urgent,1
4675,22,67,31.74,18.07,46.64,47.27,807,6.826,0,45,A,O,Urgent,0
4676,26,48,60.02,42.56,63.69,45.87,34,7.907,8,22,B,AB,Routine,0
4677,53,61,30.16,52.38,9.68,83.43,90,5.227,3,8,O,O,Critical,0
4678,55,43,87.23,95.13,93.66,51.96,857,4.197,0,12,A,A,Normal,1
4679,57,37,39.88,25.01,8.04,70.32,203,7.263,0,20,O,A,Normal,1
4680,33,21,71.77,24.67,0.71,67.84,429,9.13,2,12,B,O,Normal,0
4681,57,35,43.53,25.25,12.55,81.07,354,2.395,1,22,O,O,Urgent,1
4682,60,57,30.98,93.35,69.39,73.45,83,3.196,1,3,O,O,Normal,0
4683,20,36,73.35,98.59,29.82,80.89,288,4.38,2,16,B,A,Normal,0
4684,58,41,59.09,63.47,63.47,84.16,570,8.055,0,17,A,B,Normal,0
4685,59,57,42.72,57.15,35.51,77.24,87,1.737,0,2,O,O,Urgent,1
4686,21,30,42.63,85.93,6.67,99.43,565,3.389,0,9,A,O,Urgent,0
4687,44,60,50.28,58.95,75.8,77.22,292,2.137,0,16,A,B,Routine,0
4688,61,61,74.02,89.41,56.45,74.38,239,6.374,0,0,A,B,Normal,0
4689,58,26,89.83,41.03,28.17,67.97,293,5.796,3,32,O,AB,Normal,1
4690,22,63,55.1,1.17,52.46,98.47,600,4.048,1,41,B,A,Normal,0
4691,56,45,61.31,22.06,48.74,81.78,716,3.329,8,11,B,AB,Urgent,1
4692,31,56,69.08,63.5,18.41,91.51,674,3.231,2,25,A,O,Normal,0
4693,49,30,40.79,41.52,44.17,73.55,921,4.42,2,19,O,O,Critical,1
4694,19,39,27.59,6.37,3.98,97.13,520,5.744,8,20,A,O,Urgent,0
4695,25,19,47.62,13.86,54.7,60.46,446,4.401,0,6,O,A,Normal,1
4696,57,52,26.55,40.23,65.85,64.29,665,1.848,0,5,O,B,Normal,0
4697,43,33,37.07,26.35,74.26,52.16,12,4.738,0,10,B,O,Normal,0
4698,46,71,85.66,87.62,0.34,99.18,8,4.79,6,25,A,A,Normal,1
4699,63,23,96.31,32.58,88.54,48.02,396,7.7,0,40,O,A,Critical,0
4700,62,27,59.56,66.84,51.51,59.95,915,5.504,4,35,O,B,Urgent,0
4701,33,59,30.2,95.71,4.25,96.71,462,6.368,0,26,A,A,Normal,0
4702,39,18,60.0,83.68,50.02,59.35,992,3.503,0,21,B,A,Routine,0
4703,27,65,32.94,76.59,74.96,81.58,235,7.281,0,38,B,B,Normal,0
4704,50,73,40.42,62.37,21.57,46.01,474,6.729,0,23,A,A,Urgent,0
4705,24,32,26.62,76.01,70.44,72.09,182,5.858,5,8,O,B,Routine,0
4706,29,55,73.14,43.98,56.98,54.84,640,5.896,0,26,A,O,Urgent,0
4707,58,25,69.59,99.76,42.33,72.65,252,4.396,1,33,O,O,Urgent,1
4708,44,23,51.35,44.46,58.33,75.49,639,4.396,0,21,O,B,Urgent,0
4709,35,66,26.22,24.35,48.98,72.07,580,3.828,1,31,B,O,Urgent,0
4710,49,77,84.12,82.29,45.96,52.52,513,4.591,2,28,B,O,Urgent,0
4711,69,66,87.9,43.21,98.41,52.33,920,0.5,0,3,O,A,Urgent,1
4712,67,29,85.22,65.22,89.0,84.48,45,8.77,2,38,O,O,Routine,0
4713,35,40,74.18,71.68,92.78,68.6,385,4.135,7,5,O,O,Urgent,0
4714,46,70,53.35,73.24,36.06,49.04,709,7.55,0,24,A,O,Urgent,0
4715,27,47,26.46,50.21,62.57,59.18,55,6.754,4,20,A,B,Normal,0
4716,53,43,99.89,6.76,45.33,85.54,964,6.462,1,10,B,O,Urgent,0
4717,38,58,38.39,85.84,70.67,85.93,408,4.36,0,20,AB,O,Critical,0
4718,65,69,25.56,66.42,27.96,73.8,621,4.36,8,4,B,O,Urgent,0
4719,44,31,75.62,4.22,82.66,91.29,742,6.679,3,13,O,O,Normal,1
4720,24,46,74.55,76.76,78.77,51.32,119,6.721,0,22,A,B,Urgent,0
4721,67,18,85.48,71.79,44.59,97.1,783,5.101,0,49,O,O,Normal,1
4722,40,31,97.51,48.77,0.66,67.51,24,3.64,1,9,A,O,Normal,1
4723,69,70,29.84,36.16,23.7,48.54,327,5.205,3,1,O,A,Urgent,0
4724,50,37,86.9,93.07,49.41,72.11,580,5.343,6,13,O,A,Critical,1
4725,65,42,38.92,10.12,72.23,58.01,253,6.509,1,23,B,O,Normal,0
4726,61,30,59.03,79.13,27.8,49.73,491,5.818,0,31,O,A,Urgent,0
4727,68,22,77.6,16.86,83.38,78.1,761,5.338,0,46,B,O,Urgent,0
4728,55,60,53.99,3.96,77.14,46.87,618,10.299,0,5,O,O,Routine,1
4729,60,73,93.3,32.68,54.5,88.69,712,6.56,0,13,A,B,Urgent,0
4730,33,65,35.92,13.81,87.78,53.2,523,6.992,1,32,B,B,Normal,0
4731,65,49,40.33,5.46,93.9,72.96,522,5.875,0,16,A,AB,Normal,0
4732,46,52,89.4,65.45,44.44,68.77,99,3.649,1,6,O,B,Routine,1
4733,49,75,49.56,25.05,13.16,69.66,350,7.324,0,26,B,A,Normal,0
4734,67,40,76.66,39.57,96.96,72.07,807,8.986,2,27,O,O,Urgent,1
4735,22,25,94.94,32.95,6.7,97.43,672,4.52,0,3,O,O,Urgent,1
4736,58,18,55.51,10.17,67.25,81.48,773,2.661,2,40,O,O,Normal,1
4737,32,50,86.83,51.02,10.49,91.34,243,9.021,1,18,O,B,Normal,1
4738,20,29,93.64,11.11,54.95,50.77,611,5.632,0,9,B,A,Normal,0
4739,22,40,60.68,79.4,15.44,50.51,967,5.972,0,18,O,O,Normal,1
4740,31,47,45.48,80.65,41.97,48.01,389,4.455,0,16,A,O,Normal,0
4741,22,,88.87,72.06,56.13,69.3,5,6.67,4,4,O,A,Urgent,1
4742,55,55,97.14,24.15,67.91,51.92,633,4.468,0,0,A,O,Urgent,1
4743,20,61,82.34,57.41,44.27,53.54,19,5.155,8,41,A,A,Normal,1
4744,33,76,87.58,28.55,13.67,47.81,981,5.798,7,43,A,A,Normal,1
4745,57,65,76.17,98.82,74.72,61.52,462,6.381,4,8,O,O,Normal,0
4746,38,50,65.32,74.03,49.05,94.11,443,5.267,0,12,A,B,Normal,1
4747,24,38,71.64,2.41,67.24,55.45,454,6.151,1,14,A,B,Normal,0
4748,29,19,60.61,34.9,32.56,78.67,299,7.025,0,10,B,B,Critical,1
4749,53,57,69.13,62.31,66.08,74.4,785,8.46,3,4,B,B,Normal,1
4750,22,74,25.33,30.17,2.89,48.9,924,3.279,3,52,O,B,Normal,1
4751,53,47,64.62,1.5,88.87,89.75,869,6.055,1,6,O,A,Critical,1
4752,33,59,84.98,30.6,45.0,69.63,339,4.796,1,26,B,A,Normal,1
4753,18,70,66.23,4.34,31.24,99.63,165,5.209,1,52,O,B,Normal,0
4754,34,28,98.93,68.97,99.92,98.68,170,3.579,0,6,B,O,Urgent,1
4755,39,64,57.03,41.12,45.81,61.17,283,5.057,3,25,AB,O,Normal,1
4756,56,32,74.05,65.96,22.59,73.11,177,10.549,1,24,A,A,Routine,1
4757,62,51,26.3,32.52,37.38,68.11,431,3.241,0,11,AB,A,Normal,0
4758,28,27,96.4,19.66,12.1,91.53,99,2.709,0,1,AB,A,Normal,1
4759,52,51,93.62,10.28,63.17,97.42,473,5.891,6,1,O,O,Urgent,1
4760,55,23,76.39,6.21,25.66,95.71,119,5.502,1,32,B,A,Routine,0
4761,40,77,88.99,80.89,52.6,98.86,100,4.936,0,37,AB,O,Urgent,0
4762,34,24,85.55,83.86,6.18,96.16,309,7.219,6,10,A,O,Routine,0
4763,52,35,76.9,9.02,46.81,77.58,991,1.826,3,17,O,A,Urgent,1
4764,42,70,61.18,90.39,64.48,71.64,82,4.868,1,28,O,A,Normal,0
4765,34,68,26.1,61.63,72.99,80.24,455,7.124,0,34,A,B,Normal,0
4766,43,72,42.73,29.95,35.87,62.45,262,5.392,1,29,A,B,Critical,0
4767,31,19,35.65,95.88,28.84,48.98,794,4.677,0,12,O,A,Urgent,1
4768,43,25,79.3,56.92,12.8,99.36,958,6.981,0,18,A,A,Normal,1
4769,60,66,26.75,70.55,65.5,81.38,958,6.904,1,6,O,O,Normal,0
4770,57,35,91.6,41.98,16.65,54.4,387,5.582,2,22,O,A,Normal,1
4771,24,41,76.21,77.84,98.19,82.44,474,5.692,0,17,AB,O,Normal,0
4772,41,71,69.14,57.67,60.87,93.97,957,4.429,0,30,O,B,Normal,0
4773,52,61,81.02,32.37,44.39,97.67,715,7.087,0,9,O,A,Routine,0
4774,23,53,59.18,96.2,80.51,56.98,188,3.049,2,30,O,B,Urgent,0
4775,58,42,37.98,76.63,60.57,65.41,245,5.402,0,16,O,O,Urgent,0
4776,18,44,85.97,97.42,7.31,67.69,216,3.452,0,26,B,B,Normal,1
4777,59,66,87.69,39.36,51.67,71.25,246,2.435,8,7,O,B,Routine,0
4778,46,47,74.65,53.4,22.06,64.34,120,4.868,0,1,B,O,Routine,0
4779,18,75,30.1,63.83,53.8,69.19,18,5.367,0,57,O,B,Normal,0
4780,61,73,46.24,28.83,91.67,98.18,930,8.062,0,12,B,A,Urgent,0
4781,60,70,96.7,4.02,82.64,56.82,849,7.656,2,10,A,A,Normal,1
4782,42,72,26.12,82.02,56.17,89.16,286,7.552,1,30,O,A,Routine,0
4783,54,68,35.92,2.7,34.42,86.6,147,4.6,1,14,O,B,Normal,1
4784,24,33,32.95,10.2,55.46,97.84,780,6.086,,9,A,B,Urgent,0
4785,56,75,41.34,77.51,49.64,90.26,555,5.778,2,19,O,A,Normal,0
4786,53,35,44.03,22.06,38.59,86.84,336,11.595,0,18,O,A,Normal,1
4787,58,26,32.85,14.15,91.46,94.04,375,7.265,0,32,A,O,Critical,0
4788,44,34,33.84,90.43,78.56,56.25,966,4.519,0,10,O,AB,Normal,0
4789,29,29,28.64,52.66,65.18,79.01,729,6.184,2,0,O,A,Critical,0
4790,53,64,39.26,81.14,30.92,83.46,178,5.217,7,11,O,B,Urgent,1
4791,36,46,80.47,17.52,42.51,61.88,69,8.169,3,10,B,B,Critical,1
4792,24,32,42.94,29.77,59.92,82.4,210,6.055,0,8,B,B,Normal,0
4793,23,66,42.27,11.52,93.34,96.31,300,3.753,1,43,O,B,Normal,0
4794,22,37,72.48,46.85,57.08,84.87,412,5.961,0,15,O,O,Routine,1
4795,60,29,71.8,76.32,74.63,82.72,269,5.821,1,31,A,B,Normal,0
4796,40,28,65.53,39.17,12.26,79.38,688,5.128,2,12,A,A,Urgent,1
4797,51,51,62.55,80.07,15.41,50.58,752,6.781,0,0,A,B,Urgent,0
4798,64,45,42.57,94.18,3.64,56.67,379,3.698,0,19,B,A,Urgent,0
4799,48,76,,16.58,1.86,88.76,296,5.841,1,28,O,O,Normal,1
4800,34,46,51.04,94.6,33.73,61.62,116,6.739,1,12,O,AB,Normal,0
4801,68,24,50.42,81.91,80.1,69.23,833,5.252,0,44,B,A,Normal,0
4802,35,77,77.17,32.06,97.47,50.52,316,1.14,5,42,O,A,Critical,0
4803,48,66,43.34,55.48,91.42,98.47,518,6.22,0,18,O,A,Critical,0
4804,29,28,40.48,40.01,68.89,93.77,304,5.968,0,1,A,O,Normal,0
4805,43,56,63.48,84.7,60.15,68.67,494,3.415,0,13,B,B,Critical,1
4806,64,20,64.22,33.01,0.01,49.61,737,9.568,0,44,O,B,Critical,1
4807,41,33,38.68,64.56,73.42,78.18,86,3.234,0,8,B,O,Normal,0
4808,52,22,59.34,78.04,23.24,61.83,24,4.792,0,30,B,O,Urgent,0
4809,57,39,71.33,18.3,20.09,64.48,923,4.576,1,18,AB,A,Urgent,0
4810,61,20,43.21,4.03,23.33,94.89,824,4.518,1,41,O,A,Critical,1
4811,25,,47.82,81.48,98.39,79.86,825,3.496,3,16,A,O,Critical,0
4812,48,67,44.92,42.49,55.97,55.82,831,0.5,2,19,A,B,Urgent,0
4813,20,18,36.14,93.79,16.48,59.99,581,5.18,1,2,AB,B,Normal,0
4814,40,54,99.42,64.77,60.29,46.68,393,6.438,2,14,A,O,Normal,0
4815,42,39,66.06,47.88,79.54,87.23,759,8.721,0,3,A,O,Critical,0
4816,25,23,49.66,66.72,73.32,48.68,36,2.34,4,2,B,B,Urgent,1
4817,54,20,83.46,59.4,68.27,54.73,770,7.392,4,34,O,B,Routine,0
4818,21,41,51.92,19.03,12.87,91.15,827,5.66,0,20,B,A,Urgent,1
4819,51,32,56.19,34.31,74.59,97.51,668,3.223,2,19,A,A,Routine,1
4820,64,66,51.43,65.06,98.73,,375,4.378,4,2,A,B,Normal,0
4821,40,29,88.8,74.57,9.86,70.33,704,7.118,0,11,B,B,Critical,1
4822,20,48,65.02,79.31,40.5,94.68,617,3.916,1,28,O,A,Normal,0
4823,59,33,32.69,3.58,16.56,71.77,994,6.425,0,26,A,O,Urgent,0
4824,53,64,35.85,72.32,37.14,74.08,25,5.28,4,11,O,O,Normal,0
4825,48,68,43.64,78.71,13.98,74.29,264,9.505,2,20,B,O,Normal,0
4826,61,47,34.87,16.57,42.91,93.18,247,6.315,0,14,O,O,Normal,1
4827,22,62,49.68,31.32,90.71,95.01,151,4.31,2,40,B,B,Normal,0
4828,29,71,82.39,68.33,37.23,88.42,910,6.305,0,42,O,O,Urgent,1
4829,39,40,72.49,67.03,76.9,51.15,686,6.298,0,1,B,O,Normal,0
4830,61,41,25.85,80.8,87.19,55.11,818,6.885,0,20,O,B,Normal,0
4831,62,21,46.15,78.57,68.18,79.09,369,4.319,8,41,O,A,Urgent,0
4832,34,22,25.43,59.48,1.65,79.86,427,3.965,3,12,O,O,Urgent,1
4833,18,53,33.5,8.66,23.62,62.59,235,5.236,3,35,O,A,Urgent,0
4834,49,26,25.14,62.38,16.97,52.16,201,7.619,0,23,A,B,Normal,0
4835,47,72,79.26,56.72,33.88,64.57,626,2.537,1,25,O,O,Normal,1
4836,32,45,45.24,8.66,36.07,64.21,1000,3.86,0,13,A,AB,Normal,1
4837,23,37,95.68,68.04,67.56,64.05,565,7.291,1,14,A,O,Urgent,0
4838,68,64,93.14,46.15,9.27,91.65,165,7.394,8,4,A,B,Routine,0
4839,56,45,53.57,98.65,7.88,52.68,378,3.693,1,11,O,A,Urgent,0
4840,37,23,38.1,87.38,14.65,69.56,184,3.252,3,14,B,A,Urgent,0
4841,40,71,89.03,22.37,26.62,62.32,190,10.517,3,31,O,A,Normal,0
4842,33,72,50.3,1.98,48.84,50.81,33,3.981,4,39,A,A,Normal,0
4843,57,25,98.0,3.97,70.29,67.05,257,5.9,7,32,B,AB,Urgent,1
4844,43,74,96.29,38.6,31.45,72.5,869,8.343,0,31,A,O,Urgent,1
4845,59,52,98.22,31.49,46.89,93.15,6,7.848,6,7,A,O,Urgent,0
4846,30,35,74.62,55.84,17.96,69.48,90,4.933,2,5,B,B,Normal,1
4847,60,20,56.19,63.86,33.69,69.38,686,5.279,6,40,O,AB,Normal,0
4848,41,22,93.34,60.27,64.86,74.7,611,,0,19,AB,B,Normal,0
4849,59,29,58.14,39.75,13.68,99.62,538,3.569,0,30,O,AB,Normal,0
4850,42,64,62.88,52.98,83.22,96.86,989,5.842,0,22,O,O,Normal,1
4851,46,54,90.76,47.75,41.56,79.78,15,7.124,0,8,O,A,Routine,1
4852,24,76,28.76,17.54,89.5,61.03,290,1.576,2,52,B,A,Critical,0
4853,49,57,80.1,38.18,45.2,55.11,339,7.748,1,8,A,A,Normal,1
4854,39,44,37.45,31.17,69.76,73.12,811,4.679,2,5,AB,O,Normal,0
4855,47,53,91.36,17.28,71.12,88.44,141,3.671,0,6,O,AB,Urgent,1
4856,44,51,54.0,52.86,20.17,92.58,345,3.446,2,7,O,B,Critical,1
4857,65,58,70.12,56.44,28.7,81.96,540,2.491,2,7,O,B,Urgent,1
4858,63,73,49.06,6.28,85.31,47.26,528,10.581,0,10,B,O,Urgent,0
4859,60,18,61.23,86.18,92.51,72.74,288,3.135,0,42,B,B,Normal,0
4860,43,48,88.05,54.7,53.53,61.22,881,7.284,0,5,AB,A,Urgent,1
4861,19,28,58.44,61.34,93.01,69.69,3,6.559,1,9,A,B,Urgent,0
4862,40,34,81.29,96.58,73.64,88.18,618,4.407,0,6,A,B,Normal,0
4863,59,22,65.88,69.29,97.41,47.6,752,0.518,7,37,O,A,Normal,0
4864,59,20,89.35,39.17,20.92,75.73,26,7.184,1,39,AB,O,Routine,0
4865,41,29,36.35,36.71,26.23,58.56,448,6.389,1,12,A,B,Urgent,0
4866,43,77,57.11,23.26,21.79,79.15,773,2.572,0,34,A,B,Critical,0
4867,29,47,89.67,34.1,84.59,66.57,320,5.941,0,18,B,A,Urgent,1
4868,53,48,51.7,58.83,18.19,70.56,595,0.5,1,5,A,O,Urgent,0
4869,61,31,33.09,55.23,20.52,58.82,92,1.73,1,30,O,B,Routine,0
4870,62,44,78.47,58.12,64.23,74.85,810,3.852,2,18,B,O,Routine,0
4871,52,25,43.89,21.9,30.12,46.63,204,4.703,0,27,O,O,Normal,1
4872,19,46,73.91,98.57,75.78,86.95,434,8.753,0,27,A,A,Normal,1
4873,57,28,79.0,10.44,80.37,62.43,58,0.535,2,29,O,A,Routine,0
4874,60,57,42.49,72.39,96.36,96.59,572,2.968,1,3,A,A,Normal,0
4875,65,32,78.38,37.65,26.4,75.76,628,7.935,0,33,O,A,Urgent,1
4876,66,37,29.97,85.56,71.18,83.79,700,4.843,5,29,AB,A,Urgent,0
4877,63,76,42.53,56.07,66.95,89.48,607,6.932,5,13,A,B,Critical,0
4878,41,61,91.68,22.75,98.79,50.93,553,7.542,7,20,A,B,Urgent,0
4879,28,68,51.52,80.13,99.43,73.51,168,1.288,0,40,A,B,Routine,0
4880,24,30,95.19,53.33,47.14,74.43,771,4.258,0,6,A,AB,Urgent,1
4881,53,59,58.31,25.94,86.51,58.64,787,7.923,8,6,O,AB,Normal,0
4882,26,63,35.42,55.22,77.17,49.8,295,4.992,0,37,B,B,Urgent,0
4883,36,66,70.76,92.32,87.2,55.18,673,8.847,1,30,A,B,Critical,0
4884,22,65,31.18,62.2,33.35,75.76,300,2.596,0,43,B,AB,Urgent,0
4885,54,31,41.65,29.51,45.01,99.21,175,6.461,0,23,O,O,Critical,0
4886,38,66,75.47,6.12,28.95,97.51,918,4.289,4,28,A,O,Urgent,0
4887,35,41,77.41,89.07,88.17,95.95,185,1.583,8,6,O,O,Critical,1
4888,57,45,49.35,34.66,83.95,78.04,110,7.38,4,12,O,A,Critical,0
4889,55,66,50.79,93.38,33.79,48.16,546,5.587,2,11,A,B,Urgent,0
4890,33,32,86.87,16.02,95.83,51.4,401,6.113,2,1,A,O,Normal,0
4891,50,43,32.87,89.14,35.84,61.66,521,6.85,1,7,A,B,Urgent,0
4892,36,70,66.55,51.29,69.44,54.96,795,4.446,2,34,B,A,Urgent,0
4893,51,38,65.82,35.16,25.34,63.92,270,4.633,0,13,O,A,Normal,1
4894,58,71,96.06,29.86,89.14,62.52,577,6.143,0,13,O,B,Routine,0
4895,42,29,30.91,37.1,65.75,57.34,815,8.375,0,13,O,A,Urgent,0
4896,24,72,39.38,4.88,69.08,98.43,776,8.414,1,48,AB,O,Urgent,0
4897,47,67,85.37,37.97,94.32,45.51,405,5.764,2,20,O,O,Urgent,1
4898,46,20,32.72,75.62,86.72,47.43,605,6.263,0,26,B,AB,Urgent,0
4899,56,22,97.87,65.55,4.84,91.63,700,5.697,0,34,A,O,Normal,1
4900,65,77,49.28,83.61,89.57,50.73,495,3.455,0,12,O,B,Normal,0
4901,24,58,82.1,52.12,48.67,79.49,273,2.684,0,34,O,O,Normal,1
4902,51,47,39.09,84.94,48.19,81.45,840,1.59,0,4,B,B,Normal,1
4903,49,69,80.66,22.97,52.92,93.3,,2.452,1,20,A,B,Normal,0
4904,32,41,80.89,86.93,3.37,90.26,726,7.575,1,,O,O,Normal,1
4905,66,71,45.13,44.65,93.05,92.72,585,5.068,0,5,AB,A,Urgent,0
4906,27,38,46.34,14.28,0.84,75.73,557,10.037,2,11,O,A,Urgent,0
4907,49,38,97.99,67.93,46.55,85.03,857,4.225,0,11,A,O,Critical,0
4908,62,19,37.86,92.65,28.57,69.51,927,4.31,0,43,B,A,Normal,0
4909,59,66,26.21,91.08,85.84,60.62,541,4.447,1,7,A,O,Urgent,0
4910,69,34,41.03,65.9,9.22,95.52,36,8.471,0,35,A,B,Critical,0
4911,47,53,53.69,3.18,95.47,47.98,461,4.297,1,6,O,O,Routine,0
4912,40,68,40.98,18.6,71.01,90.24,914,2.204,0,28,O,A,Normal,0
4913,21,18,68.75,60.82,66.27,71.74,303,7.469,7,3,O,O,Urgent,0
4914,49,50,28.9,99.21,15.85,77.58,385,5.172,3,1,B,A,Routine,0
4915,56,58,65.52,33.43,92.68,61.69,319,6.873,0,2,O,B,Critical,0
4916,41,19,42.44,42.21,57.36,97.92,263,8.009,3,22,O,A,Critical,1
4917,60,36,92.08,78.71,65.12,53.68,180,8.362,0,24,A,O,Urgent,0
4918,,63,46.96,84.55,32.78,45.83,224,3.491,3,38,B,B,Urgent,0
4919,51,52,39.79,1.54,38.69,52.46,914,5.259,0,1,O,A,Critical,1
4920,19,58,88.35,49.39,16.3,55.19,691,3.606,1,39,O,O,Urgent,1
4921,34,35,39.91,5.95,27.97,73.87,522,4.198,2,1,AB,A,Normal,1
4922,36,58,99.89,35.64,11.68,87.11,897,5.343,2,22,O,B,Critical,1
4923,23,77,93.87,53.62,73.78,74.42,202,5.648,3,54,A,A,Critical,0
4924,60,22,61.62,49.36,59.5,92.01,90,8.549,6,38,O,B,Normal,0
4925,33,52,37.22,18.05,44.1,82.1,137,5.766,0,19,B,AB,Urgent,0
4926,37,64,58.47,50.02,91.44,84.75,231,6.988,1,27,A,B,Normal,0
4927,60,48,49.82,97.13,5.87,89.34,275,5.322,1,12,B,AB,Routine,0
4928,19,43,40.52,78.46,19.95,48.1,771,6.529,0,24,O,A,Critical,1
4929,61,26,59.31,33.05,57.91,78.33,499,5.601,2,35,B,A,Normal,0
4930,53,43,86.23,86.22,84.56,48.41,368,1.469,1,10,A,AB,Normal,0
4931,49,75,66.34,55.34,72.21,82.65,312,3.264,2,26,O,O,Urgent,1
4932,24,24,61.8,97.13,3.49,47.35,610,7.53,1,0,A,B,Critical,0
4933,55,,81.38,41.55,61.0,50.5,129,5.018,0,20,O,B,Critical,1
4934,58,23,50.97,67.42,71.54,52.13,905,3.416,2,35,O,O,Normal,0
4935,48,77,93.34,79.21,37.24,76.1,146,5.888,2,29,B,O,Urgent,0
4936,24,23,69.14,26.18,62.64,52.62,165,9.701,1,1,O,O,Critical,0
4937,54,26,90.33,95.24,74.64,89.19,51,7.861,1,28,O,B,Normal,0
4938,65,51,32.43,20.41,9.24,72.48,945,6.163,0,14,B,A,Routine,0
4939,53,25,27.18,51.35,71.84,96.8,857,6.396,1,28,B,B,Urgent,0
4940,24,57,78.63,35.09,33.57,70.86,739,5.839,3,33,AB,O,Routine,0
4941,61,39,77.0,36.52,64.43,63.51,888,5.242,1,22,A,B,Urgent,1
4942,20,76,86.86,85.24,57.52,51.37,533,5.221,0,56,B,AB,Critical,0
4943,42,38,72.7,95.31,62.18,97.75,402,7.034,1,4,O,A,Critical,0
4944,56,21,34.6,81.13,36.45,66.09,637,4.51,0,35,A,A,Urgent,0
4945,43,67,76.68,12.13,85.51,49.75,380,7.027,6,24,O,A,Urgent,1
4946,45,42,76.2,94.23,43.73,61.52,893,3.4,0,3,O,O,Urgent,1
4947,61,61,47.49,,51.03,82.01,583,5.661,0,0,B,O,Normal,0
4948,64,23,60.87,47.95,51.5,78.84,45,4.546,2,41,O,O,Normal,0
4949,40,58,99.15,33.32,45.36,45.63,878,4.345,1,18,O,A,Critical,1
4950,28,71,86.55,96.64,5.65,99.03,10,7.42,2,43,A,B,Normal,0
4951,35,22,89.73,0.51,16.54,54.87,391,6.931,5,13,O,A,Routine,1
4952,21,72,39.45,7.97,82.19,98.0,661,6.888,1,51,O,A,Urgent,0
4953,32,26,85.45,84.43,7.98,52.07,268,7.03,1,6,O,A,Normal,0
4954,60,48,30.19,91.7,56.28,52.65,333,5.185,0,12,AB,B,Urgent,0
4955,69,75,52.64,39.62,45.56,76.12,916,11.081,3,6,A,A,Urgent,1
4956,65,34,72.2,19.63,92.27,67.36,146,7.44,0,31,O,A,Critical,0
4957,35,67,96.54,59.59,60.1,66.14,871,6.354,0,32,B,O,Urgent,0
4958,41,31,72.65,10.32,62.05,62.0,806,5.507,1,10,A,A,Normal,1
4959,33,39,29.81,41.55,17.23,45.6,125,5.046,3,6,O,B,Normal,0
4960,63,32,33.67,17.9,48.38,51.93,364,8.528,0,31,O,B,Urgent,0
4961,45,40,49.93,2.27,75.49,56.26,654,4.929,0,5,A,A,Normal,1
4962,61,44,29.87,0.19,49.22,55.79,988,3.891,3,17,O,O,Routine,0
4963,31,75,28.93,80.49,2.06,48.06,958,5.941,0,44,O,A,Routine,0
4964,51,38,93.95,31.2,51.21,66.32,742,3.053,1,13,O,A,Critical,1
4965,55,70,64.13,53.68,46.36,96.64,759,5.969,1,15,O,O,Routine,1
4966,61,57,28.2,87.71,44.64,58.69,939,5.537,3,4,O,O,Urgent,1
4967,40,75,73.14,17.1,87.27,49.34,694,0.5,0,35,O,B,Critical,0
4968,47,27,41.28,42.12,56.53,48.29,813,2.719,0,20,O,B,Urgent,0
4969,19,68,54.65,79.68,71.28,48.11,983,3.847,4,49,O,A,Urgent,0
4970,50,70,57.35,81.91,81.84,52.71,138,3.774,1,20,O,B,Normal,0
4971,57,70,50.3,82.49,93.95,92.91,726,4.708,0,13,O,A,Urgent,1
4972,22,69,37.09,23.02,21.48,77.71,957,3.705,1,47,O,B,Normal,1
4973,43,33,77.76,10.41,80.14,87.87,276,5.132,3,10,O,B,Normal,1
4974,66,24,94.08,23.78,76.0,81.79,891,5.16,1,42,A,O,Normal,1
4975,67,,79.95,96.27,73.85,92.97,100,6.394,1,2,O,O,Normal,1
4976,42,45,40.99,74.33,54.9,63.72,312,8.003,1,3,O,B,Normal,0
4977,53,48,70.01,23.12,79.7,78.55,,7.909,3,5,O,B,Normal,1
4978,65,57,78.83,4.41,32.52,60.71,51,5.278,2,8,A,O,Urgent,1
4979,65,34,32.85,88.65,8.08,66.15,160,4.552,2,31,A,AB,Critical,1
4980,46,40,42.91,66.77,24.76,46.93,67,6.538,3,6,O,AB,Normal,0
4981,40,68,38.81,34.81,90.49,49.69,281,4.029,2,28,O,O,Urgent,0
4982,53,,44.24,28.53,39.91,64.02,84,4.15,1,21,A,A,Critical,1
4983,67,30,25.44,40.36,56.3,75.01,753,7.375,0,37,B,O,Routine,0
4984,23,45,58.11,56.67,72.27,63.92,356,1.582,4,22,A,O,Critical,0
4985,32,19,56.69,36.04,37.15,78.71,447,8.599,0,13,A,B,Urgent,0
4986,34,45,31.68,1.88,34.2,46.34,506,1.816,2,11,B,O,Normal,0
4987,57,44,90.01,5.57,7.28,48.68,62,6.029,0,13,A,A,Critical,1
4988,30,22,88.39,13.49,12.25,56.0,308,8.176,1,8,O,B,Critical,1
4989,36,38,85.47,20.51,60.64,62.66,603,2.364,4,2,A,O,Critical,0
4990,42,32,64.12,69.25,0.05,66.98,675,5.22,,10,O,B,Urgent,1
4991,62,29,79.34,88.36,58.04,45.97,370,6.08,2,33,AB,O,Critical,0
4992,18,57,48.78,65.7,73.17,94.85,,6.862,6,39,O,A,Urgent,0
4993,61,25,67.12,2.11,97.79,75.45,751,8.541,5,36,B,O,Routine,0
4994,33,59,70.08,7.31,80.94,63.59,917,6.05,0,26,O,B,Normal,1
4995,35,73,90.34,90.98,79.21,91.54,123,3.014,5,38,O,AB,Routine,0
4996,54,60,80.52,53.36,59.43,73.44,307,2.37,3,6,B,AB,Normal,1
4997,37,18,84.53,71.15,6.49,52.78,,7.441,8,19,A,A,Urgent,1
4998,67,44,80.16,93.61,5.03,53.65,172,4.054,0,23,A,B,Normal,0
4999,50,22,42.03,55.58,37.87,90.65,329,4.949,0,28,A,A,Routine,0
5000,47,56,52.66,1.73,30.86,51.54,98,7.099,2,9,B,O,Routine,0
