pair_id,donor_age,recipient_age,hla_match,antibody_risk,medical_risk,organ_health,waiting_days,cold_ischemia_hours,comorbidity_index,age_gap,donor_blood,recipient_blood,urgency,match_status
1,51,43,88.68,84.37,19.85,45.68,245,3.92,0,8,B,O,Urgent,0
2,33,52,33.65,34.27,55.65,58.15,626,1.969,0,19,A,AB,Normal,0
3,54,64,91.1,71.87,0.28,68.61,444,4.9,2,10,B,O,Normal,1
4,28,51,42.53,52.87,40.32,81.5,494,2.046,1,23,A,AB,Normal,0
5,43,65,36.02,59.03,65.92,69.78,338,3.737,0,22,B,A,Normal,0
6,65,43,52.59,30.08,12.25,68.32,603,3.278,0,22,O,A,Normal,1
7,47,45,49.26,60.36,84.11,68.11,173,1.743,0,2,O,O,Urgent,1
8,23,19,39.75,70.04,0.81,56.36,130,2.661,0,4,A,A,Normal,0
9,68,62,59.12,25.94,85.74,87.56,305,2.343,4,6,O,O,Critical,1
10,55,20,92.12,49.51,47.4,48.16,554,2.652,4,35,A,O,Normal,0
11,56,72,88.71,66.0,44.89,58.95,94,2.37,3,16,O,O,Urgent,0
12,38,20,54.67,46.01,56.13,59.96,340,3.105,0,18,O,O,Urgent,0
13,61,20,90.02,71.0,29.56,45.41,267,3.043,0,41,B,A,Normal,0
14,53,45,89.47,46.36,31.29,51.19,551,4.86,0,8,A,A,Normal,0
15,24,24,79.9,63.99,56.12,77.08,236,2.441,5,0,A,A,Routine,1
16,26,65,62.97,9.34,90.69,56.82,551,3.117,8,39,O,B,Urgent,0
17,54,37,85.65,87.87,83.97,74.89,28,1.357,1,17,B,B,Normal,1
18,55,56,81.34,97.9,43.81,69.41,91,1.815,0,1,A,AB,Urgent,1
19,29,53,26.03,58.9,94.99,74.17,417,3.388,1,24,O,B,Normal,0
20,52,44,63.14,2.82,36.23,86.72,752,2.315,4,8,B,B,Normal,1
21,28,21,27.4,67.69,77.54,92.73,512,3.122,0,7,B,O,Urgent,0
22,69,70,75.54,64.83,37.29,83.17,304,2.614,0,1,O,AB,Urgent,1
23,40,44,92.94,77.63,85.97,55.18,99,2.376,1,4,O,O,Normal,1
24,55,18,49.64,24.66,32.15,62.57,10,2.414,3,37,O,O,Normal,0
25,60,57,55.54,59.42,37.2,67.87,252,3.734,0,3,A,B,Normal,0
26,22,62,57.9,52.39,90.63,93.4,133,2.761,0,40,O,A,Urgent,0
27,33,33,71.04,3.41,24.03,52.77,566,2.624,4,0,O,A,Routine,1
28,45,30,89.28,75.81,83.53,93.67,674,3.13,0,15,A,O,Critical,0
29,54,26,48.84,93.83,96.34,51.56,97,3.776,2,28,B,B,Urgent,0
30,64,60,51.57,98.57,91.91,88.67,249,2.456,1,4,A,B,Urgent,0
31,54,51,85.57,66.04,75.73,95.56,827,1.911,2,3,B,O,Critical,1
32,20,67,85.34,15.5,90.02,72.73,37,3.19,2,47,B,A,Urgent,0
33,33,27,66.62,31.68,5.5,69.62,175,2.662,0,6,A,O,Urgent,1
34,26,60,29.88,61.27,92.66,47.41,474,3.285,2,34,AB,A,Routine,0
35,38,65,47.75,12.16,47.88,90.52,422,1.651,2,27,O,A,Urgent,0
36,39,20,71.71,4.96,74.06,84.56,379,2.103,0,19,O,O,Urgent,1
37,54,70,88.04,98.98,54.46,61.37,844,2.574,1,16,O,A,Normal,1
38,27,77,28.25,9.71,78.81,94.93,793,2.213,1,50,O,O,Normal,0
39,30,35,42.89,4.73,79.95,74.29,433,3.042,3,5,A,O,Critical,1
40,37,24,42.4,57.8,44.75,92.61,940,0.735,1,13,B,O,Normal,1
41,21,25,86.65,97.6,57.71,56.39,483,2.983,0,4,B,B,Urgent,1
42,49,68,89.9,61.06,95.03,72.33,349,2.991,4,19,A,O,Urgent,0
43,29,69,59.53,79.57,79.01,78.87,457,2.293,1,40,O,B,Urgent,0
44,47,60,31.59,70.59,48.8,85.06,854,1.0,1,13,A,O,Normal,0
45,54,39,62.07,68.56,56.24,46.43,92,3.245,1,15,AB,O,Critical,0
46,65,51,79.58,25.2,71.74,88.3,173,4.004,0,14,B,A,Urgent,0
47,53,63,97.12,22.86,30.01,98.33,239,0.689,0,10,O,A,Critical,1
48,51,42,81.98,86.33,53.56,89.02,449,2.931,3,9,A,O,Urgent,0
49,54,24,47.14,65.27,32.18,96.9,51,3.259,0,30,B,A,Critical,0
50,33,39,34.5,82.85,64.59,46.86,750,3.868,1,6,B,O,Urgent,0
51,50,74,25.01,97.74,62.53,57.49,912,2.823,1,24,A,O,Critical,0
52,18,26,56.76,75.88,52.19,69.59,785,3.658,1,8,O,O,Urgent,1
53,22,70,74.95,81.35,64.78,49.17,135,4.348,3,48,B,B,Normal,0
54,32,32,35.47,21.79,91.24,68.63,538,4.234,2,0,O,AB,Urgent,1
55,29,21,74.33,98.46,52.28,88.71,866,4.936,1,8,A,A,Urgent,0
56,29,29,57.2,38.01,72.82,85.77,507,2.264,0,0,A,O,Critical,0
57,26,51,66.72,6.14,76.61,53.4,424,2.25,2,25,B,O,Normal,0
58,50,27,60.12,48.62,89.03,78.39,1000,3.241,0,23,A,O,Normal,0
59,32,24,81.98,47.6,21.08,55.58,295,3.298,2,8,A,A,Normal,1
60,51,60,85.07,32.18,51.48,79.26,222,1.72,8,9,B,B,Critical,1
61,38,76,39.84,92.22,52.83,53.01,552,3.084,2,38,O,O,Urgent,0
62,58,36,76.62,85.33,40.94,53.45,760,5.31,0,22,O,A,Urgent,1
63,31,28,44.13,48.07,50.82,62.91,864,0.992,0,3,O,O,Critical,1
64,32,71,44.53,99.28,66.01,83.94,247,3.727,0,39,O,A,Critical,0
65,28,27,40.77,7.12,10.51,97.83,143,4.077,1,1,O,B,Urgent,1
66,46,50,94.04,55.77,4.3,73.91,257,3.21,2,4,B,B,Routine,1
67,55,60,42.49,31.34,85.29,85.76,249,2.165,0,5,A,B,Urgent,0
68,67,23,42.6,63.07,13.48,86.03,269,2.144,0,44,A,A,Normal,1
69,19,18,62.38,29.51,20.77,66.37,126,1.863,0,1,B,A,Critical,0
70,51,51,38.69,24.42,81.52,47.39,751,2.97,1,0,O,O,Urgent,0
71,27,73,98.88,15.1,47.67,47.52,249,,5,46,O,B,Normal,1
72,67,28,67.72,19.97,83.43,78.93,580,1.633,1,39,B,B,Normal,1
73,44,38,92.73,1.78,56.59,84.3,455,1.418,5,6,AB,A,Normal,0
74,42,60,57.09,80.19,88.51,50.59,862,3.872,4,18,O,O,Routine,0
75,35,71,94.75,6.36,23.87,64.34,801,2.756,1,36,A,A,Critical,1
76,60,32,49.81,93.45,17.39,45.41,778,1.961,1,28,B,O,Urgent,0
77,31,48,87.41,75.25,96.63,58.9,450,3.924,0,17,O,O,Urgent,0
78,49,69,53.6,49.16,47.35,90.57,152,2.557,4,20,B,O,Urgent,0
79,35,44,36.91,96.93,39.52,81.96,309,2.385,0,9,O,B,Normal,0
80,28,20,92.91,93.52,94.32,58.83,502,2.255,1,8,B,AB,Urgent,0
81,30,75,95.53,41.15,34.89,50.66,700,3.397,2,45,O,AB,Normal,0
82,55,50,60.98,84.17,78.32,89.8,889,2.592,0,5,B,A,Urgent,0
83,61,49,47.63,34.47,73.78,61.4,572,1.838,0,12,B,B,Critical,0
84,48,40,96.85,9.06,58.96,50.91,739,1.728,5,8,B,O,Routine,1
85,48,54,52.92,72.09,86.35,73.66,374,2.916,1,6,O,A,Urgent,0
86,69,53,56.39,26.61,98.55,87.23,823,1.865,0,16,B,A,Normal,0
87,37,26,71.37,13.01,80.24,60.2,875,1.825,3,11,O,O,Normal,1
88,44,36,72.59,32.95,1.42,94.31,214,2.615,5,8,A,O,Critical,0
89,18,51,52.13,31.99,57.84,99.02,911,0.589,2,33,O,B,Normal,1
90,23,28,44.39,30.51,38.9,76.26,718,2.209,4,5,A,B,Critical,0
91,22,47,80.51,30.78,95.48,58.89,658,1.521,0,25,A,O,Critical,0
92,46,19,33.51,77.83,28.67,66.07,784,2.394,1,27,A,O,Normal,0
93,35,68,85.49,87.81,86.35,70.9,318,2.79,1,33,A,A,Routine,0
94,64,66,35.65,61.78,84.28,47.71,148,0.939,1,2,A,A,Urgent,1
95,51,65,41.74,18.74,80.1,,311,1.729,3,14,B,A,Normal,0
96,58,31,31.11,73.62,80.1,85.72,604,2.887,0,27,AB,O,Normal,0
97,43,41,27.08,49.02,4.02,79.59,142,2.203,0,2,O,A,Urgent,1
98,66,46,59.95,63.1,84.45,46.05,375,2.785,4,20,B,B,Normal,0
99,41,18,50.41,51.86,94.22,67.16,244,3.419,2,23,O,A,Urgent,0
100,59,34,69.76,15.05,12.51,53.32,688,2.793,1,25,A,A,Critical,1
101,55,45,92.22,44.44,76.5,60.61,470,4.144,0,10,O,O,Normal,0
102,46,45,56.98,2.36,9.14,47.25,752,1.973,0,1,B,O,Normal,1
103,21,54,56.67,47.96,84.09,65.62,696,1.579,0,33,A,O,Urgent,0
104,60,40,82.2,63.69,36.14,48.19,78,1.647,1,20,O,B,Routine,0
105,,67,48.39,5.29,60.35,79.07,732,2.494,0,23,O,B,Urgent,1
106,50,66,61.25,99.61,87.58,67.54,281,2.593,0,16,A,O,Normal,0
107,22,77,60.0,12.32,84.55,82.65,506,1.714,0,55,A,B,Urgent,0
108,69,51,27.77,72.33,39.43,90.75,440,4.847,1,18,O,O,Normal,0
109,65,74,69.85,41.0,15.59,72.42,410,3.878,4,9,A,A,Critical,0
110,41,38,84.91,90.77,75.62,86.1,139,1.614,6,3,O,B,Normal,0
111,31,30,38.89,66.19,72.58,80.0,444,3.369,0,1,O,B,Urgent,0
112,27,42,49.03,27.73,17.95,47.66,798,3.157,1,15,O,A,Routine,0
113,57,36,74.65,30.52,33.75,87.05,280,2.174,2,21,O,B,Critical,1
114,44,44,,41.9,47.11,82.96,772,3.757,4,0,A,B,Urgent,0
115,43,34,36.84,27.93,10.2,45.59,44,2.03,1,9,A,B,Normal,0
116,57,39,52.06,11.02,69.59,86.8,673,2.06,1,18,A,O,Routine,0
117,42,70,89.23,16.81,37.06,88.45,108,2.729,2,28,A,B,Normal,0
118,37,34,45.35,55.68,51.18,47.48,688,3.526,0,3,A,O,Normal,0
119,18,58,32.49,34.21,67.28,97.44,279,0.5,4,40,B,A,Normal,0
120,28,46,97.23,7.71,12.13,46.41,494,3.524,1,18,O,O,Normal,1
121,69,68,81.39,7.46,21.23,84.43,194,2.411,1,1,O,O,Normal,1
122,28,68,62.05,29.0,82.92,92.84,665,5.223,1,40,A,O,Normal,0
123,68,68,43.78,32.89,87.2,70.09,474,3.324,1,0,A,B,Routine,0
124,30,68,83.65,30.21,34.81,79.24,18,3.13,0,38,O,B,Critical,1
125,19,21,75.35,63.89,56.91,97.31,734,,0,2,B,A,Normal,0
126,63,56,59.87,53.51,19.43,63.3,62,1.464,2,7,AB,A,Urgent,0
127,65,42,37.05,50.71,70.94,89.81,914,0.902,1,23,O,A,Normal,0
128,60,19,30.56,36.53,67.68,45.06,608,4.153,3,41,O,AB,Normal,0
129,33,74,46.89,1.97,14.36,86.5,811,3.085,2,41,B,O,Routine,0
130,22,46,52.63,1.6,31.55,83.91,922,2.666,0,24,A,AB,Urgent,1
131,31,74,68.88,43.17,72.92,45.53,186,3.476,4,,A,O,Critical,0
132,49,44,28.45,92.52,73.35,51.27,233,3.606,4,5,B,A,Urgent,0
133,66,44,31.95,70.11,5.0,81.87,220,1.753,1,22,O,A,Critical,0
134,44,25,34.37,4.9,22.65,96.99,918,1.689,2,19,B,A,Urgent,0
135,36,22,37.24,80.12,22.9,55.0,126,2.46,3,14,O,B,Normal,0
136,37,52,95.64,46.9,53.8,61.62,509,3.063,0,15,B,AB,Routine,1
137,24,34,37.43,97.22,98.06,55.54,703,2.908,0,10,B,O,Routine,0
138,24,40,63.75,19.58,19.34,87.69,749,2.664,2,16,A,A,Normal,1
139,60,48,96.34,5.6,99.96,89.74,140,3.349,0,12,B,O,Normal,0
140,21,73,70.79,2.82,45.13,99.49,472,1.943,,52,O,O,Routine,0
141,50,70,93.76,76.04,89.3,57.24,930,1.587,0,20,A,O,Urgent,1
142,38,51,59.81,50.13,95.92,97.97,435,2.787,1,13,O,O,Normal,1
143,63,49,88.47,5.96,97.92,70.82,793,3.198,1,14,O,A,Urgent,1
144,48,36,44.44,14.69,14.99,91.8,650,2.654,0,12,O,A,Urgent,1
145,42,33,57.26,49.23,86.65,71.95,484,2.322,1,9,O,A,Urgent,0
146,46,,95.07,58.04,52.9,72.29,765,3.55,3,23,A,O,Normal,0
147,44,45,99.75,70.76,81.98,48.11,213,1.388,1,1,B,A,Urgent,0
148,23,40,37.96,95.82,82.03,82.47,575,1.643,4,17,O,A,Critical,0
149,19,22,75.97,66.61,54.18,90.2,474,2.504,0,3,B,O,Normal,0
150,26,18,33.37,94.89,7.09,88.94,962,3.668,0,8,O,A,Critical,0
151,36,52,48.49,78.42,36.86,89.06,36,4.658,0,16,A,O,Urgent,0
152,34,21,91.61,75.44,24.31,67.33,447,3.003,1,13,B,O,Urgent,0
153,34,38,67.55,43.43,72.12,69.28,935,3.522,1,4,O,B,Normal,1
154,49,72,95.13,73.06,44.41,95.33,126,2.244,0,23,B,B,Normal,1
155,18,68,39.84,44.33,65.59,,617,3.113,3,50,O,B,Urgent,0
156,61,70,95.93,4.56,32.53,97.07,594,2.659,0,9,B,O,Routine,1
157,46,32,80.19,31.52,21.7,99.16,748,1.748,0,14,O,A,Normal,1
158,25,29,49.59,34.25,42.14,98.1,720,2.694,0,4,O,A,Urgent,1
159,69,43,59.84,98.81,98.73,67.8,805,2.964,3,26,A,A,Urgent,0
160,22,40,32.2,81.48,36.39,64.92,295,1.924,1,18,O,A,Urgent,0
161,65,31,37.75,42.57,11.3,84.02,247,2.328,0,34,A,O,Normal,0
162,44,77,64.61,24.89,63.72,55.83,281,0.5,1,33,A,A,Urgent,0
163,18,77,62.37,47.69,9.97,82.11,62,3.848,0,59,B,A,Critical,0
164,48,68,94.06,71.31,44.83,73.69,680,2.752,3,20,A,A,Urgent,0
165,60,31,88.67,41.28,6.93,89.71,631,2.891,1,29,B,B,Urgent,1
166,20,74,45.64,86.92,46.83,54.36,662,3.652,1,54,B,A,Urgent,0
167,62,38,42.15,96.28,56.37,91.47,18,2.797,3,24,O,O,Routine,0
168,69,47,89.92,33.68,,52.74,49,1.936,0,22,O,O,Urgent,1
169,31,55,78.93,86.44,74.23,89.55,34,1.648,1,24,O,O,Urgent,1
170,50,63,86.23,4.46,10.04,59.27,411,3.985,0,13,O,B,Routine,1
171,25,21,98.52,76.86,3.35,79.86,315,3.422,0,4,O,O,Normal,1
172,47,18,87.23,54.25,8.81,86.7,127,2.6,1,29,A,B,Normal,0
173,32,43,60.5,97.43,90.59,83.15,376,1.448,0,11,O,B,Normal,0
174,66,51,52.23,49.69,0.02,65.01,19,2.245,0,15,O,O,Critical,1
175,22,40,37.41,2.33,67.13,97.57,473,1.074,1,18,B,A,Normal,0
176,22,48,85.19,15.4,39.28,72.33,836,2.531,1,26,O,A,Urgent,1
177,39,53,45.66,27.7,97.87,60.88,951,3.186,3,14,A,A,Normal,0
178,59,,58.07,83.51,14.96,87.27,21,2.4,0,17,O,B,Normal,0
179,41,58,59.31,93.85,40.44,77.62,324,3.061,3,17,O,O,Urgent,1
180,33,65,40.3,44.22,72.48,73.53,533,2.677,1,32,O,A,Normal,0
181,59,26,44.62,31.29,25.39,82.67,372,3.087,0,33,B,A,Normal,0
182,37,24,47.83,12.34,26.71,85.85,93,3.577,0,13,O,A,Normal,1
183,36,18,46.68,12.5,11.45,96.63,703,3.728,0,18,B,B,Routine,1
184,64,18,55.35,81.2,25.35,63.72,404,4.603,3,46,O,B,Normal,0
185,57,38,87.33,77.64,7.73,49.86,312,1.438,0,19,B,B,Normal,1
186,18,74,39.7,49.13,5.97,97.93,31,2.25,0,56,O,O,Normal,0
187,23,36,87.82,80.48,38.94,95.78,322,2.42,0,13,A,A,Normal,0
188,55,18,57.22,26.86,49.44,65.1,15,1.862,0,37,O,O,Normal,0
189,67,25,72.88,75.8,34.25,52.98,617,4.801,2,42,A,O,Critical,0
190,64,22,35.72,47.09,34.79,94.38,381,1.753,0,42,A,O,Critical,0
191,18,53,26.02,25.63,28.2,62.29,82,2.551,0,35,B,O,Urgent,0
192,25,46,41.32,41.23,98.61,56.41,565,2.489,0,21,O,O,Normal,0
193,19,57,90.71,9.47,1.92,53.36,248,1.858,1,38,O,B,Normal,1
194,,75,53.02,82.58,14.68,64.0,821,2.803,2,31,B,A,Urgent,0
195,18,56,73.86,54.94,20.2,70.64,915,1.599,0,38,O,B,Routine,0
196,22,32,86.33,54.16,53.38,62.33,347,3.754,5,10,A,B,Urgent,0
197,45,44,60.33,19.84,71.07,80.53,893,1.458,2,1,A,B,Normal,0
198,18,62,91.02,82.87,57.83,67.24,971,2.936,2,44,A,A,Routine,0
199,37,33,60.33,93.93,28.4,85.74,489,2.957,0,4,O,O,Normal,0
200,23,67,35.49,49.1,44.24,61.94,270,4.616,6,44,O,O,Urgent,0
201,28,77,57.36,73.95,17.97,57.66,647,3.044,0,49,A,O,Urgent,0
202,24,33,64.71,0.84,30.53,54.44,236,2.898,1,9,O,O,Urgent,1
203,49,59,34.89,79.32,8.21,71.35,988,3.783,0,10,A,A,Urgent,0
204,22,70,71.5,45.08,91.38,85.43,211,,0,48,A,B,Urgent,0
205,46,62,92.43,75.59,95.66,89.52,74,3.643,0,16,O,B,Normal,0
206,54,22,40.92,57.59,18.91,74.49,904,2.76,1,32,B,O,Urgent,0
207,69,69,93.97,,3.6,76.76,476,3.013,0,0,A,B,Normal,1
208,,73,76.88,90.18,7.54,56.16,361,1.666,0,48,AB,O,Critical,0
209,65,24,39.93,14.13,51.98,47.62,569,4.052,4,41,B,A,Normal,0
210,43,42,98.82,30.06,,48.41,935,1.272,1,1,B,A,Urgent,1
211,64,74,25.81,36.1,94.17,53.72,650,3.48,1,10,O,B,Routine,0
212,53,36,80.64,25.51,24.12,68.2,576,2.152,3,17,O,O,Normal,1
213,31,57,91.78,33.05,14.16,84.77,605,3.502,1,26,O,O,Normal,1
214,30,33,76.34,37.08,28.68,82.02,189,3.248,0,3,B,O,Normal,1
215,23,39,71.58,11.5,70.67,57.68,192,2.009,0,16,B,A,Critical,0
216,19,45,36.1,11.53,15.8,71.15,535,2.432,0,26,O,B,Critical,1
217,19,64,59.48,34.95,48.14,69.36,365,1.547,0,45,O,O,Urgent,1
218,58,60,34.3,78.47,14.12,92.52,197,4.073,2,2,A,O,Urgent,0
219,38,56,39.25,49.18,10.09,81.19,746,4.796,3,18,O,A,Normal,1
220,47,76,31.41,96.26,62.49,46.41,811,2.141,1,29,A,A,Normal,0
221,32,35,39.19,17.23,20.35,80.57,991,2.966,1,3,A,O,Urgent,1
222,49,55,93.73,13.0,80.78,53.59,360,1.73,1,6,O,B,Normal,1
223,42,50,98.12,62.83,54.24,90.55,794,4.033,1,8,O,O,Normal,1
224,51,54,34.07,95.91,8.72,67.25,771,3.437,1,3,AB,A,Critical,0
225,65,24,62.58,78.91,29.09,47.7,378,1.445,0,41,O,O,Normal,1
226,48,71,97.61,6.34,58.44,99.6,461,4.695,0,23,A,A,Routine,1
227,65,48,78.88,40.0,33.02,95.61,516,2.884,0,17,O,B,Urgent,0
228,46,51,61.14,55.25,24.38,76.44,135,2.608,5,5,A,O,Routine,0
229,31,57,38.49,45.49,79.66,78.49,436,0.5,2,26,O,O,Critical,1
230,60,66,53.76,5.6,40.42,87.42,762,1.176,0,6,B,B,Normal,1
231,55,70,96.92,92.81,16.6,63.91,405,1.116,0,15,O,O,Routine,1
232,38,77,49.12,47.86,92.23,46.24,266,2.08,2,39,O,O,Urgent,0
233,38,57,81.07,39.44,35.6,53.23,367,3.028,2,19,A,A,Normal,1
234,50,24,68.1,99.76,88.77,94.91,678,2.954,2,26,O,O,Routine,0
235,63,50,97.86,30.42,71.69,80.11,652,4.402,1,13,O,B,Normal,1
236,53,38,27.09,91.04,65.84,97.55,624,1.959,2,15,O,O,Normal,1
237,26,47,44.75,18.49,14.85,81.67,632,1.805,1,21,A,O,Normal,0
238,52,69,84.41,41.84,92.06,91.66,62,2.771,5,17,A,A,Urgent,1
239,49,77,88.58,4.01,38.46,66.55,912,3.029,2,28,A,O,Normal,0
240,47,32,54.78,61.07,49.38,84.89,662,2.847,0,15,B,A,Normal,0
241,50,28,46.31,26.19,87.87,68.09,643,3.626,8,22,O,A,Routine,0
242,39,35,52.46,51.98,71.09,73.19,680,1.415,0,4,O,A,Normal,0
243,50,18,56.72,32.25,79.0,83.59,824,1.693,0,32,A,O,Normal,0
244,29,64,41.58,8.96,17.16,65.11,898,1.051,0,35,A,O,Urgent,1
245,59,30,56.14,91.7,72.46,73.23,,2.531,0,29,O,O,Routine,0
246,41,65,93.36,61.64,33.93,75.51,128,0.5,2,24,B,A,Normal,0
247,19,46,89.95,78.77,69.58,96.01,356,5.574,1,27,O,B,Urgent,0
248,49,29,25.77,67.16,69.92,63.23,943,5.249,0,20,A,A,Normal,0
249,60,29,95.14,43.46,58.78,49.57,967,1.607,0,31,A,A,Urgent,1
250,36,24,53.35,38.16,30.46,98.14,627,1.813,1,12,A,B,Routine,0
251,18,22,96.38,27.37,17.96,45.44,362,2.033,0,4,O,O,Critical,1
252,34,46,88.34,76.13,4.88,58.14,248,2.197,2,12,O,O,Urgent,1
253,48,33,41.59,2.59,46.83,97.96,331,3.914,0,15,B,O,Urgent,0
254,47,30,63.8,16.57,11.65,69.35,479,2.203,0,17,B,O,Normal,1
255,41,76,99.68,69.28,50.78,80.46,737,3.038,4,35,O,B,Routine,0
256,41,23,50.22,60.72,14.77,97.18,421,2.364,1,18,O,O,Urgent,1
257,66,27,45.2,10.51,77.42,65.69,809,1.862,1,39,B,O,Critical,0
258,62,28,58.6,35.77,43.79,75.08,535,2.362,1,34,A,O,Urgent,0
259,64,41,62.23,77.24,95.95,61.28,381,2.844,2,23,O,B,Urgent,0
260,46,23,28.45,82.91,82.99,91.68,802,3.337,5,23,O,A,Urgent,0
261,64,61,51.9,46.91,60.68,59.36,310,3.149,3,3,O,O,Urgent,1
262,37,54,56.39,92.01,77.42,99.71,982,3.419,1,17,O,B,Normal,1
263,51,27,29.8,22.56,52.34,54.64,922,2.184,0,24,O,A,Normal,0
264,59,25,36.91,40.97,2.47,60.4,865,5.482,1,34,O,A,Urgent,0
265,66,53,83.04,31.27,27.1,85.68,86,3.414,0,13,AB,B,Normal,0
266,28,31,94.86,11.78,8.79,84.22,456,3.502,2,3,B,O,Normal,1
267,63,45,55.03,78.44,54.39,74.94,127,3.954,0,18,B,A,Urgent,0
268,36,66,47.29,7.67,85.36,72.81,87,2.654,0,30,A,A,Normal,1
269,18,46,58.92,76.79,27.55,52.8,575,2.792,0,28,O,A,Routine,1
270,23,46,70.05,15.44,1.7,79.86,621,3.452,0,23,A,O,Normal,1
271,45,28,97.71,16.38,34.54,58.14,296,3.599,0,17,O,A,Urgent,1
272,29,73,93.86,25.61,9.13,64.52,633,2.01,0,44,A,O,Urgent,0
273,50,51,88.09,77.21,88.59,57.33,229,3.387,1,1,O,B,Urgent,1
274,51,75,43.56,37.54,58.03,95.65,499,2.282,1,24,A,A,Routine,0
275,63,67,89.24,64.23,18.38,70.87,599,3.291,2,4,B,O,Critical,1
276,42,51,74.62,38.11,37.13,93.46,296,3.014,0,9,B,O,Normal,0
277,46,69,82.43,28.14,85.46,94.04,409,2.78,0,23,B,B,Critical,1
278,19,77,80.79,26.83,23.57,98.18,56,2.57,3,58,B,B,Routine,1
279,34,48,28.81,55.47,96.88,81.74,748,3.459,2,14,A,O,Normal,0
280,47,34,74.87,55.55,60.33,85.51,678,1.719,3,13,O,O,Urgent,1
281,56,55,47.5,76.59,1.12,98.69,161,2.98,0,1,A,AB,Normal,1
282,51,32,67.63,79.76,55.86,45.27,35,2.442,0,19,O,O,Normal,0
283,69,21,27.73,72.0,19.48,53.38,506,0.967,0,48,B,O,Normal,0
284,41,43,96.7,33.18,95.48,45.34,836,2.551,1,2,A,O,Critical,0
285,49,47,93.01,94.86,46.73,56.56,175,2.033,2,2,B,O,Urgent,0
286,25,28,83.04,43.86,7.07,97.09,626,0.5,0,3,O,O,Normal,1
287,23,68,34.38,30.94,6.78,94.55,803,2.569,,45,O,A,Normal,0
288,45,61,46.76,3.22,89.19,55.26,,2.773,0,16,O,A,Critical,1
289,35,66,95.01,30.66,93.18,83.23,846,2.283,7,31,O,O,Normal,1
290,30,56,67.52,81.09,93.24,71.18,659,2.172,1,26,O,A,Normal,0
291,48,28,36.2,66.18,49.6,69.65,328,,3,20,B,B,Critical,0
292,64,66,31.5,16.35,90.92,59.3,26,2.809,0,2,O,O,Urgent,1
293,21,55,74.64,74.24,92.04,72.95,87,3.96,0,34,O,B,Critical,0
294,63,67,79.54,64.76,74.64,71.1,408,2.671,2,4,AB,B,Normal,0
295,28,58,76.9,12.73,22.29,81.16,676,1.02,3,30,AB,B,Routine,0
296,29,67,28.85,74.05,6.15,52.06,779,3.296,1,38,AB,A,Urgent,0
297,19,62,57.91,66.92,63.07,60.43,949,3.925,0,43,O,O,Critical,0
298,32,22,53.47,30.88,67.92,48.19,327,1.589,3,10,O,O,Urgent,1
299,56,19,63.96,90.95,36.98,56.18,68,1.691,1,37,O,O,Critical,0
300,59,64,50.88,62.05,35.61,74.5,324,2.551,0,5,AB,O,Normal,0
301,46,50,49.34,94.79,47.68,78.63,165,3.07,1,4,O,A,Urgent,0
302,66,30,27.0,0.85,6.35,51.93,129,3.931,2,36,A,O,Normal,0
303,55,43,52.5,96.51,55.87,55.27,986,0.5,0,12,O,O,Critical,1
304,63,33,46.53,76.86,61.47,83.53,792,3.64,0,30,A,B,Normal,0
305,40,59,51.87,6.39,1.66,73.56,495,3.814,0,19,B,O,Urgent,0
306,61,44,59.09,63.28,45.42,88.32,582,1.335,0,17,O,B,Critical,0
307,61,49,26.18,6.92,9.25,73.42,245,0.801,3,12,O,A,Routine,1
308,42,32,90.93,61.5,68.48,79.87,664,2.766,1,10,A,A,Critical,1
309,55,76,93.27,67.61,50.22,88.66,102,2.103,0,21,O,B,Normal,1
310,19,30,62.47,72.11,13.14,67.33,407,2.009,4,11,B,O,Urgent,0
311,26,39,29.71,36.63,84.66,48.57,809,0.567,0,13,A,O,Urgent,0
312,29,25,88.14,2.19,68.68,77.03,333,1.369,0,4,A,O,Urgent,1
313,22,73,34.55,67.54,79.45,92.16,239,3.241,1,51,AB,B,Critical,0
314,49,77,26.07,51.06,56.75,64.41,318,3.132,8,28,B,B,Normal,0
315,63,44,30.62,64.05,11.55,56.14,37,2.372,7,19,O,A,Urgent,0
316,69,29,54.22,77.76,15.32,79.59,992,2.197,2,40,O,O,Urgent,1
317,18,52,45.22,81.74,23.91,85.55,980,2.332,0,34,O,B,Urgent,1
318,51,22,66.53,55.69,85.8,79.3,993,1.845,0,29,B,A,Normal,0
319,43,28,89.55,92.2,19.73,52.63,890,2.297,3,15,B,A,Critical,0
320,34,20,58.93,51.6,95.48,72.72,50,4.977,2,14,O,B,Normal,0
321,49,77,29.46,6.79,8.8,45.97,675,3.436,0,28,A,B,Critical,0
322,49,50,68.35,15.37,0.79,71.1,434,2.745,1,1,O,A,Critical,1
323,45,19,81.85,59.76,64.81,,58,3.905,3,26,A,AB,Urgent,0
324,22,48,73.9,21.47,86.06,45.79,8,2.868,4,26,O,O,Routine,0
325,20,40,64.6,63.54,69.04,63.86,170,2.192,3,20,O,A,Critical,0
326,33,33,81.23,71.54,76.04,80.14,427,1.557,1,0,O,O,Normal,0
327,40,35,86.75,23.81,20.1,97.66,275,3.39,0,5,O,A,Normal,1
328,69,20,,67.14,9.23,81.65,113,2.735,3,49,O,B,Normal,0
329,68,38,75.58,21.76,35.94,88.43,580,2.121,3,30,O,A,Normal,1
330,49,53,62.21,98.15,49.14,68.37,79,3.796,1,4,O,A,Critical,0
331,32,33,79.7,48.3,13.36,65.69,712,2.424,6,1,O,O,Normal,1
332,36,19,43.02,42.21,58.04,64.81,259,3.504,5,17,O,B,Normal,0
333,60,67,33.23,88.21,88.72,52.88,949,3.05,5,7,B,O,Normal,0
334,39,40,61.21,88.15,17.57,99.08,339,2.506,0,1,O,O,Routine,1
335,21,36,50.88,49.52,65.66,70.56,135,4.234,1,15,O,B,Urgent,0
336,44,30,41.76,87.98,34.3,57.74,117,0.973,0,14,O,O,Urgent,0
337,27,57,75.29,30.79,3.73,57.13,307,3.138,0,30,B,A,Routine,0
338,53,66,63.13,4.4,9.4,85.5,455,2.617,1,13,B,B,Normal,1
339,50,51,38.15,99.52,49.7,63.18,117,2.01,3,1,A,B,Critical,0
340,54,48,63.02,32.35,2.08,49.16,960,3.98,0,6,O,O,Critical,1
341,44,28,77.08,18.7,7.15,92.37,728,,7,16,A,O,Normal,0
342,53,33,49.69,7.24,97.55,71.05,2,3.586,3,20,O,O,Urgent,0
343,49,62,79.26,82.25,15.93,52.09,108,4.415,1,13,O,O,Normal,1
344,23,52,53.9,38.75,39.33,95.55,959,3.927,8,29,B,A,Normal,0
345,30,63,55.73,8.03,36.62,92.21,636,1.805,2,33,A,O,Normal,0
346,48,20,43.49,93.02,34.7,70.7,354,2.297,1,28,O,A,Urgent,0
347,30,41,81.41,91.15,58.67,51.0,155,1.307,0,11,O,O,Normal,1
348,55,39,74.82,58.39,5.91,79.59,456,1.673,0,16,A,B,Urgent,1
349,67,70,89.05,7.79,75.79,80.85,914,3.27,0,3,AB,A,Routine,1
350,46,72,98.68,30.55,45.59,53.73,979,2.943,1,26,A,B,Normal,0
351,40,77,99.25,73.29,12.78,69.59,719,4.265,8,37,AB,B,Urgent,0
352,60,18,67.94,60.22,15.68,67.72,130,0.977,0,42,B,B,Normal,1
353,21,36,86.1,61.72,64.51,67.31,631,2.869,4,15,A,AB,Critical,0
354,54,18,39.0,63.57,5.04,75.26,833,1.914,2,36,O,A,Normal,0
355,48,70,57.3,13.86,45.12,95.27,233,3.449,1,22,A,B,Critical,0
356,44,21,51.87,84.97,39.83,99.87,769,3.342,1,23,B,O,Normal,1
357,23,28,96.19,45.44,65.84,61.53,610,3.09,0,5,A,B,Normal,0
358,35,54,38.17,91.11,19.45,86.58,324,2.736,4,19,A,O,Urgent,0
359,24,26,82.82,90.29,55.46,97.31,675,4.785,1,2,O,A,Urgent,1
360,31,21,91.18,94.1,96.56,52.43,282,2.844,1,10,B,O,Normal,1
361,41,24,54.84,81.08,66.82,83.12,538,3.428,1,17,A,O,Critical,0
362,45,50,64.1,83.29,46.01,86.42,793,2.786,0,5,A,O,Routine,0
363,58,45,40.62,83.06,84.93,62.86,588,2.764,2,13,A,A,Normal,0
364,22,66,85.75,88.26,56.76,88.83,427,2.91,5,44,B,B,Normal,1
365,53,76,97.54,98.95,93.15,91.35,750,3.296,1,23,O,A,Critical,1
366,61,77,65.87,28.82,29.14,61.24,585,4.006,1,16,A,O,Urgent,0
367,33,45,95.62,85.95,63.31,86.41,319,3.647,2,12,AB,O,Urgent,0
368,55,45,72.04,28.97,83.15,95.51,430,3.033,0,10,B,A,Critical,1
369,53,43,97.32,61.23,19.62,88.7,328,2.682,3,10,B,A,Urgent,1
370,51,32,94.08,26.28,25.61,79.31,639,2.046,5,19,A,B,Urgent,1
371,32,43,33.83,45.32,37.31,94.86,180,2.421,1,11,O,B,Urgent,0
372,24,,49.24,38.31,2.36,93.1,89,3.235,0,35,O,O,Normal,0
373,35,55,35.65,54.6,96.03,53.07,258,2.581,0,20,A,O,Urgent,0
374,21,72,49.28,89.99,49.72,82.09,349,4.259,0,51,O,A,Normal,0
375,62,24,84.21,21.07,,75.57,202,2.889,7,38,B,A,Urgent,0
376,49,51,54.93,28.68,5.57,79.83,,2.126,1,2,O,O,Normal,1
377,67,55,81.59,17.56,44.52,97.9,664,2.55,0,12,A,O,Normal,1
378,66,45,55.22,38.25,67.84,85.63,125,3.935,0,21,B,B,Urgent,1
379,36,46,44.22,21.11,27.73,80.33,290,2.913,1,10,O,O,Urgent,1
380,65,42,35.95,1.03,96.91,84.72,616,2.501,0,23,A,O,Urgent,0
381,47,27,54.67,46.82,67.83,61.49,471,3.098,5,20,A,B,Urgent,0
382,63,26,97.53,90.9,46.7,83.56,416,2.611,3,37,O,A,Normal,0
383,39,30,94.19,16.96,5.57,92.74,782,2.155,8,9,A,A,Normal,1
384,51,54,32.84,77.52,5.26,83.23,667,3.462,2,3,O,B,Routine,0
385,47,29,76.74,49.63,14.6,51.26,376,2.863,4,18,O,B,Normal,1
386,50,33,42.14,58.7,63.65,80.07,113,4.513,0,17,B,O,Critical,0
387,29,23,84.92,50.32,19.71,88.08,650,3.381,0,6,O,O,Urgent,1
388,65,62,97.56,9.81,64.7,54.54,24,1.36,0,3,O,O,Urgent,1
389,48,48,39.73,26.83,96.08,80.49,886,3.098,4,0,O,O,Normal,0
390,49,33,74.06,74.09,73.7,69.54,687,1.684,1,16,O,O,Urgent,1
391,35,32,65.31,76.75,78.95,47.22,853,1.122,4,3,O,B,Normal,0
392,24,31,53.12,64.18,4.99,97.21,901,2.832,4,7,O,O,Normal,1
393,63,75,77.89,46.68,25.21,62.06,723,4.33,0,12,O,O,Normal,1
394,61,37,94.53,10.69,94.34,52.11,127,4.449,0,24,O,O,Normal,0
395,50,69,97.45,44.18,42.25,61.33,615,0.5,0,19,A,A,Urgent,1
396,66,21,90.32,38.09,3.62,61.67,623,2.224,5,45,A,O,Routine,0
397,57,73,52.53,8.09,9.11,55.66,801,1.399,4,16,A,B,Normal,0
398,43,50,50.83,37.13,0.23,52.46,298,4.025,3,7,A,A,Urgent,0
399,19,69,59.07,95.57,72.63,66.14,735,2.904,1,50,B,B,Urgent,0
400,41,62,76.38,52.32,56.41,92.12,255,2.85,8,21,A,B,Critical,0
401,68,37,34.03,27.17,17.24,83.8,472,2.525,0,31,B,A,Normal,0
402,31,48,70.0,27.89,2.26,62.97,704,2.989,3,17,O,O,Urgent,1
403,27,47,73.4,6.96,3.62,78.89,575,1.605,0,20,A,B,Critical,1
404,61,55,84.76,91.17,7.81,95.31,649,4.27,5,6,O,B,Normal,1
405,50,53,46.16,39.84,13.57,87.26,51,4.975,0,,O,O,Routine,0
406,25,42,59.57,45.99,96.13,50.83,629,3.322,3,17,B,A,Urgent,0
407,68,30,68.46,7.58,26.0,90.66,761,3.436,0,38,O,O,Critical,1
408,48,26,25.4,72.82,15.69,46.73,374,0.992,3,22,A,B,Normal,0
409,52,24,67.01,87.21,59.91,78.55,772,2.629,5,28,O,B,Critical,0
410,43,29,83.55,93.06,39.3,89.55,933,5.279,1,14,B,A,Critical,0
411,33,66,78.15,75.05,76.04,67.36,783,4.607,5,33,A,A,Urgent,0
412,31,30,96.29,85.49,61.93,79.28,910,2.868,2,1,O,B,Urgent,1
413,54,51,38.28,49.76,55.33,53.38,947,4.996,0,3,A,B,Normal,0
414,31,40,25.93,84.27,63.24,64.79,208,2.9,0,9,A,B,Routine,0
415,25,27,93.28,48.69,88.29,62.27,453,2.902,0,2,B,AB,Normal,1
416,29,45,83.55,15.46,26.42,54.76,243,0.652,5,16,A,B,Normal,0
417,30,72,48.57,55.2,21.15,76.63,971,4.169,0,42,O,O,Normal,1
418,60,23,40.2,9.82,68.55,90.75,826,1.169,1,37,O,B,Normal,0
419,40,40,29.12,4.06,51.16,62.08,702,2.147,0,0,A,O,Normal,0
420,49,45,61.61,83.09,68.35,72.42,828,2.499,1,4,B,A,Normal,1
421,64,21,45.73,8.03,68.29,74.87,87,3.477,5,43,O,O,Urgent,0
422,30,67,85.01,26.18,67.68,64.68,845,3.643,0,37,O,O,Routine,1
423,56,58,38.11,68.34,98.99,71.23,357,0.5,0,2,A,A,Normal,0
424,55,60,51.36,46.74,92.41,49.07,334,2.513,0,5,O,O,Normal,0
425,38,48,78.15,13.76,5.77,87.95,720,3.076,2,10,O,A,Urgent,1
426,32,45,74.68,40.34,32.79,59.04,528,3.054,3,13,A,B,Critical,0
427,25,60,99.95,99.43,41.79,86.36,450,4.978,1,35,O,A,Urgent,0
428,29,35,79.39,76.41,93.44,76.5,921,3.514,2,6,O,B,Urgent,1
429,61,25,52.49,66.21,75.74,62.21,757,2.438,6,36,O,A,Urgent,0
430,28,43,35.99,45.99,11.67,65.68,612,3.938,1,15,B,O,Routine,0
431,49,34,95.85,91.27,73.13,80.81,261,0.5,0,15,O,O,Normal,0
432,53,34,60.71,59.42,19.45,50.72,400,2.792,1,19,A,O,Normal,0
433,60,77,74.6,74.33,95.34,96.67,27,3.913,1,17,O,O,Urgent,0
434,49,75,45.23,91.67,91.2,67.71,729,2.313,2,26,O,O,Routine,0
435,29,67,44.75,59.5,19.16,71.17,447,2.956,0,38,B,B,Urgent,0
436,29,30,26.21,72.27,15.47,96.58,486,4.521,0,1,O,A,Normal,0
437,24,33,38.24,42.06,20.98,93.6,492,2.407,1,9,O,A,Critical,1
438,39,72,82.42,44.43,89.22,66.54,894,3.105,,33,B,O,Urgent,0
439,54,67,55.96,34.02,10.86,73.88,468,4.162,0,13,A,O,Normal,0
440,26,24,25.71,4.94,60.91,71.08,564,1.934,1,2,A,A,Critical,1
441,28,70,83.76,9.67,70.34,82.74,384,1.624,0,42,B,A,Normal,0
442,24,66,40.63,81.74,62.16,62.98,125,2.296,1,42,O,A,Urgent,0
443,60,49,47.07,6.09,57.14,65.62,349,1.315,3,11,A,B,Urgent,0
444,42,34,60.2,1.24,91.98,58.78,569,4.22,0,8,B,B,Urgent,1
445,43,55,56.06,73.87,37.71,80.1,324,1.929,0,12,O,O,Routine,1
446,48,69,86.76,87.68,2.3,73.76,895,1.797,0,21,A,O,Urgent,1
447,25,42,61.09,36.26,32.87,87.77,573,3.291,2,17,O,B,Normal,1
448,,30,85.37,7.19,66.47,75.38,241,3.653,0,6,O,A,Critical,0
449,60,72,34.28,49.85,79.71,60.04,1,4.615,1,12,O,A,Routine,0
450,43,30,63.31,14.54,14.94,87.44,902,1.669,1,13,O,A,Normal,1
451,30,64,60.26,17.87,6.66,59.39,775,2.853,0,34,B,O,Normal,0
452,65,75,62.86,20.02,40.13,58.09,585,4.421,3,10,AB,O,Normal,0
453,24,70,80.9,85.93,84.73,81.67,880,2.146,1,46,O,O,Normal,0
454,51,29,37.31,57.0,15.17,89.77,831,2.955,0,22,O,A,Normal,1
455,39,59,93.2,43.66,17.94,78.39,639,3.479,5,20,B,O,Urgent,1
456,31,22,69.72,11.91,29.91,74.33,601,0.5,0,9,B,O,Normal,1
457,67,38,34.32,83.28,6.18,87.02,309,2.73,7,29,O,O,Routine,0
458,36,35,41.56,53.99,79.85,87.92,904,3.607,0,1,AB,A,Urgent,0
459,35,57,29.46,92.68,97.72,74.17,674,2.261,2,22,O,B,Urgent,0
460,31,62,46.87,31.06,68.59,47.02,944,3.454,5,31,O,B,Normal,0
461,61,65,80.25,17.81,80.94,89.2,487,2.541,1,4,B,O,Critical,1
462,66,31,73.66,7.29,40.31,93.74,651,2.073,0,35,O,B,Normal,1
463,21,35,51.83,30.61,3.88,92.87,908,2.485,0,14,O,A,Urgent,1
464,39,49,55.16,48.08,64.6,60.07,324,4.179,1,10,B,O,Routine,0
465,19,49,40.74,31.08,34.24,54.72,38,2.562,0,30,O,A,Urgent,0
466,34,21,64.99,21.17,15.67,88.49,965,2.707,0,13,O,O,Normal,1
467,39,70,52.59,43.94,61.58,92.83,148,5.628,0,31,O,O,Normal,1
468,26,74,30.41,96.39,48.28,55.47,383,3.718,3,48,A,B,Critical,0
469,65,45,47.08,53.49,26.89,88.49,847,0.556,1,20,O,A,Urgent,0
470,48,26,32.61,60.3,78.21,87.13,507,2.276,0,22,O,B,Critical,0
471,18,73,51.15,74.32,62.79,91.1,871,2.48,3,55,A,O,Critical,0
472,43,27,96.87,4.9,77.85,46.54,907,3.387,0,16,B,O,Urgent,0
473,45,28,86.69,10.48,80.41,77.17,68,3.19,1,17,O,A,Urgent,0
474,43,57,96.97,56.77,87.78,54.67,254,1.566,3,14,A,O,Routine,1
475,68,41,28.77,77.02,63.86,91.92,168,2.92,1,27,O,B,Normal,0
476,39,45,71.57,54.79,67.15,99.04,579,3.47,0,6,O,A,Urgent,1
477,44,44,62.48,2.22,52.67,49.35,876,1.753,6,0,O,B,Urgent,1
478,48,54,53.73,25.95,93.95,78.89,555,3.889,7,6,O,O,Normal,0
479,48,70,50.99,71.15,1.64,82.29,12,1.9,0,22,O,A,Normal,0
480,44,55,44.31,1.95,32.26,55.55,502,0.857,1,11,O,B,Normal,0
481,19,67,26.22,94.96,49.91,84.44,292,3.078,1,48,A,O,Normal,0
482,22,64,85.98,82.91,85.17,70.28,753,4.089,0,42,O,O,Normal,0
483,37,73,81.49,78.48,35.78,81.18,426,4.29,5,36,B,B,Normal,0
484,45,74,47.66,67.01,15.95,65.6,512,1.247,0,29,O,B,Routine,0
485,26,39,37.45,7.92,37.08,54.88,396,3.032,1,13,A,A,Urgent,1
486,56,24,29.21,70.84,15.96,65.79,466,1.35,3,32,O,B,Normal,0
487,37,58,35.97,9.4,37.19,99.27,240,0.5,3,21,A,AB,Routine,0
488,21,22,73.18,41.32,27.25,50.36,542,5.222,0,1,B,A,Normal,0
489,28,41,91.74,28.34,26.85,52.94,62,3.465,1,13,A,O,Urgent,0
490,40,40,77.01,95.65,76.47,71.59,842,1.235,1,0,A,O,Normal,0
491,63,39,98.93,54.25,78.66,64.69,59,2.227,2,24,AB,AB,Routine,1
492,32,31,69.15,67.0,39.63,47.47,443,0.5,0,1,O,O,Critical,1
493,60,18,89.19,36.31,46.45,55.9,871,2.936,1,42,O,B,Urgent,0
494,37,53,66.02,20.09,57.63,98.05,748,1.18,0,16,A,O,Critical,0
495,49,75,64.48,91.86,9.18,90.23,505,3.095,0,26,A,O,Normal,0
496,44,60,59.07,43.37,74.02,91.1,919,2.63,3,16,O,O,Normal,1
497,23,24,36.83,73.81,19.16,74.55,116,3.306,1,1,O,O,Urgent,0
498,25,30,73.11,46.8,94.33,53.81,939,0.667,8,5,A,AB,Normal,0
499,46,71,36.78,72.51,62.94,70.12,768,3.544,0,25,O,A,Normal,0
500,58,26,25.85,12.73,92.82,76.09,607,2.761,0,32,A,O,Urgent,0
501,31,64,67.5,34.37,73.42,69.18,148,0.86,0,33,O,A,Normal,0
502,62,39,75.21,2.19,7.82,94.45,253,2.715,2,23,B,B,Urgent,1
503,43,24,98.18,55.12,4.53,75.91,481,2.317,3,19,O,O,Urgent,1
504,69,75,27.01,12.11,98.48,77.59,305,3.119,2,6,A,A,Urgent,0
505,19,53,61.71,85.29,45.79,53.08,411,3.581,1,34,A,A,Routine,0
506,22,63,27.23,73.67,93.99,76.36,736,4.547,1,41,O,B,Normal,0
507,45,48,53.94,60.14,82.91,67.27,816,2.633,2,3,O,B,Urgent,1
508,22,30,47.1,53.81,15.17,72.41,107,2.11,5,8,AB,O,Urgent,0
509,41,47,71.69,53.57,31.88,54.17,121,3.425,1,6,B,O,Critical,0
510,36,76,96.32,20.51,35.96,70.34,946,1.541,0,40,O,AB,Critical,1
511,31,72,76.67,32.12,6.9,99.16,322,3.149,0,41,O,O,Urgent,1
512,69,60,87.37,95.48,35.06,98.17,396,2.283,4,9,AB,A,Normal,0
513,37,61,58.36,77.23,58.01,76.59,817,2.239,1,24,B,A,Urgent,0
514,65,59,98.71,99.05,11.85,96.6,377,4.848,0,6,B,O,Critical,1
515,65,70,78.34,61.83,26.99,68.68,562,2.459,0,5,A,O,Normal,0
516,37,22,78.63,33.56,3.16,61.52,255,2.439,1,15,B,A,Normal,0
517,57,62,89.06,81.2,25.87,74.28,970,3.778,3,5,O,B,Normal,0
518,24,42,77.11,14.9,32.14,93.88,829,1.248,2,18,O,O,Normal,1
519,53,20,93.58,25.67,48.65,48.14,739,1.362,0,33,A,O,Normal,1
520,23,73,69.82,15.89,47.52,53.49,196,3.737,0,50,O,B,Critical,0
521,52,38,93.95,45.57,96.9,71.79,247,3.031,4,14,O,O,Critical,0
522,39,60,49.98,23.62,11.47,89.3,481,2.855,2,21,AB,A,Normal,0
523,20,47,69.89,32.41,15.46,59.41,606,3.979,0,27,A,O,Urgent,0
524,18,28,97.65,12.53,90.03,58.56,937,1.783,1,10,O,O,Urgent,1
525,65,43,78.98,40.47,69.58,95.77,484,3.607,2,22,O,AB,Critical,1
526,69,36,74.25,92.08,58.55,89.06,212,2.215,1,33,O,A,Normal,0
527,69,47,36.41,13.21,99.85,70.13,224,1.655,2,22,O,O,Routine,0
528,24,74,72.89,73.31,69.45,97.89,285,4.326,0,50,O,B,Normal,0
529,29,71,51.65,87.86,44.75,87.73,511,2.419,2,42,A,A,Routine,0
530,26,72,47.27,86.91,55.42,90.88,307,0.55,0,46,A,A,Critical,0
531,64,21,57.86,17.4,23.07,57.38,728,3.23,8,43,O,A,Critical,0
532,58,71,73.29,40.6,43.22,78.51,55,2.226,0,13,O,B,Normal,1
533,20,35,75.98,7.31,71.78,76.92,930,4.18,3,15,B,O,Critical,1
534,24,29,42.98,12.42,69.87,73.24,31,2.569,1,5,A,B,Normal,0
535,44,42,95.97,12.99,35.25,87.7,789,3.453,1,2,B,O,Urgent,1
536,38,20,57.1,30.59,7.51,74.78,953,1.291,0,18,O,A,Normal,1
537,40,68,60.46,62.21,91.46,84.24,275,2.907,0,28,B,O,Normal,0
538,50,73,44.98,3.39,54.54,60.33,967,3.916,4,23,B,O,Urgent,0
539,36,38,95.9,20.92,2.33,72.03,583,1.852,1,2,O,O,Urgent,1
540,34,52,63.97,42.81,93.1,64.39,375,0.5,3,18,O,B,Normal,1
541,21,76,86.85,75.95,8.36,75.86,937,3.091,5,55,AB,A,Urgent,0
542,68,77,67.78,41.06,56.64,48.78,,3.969,3,9,O,O,Urgent,1
543,55,24,49.66,82.77,90.37,49.45,61,4.234,2,31,O,A,Routine,0
544,64,33,46.13,72.68,71.06,80.58,495,1.221,0,31,B,B,Normal,0
545,55,43,31.72,82.34,44.68,47.9,100,0.733,1,12,A,B,Urgent,0
546,63,19,67.04,28.99,78.7,55.29,538,2.772,2,44,B,A,Critical,0
547,54,56,32.42,63.4,28.43,46.43,859,2.149,1,2,A,B,Normal,0
548,68,25,49.14,78.49,61.62,61.85,628,1.579,1,43,A,A,Normal,0
549,69,45,37.24,68.78,43.55,91.28,84,2.048,0,24,O,B,Urgent,0
550,61,71,73.79,9.05,78.65,81.69,148,2.608,1,10,B,A,Normal,0
551,45,59,40.31,15.03,13.31,95.68,928,2.958,1,14,O,O,Critical,1
552,60,51,26.44,12.38,30.39,72.75,677,4.16,0,9,B,O,Routine,0
553,64,77,55.33,73.15,37.32,80.94,15,2.301,2,13,A,O,Critical,0
554,57,69,65.12,51.46,8.25,55.1,830,2.504,5,12,O,O,Normal,0
555,57,32,92.82,86.1,29.46,98.23,367,3.695,0,25,A,A,Critical,1
556,22,60,74.64,65.37,60.83,46.48,252,4.066,0,38,O,O,Routine,0
557,41,50,81.29,9.57,74.63,99.87,89,3.442,1,9,A,AB,Routine,1
558,38,67,39.68,22.31,40.13,67.39,757,4.08,0,29,B,A,Critical,0
559,24,57,58.6,54.17,70.23,69.74,950,0.5,0,33,O,A,Urgent,1
560,19,42,89.4,0.5,49.02,80.11,982,2.323,0,23,B,B,Critical,1
561,41,54,53.7,82.8,0.69,79.64,809,0.575,1,13,AB,A,Urgent,0
562,26,67,55.88,50.14,55.5,75.37,875,2.047,3,41,O,A,Normal,1
563,37,36,47.27,92.27,85.45,61.44,877,2.695,3,1,O,O,Normal,0
564,63,54,88.72,20.37,42.8,50.97,92,3.954,0,9,AB,O,Critical,1
565,46,25,46.31,6.65,56.01,60.87,637,3.147,3,21,B,O,Normal,0
566,65,38,61.69,46.68,29.76,60.2,946,2.914,1,27,O,O,Normal,1
567,55,73,78.02,57.37,29.52,53.47,41,1.984,0,18,AB,A,Critical,0
568,47,,26.4,65.76,68.68,83.62,243,4.734,3,26,A,A,Critical,0
569,28,29,33.16,45.67,24.72,52.27,290,0.599,0,1,O,O,Normal,1
570,47,28,76.36,17.04,17.97,50.97,397,1.157,0,19,O,A,Normal,1
571,34,44,43.99,22.74,41.26,93.37,869,2.254,1,10,B,O,Routine,0
572,43,53,66.17,60.67,54.81,77.03,16,4.826,0,10,O,B,Normal,1
573,68,59,83.72,19.46,39.22,80.34,142,2.083,1,9,B,A,Routine,0
574,19,34,28.48,42.23,88.28,69.14,711,2.51,1,15,A,B,Urgent,0
575,24,51,86.99,23.13,34.88,63.51,121,2.813,3,27,O,B,Urgent,0
576,49,69,34.86,39.92,43.5,65.75,500,1.153,3,20,B,A,Normal,0
577,20,21,58.92,73.93,43.36,51.17,118,2.936,0,1,A,O,Routine,0
578,49,68,68.93,10.58,54.39,85.61,789,2.363,2,19,A,A,Normal,1
579,66,32,72.83,89.67,47.91,60.62,106,2.242,0,34,B,AB,Normal,0
580,31,44,68.29,37.66,78.32,75.22,373,3.118,4,13,B,A,Routine,0
581,23,21,96.68,39.56,,73.72,836,3.09,0,2,AB,B,Urgent,1
582,29,26,88.86,52.35,17.26,56.84,723,2.102,0,3,B,A,Normal,1
583,31,29,45.99,29.12,83.54,72.74,935,4.064,0,2,O,B,Normal,1
584,22,68,87.4,76.55,61.05,87.19,210,2.644,0,46,A,A,Urgent,1
585,54,74,38.27,73.84,54.54,95.7,580,2.606,1,20,A,B,Urgent,0
586,26,22,59.03,,83.55,74.62,254,3.723,1,4,O,AB,Normal,0
587,56,58,65.72,87.95,71.04,60.8,716,2.316,1,2,A,O,Normal,0
588,27,29,87.66,1.95,72.55,83.84,484,3.404,3,2,A,O,Routine,1
589,18,39,57.43,4.93,24.63,55.81,418,4.864,5,21,A,A,Routine,1
590,53,37,32.08,64.49,89.68,89.63,477,3.709,3,16,A,B,Normal,0
591,69,56,85.7,43.71,32.52,95.86,270,4.182,0,13,B,A,Urgent,0
592,46,75,93.82,41.89,87.12,60.24,825,0.874,2,29,AB,O,Normal,0
593,67,42,47.62,31.45,41.24,57.19,45,1.298,0,25,A,A,Urgent,1
594,24,60,39.41,13.28,22.98,85.77,482,2.687,2,36,A,O,Urgent,0
595,20,61,90.42,11.69,39.88,68.26,571,4.093,5,41,O,A,Normal,1
596,52,37,26.0,74.12,77.18,55.74,811,2.634,0,15,O,O,Normal,0
597,23,39,33.87,69.62,5.12,64.19,695,1.43,3,16,O,B,Urgent,0
598,19,47,54.03,29.33,21.79,57.84,114,3.969,4,28,O,O,Urgent,0
599,54,58,76.33,71.08,8.64,46.2,22,2.476,1,4,B,O,Critical,0
600,68,19,93.17,54.82,22.09,,336,2.957,0,49,O,A,Critical,1
601,55,22,30.48,60.54,21.19,56.06,93,1.969,1,33,B,A,Urgent,0
602,65,52,26.16,87.89,2.97,60.88,431,2.042,6,13,A,O,Routine,0
603,57,64,66.88,98.65,93.74,48.85,669,3.654,1,7,A,O,Normal,0
604,24,22,72.87,87.81,58.23,54.99,656,1.268,4,2,B,B,Normal,1
605,36,55,29.64,89.92,83.15,94.37,251,3.573,1,19,A,A,Normal,0
606,67,69,96.39,81.29,31.91,91.76,982,3.098,1,2,A,A,Urgent,1
607,56,39,61.6,62.11,27.32,93.22,84,2.692,2,17,A,B,Normal,0
608,51,29,99.56,18.76,36.47,45.18,798,3.095,2,22,AB,B,Critical,1
609,31,35,66.19,99.62,94.59,48.88,819,2.949,0,4,AB,O,Normal,0
610,41,63,28.56,41.95,96.63,54.02,255,3.412,0,22,A,AB,Urgent,0
611,49,20,89.01,50.83,85.2,87.6,727,3.81,1,29,O,B,Urgent,1
612,36,23,,16.04,12.88,74.63,681,2.8,0,13,O,O,Urgent,1
613,41,65,27.64,72.75,58.08,89.41,677,3.694,4,24,O,A,Normal,0
614,30,69,74.5,56.58,64.89,78.16,47,1.854,2,39,A,O,Urgent,0
615,68,33,56.84,6.97,73.02,89.43,261,2.283,0,35,AB,O,Urgent,0
616,22,57,25.04,41.54,89.23,50.39,270,2.903,3,35,O,O,Routine,0
617,52,72,28.03,71.8,71.61,67.85,131,4.112,0,20,O,A,Critical,0
618,32,74,93.62,42.9,51.09,51.0,421,4.62,3,42,B,A,Urgent,0
619,18,39,31.84,27.47,1.36,78.41,893,2.134,2,21,B,A,Critical,0
620,23,61,85.98,98.54,98.25,74.64,956,1.133,0,38,O,B,Normal,0
621,34,20,76.67,69.12,77.49,54.13,962,2.894,4,14,AB,B,Normal,0
622,56,47,34.58,12.39,38.3,52.67,475,3.226,0,9,O,A,Routine,0
623,66,36,27.77,8.76,38.93,54.24,23,2.501,1,30,A,O,Urgent,0
624,60,27,85.72,65.57,83.36,89.29,507,2.91,1,33,O,A,Normal,0
625,50,25,33.95,27.42,65.31,65.12,901,2.228,0,25,A,A,Critical,0
626,30,38,54.79,10.63,51.7,67.6,606,1.166,,8,O,O,Urgent,1
627,37,19,72.03,37.06,79.43,67.39,640,1.462,3,18,A,O,Normal,0
628,57,32,83.24,91.58,35.51,47.98,705,2.915,,25,O,A,Normal,1
629,61,66,56.45,50.09,30.22,79.24,947,0.5,2,5,A,O,Urgent,0
630,48,58,58.29,28.75,90.88,60.92,523,4.183,7,10,A,A,Critical,0
631,62,70,74.68,73.37,29.15,55.94,883,3.097,1,8,O,B,Normal,0
632,18,77,37.39,39.35,96.09,92.2,728,0.921,3,59,O,A,Critical,0
633,29,74,40.1,92.16,76.24,53.54,416,3.309,0,45,O,B,Urgent,0
634,19,65,50.8,2.62,71.29,56.96,995,3.921,5,46,O,B,Urgent,0
635,60,74,94.08,36.69,95.57,60.98,700,4.618,3,14,O,O,Normal,1
636,43,71,84.88,66.06,97.99,63.53,365,3.821,0,28,A,O,Routine,0
637,67,71,93.45,15.36,75.09,89.47,46,2.537,1,4,O,B,Urgent,1
638,46,63,78.7,29.47,30.41,94.08,139,1.215,2,17,A,O,Critical,0
639,24,56,54.49,48.3,46.75,45.56,572,2.588,0,32,O,O,Critical,0
640,27,65,41.45,64.34,28.0,58.48,193,2.52,0,38,O,A,Normal,0
641,54,20,60.9,99.06,63.61,82.85,836,2.455,1,,A,A,Normal,0
642,59,43,39.31,59.38,17.12,48.85,12,4.119,1,16,O,B,Critical,0
643,34,63,80.92,33.97,97.96,81.53,88,2.092,1,29,B,A,Routine,0
644,61,41,97.83,16.77,87.95,71.76,48,2.52,2,20,O,O,Critical,1
645,24,72,61.41,36.06,34.04,99.18,128,3.16,4,48,O,A,Routine,0
646,42,63,37.8,6.73,63.1,84.26,363,3.073,0,21,AB,AB,Normal,1
647,27,55,32.47,57.18,40.44,91.04,136,2.131,2,28,O,B,Critical,0
648,25,56,48.72,44.62,26.01,51.56,627,2.311,0,31,O,O,Urgent,1
649,54,36,35.29,3.8,58.24,82.05,821,3.825,0,18,O,O,Urgent,1
650,51,19,97.64,69.3,78.46,70.62,976,1.765,2,32,A,O,Critical,0
651,24,75,67.06,54.03,53.76,84.23,810,5.505,0,51,AB,B,Urgent,0
652,54,60,85.45,13.78,39.36,78.34,629,2.877,0,6,A,O,Normal,1
653,56,25,75.63,18.37,22.54,67.59,484,2.369,1,31,O,O,Urgent,0
654,27,54,63.52,11.18,25.22,81.97,4,3.396,0,27,O,O,Urgent,1
655,46,43,57.57,27.67,24.5,98.52,363,2.986,4,3,AB,A,Normal,1
656,63,34,66.54,6.69,30.19,79.57,951,3.382,2,29,A,AB,Urgent,1
657,37,54,30.18,92.6,6.55,99.71,536,4.333,1,17,A,O,Urgent,0
658,51,43,55.91,95.99,90.13,92.99,669,4.101,0,8,A,O,Normal,0
659,59,75,35.85,30.27,10.3,72.26,443,2.083,0,16,B,B,Critical,1
660,30,63,87.49,42.15,6.14,90.44,324,0.5,0,33,O,B,Urgent,0
661,44,67,72.8,72.66,41.99,51.54,178,0.5,1,23,A,A,Routine,1
662,51,55,26.31,77.79,37.22,87.41,590,4.168,1,4,B,A,Urgent,0
663,30,58,38.02,20.15,47.13,63.14,92,1.617,2,28,O,A,Normal,0
664,61,30,44.08,69.04,29.01,62.47,671,3.749,1,31,A,B,Normal,0
665,48,55,83.27,4.64,69.2,60.17,475,2.497,0,7,B,A,Critical,0
666,37,41,45.75,92.03,93.59,82.02,567,2.842,4,4,O,A,Normal,0
667,41,51,94.34,0.95,26.31,77.95,801,2.452,1,10,B,O,Critical,1
668,46,29,97.23,52.77,57.78,52.33,351,2.108,3,17,A,O,Normal,0
669,38,40,91.22,6.05,39.33,49.42,130,1.869,1,2,O,O,Urgent,1
670,33,67,87.24,37.86,15.55,84.48,797,2.944,3,34,B,A,Urgent,1
671,52,70,30.72,65.77,53.88,76.39,762,4.482,1,18,O,B,Normal,0
672,50,30,42.52,58.99,34.24,72.35,541,2.832,1,20,A,O,Urgent,0
673,43,24,36.74,58.85,19.76,46.87,778,3.081,2,19,B,A,Urgent,0
674,43,66,29.95,75.11,9.4,86.92,920,2.355,5,23,O,A,Critical,1
675,45,59,70.46,91.02,22.4,75.95,326,4.789,2,14,O,A,Normal,1
676,48,19,96.63,31.85,77.13,91.84,32,3.308,2,29,B,B,Critical,1
677,37,34,35.23,73.41,9.76,79.0,41,2.189,1,3,A,A,Urgent,0
678,40,54,92.36,30.16,94.42,69.24,687,2.804,0,14,B,B,Normal,1
679,55,70,67.24,95.46,79.87,82.08,538,1.39,0,15,O,B,Urgent,0
680,39,29,27.01,8.7,23.2,62.73,536,1.667,0,10,O,O,Normal,1
681,62,50,81.96,49.2,65.61,55.07,416,2.45,0,12,O,A,Urgent,0
682,32,20,95.25,43.85,86.18,57.32,929,2.679,2,12,B,O,Critical,0
683,,75,76.58,57.15,31.66,71.99,341,3.196,0,39,B,B,Urgent,1
684,56,24,57.85,92.77,61.64,67.21,192,4.882,4,32,O,B,Urgent,0
685,37,44,82.35,19.77,52.37,51.73,66,1.66,1,7,O,A,Normal,1
686,26,74,50.91,35.46,56.66,53.34,655,1.365,3,48,B,A,Urgent,0
687,41,66,49.11,57.31,51.79,56.0,59,3.031,0,25,AB,A,Routine,0
688,36,70,43.18,84.1,83.67,50.8,555,2.821,0,34,A,A,Urgent,0
689,31,27,85.17,20.6,60.98,81.55,732,0.652,4,4,B,A,Normal,0
690,57,44,77.43,82.69,11.35,88.3,629,3.013,0,13,O,O,Normal,1
691,21,43,67.74,57.23,82.3,65.97,478,1.514,1,22,O,B,Urgent,0
692,59,30,87.76,32.94,2.85,56.35,495,4.979,2,29,B,A,Normal,0
693,47,64,55.61,70.85,42.17,60.79,418,2.229,1,17,A,B,Normal,0
694,52,31,98.96,24.94,70.0,85.79,810,2.009,3,21,B,O,Urgent,0
695,60,30,98.7,39.86,17.82,77.81,531,5.059,3,30,A,O,Critical,0
696,20,58,52.77,96.29,5.5,49.22,277,2.148,3,38,O,O,Critical,0
697,53,59,75.38,45.88,57.56,57.8,17,2.927,3,6,AB,A,Urgent,0
698,52,75,35.2,45.82,23.0,63.06,201,2.177,1,23,A,O,Normal,0
699,61,22,62.32,66.24,75.23,90.79,238,3.504,0,39,A,O,Normal,0
700,27,34,93.67,67.79,49.02,65.04,521,3.866,0,7,O,B,Normal,0
701,52,48,42.5,98.72,61.0,84.76,103,2.994,1,4,A,AB,Urgent,0
702,31,55,27.13,89.81,36.53,56.89,314,2.793,0,24,O,A,Normal,0
703,41,67,75.62,92.72,52.07,82.33,549,1.982,0,26,O,O,Urgent,0
704,41,72,35.54,25.62,26.34,52.71,668,0.944,3,31,O,O,Routine,0
705,24,35,79.73,36.75,68.32,74.24,530,2.44,1,11,B,A,Normal,0
706,29,73,66.09,34.95,39.81,62.98,306,1.578,0,44,B,A,Normal,0
707,42,46,94.97,74.59,85.15,61.14,631,3.258,3,4,A,B,Urgent,0
708,66,62,27.2,65.99,13.51,66.36,100,3.353,3,4,O,O,Urgent,0
709,33,37,25.42,64.31,57.48,99.46,568,4.341,5,4,A,O,Normal,0
710,29,42,54.78,3.34,10.07,65.44,873,0.556,0,13,A,B,Critical,1
711,35,39,59.62,40.24,79.61,74.93,371,3.586,1,4,AB,B,Normal,0
712,63,36,30.24,20.59,45.37,97.98,47,2.428,5,27,A,O,Critical,0
713,36,35,79.65,54.13,28.47,86.07,973,2.303,1,1,O,AB,Urgent,1
714,25,69,72.41,34.67,17.78,95.14,52,2.811,0,44,A,O,Normal,0
715,45,51,48.12,55.15,88.91,77.96,973,3.509,3,6,A,B,Normal,0
716,28,23,45.69,46.84,73.06,89.54,180,2.082,0,5,A,A,Urgent,1
717,30,64,54.38,41.77,64.67,58.51,466,2.116,1,34,B,A,Critical,0
718,55,73,31.27,10.72,44.22,70.4,109,1.892,4,18,A,O,Urgent,0
719,26,38,64.78,6.71,23.48,61.54,408,2.221,0,12,O,A,Routine,0
720,43,53,94.67,54.82,10.38,55.79,625,2.246,0,10,O,O,Urgent,1
721,43,77,95.89,63.16,82.01,60.66,108,2.828,1,34,O,O,Routine,0
722,68,65,29.25,32.78,57.08,65.47,453,3.082,0,3,A,O,Normal,0
723,40,50,56.37,96.35,43.95,54.79,502,3.351,4,10,B,A,Routine,0
724,37,74,38.58,27.0,79.35,78.53,938,2.761,4,37,O,O,Normal,0
725,63,44,25.0,77.05,38.05,91.75,383,2.862,0,19,O,B,Critical,0
726,36,68,71.39,2.23,77.99,93.19,36,2.737,0,32,B,B,Normal,1
727,23,29,67.74,33.42,0.6,49.81,23,2.396,3,6,B,A,Normal,0
728,58,34,71.83,76.29,92.95,62.48,666,2.818,1,24,A,O,Urgent,0
729,68,25,42.1,84.15,66.98,57.66,833,2.921,0,43,B,A,Normal,0
730,24,57,94.55,81.99,78.13,59.2,604,3.727,2,33,B,O,Normal,0
731,21,60,92.08,38.12,87.12,73.18,554,1.077,0,39,O,O,Critical,1
732,52,58,58.93,10.53,40.7,69.7,393,2.816,0,6,A,O,Urgent,0
733,42,23,90.63,26.1,48.15,63.04,691,4.521,1,19,O,O,Critical,0
734,45,59,26.25,16.34,22.85,49.63,579,1.286,4,14,A,A,Normal,1
735,64,52,70.84,39.58,77.73,67.34,554,1.344,2,12,B,A,Routine,0
736,69,33,59.56,16.29,53.91,73.76,696,0.5,8,36,O,A,Critical,1
737,19,59,28.71,44.92,66.75,55.03,105,1.775,0,40,O,A,Urgent,0
738,30,18,82.63,78.62,3.03,58.23,282,0.528,0,12,A,O,Urgent,0
739,54,21,27.67,74.0,76.3,99.81,748,2.51,1,33,AB,O,Urgent,0
740,29,31,33.54,60.68,93.57,75.46,566,1.633,4,2,B,A,Urgent,0
741,66,49,78.56,39.06,9.54,90.01,24,2.578,0,17,B,A,Normal,1
742,43,34,96.45,4.75,16.11,73.6,850,2.528,3,9,B,O,Routine,1
743,49,43,28.17,25.81,17.62,51.0,852,2.652,2,6,O,O,Normal,1
744,19,41,34.52,70.17,58.61,85.46,2,2.653,2,22,B,O,Urgent,0
745,35,44,66.91,73.01,15.34,81.18,204,2.961,2,9,A,O,Urgent,1
746,32,19,27.1,75.32,34.87,48.27,797,4.753,1,13,O,A,Critical,0
747,34,21,58.24,49.66,12.79,79.94,83,3.365,1,13,O,A,Normal,0
748,24,69,38.06,20.41,2.78,75.3,943,2.629,0,45,O,B,Critical,1
749,36,64,88.65,37.58,86.1,52.76,186,4.486,0,28,O,B,Urgent,0
750,58,60,30.77,51.68,88.66,90.31,647,3.107,8,2,O,O,Urgent,0
751,64,53,99.76,5.89,5.71,58.35,226,3.005,2,11,O,O,Urgent,1
752,30,46,61.2,12.99,61.16,59.98,218,1.919,3,16,B,AB,Critical,0
753,59,53,66.49,43.79,20.34,99.94,319,2.684,0,6,O,B,Urgent,1
754,52,61,41.58,69.72,94.47,98.35,271,2.135,1,9,B,B,Critical,1
755,45,73,32.77,72.79,81.94,51.56,167,0.5,4,28,O,O,Normal,0
756,55,27,38.62,47.37,66.39,94.07,154,1.488,1,28,O,AB,Urgent,0
757,28,42,89.25,85.48,41.85,47.95,671,4.136,2,14,O,O,Normal,1
758,43,35,59.03,0.63,90.24,95.2,682,3.542,4,8,B,B,Routine,1
759,60,34,77.46,50.6,96.85,78.67,31,5.492,1,26,B,O,Urgent,0
760,31,25,90.09,84.88,24.53,90.68,745,0.762,2,6,O,O,Urgent,1
761,31,30,95.99,26.94,36.27,88.43,151,2.987,2,1,O,O,Normal,1
762,66,18,98.54,8.17,49.59,64.08,384,0.879,0,48,B,A,Urgent,1
763,50,64,63.85,35.2,11.18,92.44,278,2.853,0,14,O,O,Routine,1
764,50,23,28.11,80.62,91.39,58.9,114,4.74,1,27,O,O,Critical,0
765,46,27,78.08,42.37,61.06,87.64,700,2.325,0,19,O,O,Urgent,0
766,46,42,52.75,56.05,85.48,85.29,230,1.116,1,4,A,O,Normal,0
767,50,63,53.34,39.77,10.95,53.71,77,1.618,4,13,B,O,Critical,0
768,53,47,29.72,16.38,59.61,59.34,215,4.798,1,6,O,O,Urgent,0
769,39,22,85.79,71.52,92.49,65.49,5,0.5,6,17,A,O,Normal,0
770,30,64,55.37,3.27,54.69,55.07,357,2.011,2,34,B,A,Urgent,0
771,29,58,99.54,96.0,35.32,63.63,129,4.322,0,29,O,A,Critical,1
772,25,42,67.09,19.9,35.18,73.35,531,2.726,1,17,AB,AB,Normal,1
773,69,58,88.43,38.24,28.89,85.04,628,2.47,0,11,O,O,Normal,1
774,45,36,,39.33,92.41,82.5,573,1.414,0,9,O,O,Normal,1
775,40,39,92.91,38.4,49.56,66.41,770,2.382,1,1,A,O,Normal,1
776,18,31,69.73,7.29,30.51,82.03,15,2.413,0,13,O,B,Urgent,1
777,24,58,50.57,90.08,63.55,71.07,194,0.569,1,34,AB,A,Critical,0
778,36,46,51.16,98.72,10.5,67.05,284,5.08,2,10,O,A,Normal,0
779,23,38,88.45,66.63,9.06,63.38,202,4.092,2,15,O,O,Normal,1
780,33,60,73.11,5.46,84.11,46.7,987,1.463,4,27,B,A,Critical,1
781,19,65,33.67,5.12,69.59,91.84,349,2.359,5,46,O,O,Normal,0
782,52,46,59.18,18.94,25.17,87.19,892,2.729,5,6,O,A,Critical,1
783,54,41,48.84,80.21,82.0,45.56,65,1.458,1,13,B,O,Urgent,0
784,28,38,61.24,78.79,8.04,93.41,375,3.043,1,10,O,O,Normal,1
785,21,26,46.04,9.13,27.62,85.1,663,1.669,1,5,A,A,Normal,1
786,51,71,90.01,10.71,13.07,86.89,487,1.909,0,20,O,AB,Critical,1
787,21,19,30.09,95.6,80.33,82.43,604,2.975,0,2,O,B,Normal,0
788,35,20,25.91,98.34,5.06,68.74,316,2.851,3,15,A,A,Routine,0
789,32,44,87.33,52.71,65.32,63.61,424,1.807,2,12,AB,AB,Critical,1
790,22,33,50.74,52.27,70.14,78.89,222,3.179,1,11,O,O,Urgent,0
791,63,34,48.98,72.68,44.43,60.55,327,2.058,1,29,O,O,Routine,0
792,46,35,37.34,42.13,63.79,63.23,852,2.682,1,11,AB,O,Routine,0
793,32,32,69.07,62.16,92.49,86.77,515,3.306,1,0,O,AB,Urgent,0
794,22,73,55.29,26.09,25.71,65.37,292,2.849,1,51,O,B,Urgent,0
795,55,68,73.85,81.95,47.33,84.99,830,3.877,4,13,O,B,Normal,1
796,59,28,46.17,43.4,53.49,53.79,513,3.952,2,31,O,O,Critical,0
797,30,47,70.52,61.04,30.43,49.76,26,2.082,1,17,O,O,Urgent,0
798,39,49,,10.17,86.87,67.04,173,3.061,1,10,B,O,Routine,0
799,46,65,74.67,95.04,39.1,62.78,879,2.839,0,19,O,O,Critical,1
800,57,48,49.18,42.27,93.47,45.31,419,4.015,1,9,O,O,Urgent,0
801,23,43,30.25,69.76,17.31,92.09,1,3.64,1,20,A,AB,Normal,0
802,38,49,86.42,33.75,,97.28,869,1.568,0,11,O,O,Routine,1
803,59,19,99.04,26.89,84.27,83.93,943,6.149,0,40,O,A,Critical,1
804,56,20,39.18,87.48,59.61,94.51,217,2.281,2,36,O,O,Routine,0
805,65,64,46.51,20.39,85.16,66.16,888,4.315,1,1,A,O,Routine,0
806,43,30,74.41,75.51,1.86,94.94,413,2.903,1,13,O,O,Critical,1
807,60,24,88.31,23.35,98.56,97.36,511,3.719,2,36,O,A,Urgent,0
808,26,54,84.98,81.03,40.65,94.98,,2.774,1,28,A,A,Normal,1
809,66,39,50.29,87.23,74.34,63.08,63,1.798,6,27,B,B,Urgent,0
810,49,55,93.6,70.34,24.39,49.37,360,4.26,1,6,O,B,Normal,1
811,29,70,84.96,2.38,12.87,70.89,50,3.396,0,41,O,O,Urgent,1
812,24,26,51.68,90.54,33.05,65.42,757,1.273,0,2,A,O,Urgent,0
813,31,25,80.87,79.23,51.26,83.88,496,1.286,0,6,A,A,Normal,1
814,41,55,41.7,54.17,39.13,54.2,484,2.02,1,14,O,B,Normal,0
815,38,36,94.9,56.81,82.45,87.29,678,1.508,3,2,A,A,Urgent,0
816,40,74,94.78,72.52,27.87,86.46,748,3.201,2,34,A,B,Normal,0
817,39,66,57.26,28.83,,90.73,564,2.473,1,27,O,O,Critical,1
818,32,38,91.5,3.47,27.75,53.41,445,1.355,2,6,A,O,Normal,1
819,65,69,98.89,86.19,74.91,50.29,640,3.867,4,4,B,B,Routine,1
820,69,61,93.82,78.86,31.26,95.52,277,1.772,3,8,A,A,Critical,1
821,61,58,98.05,55.93,75.78,72.24,639,1.783,6,3,O,A,Routine,1
822,34,20,85.78,74.2,10.43,48.12,784,3.147,0,14,A,A,Urgent,1
823,62,68,36.8,37.54,18.31,48.48,721,2.442,3,6,AB,A,Routine,0
824,60,40,33.76,26.46,97.28,60.59,124,2.109,0,20,B,O,Routine,0
825,27,77,57.41,63.87,78.36,49.82,911,1.363,5,50,A,AB,Normal,0
826,34,19,82.92,78.74,9.28,61.64,138,1.025,0,15,A,AB,Urgent,1
827,32,54,68.91,90.43,84.09,49.22,123,2.732,1,22,A,B,Urgent,0
828,22,61,88.95,68.52,83.38,79.21,478,1.138,1,39,O,A,Normal,0
829,22,56,98.98,1.16,2.72,94.36,348,1.603,1,34,AB,A,Routine,1
830,48,64,72.22,17.1,33.97,65.25,1,3.55,2,16,O,B,Urgent,1
831,29,62,88.62,19.81,64.81,51.67,643,3.005,6,33,O,O,Normal,1
832,29,20,77.19,23.13,97.67,61.37,563,2.561,1,9,B,O,Critical,1
833,45,25,25.18,24.34,59.57,91.91,860,1.946,3,20,O,B,Urgent,0
834,43,76,58.01,56.89,84.47,65.76,354,3.497,1,33,O,O,Urgent,0
835,30,50,82.65,69.99,62.26,77.37,453,0.858,3,20,A,A,Urgent,1
836,53,21,59.93,53.98,38.07,80.48,213,2.691,0,32,AB,A,Urgent,0
837,18,40,67.35,42.94,16.2,64.13,115,3.801,3,22,A,B,Normal,0
838,58,57,59.08,20.89,48.65,73.23,617,1.617,2,1,O,A,Urgent,1
839,46,72,34.8,15.27,18.22,54.06,937,3.368,1,26,O,O,Normal,1
840,37,35,66.29,68.98,2.69,93.98,381,2.224,1,2,O,A,Normal,1
841,55,24,61.85,49.78,86.48,78.09,120,2.716,6,31,O,A,Normal,0
842,52,46,85.85,26.25,77.03,98.07,270,3.221,2,6,A,B,Urgent,1
843,18,,38.36,84.46,85.74,69.78,415,1.486,0,25,O,B,Critical,0
844,69,71,87.88,14.86,8.1,79.76,755,2.99,8,2,O,O,Normal,1
845,26,49,63.44,82.88,78.23,92.79,845,1.538,3,23,B,A,Normal,0
846,50,44,89.14,93.13,0.37,45.82,877,2.551,0,6,A,O,Urgent,0
847,19,62,59.2,92.57,32.87,51.42,497,2.229,0,43,A,AB,Normal,0
848,56,74,39.14,38.2,21.83,73.36,600,3.081,5,18,B,B,Normal,0
849,62,65,63.89,24.94,14.7,89.88,166,2.757,2,3,O,O,Routine,1
850,23,18,53.92,82.73,1.92,75.14,383,2.914,4,5,B,O,Urgent,1
851,26,66,61.32,43.28,82.51,57.18,441,2.295,4,40,O,O,Normal,0
852,29,29,56.85,59.12,99.42,66.35,471,2.265,0,0,B,A,Normal,0
853,59,63,89.8,15.03,76.16,57.18,857,2.961,2,4,A,B,Normal,1
854,41,69,38.62,12.6,56.0,68.4,918,3.702,3,28,B,B,Normal,1
855,60,69,34.38,56.27,54.49,57.45,818,2.588,0,9,B,B,Critical,1
856,53,44,62.95,83.05,63.0,46.37,759,1.271,0,9,B,A,Normal,0
857,18,33,91.05,11.25,74.08,86.93,797,1.704,4,15,A,O,Normal,1
858,25,47,67.95,21.01,97.21,54.46,751,2.076,1,22,O,AB,Urgent,0
859,64,63,72.13,69.86,96.74,96.52,231,2.701,0,1,B,O,Routine,0
860,58,45,73.01,68.99,84.84,87.59,597,3.283,0,13,B,O,Urgent,0
861,61,30,29.04,92.12,74.7,75.11,797,,3,31,B,O,Urgent,0
862,68,20,43.85,15.14,94.1,65.85,612,2.061,0,48,O,A,Normal,0
863,49,33,96.09,29.79,2.1,47.68,36,1.885,1,16,B,O,Routine,0
864,25,61,90.17,26.04,48.65,92.43,452,3.739,1,36,O,B,Urgent,1
865,29,48,71.4,70.95,9.62,65.49,443,2.932,2,19,B,A,Routine,0
866,26,58,33.94,71.96,60.36,85.93,181,3.429,1,32,B,A,Normal,0
867,,34,65.37,63.12,86.35,96.71,846,3.989,0,24,B,A,Urgent,0
868,27,49,72.02,43.67,66.9,52.6,585,4.041,2,22,A,B,Urgent,0
869,44,29,59.55,5.02,29.01,76.73,719,3.533,0,15,O,A,Routine,1
870,40,21,59.44,67.09,36.89,54.92,983,2.238,1,19,AB,B,Critical,0
871,57,45,82.4,53.65,69.03,50.28,97,1.384,1,12,O,B,Critical,0
872,62,26,88.49,17.94,46.44,90.15,980,2.212,0,36,B,O,Urgent,0
873,26,59,66.5,50.38,73.52,58.6,215,3.821,0,33,O,O,Urgent,0
874,61,26,26.0,92.11,65.32,80.25,516,4.261,2,35,O,B,Urgent,0
875,54,68,49.19,81.03,63.44,97.66,10,3.618,0,14,O,A,Critical,0
876,19,58,53.07,7.98,99.07,51.58,741,2.812,1,39,A,O,Normal,0
877,49,66,67.63,53.65,0.04,98.46,523,4.406,1,17,A,O,Urgent,1
878,40,67,37.77,78.21,90.86,88.95,267,1.346,2,27,O,A,Urgent,1
879,69,34,77.03,26.65,79.02,88.41,632,4.322,7,35,O,A,Normal,0
880,43,77,54.44,76.59,87.09,78.8,754,1.304,1,34,A,B,Urgent,0
881,53,58,70.88,58.96,42.27,83.02,854,0.973,0,5,B,A,Routine,0
882,19,34,64.61,52.65,73.85,65.12,667,2.725,1,15,B,AB,Normal,0
883,47,41,28.76,28.14,26.49,91.97,840,2.473,0,6,B,A,Normal,0
884,19,36,39.12,76.56,44.43,86.95,224,0.5,0,17,B,B,Normal,1
885,48,53,39.93,14.48,67.06,57.43,985,3.237,1,5,O,O,Normal,1
886,37,71,67.88,46.24,32.38,71.45,31,1.322,0,34,B,O,Urgent,0
887,24,73,76.02,88.11,83.47,64.22,288,1.964,2,49,AB,O,Urgent,0
888,39,48,26.89,31.7,97.18,87.32,565,4.006,0,9,O,B,Urgent,0
889,27,50,65.49,75.87,99.57,67.55,793,4.148,2,23,B,A,Urgent,0
890,36,25,66.55,90.02,29.14,71.66,404,2.314,6,11,B,A,Critical,0
891,26,66,66.11,0.92,20.86,68.72,645,2.261,0,40,O,O,Routine,1
892,27,40,45.08,11.21,67.51,78.39,970,1.236,0,13,O,B,Routine,1
893,48,37,65.24,70.6,38.02,78.73,261,4.896,0,11,A,A,Urgent,1
894,47,37,30.07,29.47,67.65,83.23,84,1.738,0,10,A,A,Normal,0
895,67,21,28.31,35.63,23.38,98.55,840,0.5,0,46,B,O,Critical,0
896,65,29,79.8,62.61,3.54,84.6,895,2.924,0,36,O,A,Normal,1
897,64,66,34.63,3.33,23.28,87.16,291,1.747,2,2,O,B,Urgent,1
898,27,32,28.83,76.39,55.45,65.29,288,3.921,0,5,A,A,Urgent,0
899,57,30,58.71,48.86,18.87,78.65,732,1.812,1,27,B,B,Normal,1
900,65,19,68.28,43.25,16.79,92.64,83,2.768,3,46,O,B,Normal,0
901,66,76,38.29,76.18,48.0,71.93,890,2.597,5,10,O,O,Urgent,0
902,54,64,39.23,37.87,7.85,82.97,281,1.424,8,10,O,B,Critical,1
903,54,65,78.94,95.41,6.93,82.6,638,2.792,4,11,A,O,Urgent,0
904,40,59,80.48,98.47,35.23,58.58,878,2.842,0,19,B,A,Routine,0
905,54,43,36.49,71.26,80.38,82.7,602,3.996,0,11,O,O,Urgent,1
906,19,32,33.37,39.81,54.58,89.38,38,3.561,4,13,B,A,Normal,0
907,60,43,34.61,32.3,30.53,,495,2.896,2,17,A,A,Normal,0
908,61,27,72.81,29.05,31.08,76.06,427,4.863,1,34,B,A,Urgent,1
909,49,39,90.7,81.5,0.32,59.82,667,4.915,0,10,A,O,Normal,0
910,60,48,81.59,51.28,42.27,64.72,732,4.054,2,12,B,O,Normal,0
911,20,28,38.81,67.62,71.31,91.93,659,1.507,0,8,B,B,Urgent,1
912,48,65,77.14,28.33,67.18,66.81,108,3.223,2,17,O,O,Normal,1
913,45,65,63.71,48.77,55.9,61.83,529,3.092,2,20,A,O,Normal,0
914,51,66,37.42,84.78,21.45,73.21,188,4.058,2,15,B,B,Critical,1
915,35,45,26.65,74.61,18.77,49.51,43,2.044,4,10,O,B,Normal,0
916,44,40,73.54,96.72,52.51,52.89,494,2.535,1,4,A,O,Normal,1
917,63,32,85.02,,21.11,65.02,663,2.959,5,31,B,A,Urgent,0
918,61,29,91.62,82.72,43.89,78.34,609,2.029,0,32,A,A,Urgent,1
919,24,37,92.45,15.16,92.27,60.21,19,3.043,0,13,O,O,Normal,1
920,65,19,84.64,87.83,39.96,85.75,262,0.648,4,46,O,O,Routine,0
921,35,77,75.46,82.07,83.58,99.83,896,2.383,0,42,AB,B,Normal,0
922,65,50,29.6,72.16,87.59,47.18,423,0.5,1,15,O,AB,Normal,0
923,60,45,76.81,20.7,5.11,98.6,997,3.226,0,15,A,O,Critical,1
924,,38,64.73,21.3,84.71,83.16,736,4.001,1,15,B,A,Normal,0
925,46,57,53.29,70.8,33.71,60.3,717,1.903,2,11,B,B,Urgent,1
926,60,77,40.9,79.68,97.56,91.4,888,2.656,3,17,O,O,Critical,0
927,19,34,66.02,56.18,74.32,61.71,86,3.083,0,15,O,O,Routine,0
928,56,21,34.69,21.32,60.57,55.44,311,2.928,0,35,A,O,Urgent,0
929,28,51,26.48,98.41,80.47,62.31,582,4.467,0,23,O,A,Normal,0
930,56,48,29.35,61.41,54.15,86.84,892,1.216,0,8,O,B,Normal,1
931,66,52,58.22,23.13,60.54,46.3,480,3.546,0,14,A,A,Normal,1
932,45,63,82.97,68.65,86.68,77.9,965,3.298,0,18,A,O,Routine,0
933,41,50,53.14,87.0,27.32,87.85,457,2.098,1,9,A,B,Normal,0
934,34,74,33.62,47.21,88.68,47.71,323,3.993,2,40,B,O,Normal,0
935,48,26,56.85,94.6,17.57,51.71,332,2.297,0,22,O,A,Critical,0
936,35,38,86.51,48.21,8.83,75.66,478,2.678,0,3,B,O,Critical,1
937,45,44,59.09,54.94,87.76,72.11,95,4.618,0,1,A,O,Urgent,0
938,46,59,70.62,21.88,11.06,98.86,420,2.593,0,13,O,O,Urgent,1
939,30,53,45.26,87.62,13.64,94.76,502,4.319,0,23,B,B,Urgent,1
940,56,70,50.61,91.72,14.14,92.98,399,2.301,2,14,B,B,Urgent,1
941,49,57,68.43,91.3,32.64,81.58,857,3.897,2,8,A,A,Normal,1
942,35,43,83.17,7.91,65.68,68.6,982,2.916,0,8,O,A,Normal,1
943,39,51,58.37,82.96,74.73,87.91,322,2.489,1,12,AB,A,Urgent,0
944,45,71,31.58,99.03,30.79,57.08,25,0.864,5,26,O,A,Urgent,0
945,62,77,93.33,11.24,8.66,69.84,761,4.109,0,15,B,O,Urgent,1
946,45,68,29.46,95.76,16.54,93.04,540,2.611,1,23,O,A,Urgent,0
947,58,72,77.67,13.11,48.66,68.31,972,3.212,0,14,O,A,Normal,1
948,62,73,83.97,65.4,8.4,72.99,803,3.198,0,11,A,O,Normal,1
949,29,49,26.58,90.59,79.74,46.75,496,1.984,0,20,A,O,Critical,0
950,31,33,80.76,55.99,24.63,78.14,308,3.105,4,2,O,A,Critical,1
951,39,27,56.06,51.67,21.84,72.69,736,2.346,3,12,O,O,Critical,1
952,45,53,56.12,53.38,53.79,46.89,833,1.219,0,8,O,O,Normal,1
953,36,24,38.43,76.88,60.78,70.31,907,0.5,8,12,O,O,Normal,0
954,49,43,30.75,71.38,69.65,56.04,277,3.649,0,6,A,B,Normal,0
955,51,29,99.89,84.44,60.98,57.61,266,3.469,0,22,O,O,Urgent,1
956,46,73,49.5,67.42,21.24,48.76,175,1.827,0,27,A,B,Normal,0
957,58,58,84.13,66.52,90.6,99.89,220,2.88,4,0,A,B,Normal,0
958,41,71,43.98,44.76,18.74,85.11,931,1.852,4,30,B,O,Urgent,0
959,47,49,92.68,22.97,79.95,48.19,670,2.784,3,2,A,AB,Urgent,1
960,51,67,66.24,53.36,96.38,92.16,505,3.85,0,16,O,B,Urgent,0
961,29,50,71.43,65.2,92.25,86.77,744,3.163,1,21,O,B,Normal,0
962,52,58,36.53,54.32,10.52,72.47,441,1.589,1,6,B,B,Normal,1
963,38,35,50.56,31.59,83.97,83.66,249,2.599,1,3,AB,B,Normal,0
964,21,41,38.8,97.85,93.05,45.53,195,1.45,0,20,B,A,Critical,0
965,66,57,,32.03,43.77,97.32,600,1.528,3,9,A,O,Critical,0
966,43,70,96.1,74.3,38.36,65.85,854,1.774,2,27,A,B,Urgent,1
967,25,63,89.38,71.42,98.18,57.42,39,2.276,0,38,O,A,Critical,0
968,24,18,81.11,83.86,29.46,74.59,751,1.62,1,6,O,AB,Normal,1
969,25,20,53.66,64.68,15.78,93.71,448,1.033,1,5,A,O,Routine,0
970,59,59,42.58,42.52,23.95,63.63,211,2.435,0,0,O,A,Critical,1
971,22,20,55.53,33.54,73.61,68.69,428,5.154,2,,B,A,Normal,0
972,21,68,71.6,54.6,39.25,93.34,874,2.414,0,47,B,A,Urgent,0
973,61,27,33.3,70.34,91.38,86.32,207,1.842,0,34,B,O,Urgent,0
974,33,47,80.49,35.64,43.96,68.7,701,2.361,0,14,A,O,Urgent,1
975,69,19,78.82,98.57,86.33,60.63,648,1.925,1,50,A,O,Urgent,0
976,34,30,34.94,69.1,45.74,76.76,823,2.928,0,4,B,O,Critical,0
977,25,75,53.84,41.64,92.51,68.52,,3.481,3,50,O,A,Routine,0
978,69,45,66.67,66.1,64.19,92.3,642,2.058,0,24,O,O,Normal,0
979,23,37,45.94,96.65,89.8,80.79,432,2.76,0,14,O,O,Urgent,0
980,38,26,63.39,71.66,30.42,81.65,783,5.343,3,12,O,B,Normal,0
981,66,20,91.42,97.92,64.71,51.6,371,2.766,1,46,A,B,Urgent,0
982,47,32,98.35,5.61,73.01,88.31,483,0.5,1,15,O,A,Urgent,1
983,60,57,37.3,41.92,47.95,70.61,755,3.437,0,3,A,A,Critical,1
984,21,19,27.3,62.23,41.35,84.7,15,0.5,2,2,A,O,Normal,0
985,57,45,94.24,87.7,47.03,45.93,198,2.742,1,12,O,A,Normal,0
986,57,64,87.61,86.73,95.69,68.95,,3.73,0,7,AB,B,Critical,0
987,65,61,78.35,67.18,91.04,93.54,1,1.986,1,4,O,A,Normal,0
988,65,76,44.52,42.58,74.88,79.75,396,3.233,1,,A,A,Critical,0
989,52,23,63.8,83.34,34.49,90.06,671,0.77,0,29,A,O,Routine,0
990,56,77,91.28,61.25,59.03,79.99,876,2.869,0,21,O,O,Routine,1
991,51,30,70.49,,12.13,47.36,591,3.962,1,21,O,AB,Urgent,1
992,51,58,65.18,58.96,33.65,73.57,795,3.491,0,7,B,O,Urgent,1
993,31,48,86.58,38.55,71.68,96.09,455,3.658,3,17,B,B,Normal,1
994,58,28,91.5,6.34,21.66,82.44,358,2.859,0,30,A,A,Urgent,1
995,37,41,27.78,84.56,93.37,47.99,608,1.53,0,4,O,O,Normal,0
996,43,44,40.1,11.52,90.11,74.59,877,4.166,0,1,B,O,Critical,0
997,67,69,88.08,5.97,63.0,78.63,702,2.076,2,2,A,AB,Critical,1
998,19,52,80.77,11.06,98.98,96.98,156,3.151,0,33,B,O,Urgent,0
999,58,45,27.89,64.55,1.46,71.85,420,3.204,0,13,O,A,Normal,0
1000,29,48,27.85,72.76,66.16,50.81,957,1.687,6,19,O,A,Urgent,0
1001,49,35,54.05,28.13,81.55,45.34,866,1.956,0,14,O,O,Critical,1
1002,40,42,83.35,60.19,44.5,,461,2.697,1,2,O,A,Normal,1
1003,41,40,71.48,26.71,83.33,76.72,306,1.626,4,1,O,B,Urgent,0
1004,54,41,54.88,64.18,59.54,74.71,722,4.123,0,,A,A,Urgent,0
1005,63,72,83.02,13.15,75.45,70.82,959,4.357,3,9,O,O,Normal,1
1006,21,77,99.79,42.35,10.01,80.49,443,1.993,5,56,O,O,Urgent,1
1007,33,75,95.67,41.23,2.06,78.75,62,1.914,2,42,O,O,Urgent,1
1008,31,23,59.58,10.77,51.68,94.09,959,2.802,0,8,O,A,Normal,1
1009,36,55,30.48,,46.98,48.21,815,2.226,0,19,A,O,Critical,0
1010,58,18,27.29,1.74,73.84,93.52,492,1.05,1,40,B,O,Normal,0
1011,19,58,79.55,65.86,80.14,60.19,472,2.795,0,39,A,A,Critical,1
1012,39,54,94.53,91.43,33.98,74.65,780,4.781,3,15,O,A,Normal,1
1013,66,42,98.84,45.9,92.06,52.58,737,4.272,1,24,O,B,Normal,1
1014,27,23,97.77,48.88,25.69,47.79,395,1.721,0,4,A,O,Normal,0
1015,66,67,76.78,33.49,69.01,47.89,867,1.964,2,1,O,O,Critical,1
1016,67,64,30.62,66.02,89.31,79.58,510,4.858,0,3,B,B,Normal,0
1017,69,66,30.28,43.66,17.49,86.54,841,1.923,0,3,O,AB,Normal,0
1018,46,43,99.78,69.24,64.96,90.09,231,3.904,1,3,O,B,Urgent,0
1019,54,27,51.33,5.54,90.54,67.13,659,2.18,0,27,B,O,Normal,0
1020,21,64,28.69,70.42,14.84,74.11,272,3.556,2,43,A,A,Urgent,0
1021,28,43,89.0,62.79,51.27,57.91,996,3.294,1,15,O,B,Normal,1
1022,61,51,42.08,67.61,94.39,87.69,966,1.907,3,10,O,B,Routine,0
1023,59,63,65.98,60.43,71.11,53.21,946,3.725,0,4,AB,B,Normal,0
1024,42,47,78.0,25.12,25.9,52.39,841,2.498,0,5,A,B,Urgent,0
1025,40,52,81.63,2.57,85.26,84.98,188,1.456,2,12,O,B,Urgent,1
1026,19,69,52.11,27.96,8.09,73.95,769,3.184,0,50,A,O,Normal,0
1027,33,34,77.48,98.43,81.85,73.38,852,1.959,2,1,O,A,Normal,0
1028,26,43,62.28,1.29,1.96,63.42,800,3.92,0,17,O,O,Urgent,1
1029,,46,52.62,90.81,92.23,47.6,938,0.5,0,11,AB,A,Routine,0
1030,54,73,34.3,36.39,41.44,79.66,974,4.29,2,19,B,B,Critical,0
1031,20,63,96.1,46.69,9.64,86.33,925,4.308,0,43,A,B,Normal,0
1032,63,55,36.45,3.22,64.77,83.31,956,2.947,1,8,O,A,Critical,1
1033,24,58,55.8,38.73,10.23,90.16,204,3.029,0,34,O,O,Urgent,1
1034,52,39,53.03,81.44,46.22,91.24,755,2.223,0,13,O,A,Normal,1
1035,25,51,67.92,60.71,2.55,82.75,420,2.152,0,26,O,B,Normal,1
1036,21,31,86.79,,21.41,53.98,822,1.966,1,10,A,B,Critical,1
1037,61,30,70.45,96.77,92.91,89.91,763,3.489,4,31,A,O,Normal,0
1038,42,64,94.88,51.61,97.51,85.17,234,3.965,4,22,A,A,Normal,0
1039,39,20,68.14,83.99,26.51,47.7,307,1.208,1,19,O,O,Critical,0
1040,52,28,25.45,28.41,51.39,85.36,142,1.906,0,24,A,O,Critical,0
1041,23,62,54.1,83.13,41.87,50.48,595,1.908,3,39,O,O,Normal,1
1042,52,38,79.16,52.03,30.71,77.86,382,5.241,7,14,O,O,Urgent,1
1043,26,67,78.9,37.29,25.99,55.28,226,2.17,2,41,O,B,Urgent,0
1044,62,30,52.55,57.66,84.37,95.47,954,3.542,2,32,O,A,Normal,0
1045,47,19,80.12,78.67,3.24,70.87,300,2.932,4,28,O,O,Urgent,1
1046,45,61,66.26,45.43,71.87,81.54,811,3.773,2,16,O,B,Routine,1
1047,68,18,42.07,25.14,57.94,51.89,138,1.141,0,50,O,O,Urgent,0
1048,30,57,69.28,95.32,97.18,85.71,255,2.282,0,27,O,O,Normal,0
1049,55,57,47.36,58.36,73.87,46.91,979,3.886,0,2,O,B,Critical,0
1050,25,76,40.12,69.89,2.16,65.15,392,2.345,0,51,A,B,Critical,0
1051,65,53,83.61,9.1,54.19,68.41,212,2.042,7,12,B,A,Normal,1
1052,42,30,66.52,41.57,66.43,67.34,580,2.53,1,12,O,O,Routine,0
1053,49,66,28.64,75.37,64.81,73.15,845,4.259,2,17,O,B,Normal,0
1054,35,73,99.23,0.55,37.15,60.54,625,1.988,1,38,O,O,Routine,1
1055,46,24,40.55,52.49,63.79,88.77,464,3.245,1,22,O,O,Critical,1
1056,45,20,63.34,69.96,22.2,55.1,828,2.884,1,25,O,AB,Urgent,1
1057,32,64,69.38,32.73,83.11,52.4,293,3.429,0,32,A,A,Routine,0
1058,56,35,71.33,42.63,3.49,53.48,584,3.91,4,21,AB,O,Normal,0
1059,31,18,38.09,38.94,86.19,54.13,986,3.219,1,13,O,O,Urgent,1
1060,57,61,42.5,45.52,54.31,76.33,732,1.392,4,4,B,A,Normal,0
1061,21,18,98.62,47.05,72.03,53.2,858,2.026,3,3,O,A,Critical,1
1062,56,23,57.62,38.89,89.39,58.33,377,3.398,0,33,B,O,Normal,0
1063,49,41,40.21,7.52,76.85,73.65,397,4.226,1,8,O,AB,Normal,1
1064,53,20,66.02,10.69,13.05,75.27,292,2.351,3,33,O,O,Critical,0
1065,29,26,54.25,37.89,57.46,46.24,711,3.644,2,3,A,B,Urgent,0
1066,59,22,81.56,93.59,49.08,75.18,104,1.267,3,37,O,A,Urgent,0
1067,55,36,38.39,78.99,77.71,47.27,547,1.699,1,19,O,O,Normal,0
1068,29,60,58.32,22.83,48.45,55.58,391,2.507,0,31,AB,O,Urgent,0
1069,35,26,88.72,76.36,19.01,62.24,776,3.244,1,9,O,B,Routine,1
1070,61,48,65.51,36.37,83.86,82.65,731,1.118,0,13,AB,A,Normal,0
1071,62,63,77.12,60.9,92.91,46.05,631,2.3,0,1,B,A,Normal,0
1072,37,73,77.9,48.46,92.46,52.58,290,2.912,2,36,B,O,Normal,0
1073,40,38,72.12,69.37,15.82,75.01,272,1.912,2,2,O,O,Critical,1
1074,29,26,32.66,63.21,91.2,46.45,252,4.043,0,3,A,A,Routine,0
1075,55,58,53.15,93.84,45.56,99.64,428,2.18,7,3,O,O,Critical,0
1076,37,74,43.47,0.2,63.0,59.35,763,1.269,1,37,A,O,Normal,0
1077,44,46,87.52,57.78,83.71,69.53,135,2.972,1,2,A,B,Routine,0
1078,48,30,75.0,40.92,11.03,70.82,839,1.549,1,18,O,O,Critical,1
1079,27,55,39.77,12.38,75.42,78.98,126,2.924,1,28,B,O,Urgent,0
1080,59,67,32.48,92.75,60.91,49.15,587,2.895,2,8,B,B,Normal,0
1081,51,35,34.36,82.54,15.0,53.34,374,2.241,1,16,A,O,Normal,0
1082,21,61,76.8,33.73,66.22,86.81,449,2.447,2,40,B,O,Routine,0
1083,54,56,97.76,36.19,35.07,97.44,426,0.5,0,2,B,B,Normal,1
1084,48,44,82.13,6.07,86.17,80.87,583,1.107,4,4,A,O,Normal,0
1085,68,30,96.44,12.44,78.56,51.78,16,3.792,0,38,B,A,Urgent,0
1086,27,51,85.74,24.48,22.71,84.28,327,1.813,0,24,O,O,Urgent,1
1087,52,30,27.25,81.64,96.47,74.21,412,7.417,0,22,B,B,Urgent,0
1088,53,28,27.39,86.87,91.56,72.38,618,2.368,0,25,O,O,Critical,0
1089,58,43,67.83,0.7,37.13,65.53,162,3.866,0,15,B,A,Normal,1
1090,19,76,69.0,3.28,0.7,88.26,629,1.089,7,57,B,A,Routine,0
1091,54,43,70.74,76.34,24.94,46.78,848,4.232,0,11,A,O,Critical,0
1092,36,39,69.69,67.7,60.87,73.9,846,3.108,2,3,O,O,Normal,1
1093,61,69,76.26,49.26,69.37,74.06,637,3.255,0,8,B,O,Urgent,0
1094,49,76,64.08,70.3,5.08,75.96,939,1.285,2,27,A,AB,Normal,0
1095,20,26,62.3,14.49,16.09,51.29,216,2.013,0,6,A,B,Critical,1
1096,64,22,54.04,18.35,1.26,82.1,654,3.849,1,42,O,O,Routine,0
1097,57,49,74.24,90.47,1.44,62.24,581,2.646,2,8,O,O,Normal,1
1098,34,52,36.59,49.72,31.66,52.97,504,0.967,0,18,B,A,Routine,0
1099,42,19,69.9,69.28,27.4,79.82,195,3.302,1,23,A,O,Normal,0
1100,56,35,93.78,27.48,84.14,80.05,423,3.277,0,21,O,O,Routine,0
1101,20,41,63.09,10.51,29.99,62.38,644,4.585,0,21,B,O,Urgent,1
1102,37,36,46.19,30.38,71.16,57.18,784,3.96,8,1,A,A,Routine,0
1103,58,76,90.88,37.03,16.5,49.95,497,5.494,1,18,A,AB,Normal,1
1104,64,41,99.34,40.19,64.66,46.29,243,4.222,0,23,O,O,Normal,1
1105,23,75,79.02,90.53,11.87,91.83,313,1.994,2,52,O,A,Urgent,1
1106,64,58,43.78,32.1,24.24,62.04,166,0.629,5,6,AB,A,Critical,0
1107,21,65,61.67,32.4,10.19,49.44,292,2.415,2,44,O,B,Urgent,0
1108,19,24,48.93,39.38,61.92,58.74,489,4.07,2,5,A,A,Normal,1
1109,50,60,97.28,91.59,21.21,55.07,669,2.323,2,10,O,O,Normal,1
1110,43,67,45.19,25.62,50.05,84.55,301,2.331,0,24,B,B,Normal,1
1111,24,71,96.94,32.26,3.27,74.2,782,3.135,2,47,O,A,Routine,1
1112,58,75,42.19,90.82,23.32,75.09,587,3.562,0,17,O,A,Critical,0
1113,50,60,35.56,7.0,12.46,45.34,252,1.364,1,10,A,O,Normal,0
1114,36,67,42.34,27.23,34.42,67.67,223,0.5,1,31,O,O,Urgent,1
1115,25,71,31.17,98.5,94.85,82.76,215,3.398,0,46,O,A,Critical,0
1116,47,19,37.79,71.66,91.7,77.37,932,3.382,8,28,O,O,Normal,0
1117,48,52,61.23,50.48,52.06,96.54,975,2.6,0,4,O,B,Urgent,1
1118,59,39,78.89,35.12,28.19,72.65,313,3.793,0,20,B,O,Normal,1
1119,60,66,73.03,92.5,65.0,94.18,528,1.285,6,6,O,B,Normal,0
1120,65,60,28.47,86.56,91.94,68.55,66,1.083,0,5,O,O,Normal,0
1121,38,24,62.62,2.73,53.32,53.06,749,3.884,0,14,B,O,Critical,1
1122,20,25,84.36,29.88,59.62,98.37,380,3.444,1,5,O,A,Urgent,1
1123,39,18,80.99,91.5,79.96,65.09,392,2.202,1,21,O,O,Normal,0
1124,56,20,41.7,30.82,73.74,47.65,179,4.138,2,36,O,A,Urgent,0
1125,56,70,28.65,40.88,71.43,53.09,448,2.775,2,14,B,O,Routine,0
1126,26,22,25.98,34.24,74.37,62.77,690,0.5,0,4,A,A,Critical,1
1127,27,60,93.37,63.18,51.6,80.54,132,2.966,0,33,A,O,Normal,0
1128,67,54,26.95,2.16,6.01,73.66,482,2.018,1,13,O,O,Routine,1
1129,47,26,43.49,41.94,18.28,53.04,724,1.317,1,21,A,A,Normal,1
1130,54,32,68.35,47.3,85.23,45.5,307,1.613,0,22,B,B,Normal,1
1131,22,23,25.07,45.88,64.4,83.77,915,3.112,0,1,B,O,Normal,0
1132,38,37,47.89,34.07,27.88,92.03,953,0.929,0,1,A,A,Critical,1
1133,26,45,40.88,14.45,41.14,86.34,60,1.784,1,19,O,B,Urgent,0
1134,57,45,98.45,18.33,67.01,55.39,258,3.516,0,12,O,A,Normal,1
1135,49,67,69.47,43.49,73.89,52.73,485,2.861,0,18,AB,B,Normal,0
1136,57,72,61.79,57.02,26.38,46.73,380,3.956,0,15,B,A,Urgent,0
1137,61,43,29.23,92.82,77.03,80.29,404,2.746,4,18,O,A,Normal,0
1138,46,26,38.77,9.86,84.99,89.22,58,0.5,0,20,O,O,Urgent,1
1139,22,18,32.72,66.24,33.11,95.74,622,4.61,1,4,B,O,Normal,0
1140,65,70,25.4,86.17,11.45,78.13,327,2.403,1,5,O,B,Urgent,0
1141,49,47,83.97,55.18,73.89,96.91,353,1.425,0,2,A,O,Routine,0
1142,45,62,65.86,32.72,46.03,75.91,482,2.723,7,17,B,A,Critical,0
1143,65,57,93.77,85.23,83.45,77.21,399,2.427,0,8,O,O,Normal,1
1144,24,64,85.66,9.33,99.5,73.44,530,5.443,0,40,O,A,Urgent,1
1145,46,68,45.56,15.51,76.34,87.31,824,1.621,0,22,O,O,Normal,1
1146,26,20,78.6,39.69,24.69,78.38,971,3.051,2,6,O,B,Urgent,1
1147,62,41,60.48,63.78,82.41,75.32,281,2.667,0,21,B,A,Normal,0
1148,,34,49.72,8.4,14.41,67.07,233,2.815,1,0,A,O,Urgent,0
1149,57,39,53.62,3.02,6.58,78.78,751,3.131,1,18,A,B,Normal,1
1150,30,21,39.03,6.21,49.68,90.4,943,4.047,1,9,A,A,Urgent,1
1151,20,48,56.29,0.42,66.39,50.68,554,2.387,4,28,A,O,Urgent,0
1152,41,18,89.18,3.76,75.94,60.37,924,0.634,4,23,B,A,Critical,1
1153,36,71,83.77,78.86,24.26,99.32,408,2.503,0,35,O,O,Normal,0
1154,30,60,39.79,21.25,82.02,88.58,804,1.844,1,30,O,B,Normal,0
1155,59,66,33.35,38.9,62.37,87.42,436,3.428,2,7,AB,O,Critical,0
1156,57,73,73.13,61.33,87.25,60.21,846,2.697,2,16,A,A,Urgent,1
1157,39,29,99.74,47.94,54.71,95.35,562,3.606,0,10,B,A,Normal,0
1158,44,62,37.0,94.92,85.65,52.67,845,2.507,2,18,B,B,Urgent,0
1159,40,19,43.5,63.84,85.57,80.74,252,3.371,6,21,O,O,Normal,0
1160,65,29,42.75,30.56,34.08,70.28,664,2.711,2,36,A,B,Critical,1
1161,43,44,67.12,49.96,50.92,99.31,746,2.626,1,1,O,A,Normal,1
1162,24,45,43.17,69.07,32.84,78.29,584,2.309,0,21,B,O,Normal,0
1163,19,48,81.57,40.06,7.77,74.7,454,1.682,5,29,O,B,Normal,0
1164,48,59,93.28,4.39,67.08,99.72,300,1.706,3,11,O,A,Normal,1
1165,61,66,43.56,21.77,21.65,45.34,192,2.484,2,5,A,O,Normal,0
1166,22,64,52.17,12.14,34.91,61.33,380,1.006,2,42,O,A,Normal,1
1167,60,62,39.23,85.54,18.78,51.55,48,4.635,1,2,A,O,Urgent,0
1168,27,68,90.2,44.75,99.36,75.71,,0.83,1,41,O,A,Critical,1
1169,69,43,80.73,65.98,41.72,83.17,83,2.844,0,,O,A,Normal,0
1170,36,29,54.18,99.33,92.12,84.07,136,1.82,3,7,O,O,Critical,0
1171,64,64,71.37,16.74,14.07,67.29,359,1.917,0,0,O,O,Normal,1
1172,45,63,37.91,53.82,29.1,93.74,203,2.735,1,18,O,A,Normal,0
1173,27,68,36.53,67.57,71.05,69.74,554,2.748,0,41,A,O,Normal,0
1174,32,20,84.49,63.41,30.43,56.88,704,3.187,0,12,O,B,Routine,0
1175,45,18,31.01,47.17,6.34,97.55,620,3.831,0,27,A,B,Urgent,0
1176,33,54,40.36,23.86,98.77,65.11,854,0.706,0,21,O,A,Urgent,0
1177,18,70,60.96,29.99,86.18,78.88,260,2.995,3,52,B,B,Critical,0
1178,68,21,78.85,28.1,92.58,55.23,678,1.962,0,47,B,B,Routine,1
1179,20,45,59.1,18.86,42.62,97.11,416,2.123,2,25,B,O,Urgent,0
1180,43,26,67.69,15.26,33.18,59.81,519,1.239,5,17,A,B,Urgent,1
1181,55,51,80.76,65.64,43.34,72.11,927,2.191,2,4,A,B,Urgent,0
1182,57,37,95.14,92.63,28.43,80.66,960,3.066,4,20,O,B,Normal,0
1183,55,41,41.49,37.95,93.05,67.54,476,3.458,0,14,O,B,Urgent,1
1184,24,31,32.68,71.14,89.08,92.42,747,2.954,0,7,O,O,Urgent,0
1185,59,30,89.82,42.36,53.3,98.25,919,3.676,1,29,O,B,Normal,1
1186,58,39,35.54,73.59,45.53,55.9,23,4.512,0,19,A,O,Critical,0
1187,24,24,95.48,34.89,25.97,49.39,121,2.987,0,0,O,A,Normal,1
1188,28,18,75.44,47.24,8.51,96.26,726,4.1,8,10,B,A,Urgent,0
1189,40,26,68.94,74.21,74.37,92.01,287,3.787,3,14,B,B,Urgent,0
1190,62,21,86.12,68.6,87.99,85.52,943,2.625,0,41,O,O,Normal,0
1191,25,24,90.73,37.55,57.24,52.89,376,3.287,2,1,O,O,Urgent,1
1192,46,40,80.75,67.43,8.33,99.55,899,3.828,5,6,A,A,Urgent,1
1193,45,67,76.97,3.62,74.25,53.46,123,3.294,5,22,A,B,Normal,0
1194,47,23,89.53,34.04,25.93,55.12,959,1.748,3,24,O,A,Normal,1
1195,55,61,25.87,52.0,93.71,59.05,371,1.728,1,6,B,A,Urgent,0
1196,59,26,63.0,7.92,78.65,87.41,686,4.293,1,33,O,O,Normal,0
1197,52,38,49.7,87.09,93.25,82.94,317,0.84,1,14,O,A,Urgent,0
1198,52,35,46.22,95.03,62.36,69.57,296,2.455,2,17,A,B,Normal,0
1199,55,36,61.13,35.34,13.5,78.42,280,3.201,1,19,O,A,Normal,0
1200,40,70,84.85,91.85,7.46,96.5,112,2.367,1,30,A,O,Urgent,0
1201,56,49,82.87,18.29,42.2,68.22,991,2.53,4,7,O,AB,Urgent,1
1202,30,55,54.97,42.55,46.14,79.56,501,3.901,1,25,O,B,Normal,0
1203,32,44,79.66,7.12,55.98,53.33,247,1.445,0,12,O,A,Urgent,1
1204,56,52,77.46,5.8,1.15,88.86,565,3.163,0,4,B,B,Urgent,1
1205,41,44,31.14,42.16,71.96,48.62,972,2.554,1,3,O,A,Critical,1
1206,21,34,54.19,19.81,91.91,56.17,349,3.326,1,13,A,B,Normal,0
1207,26,36,64.5,59.99,58.92,58.44,142,2.986,0,10,O,A,Urgent,0
1208,46,50,60.61,89.45,51.16,46.14,378,1.848,3,4,A,AB,Routine,0
1209,53,43,90.78,47.15,31.99,50.37,474,1.486,1,10,O,B,Normal,1
1210,41,76,85.45,4.69,33.33,82.3,657,4.838,0,35,O,AB,Normal,1
1211,25,37,35.31,13.5,74.4,47.47,39,2.964,0,12,O,O,Normal,0
1212,48,55,47.64,31.85,9.11,50.85,125,2.463,4,7,O,A,Normal,0
1213,26,29,75.67,33.92,27.61,74.32,282,2.969,1,3,B,O,Urgent,1
1214,20,31,93.07,32.98,3.88,83.56,431,4.078,0,11,A,A,Routine,1
1215,59,77,66.3,65.06,93.46,89.15,698,1.867,3,18,B,B,Critical,0
1216,33,24,30.28,80.12,61.9,62.76,768,0.5,8,9,O,O,Normal,0
1217,32,62,87.1,21.45,78.29,52.78,842,1.844,0,30,A,O,Urgent,0
1218,43,53,81.85,12.2,53.88,98.07,769,2.356,3,10,O,B,Critical,1
1219,23,59,54.47,4.46,33.37,99.89,873,3.71,2,36,A,O,Urgent,0
1220,29,50,41.47,21.82,87.97,91.55,941,3.12,1,21,O,B,Urgent,0
1221,65,73,30.32,2.59,5.04,87.5,968,2.376,2,8,O,A,Routine,1
1222,22,51,29.21,64.98,76.1,100.0,2,4.273,6,29,O,B,Urgent,0
1223,18,45,86.67,42.66,73.04,89.32,577,3.014,0,27,B,O,Urgent,0
1224,,55,83.11,13.4,59.09,98.5,573,3.118,0,28,B,O,Normal,1
1225,52,77,52.07,57.63,57.58,67.07,854,2.807,3,25,O,O,Urgent,1
1226,62,60,90.18,31.47,37.11,49.21,208,3.768,1,2,O,A,Routine,1
1227,22,76,78.15,23.12,15.8,79.12,410,2.372,0,54,B,B,Urgent,1
1228,50,61,60.08,75.68,35.37,93.01,886,1.677,1,11,A,A,Normal,1
1229,28,69,53.4,54.56,83.55,81.07,395,0.638,0,41,O,O,Urgent,0
1230,56,43,35.26,34.54,38.83,52.78,56,2.448,0,13,O,B,Urgent,1
1231,69,58,87.25,41.2,99.84,65.57,281,1.751,1,11,O,B,Critical,0
1232,49,55,92.87,10.55,17.09,52.23,333,5.191,1,6,O,O,Critical,1
1233,47,38,56.53,30.04,21.24,99.68,700,2.788,0,9,A,O,Normal,1
1234,53,65,35.17,66.92,81.36,83.07,59,3.684,2,12,A,B,Normal,0
1235,31,32,90.06,71.99,54.29,53.96,875,3.493,0,1,O,A,Normal,1
1236,34,18,67.03,89.07,85.24,46.84,446,2.54,0,16,O,A,Urgent,0
1237,34,33,57.08,66.56,48.34,55.99,844,4.172,8,1,O,A,Urgent,0
1238,20,67,49.6,46.17,43.01,72.56,955,3.774,0,47,A,O,Urgent,0
1239,25,42,40.43,27.46,39.39,89.12,226,1.087,2,17,B,O,Normal,0
1240,58,35,98.22,35.05,82.73,68.17,142,3.822,0,23,B,O,Normal,0
1241,22,69,59.8,52.18,92.73,51.58,996,3.306,3,47,B,A,Normal,0
1242,27,22,64.55,,64.79,50.25,788,1.579,4,5,O,O,Normal,0
1243,58,46,29.34,29.52,30.87,53.95,379,3.516,0,12,A,B,Critical,0
1244,33,52,27.43,48.82,53.95,72.08,167,1.524,0,19,O,O,Normal,0
1245,48,42,68.73,89.02,84.92,56.85,107,3.036,4,6,O,B,Normal,0
1246,36,22,28.53,13.64,97.02,75.3,981,2.623,4,14,A,A,Normal,1
1247,22,34,41.95,75.07,17.38,50.05,60,3.878,0,12,O,O,Urgent,0
1248,22,59,53.59,36.99,75.06,55.97,65,2.896,0,37,A,A,Normal,0
1249,45,62,83.43,93.44,4.57,70.58,327,3.926,8,17,A,O,Urgent,0
1250,49,52,49.16,78.44,95.14,70.22,930,2.203,0,3,A,O,Urgent,0
1251,54,77,39.52,61.55,59.06,63.71,841,3.002,0,23,O,O,Normal,1
1252,60,51,63.25,5.72,41.91,56.98,911,2.781,1,9,B,A,Urgent,1
1253,20,27,31.96,74.87,25.47,68.91,867,2.012,1,7,A,A,Critical,1
1254,52,19,87.79,2.0,95.07,62.24,543,2.712,0,33,O,B,Normal,0
1255,53,60,55.81,25.3,32.53,67.37,260,3.995,1,7,O,A,Critical,0
1256,69,32,84.58,0.0,25.34,46.05,801,4.402,1,,A,AB,Routine,1
1257,45,40,68.91,47.03,7.99,80.55,465,2.451,0,5,A,O,Urgent,0
1258,19,28,44.83,93.77,53.7,76.79,776,3.289,0,9,O,B,Urgent,0
1259,43,30,70.65,26.35,74.84,45.35,190,3.588,5,13,B,A,Normal,0
1260,21,23,96.15,91.11,69.32,67.43,712,1.795,0,2,A,A,Routine,1
1261,49,68,40.06,57.99,89.33,55.06,77,3.501,3,19,B,A,Urgent,0
1262,46,35,56.39,35.77,27.41,65.78,725,4.593,0,,B,O,Routine,0
1263,59,41,84.96,96.75,59.4,56.56,124,3.424,4,18,B,AB,Normal,0
1264,63,74,64.23,0.53,74.18,80.65,581,2.669,0,11,AB,O,Urgent,0
1265,28,35,43.76,45.72,81.05,94.34,70,4.45,1,7,A,O,Urgent,0
1266,25,75,98.45,61.2,54.17,79.17,354,3.087,0,50,O,A,Normal,1
1267,24,48,68.66,27.49,72.85,90.63,939,3.773,3,24,O,A,Routine,0
1268,26,29,94.44,7.38,48.9,72.08,654,3.1,2,3,A,O,Urgent,1
1269,55,59,51.34,80.07,85.87,97.28,463,3.999,1,4,A,AB,Normal,0
1270,46,57,50.25,9.27,10.75,94.66,648,2.999,3,11,O,O,Critical,1
1271,54,43,31.22,44.12,91.45,59.09,928,1.774,0,11,O,B,Normal,0
1272,18,22,75.49,10.66,40.2,66.93,704,0.5,1,4,B,O,Critical,1
1273,67,40,67.09,17.09,48.25,58.7,1,1.167,0,27,A,O,Urgent,0
1274,48,23,58.13,95.61,14.72,65.09,42,3.817,0,25,A,O,Urgent,0
1275,51,18,77.72,20.48,34.67,51.58,827,4.14,0,33,B,O,Routine,0
1276,23,70,67.64,6.74,31.28,71.29,39,2.939,0,47,B,A,Urgent,0
1277,27,18,25.09,40.81,66.63,71.17,244,3.253,0,9,O,A,Normal,1
1278,54,51,48.32,78.59,11.73,91.96,160,2.87,0,3,B,B,Normal,1
1279,23,63,36.13,52.33,55.55,72.51,1000,4.071,0,40,A,B,Urgent,0
1280,55,32,39.08,79.61,83.21,47.63,211,1.826,2,23,B,B,Normal,0
1281,49,61,48.83,84.8,66.25,51.45,788,1.961,0,12,A,O,Routine,0
1282,26,37,29.69,58.45,0.62,74.42,432,0.733,6,11,A,B,Urgent,0
1283,39,36,71.84,34.13,16.72,92.92,221,2.287,3,3,B,O,Urgent,1
1284,19,45,25.55,90.14,63.06,57.24,214,2.352,1,26,O,O,Normal,0
1285,41,50,38.8,0.99,54.79,52.22,962,2.879,2,9,AB,A,Urgent,0
1286,62,44,85.14,97.08,49.16,94.53,945,1.209,0,18,A,A,Critical,1
1287,56,39,26.4,72.12,93.16,79.29,246,2.809,1,17,O,A,Urgent,0
1288,63,61,77.63,49.03,37.37,70.41,21,2.429,0,2,B,B,Urgent,1
1289,69,35,77.13,45.93,20.98,51.8,64,2.639,5,34,B,O,Normal,0
1290,24,22,95.19,55.82,72.74,82.52,821,4.055,1,2,O,O,Normal,1
1291,66,67,28.33,71.86,5.93,66.58,902,2.353,0,1,A,B,Critical,0
1292,44,75,67.95,16.93,26.67,49.9,881,4.012,1,31,O,O,Routine,1
1293,34,62,66.8,65.7,71.8,74.62,527,3.747,0,28,A,O,Normal,0
1294,55,69,34.24,62.09,25.9,94.78,556,3.034,2,14,O,O,Normal,0
1295,20,73,99.18,24.0,41.59,64.35,212,3.736,3,53,O,B,Normal,0
1296,46,67,28.84,85.29,44.5,54.65,359,3.369,0,21,B,B,Routine,0
1297,32,74,87.64,45.9,64.71,88.07,975,2.078,0,42,A,B,Urgent,0
1298,32,25,91.61,84.19,11.03,80.08,416,0.5,0,7,O,O,Critical,1
1299,24,47,63.53,73.44,96.14,54.69,903,3.851,7,23,B,AB,Urgent,0
1300,51,46,69.7,76.8,86.36,75.24,68,2.03,0,5,B,B,Critical,0
1301,29,19,29.75,17.73,18.47,93.26,14,2.823,1,10,O,A,Normal,0
1302,50,25,93.15,89.86,1.92,68.07,102,1.744,2,25,O,O,Normal,1
1303,20,66,79.6,87.88,58.7,68.04,92,1.143,2,46,O,O,Critical,0
1304,68,39,90.59,32.69,48.96,71.33,733,2.977,0,29,O,A,Urgent,1
1305,27,75,44.82,19.85,88.24,95.44,215,3.59,0,48,A,B,Urgent,0
1306,36,73,26.32,1.32,76.72,65.06,72,2.175,0,37,AB,A,Normal,0
1307,62,29,32.78,7.55,37.02,66.5,691,1.959,7,33,A,B,Urgent,0
1308,39,50,53.98,56.92,22.34,48.67,543,0.631,3,11,O,B,Critical,0
1309,59,37,94.15,36.99,89.75,48.92,12,3.718,1,22,B,A,Critical,0
1310,52,19,65.79,95.16,94.22,75.15,604,2.99,6,33,O,O,Normal,0
1311,29,59,47.52,81.04,59.88,86.09,530,2.726,2,30,B,O,Critical,0
1312,49,39,45.77,87.26,67.5,78.89,82,1.669,3,10,O,A,Urgent,0
1313,55,37,90.58,,53.57,93.8,326,3.926,0,18,O,A,Urgent,1
1314,50,51,76.98,72.88,55.87,69.44,40,1.954,0,1,O,A,Critical,1
1315,26,48,43.62,93.65,13.52,64.52,892,3.234,4,22,B,B,Critical,0
1316,25,45,90.67,83.9,39.86,78.89,467,2.326,2,20,A,O,Critical,0
1317,66,52,45.41,45.54,50.46,61.69,294,2.903,3,14,AB,O,Critical,0
1318,,70,48.13,64.91,68.1,45.94,538,3.285,0,4,A,O,Urgent,0
1319,64,53,80.78,4.72,97.56,88.61,681,3.771,0,11,O,A,Normal,1
1320,57,67,96.78,44.41,52.31,48.91,498,3.477,0,10,A,O,Urgent,1
1321,49,39,86.96,21.14,48.38,72.68,400,4.842,2,10,O,O,Urgent,1
1322,27,31,42.15,56.59,27.93,56.06,294,1.35,0,4,A,O,Normal,1
1323,51,44,99.81,47.54,3.67,82.5,462,3.561,0,7,B,O,Routine,1
1324,20,74,64.06,22.83,75.13,75.49,295,3.801,2,54,O,B,Normal,0
1325,29,37,35.84,37.16,97.4,66.36,235,3.512,8,8,O,A,Urgent,0
1326,39,65,33.8,36.02,95.88,92.19,511,2.52,3,26,A,A,Urgent,0
1327,28,62,88.93,,88.28,80.01,794,1.675,3,34,B,O,Urgent,0
1328,35,50,72.24,61.41,15.12,79.71,890,4.523,1,15,B,O,Normal,1
1329,68,46,60.35,33.76,39.78,93.44,210,2.843,0,22,O,A,Critical,1
1330,54,57,40.58,89.99,99.54,99.65,381,2.065,0,3,B,O,Normal,0
1331,66,37,64.01,28.94,24.9,84.14,996,3.732,0,29,O,A,Normal,1
1332,43,73,65.73,75.27,17.11,50.23,943,4.262,0,30,O,O,Normal,1
1333,20,52,91.19,10.74,8.86,65.81,631,3.072,0,32,O,O,Urgent,1
1334,34,72,30.04,57.22,91.51,47.55,734,3.035,1,38,B,B,Urgent,0
1335,37,77,25.8,25.48,10.12,63.14,608,2.219,8,40,B,AB,Normal,0
1336,34,61,45.14,53.13,36.26,53.92,178,3.41,5,27,B,A,Urgent,0
1337,61,39,93.93,3.37,79.71,47.88,23,1.283,0,22,O,A,Critical,0
1338,26,33,31.8,5.62,65.61,94.85,688,0.838,1,7,O,B,Normal,1
1339,51,64,43.16,60.48,21.61,56.47,633,1.601,1,13,A,A,Normal,0
1340,47,65,56.74,17.46,60.01,86.23,869,0.5,2,18,O,B,Urgent,1
1341,29,34,40.68,57.52,80.92,52.63,544,2.915,0,5,A,B,Urgent,0
1342,59,38,63.07,84.21,55.91,58.94,265,0.5,0,21,B,O,Urgent,0
1343,42,59,70.8,28.32,76.4,99.81,21,3.347,0,17,O,O,Routine,1
1344,35,66,74.91,14.42,90.22,79.56,134,2.212,1,31,B,AB,Critical,1
1345,35,44,88.52,71.76,26.2,60.39,791,3.458,0,9,AB,A,Normal,0
1346,33,58,82.02,96.44,95.45,90.48,378,3.155,0,25,B,A,Urgent,0
1347,59,70,82.12,26.08,97.92,95.49,874,1.65,1,11,B,O,Critical,1
1348,50,35,63.67,3.35,46.59,53.89,273,2.29,0,15,A,O,Normal,0
1349,34,75,30.83,16.14,48.45,66.64,167,1.329,0,41,A,O,Routine,0
1350,23,52,86.74,79.98,74.13,78.29,445,3.827,0,29,A,O,Normal,0
1351,38,34,38.26,35.68,60.21,89.31,401,2.715,2,4,O,O,Urgent,0
1352,25,38,33.64,4.63,64.89,52.81,376,2.409,7,13,A,O,Normal,0
1353,28,62,32.0,78.79,36.73,57.6,315,0.711,6,34,A,A,Urgent,0
1354,41,69,85.96,85.96,62.88,59.38,959,4.627,2,28,B,A,Urgent,0
1355,36,73,93.21,33.4,79.42,93.81,912,1.867,0,37,B,O,Normal,0
1356,20,32,31.32,67.86,61.69,91.82,132,2.51,1,12,A,B,Normal,0
1357,27,51,90.66,7.46,92.4,49.1,164,1.503,0,24,B,A,Urgent,0
1358,19,24,45.54,59.71,29.53,92.84,106,1.036,0,5,O,O,Critical,1
1359,62,52,89.82,5.32,29.22,50.08,93,2.014,0,10,A,O,Urgent,0
1360,63,58,46.89,46.95,69.95,48.39,71,2.603,2,5,A,A,Urgent,0
1361,65,38,56.57,24.3,48.34,49.53,667,3.358,3,27,B,B,Normal,0
1362,45,38,33.88,30.31,18.39,92.51,742,1.084,2,7,A,B,Urgent,0
1363,23,22,65.83,91.05,91.73,98.75,964,4.971,0,1,O,A,Urgent,1
1364,41,20,83.75,72.27,73.51,45.46,643,0.881,3,21,A,O,Urgent,0
1365,46,40,39.27,17.77,3.47,95.94,492,2.338,1,6,A,O,Normal,0
1366,29,74,32.12,86.3,92.95,52.35,693,3.223,4,45,A,O,Normal,0
1367,45,49,61.41,34.71,93.9,75.37,715,2.257,0,4,A,O,Urgent,0
1368,57,57,32.48,94.41,41.81,86.77,296,4.393,1,0,O,AB,Critical,0
1369,28,38,32.22,4.67,6.39,70.4,270,3.564,0,10,O,AB,Urgent,1
1370,20,61,97.63,87.67,71.91,75.63,810,2.26,0,41,O,O,Normal,1
1371,42,33,31.91,21.91,71.9,45.78,673,2.227,0,9,A,O,Normal,0
1372,23,65,59.54,82.95,55.24,59.46,268,1.968,1,42,B,O,Routine,0
1373,41,50,44.62,59.54,23.28,97.69,904,1.341,0,9,O,A,Normal,0
1374,67,61,37.43,42.46,58.06,82.02,814,2.641,7,6,B,B,Urgent,0
1375,37,47,50.44,87.05,56.5,57.49,282,3.471,1,10,O,O,Routine,1
1376,31,30,52.86,80.62,60.68,50.32,468,3.951,1,1,O,A,Urgent,0
1377,62,59,68.37,1.06,55.51,77.14,170,3.099,0,3,A,A,Routine,1
1378,63,35,70.12,35.95,5.03,48.27,750,2.509,0,28,O,B,Urgent,1
1379,30,58,57.79,11.38,45.04,97.91,333,2.622,0,28,B,O,Urgent,0
1380,33,60,58.03,11.79,88.09,96.28,534,0.784,1,27,A,AB,Urgent,0
1381,68,32,52.01,89.27,62.13,85.87,407,3.671,3,36,A,A,Urgent,0
1382,42,60,57.58,1.81,25.29,53.98,960,1.428,0,18,O,O,Normal,1
1383,28,27,38.3,24.39,19.48,54.86,443,1.535,2,1,A,O,Normal,0
1384,47,31,78.37,33.49,1.06,91.2,957,2.998,0,16,O,O,Normal,1
1385,56,64,76.04,33.89,41.77,84.66,243,2.419,1,8,AB,B,Normal,0
1386,66,46,95.69,85.46,79.04,70.97,596,2.906,1,20,B,O,Normal,0
1387,56,58,80.01,17.84,24.74,55.57,874,0.797,0,2,O,B,Urgent,1
1388,26,74,38.63,61.52,63.85,75.37,824,3.724,0,48,O,O,Critical,0
1389,38,60,71.13,41.15,98.64,59.74,82,1.007,3,22,B,B,Normal,0
1390,21,23,67.16,89.19,79.67,56.83,266,1.905,0,2,B,O,Normal,0
1391,38,39,66.27,80.2,44.31,57.25,147,0.5,1,1,A,B,Urgent,0
1392,67,72,43.85,5.26,69.45,75.52,717,3.494,1,5,O,O,Routine,1
1393,46,57,80.28,88.46,97.31,71.35,710,3.302,2,11,B,O,Normal,0
1394,21,22,75.79,7.35,65.46,94.99,146,2.958,0,1,O,O,Normal,1
1395,29,62,88.51,6.73,32.48,85.38,935,3.412,1,33,O,B,Urgent,1
1396,18,59,32.91,83.03,31.27,68.27,644,2.352,3,41,O,B,Urgent,0
1397,68,20,56.35,29.28,11.31,70.21,917,4.285,1,48,O,O,Normal,1
1398,29,32,57.92,44.56,89.86,61.12,905,2.803,2,3,O,B,Critical,0
1399,27,54,88.0,18.67,70.41,70.74,454,2.852,0,27,A,A,Urgent,1
1400,59,68,48.49,15.2,22.87,64.08,691,2.453,0,9,AB,A,Normal,0
1401,43,68,86.16,94.69,71.32,68.14,791,2.784,2,25,A,O,Normal,0
1402,28,42,35.07,57.52,48.6,46.63,419,2.458,1,14,O,O,Urgent,0
1403,54,59,31.84,56.26,48.01,96.78,977,3.504,4,5,O,B,Critical,1
1404,42,62,44.95,34.59,36.64,65.79,989,1.552,0,20,A,B,Normal,0
1405,62,32,36.01,86.02,22.9,47.9,884,3.019,0,30,O,O,Urgent,1
1406,47,50,41.64,68.08,57.53,95.35,681,2.919,0,3,O,AB,Critical,0
1407,36,54,99.65,11.05,94.47,45.04,374,3.823,1,18,A,A,Normal,1
1408,47,18,88.6,55.49,50.57,61.23,964,0.746,3,29,A,A,Normal,1
1409,19,18,64.8,17.66,33.37,60.85,143,3.611,1,1,A,O,Routine,0
1410,51,34,95.35,41.13,23.57,85.67,297,3.3,2,17,A,O,Normal,1
1411,60,74,28.71,42.28,31.75,46.26,266,1.011,1,14,A,O,Routine,0
1412,50,37,37.12,46.8,56.7,95.77,507,1.078,0,13,A,B,Urgent,0
1413,37,68,55.31,5.76,89.5,45.37,567,0.845,0,31,O,B,Normal,1
1414,42,76,57.91,2.78,41.3,67.87,448,2.21,1,34,A,O,Normal,0
1415,52,57,39.36,46.3,60.87,52.34,441,3.776,2,5,A,B,Normal,0
1416,53,19,77.53,6.87,13.4,61.43,295,0.735,6,34,B,O,Routine,0
1417,63,71,82.89,68.52,89.58,78.94,756,2.805,0,8,B,O,Urgent,0
1418,66,48,47.7,72.91,38.25,53.19,597,2.215,2,18,O,B,Critical,0
1419,27,63,39.08,2.38,69.0,92.68,824,2.762,0,36,A,B,Routine,0
1420,48,21,99.37,87.18,81.21,64.49,731,1.418,0,27,A,B,Normal,0
1421,69,32,81.3,49.76,45.46,76.79,589,3.002,0,37,B,O,Urgent,0
1422,45,77,32.38,7.03,17.1,49.43,844,3.536,0,32,O,B,Routine,0
1423,28,63,60.84,23.84,55.67,81.09,793,2.987,0,35,O,B,Normal,1
1424,38,58,61.14,64.49,7.29,64.95,482,2.318,0,20,O,B,Critical,1
1425,43,44,30.09,64.95,72.3,78.87,45,3.14,0,1,O,O,Urgent,0
1426,26,61,57.84,48.81,60.82,74.71,442,3.193,1,35,B,B,Normal,1
1427,51,51,57.16,68.23,46.72,91.48,735,3.004,1,0,A,O,Urgent,0
1428,29,46,57.62,32.66,54.09,67.02,276,2.958,2,17,O,B,Urgent,0
1429,47,53,53.38,56.01,36.77,82.16,613,2.51,0,6,O,B,Urgent,1
1430,26,59,55.94,13.18,83.74,92.0,709,2.779,0,33,B,O,Normal,0
1431,23,47,38.19,81.24,20.49,83.0,838,3.306,0,24,O,A,Critical,0
1432,56,55,55.98,58.95,46.06,53.58,296,2.486,0,1,B,AB,Normal,0
1433,28,26,,13.27,88.59,83.91,180,1.599,1,2,AB,O,Urgent,0
1434,30,44,63.3,42.34,2.52,94.69,78,3.459,2,14,B,O,Normal,0
1435,38,24,82.48,38.07,66.09,82.85,673,3.025,0,14,O,A,Critical,1
1436,44,26,80.84,98.13,51.73,86.69,385,4.528,0,18,O,O,Critical,1
1437,54,67,60.34,80.86,27.92,58.91,913,4.447,1,,O,O,Critical,1
1438,47,24,91.64,36.52,26.26,78.97,814,1.047,2,23,A,B,Critical,1
1439,32,38,47.45,81.75,6.09,81.76,953,3.801,2,6,O,O,Urgent,1
1440,46,43,25.79,70.24,91.74,94.71,511,1.296,0,3,O,A,Urgent,0
1441,47,40,80.72,80.7,48.13,75.56,456,1.698,3,7,A,O,Routine,0
1442,25,34,65.02,47.78,58.35,71.7,506,2.836,1,9,O,O,Routine,1
1443,62,31,66.2,3.34,32.13,81.64,124,2.198,0,31,O,A,Routine,0
1444,43,39,60.24,61.76,24.61,76.98,223,2.105,0,4,AB,B,Normal,0
1445,,72,41.41,32.42,57.89,71.11,246,3.124,5,39,A,O,Critical,0
1446,19,62,83.64,80.7,14.65,67.14,428,2.179,0,43,B,O,Normal,0
1447,63,77,73.63,87.03,35.84,87.97,834,1.802,0,14,O,A,Urgent,0
1448,30,54,86.3,71.77,40.12,84.85,226,2.139,3,24,A,A,Normal,0
1449,45,49,87.27,73.56,23.44,89.79,830,2.842,4,4,AB,O,Normal,0
1450,54,55,35.93,91.54,61.18,56.95,40,2.268,0,1,O,B,Routine,0
1451,36,42,76.47,60.35,8.01,57.25,324,3.056,1,6,O,O,Urgent,1
1452,39,58,52.72,4.88,88.23,75.44,34,3.043,1,19,O,O,Urgent,1
1453,47,34,70.15,47.66,7.79,57.83,965,2.988,3,13,B,B,Critical,1
1454,62,33,51.38,35.23,76.75,70.35,943,4.311,0,29,O,A,Normal,0
1455,43,61,96.82,22.88,39.94,52.56,806,2.676,0,18,A,O,Urgent,1
1456,55,26,71.16,13.64,24.99,96.98,373,2.481,0,29,O,AB,Urgent,1
1457,21,41,38.21,56.66,48.18,78.02,266,3.644,2,20,O,A,Normal,1
1458,33,43,52.34,31.99,38.02,92.23,112,4.386,0,10,A,O,Critical,0
1459,48,25,37.03,43.66,88.45,56.0,179,3.114,0,23,A,O,Normal,0
1460,56,18,80.35,60.56,10.41,48.57,761,2.82,0,38,O,B,Urgent,0
1461,18,29,52.31,12.37,62.9,88.97,514,0.793,1,11,O,O,Normal,1
1462,26,34,35.15,89.78,52.88,57.08,228,3.99,0,8,O,A,Urgent,0
1463,41,41,41.55,8.85,97.91,84.56,628,3.761,0,0,O,O,Critical,1
1464,36,56,94.66,6.12,30.88,97.31,448,1.408,0,20,AB,AB,Urgent,1
1465,65,49,45.91,36.35,13.03,65.86,326,3.089,1,16,O,O,Urgent,1
1466,44,69,44.06,56.41,84.68,52.57,714,2.484,7,25,O,B,Urgent,0
1467,21,29,26.89,38.9,24.03,94.9,131,2.454,2,8,A,B,Routine,0
1468,23,37,42.03,44.06,50.05,46.55,407,2.442,2,14,O,B,Normal,0
1469,48,34,62.47,26.7,43.09,98.22,286,2.711,0,14,O,O,Critical,1
1470,48,75,58.77,93.42,12.29,96.84,612,1.843,3,27,B,B,Normal,0
1471,40,35,45.38,23.72,26.46,45.42,844,1.655,1,5,B,B,Urgent,0
1472,60,65,70.55,85.55,0.96,73.62,852,3.361,0,5,A,O,Routine,1
1473,43,18,92.3,56.72,80.07,53.15,700,2.438,1,25,O,B,Normal,0
1474,28,36,39.0,92.91,42.82,79.85,30,0.5,0,8,O,O,Normal,0
1475,42,54,82.47,86.04,76.42,46.45,113,3.0,2,12,O,B,Normal,0
1476,25,29,51.73,32.56,12.15,83.06,300,4.557,2,4,O,AB,Normal,0
1477,68,39,43.47,50.62,2.77,98.3,346,1.6,6,29,B,A,Routine,0
1478,63,35,46.54,19.89,0.41,48.7,274,2.516,1,28,O,B,Normal,0
1479,37,,43.65,91.87,93.72,77.41,124,3.154,0,14,O,A,Normal,0
1480,56,47,73.97,33.01,84.07,91.22,977,2.648,3,9,O,B,Urgent,1
1481,32,74,95.06,34.33,35.43,54.6,148,2.273,5,42,B,B,Critical,1
1482,58,60,50.37,19.99,99.12,59.55,290,3.686,0,2,B,A,Urgent,0
1483,27,33,49.58,,63.21,97.15,224,2.355,1,6,A,O,Normal,0
1484,31,58,45.44,93.23,52.34,74.43,947,1.733,1,27,O,A,Normal,0
1485,46,36,41.61,14.94,70.37,58.26,494,1.217,2,10,O,O,Critical,1
1486,56,29,86.19,6.08,83.31,63.02,395,3.498,1,27,AB,B,Urgent,0
1487,31,18,32.54,18.26,88.05,51.05,757,2.709,1,13,AB,O,Urgent,0
1488,23,55,97.86,9.09,7.71,48.08,511,2.64,0,32,O,B,Normal,1
1489,18,47,59.37,4.03,57.12,84.07,823,2.628,1,29,O,O,Routine,0
1490,40,41,65.98,29.77,4.63,72.24,300,4.594,4,1,O,O,Critical,1
1491,27,49,60.23,42.99,68.9,51.58,150,1.651,3,22,A,B,Urgent,0
1492,34,43,89.19,12.38,,71.98,738,2.382,0,9,A,O,Normal,0
1493,41,76,60.67,56.04,34.67,51.69,851,2.435,0,35,A,A,Normal,0
1494,25,38,93.7,61.23,30.27,50.17,648,4.1,0,13,A,AB,Critical,1
1495,18,75,82.09,29.34,92.8,90.17,952,1.833,0,57,B,O,Critical,0
1496,34,67,32.97,,70.92,54.06,923,3.212,0,33,O,O,Normal,0
1497,61,60,,63.57,26.83,50.96,307,3.704,5,1,O,O,Normal,1
1498,46,62,62.87,2.57,87.95,71.97,654,1.778,0,16,A,A,Urgent,0
1499,21,23,45.58,93.64,5.95,94.07,388,1.458,0,2,O,O,Critical,1
1500,52,61,26.2,42.42,77.49,54.95,551,2.734,0,9,B,O,Urgent,0
1501,58,75,67.51,4.94,50.62,91.59,705,2.973,3,17,O,B,Normal,1
1502,64,44,48.57,1.57,41.0,98.66,537,3.457,0,20,B,O,Urgent,0
1503,38,23,38.95,97.64,24.29,94.7,977,2.629,1,15,O,O,Critical,0
1504,33,60,94.98,78.45,17.32,85.06,486,2.232,2,27,B,B,Urgent,1
1505,49,30,51.41,38.04,48.28,76.51,846,2.513,2,19,O,B,Normal,1
1506,36,20,37.88,17.73,20.08,75.12,629,1.849,0,16,A,B,Normal,1
1507,36,21,47.38,40.31,86.64,97.32,588,4.077,5,15,A,B,Urgent,0
1508,45,69,30.26,6.87,54.01,81.97,926,3.369,0,24,O,O,Urgent,0
1509,26,74,48.52,18.85,12.83,69.0,589,1.449,1,48,O,AB,Normal,0
1510,23,22,34.16,29.35,81.98,59.37,873,1.532,0,1,O,O,Routine,0
1511,19,63,94.33,12.4,14.13,54.9,849,3.977,0,44,O,B,Urgent,1
1512,60,23,69.31,43.58,56.32,70.95,385,0.958,0,37,B,B,Normal,0
1513,28,70,54.54,93.91,19.31,85.9,180,1.615,2,42,A,O,Urgent,0
1514,33,20,92.21,97.59,70.26,49.14,179,1.218,2,13,A,B,Normal,0
1515,24,67,90.57,61.71,10.74,58.01,75,2.135,1,43,AB,A,Normal,0
1516,50,35,28.63,99.81,39.57,88.83,602,3.229,0,15,AB,O,Normal,0
1517,42,30,26.63,95.12,42.65,81.15,636,3.868,1,12,O,A,Urgent,0
1518,30,21,88.63,27.2,99.26,59.07,729,1.605,1,9,O,O,Normal,1
1519,35,55,58.85,36.77,42.82,86.19,90,2.264,2,20,O,O,Urgent,1
1520,64,33,89.4,74.61,67.52,45.12,132,1.646,0,31,A,O,Normal,0
1521,69,52,47.96,77.15,30.92,71.11,640,2.166,1,17,A,B,Normal,0
1522,59,63,83.75,74.04,25.54,58.52,858,3.48,2,4,O,O,Normal,0
1523,32,70,71.65,76.92,78.08,55.41,226,0.5,0,38,O,O,Routine,0
1524,57,18,49.97,73.96,76.99,63.16,674,3.247,5,39,A,B,Urgent,0
1525,39,32,50.94,80.8,83.3,89.98,566,2.485,1,7,O,O,Urgent,1
1526,31,20,88.7,66.59,48.17,89.32,309,2.801,1,11,B,O,Urgent,0
1527,25,73,45.82,28.04,2.1,97.85,61,0.856,0,48,A,B,Normal,0
1528,28,74,26.69,88.15,48.56,88.32,619,2.398,7,46,A,A,Urgent,0
1529,40,31,51.46,74.65,59.99,74.86,328,2.917,3,9,AB,B,Critical,0
1530,32,40,29.44,10.1,86.78,87.53,139,1.615,0,8,O,O,Urgent,0
1531,53,20,86.43,47.75,6.56,57.49,898,1.469,2,33,O,A,Critical,1
1532,35,52,25.06,1.81,71.04,88.27,568,0.539,3,17,O,A,Normal,0
1533,26,24,34.91,74.55,72.47,64.43,585,0.524,7,2,B,O,Routine,0
1534,23,34,78.82,14.03,23.53,81.55,498,3.326,0,11,B,O,Urgent,0
1535,51,18,99.34,72.97,35.87,83.62,929,3.929,0,33,B,A,Urgent,0
1536,64,66,46.5,68.76,41.06,84.07,909,4.487,0,,O,A,Urgent,0
1537,42,29,91.0,46.78,49.87,47.37,702,3.495,1,13,A,A,Routine,1
1538,34,33,61.05,81.26,30.02,54.43,401,1.823,0,1,O,O,Normal,0
1539,61,43,70.56,94.84,80.13,50.86,805,2.794,0,18,B,B,Normal,1
1540,63,56,44.06,5.89,65.43,72.48,322,2.123,1,7,B,A,Routine,0
1541,51,30,74.24,91.6,23.7,70.77,115,1.786,0,21,O,AB,Urgent,0
1542,43,47,42.42,58.55,81.25,72.85,147,1.571,0,4,AB,A,Critical,0
1543,42,77,66.19,69.13,58.6,83.5,556,4.736,0,35,O,AB,Urgent,0
1544,47,29,45.65,71.99,87.84,97.61,291,3.631,0,18,A,A,Normal,0
1545,64,18,72.96,66.07,86.95,48.26,863,2.912,0,46,O,A,Normal,0
1546,54,49,63.38,34.74,82.6,57.9,88,1.0,0,5,AB,AB,Urgent,1
1547,48,50,66.67,75.55,34.55,46.04,645,1.204,1,2,A,A,Routine,0
1548,57,76,31.85,14.04,6.0,55.67,372,2.601,4,19,A,O,Urgent,0
1549,67,26,52.46,2.31,48.58,76.53,870,2.817,2,41,O,A,Critical,1
1550,43,53,36.42,47.7,98.89,84.13,153,2.69,0,10,A,O,Normal,0
1551,32,68,73.4,76.88,35.27,53.13,184,2.295,1,36,O,A,Routine,0
1552,25,77,42.07,23.92,41.13,78.67,313,3.135,0,52,B,AB,Urgent,0
1553,26,26,95.54,64.03,4.58,82.92,182,2.18,6,0,B,B,Normal,1
1554,43,76,85.12,42.51,12.87,46.4,848,1.27,1,33,O,A,Critical,1
1555,54,38,66.03,51.34,99.05,45.86,711,0.5,0,16,AB,O,Normal,0
1556,31,55,35.36,40.15,25.2,85.54,926,3.247,1,24,A,B,Normal,0
1557,66,53,45.26,91.22,38.87,80.21,14,4.355,2,13,B,A,Urgent,0
1558,60,65,31.29,20.71,75.25,52.75,490,3.933,3,5,O,A,Normal,0
1559,49,36,71.27,98.67,18.76,81.2,179,1.95,0,13,A,O,Urgent,0
1560,37,18,91.68,58.29,31.38,75.92,508,2.968,1,19,O,B,Normal,0
1561,31,28,99.63,21.2,32.68,91.14,946,2.171,0,3,B,B,Urgent,1
1562,51,31,73.37,63.22,11.94,82.98,288,4.555,0,20,O,A,Urgent,0
1563,60,46,92.63,28.18,17.44,90.28,442,1.932,2,14,A,O,Urgent,1
1564,37,20,27.41,30.24,47.08,59.54,872,3.949,0,17,O,O,Urgent,0
1565,46,51,31.76,13.6,71.3,63.04,252,2.753,0,5,B,O,Normal,0
1566,28,47,76.54,1.98,27.67,55.77,164,2.633,2,19,O,B,Critical,1
1567,39,19,58.39,81.82,38.54,79.73,966,2.607,1,20,O,B,Normal,0
1568,46,42,86.18,35.92,42.77,91.85,170,1.952,0,4,B,A,Normal,0
1569,41,33,69.0,98.21,19.91,69.13,355,1.862,0,8,O,AB,Normal,1
1570,19,34,80.91,89.49,53.74,45.0,232,1.934,0,15,O,O,Normal,1
1571,40,62,55.72,53.34,85.95,51.49,844,4.941,5,22,O,B,Normal,0
1572,54,65,81.82,11.9,86.28,52.78,150,2.029,0,11,B,B,Normal,1
1573,58,31,66.36,1.74,6.25,89.84,554,3.875,0,27,A,O,Urgent,0
1574,36,69,,39.45,76.1,97.12,656,2.157,1,33,A,A,Urgent,0
1575,38,34,76.96,92.76,26.36,88.55,411,2.484,1,4,O,O,Critical,1
1576,29,41,42.38,46.69,85.26,47.72,543,2.162,5,12,O,B,Routine,0
1577,69,40,39.41,49.33,14.36,88.48,506,3.008,1,29,O,O,Critical,0
1578,53,50,55.17,38.3,85.58,60.79,639,3.023,4,3,B,O,Normal,0
1579,55,37,28.95,54.65,26.8,77.38,60,1.995,0,18,A,B,Routine,0
1580,54,34,74.83,43.76,72.05,70.68,180,3.0,0,20,O,B,Normal,0
1581,41,66,37.35,18.04,53.81,61.25,935,1.488,1,25,AB,A,Critical,0
1582,51,42,74.27,84.85,63.7,64.71,421,2.971,2,9,O,A,Urgent,0
1583,45,33,93.96,61.26,26.8,70.35,254,2.816,5,12,O,A,Urgent,0
1584,41,59,93.5,22.96,11.49,47.47,251,2.538,5,18,O,O,Normal,1
1585,65,61,31.14,5.25,86.92,90.83,454,2.954,6,4,O,A,Critical,0
1586,56,59,74.78,24.24,68.41,76.72,479,3.528,2,3,O,O,Critical,1
1587,21,41,97.24,27.62,29.54,48.81,84,2.973,3,20,A,B,Urgent,1
1588,21,22,36.69,87.23,66.33,96.93,286,3.781,1,1,B,A,Urgent,0
1589,20,43,43.94,96.19,71.76,53.78,861,3.357,3,23,O,A,Urgent,0
1590,30,57,85.26,81.57,30.08,88.81,734,1.332,1,27,O,O,Routine,1
1591,38,39,51.97,49.32,76.17,93.67,531,2.019,1,1,AB,O,Normal,0
1592,44,66,96.02,41.24,79.19,99.57,902,3.448,0,22,O,A,Normal,1
1593,27,26,48.87,96.9,14.59,56.76,704,2.891,0,1,A,B,Critical,0
1594,21,70,82.81,14.3,7.68,45.24,728,3.899,1,49,B,O,Normal,1
1595,50,32,73.36,9.53,32.4,99.37,87,3.464,1,18,A,A,Normal,0
1596,35,32,33.47,67.18,55.81,95.57,508,2.099,1,3,AB,O,Urgent,0
1597,66,43,87.26,56.01,46.58,46.12,990,2.52,2,23,O,B,Urgent,0
1598,23,56,87.54,78.52,8.98,48.8,920,3.461,2,33,B,O,Critical,0
1599,47,70,99.03,89.47,55.54,64.96,469,3.04,0,23,B,B,Normal,1
1600,67,55,91.45,56.46,98.29,79.01,171,3.958,8,12,O,A,Routine,0
1601,69,40,67.09,34.77,28.83,70.32,553,1.634,4,29,A,O,Normal,0
1602,62,36,94.97,34.71,40.77,90.03,972,2.377,1,26,O,O,Normal,1
1603,45,41,99.64,86.95,39.35,88.62,886,4.03,1,4,O,A,Critical,1
1604,34,68,72.71,39.22,90.21,45.27,179,0.519,1,34,O,O,Normal,1
1605,24,77,76.4,12.4,54.59,82.45,556,2.641,0,53,O,B,Urgent,1
1606,60,71,66.0,2.34,53.59,75.5,487,5.22,0,11,A,B,Normal,1
1607,42,54,45.21,5.91,65.75,46.93,373,2.421,1,12,B,B,Urgent,1
1608,39,25,29.45,78.83,82.55,79.2,903,3.529,0,14,O,O,Normal,0
1609,61,73,33.86,98.77,30.22,89.9,846,3.328,0,12,B,B,Critical,0
1610,24,55,87.44,71.74,26.85,72.26,277,2.246,0,31,A,A,Routine,1
1611,20,54,42.99,65.03,85.86,57.06,231,1.272,4,34,A,O,Critical,0
1612,55,61,32.66,75.39,7.01,70.39,264,3.337,0,6,O,B,Urgent,0
1613,38,54,47.91,71.56,93.09,79.59,764,3.419,1,16,A,A,Urgent,1
1614,61,42,32.1,74.11,32.38,60.28,195,3.638,1,19,B,B,Routine,0
1615,60,19,78.62,78.7,80.83,77.78,852,2.457,0,41,AB,O,Normal,0
1616,52,31,45.34,89.87,60.49,96.7,766,1.617,0,21,B,O,Urgent,0
1617,33,28,94.72,82.78,7.35,63.55,815,2.979,3,5,O,B,Normal,1
1618,69,22,40.59,65.73,79.3,71.7,487,2.014,1,47,AB,A,Urgent,0
1619,49,61,46.53,48.82,12.97,91.84,172,3.095,0,12,B,B,Normal,1
1620,27,33,92.94,88.62,,60.63,151,2.43,1,6,A,A,Normal,1
1621,62,36,96.54,24.25,26.45,47.05,796,3.704,1,26,A,O,Urgent,1
1622,44,71,74.62,68.88,90.06,96.89,576,3.741,4,27,B,A,Normal,0
1623,62,19,32.71,75.26,49.93,66.32,234,3.543,2,43,O,O,Critical,0
1624,23,29,74.24,57.89,1.34,56.77,322,2.597,0,6,A,O,Critical,0
1625,59,73,56.2,49.86,7.5,62.25,82,3.411,4,14,B,A,Normal,0
1626,27,25,64.33,18.22,48.65,52.76,956,2.552,3,2,O,O,Normal,1
1627,60,59,67.26,99.23,13.71,85.47,802,3.114,5,1,A,AB,Routine,0
1628,58,51,69.27,49.36,5.53,89.77,126,1.839,0,7,O,O,Urgent,1
1629,18,22,59.08,36.74,0.05,97.56,328,1.057,4,4,A,B,Critical,0
1630,49,25,43.87,5.8,12.93,46.12,943,2.973,0,24,B,B,Critical,1
1631,21,71,33.65,59.98,17.67,90.46,331,1.887,0,,O,B,Urgent,0
1632,34,38,95.22,2.86,87.03,83.81,235,3.538,2,4,A,A,Normal,1
1633,49,22,40.4,36.8,35.05,47.38,845,1.098,3,27,O,O,Urgent,0
1634,57,40,43.12,91.77,38.8,81.76,269,2.701,1,17,O,B,Normal,0
1635,44,48,42.69,20.6,14.6,98.62,766,2.064,0,4,AB,O,Urgent,0
1636,57,74,80.46,57.65,86.6,65.94,414,1.922,0,17,B,O,Normal,0
1637,57,25,70.09,99.26,34.47,87.91,347,1.34,0,32,A,A,Normal,1
1638,43,66,42.82,63.86,66.82,59.7,634,3.711,4,23,A,O,Normal,0
1639,66,25,46.63,46.92,57.83,73.22,907,1.781,0,41,A,A,Urgent,0
1640,44,45,46.57,84.16,81.66,63.54,727,2.79,0,1,AB,O,Urgent,0
1641,25,73,41.29,78.03,47.44,98.36,881,2.808,1,48,O,O,Critical,1
1642,68,63,88.83,31.02,95.93,64.09,987,2.887,1,5,A,AB,Normal,1
1643,20,66,68.15,47.82,50.9,78.98,383,4.291,0,46,A,A,Critical,0
1644,34,26,69.2,20.65,35.38,54.48,161,3.664,3,8,B,O,Urgent,0
1645,65,19,98.63,62.09,49.84,53.05,410,3.203,2,46,O,O,Urgent,1
1646,42,48,58.38,66.14,49.77,75.83,292,0.669,1,6,O,B,Routine,1
1647,35,46,43.82,99.56,91.8,88.52,184,3.608,3,11,A,B,Normal,0
1648,38,60,66.44,67.75,99.07,87.29,229,1.282,2,22,AB,AB,Normal,0
1649,24,53,68.77,60.56,54.5,92.99,196,2.425,0,29,AB,B,Normal,0
1650,30,75,29.77,91.37,7.73,47.79,592,3.946,0,45,A,O,Routine,0
1651,41,35,64.32,15.11,43.31,95.81,892,3.934,2,6,A,B,Normal,0
1652,52,67,,64.33,37.31,55.26,11,1.599,0,15,O,A,Urgent,0
1653,53,33,68.59,45.58,10.65,89.59,428,2.95,1,20,B,O,Normal,1
1654,58,33,48.8,31.44,45.8,77.8,921,4.243,1,25,B,B,Urgent,0
1655,18,42,54.66,64.91,41.08,94.61,717,2.112,0,24,B,O,Urgent,0
1656,53,61,51.95,42.21,84.01,88.36,194,1.853,0,8,A,A,Normal,0
1657,18,67,86.82,56.66,37.22,84.14,496,3.373,1,49,B,A,Urgent,0
1658,66,70,42.52,6.89,25.79,69.78,555,3.939,2,4,A,A,Routine,1
1659,41,38,97.48,16.06,63.12,78.31,849,2.4,0,3,O,O,Critical,1
1660,44,47,37.71,95.34,2.24,46.39,442,1.331,2,3,O,A,Critical,0
1661,31,39,85.69,54.0,3.21,73.28,263,4.498,0,8,B,O,Urgent,0
1662,33,51,39.24,79.27,79.09,98.92,984,3.468,8,18,A,O,Normal,0
1663,43,56,98.3,26.84,64.74,63.77,353,0.5,0,13,O,A,Normal,1
1664,62,21,42.32,71.85,44.78,98.41,241,3.454,0,41,O,A,Normal,0
1665,21,32,46.78,81.1,40.25,50.21,311,3.033,0,11,O,O,Normal,0
1666,55,76,93.17,29.96,93.35,83.0,172,3.611,0,21,O,O,Urgent,1
1667,21,26,53.89,35.78,32.41,50.4,908,3.35,0,5,A,O,Routine,0
1668,22,29,78.97,93.79,68.61,78.36,888,2.326,0,7,O,A,Urgent,0
1669,59,51,81.94,69.33,46.89,47.7,800,3.301,1,8,B,A,Urgent,0
1670,29,43,26.54,2.63,65.24,83.65,317,3.84,0,14,O,A,Normal,0
1671,42,62,59.17,87.72,61.36,90.21,358,3.158,5,20,B,B,Critical,0
1672,43,33,49.33,75.06,59.28,61.32,222,2.879,6,10,A,O,Routine,0
1673,25,28,87.51,51.17,88.38,88.52,587,1.725,5,3,B,A,Urgent,0
1674,32,28,64.64,43.85,63.51,88.58,71,0.968,4,4,B,O,Urgent,0
1675,35,37,80.39,55.31,25.89,57.91,409,4.173,1,2,A,O,Normal,1
1676,42,39,81.59,32.39,46.49,50.16,6,3.49,6,3,B,O,Normal,0
1677,30,59,79.93,87.0,,67.27,566,3.532,2,29,A,O,Normal,0
1678,54,29,64.61,42.28,59.94,77.86,200,2.766,2,25,O,AB,Critical,0
1679,57,55,28.51,20.81,18.94,52.24,104,3.587,1,2,AB,A,Normal,0
1680,63,27,74.78,27.38,50.11,55.53,217,3.826,0,36,B,O,Routine,0
1681,69,57,46.78,52.06,55.84,92.45,200,3.077,3,12,O,A,Routine,0
1682,24,61,60.23,62.3,2.93,66.57,417,4.079,0,37,A,A,Normal,1
1683,36,56,70.76,6.37,75.94,77.34,275,2.404,2,20,O,O,Critical,1
1684,42,44,49.03,4.34,75.01,88.38,157,2.486,2,2,B,A,Normal,0
1685,54,64,43.28,80.46,91.49,73.62,914,2.893,0,10,O,B,Normal,0
1686,51,72,36.95,80.97,45.22,60.18,230,3.277,1,21,B,O,Normal,0
1687,20,23,43.34,80.78,74.64,98.57,947,0.5,1,3,B,A,Normal,0
1688,25,65,51.85,11.24,96.98,94.5,738,2.692,1,40,A,O,Normal,0
1689,39,64,30.92,6.61,14.03,99.46,23,2.534,1,25,B,O,Routine,0
1690,55,35,77.9,90.13,35.31,57.66,26,3.23,0,20,AB,A,Urgent,0
1691,44,31,81.32,5.72,13.73,90.5,9,2.008,0,13,A,O,Routine,1
1692,68,41,43.31,64.45,32.84,95.23,714,3.171,0,27,O,A,Urgent,0
1693,67,36,59.3,99.08,63.96,74.15,379,2.37,,31,B,B,Normal,0
1694,57,27,41.13,41.72,23.36,92.91,42,0.683,0,30,O,B,Urgent,0
1695,25,49,88.08,25.29,30.46,74.78,532,1.442,0,24,B,O,Urgent,0
1696,58,51,75.61,46.41,99.91,51.58,816,2.41,3,7,O,O,Urgent,1
1697,20,21,54.85,66.75,86.71,98.27,717,3.566,0,1,O,O,Critical,0
1698,49,20,86.71,8.2,80.77,94.1,942,1.668,7,29,A,B,Normal,1
1699,52,56,82.4,74.22,36.72,75.09,818,1.34,1,4,O,A,Urgent,1
1700,65,21,38.72,48.78,61.08,95.21,334,2.713,0,44,O,A,Critical,0
1701,43,40,87.53,96.33,11.59,86.42,631,0.675,0,3,O,O,Urgent,1
1702,37,35,61.58,83.75,54.23,70.48,358,3.136,3,2,A,O,Critical,0
1703,40,65,76.44,1.05,22.12,91.31,828,2.053,1,25,O,O,Normal,1
1704,30,70,91.82,97.08,4.54,50.82,513,3.036,1,40,A,B,Normal,0
1705,59,74,99.64,88.16,61.89,54.57,649,3.464,2,15,AB,B,Normal,0
1706,64,62,80.83,13.23,20.21,71.4,343,2.299,5,2,O,O,Normal,1
1707,31,38,39.61,2.97,46.38,69.57,847,4.612,,7,O,A,Urgent,1
1708,44,20,87.07,9.42,15.49,79.81,183,2.962,2,24,O,A,Normal,1
1709,52,65,38.32,56.21,56.65,58.47,827,2.882,0,13,O,A,Critical,1
1710,61,40,62.42,46.59,59.54,76.37,946,2.588,1,21,B,O,Critical,1
1711,65,39,79.98,34.04,81.14,95.72,55,2.616,3,26,B,O,Urgent,0
1712,53,58,86.42,63.26,56.84,79.37,537,,2,5,O,A,Normal,1
1713,69,46,50.65,8.26,88.22,94.01,486,3.109,1,23,B,O,Urgent,0
1714,59,52,87.32,69.18,64.57,85.75,523,3.192,5,7,O,O,Routine,1
1715,48,32,52.96,2.06,57.33,55.87,70,3.691,4,16,B,A,Critical,0
1716,68,70,76.1,36.57,49.92,82.14,858,2.43,5,2,A,B,Urgent,1
1717,50,55,96.27,85.88,70.69,47.91,513,3.57,5,5,B,B,Routine,1
1718,19,20,85.66,85.32,20.75,88.53,865,2.439,6,1,B,O,Urgent,0
1719,59,77,33.03,79.36,64.73,96.43,711,4.447,1,18,B,B,Urgent,1
1720,21,36,80.79,30.94,53.55,89.78,324,2.888,8,15,O,B,Urgent,0
1721,60,60,76.27,79.35,72.61,78.21,869,3.487,3,0,O,O,Normal,1
1722,34,24,63.75,71.06,64.66,57.73,861,1.458,0,10,B,AB,Normal,0
1723,41,32,28.34,30.98,9.57,75.1,953,2.846,4,9,A,A,Normal,1
1724,62,22,74.54,5.39,91.27,82.61,240,1.841,2,40,O,O,Urgent,1
1725,48,42,63.43,83.21,81.19,87.44,157,4.056,0,6,O,A,Urgent,0
1726,42,36,60.22,34.97,69.3,50.07,576,4.116,0,6,B,O,Normal,0
1727,65,32,65.45,61.38,19.93,77.66,734,1.825,2,33,A,O,Urgent,0
1728,24,47,75.23,25.95,91.76,94.5,881,3.487,2,23,A,O,Urgent,0
1729,37,58,65.52,5.77,51.09,92.28,340,1.498,2,21,A,A,Critical,1
1730,22,20,74.56,79.88,35.46,82.17,48,2.532,0,2,O,A,Normal,1
1731,22,26,59.36,7.46,13.41,95.02,303,3.166,2,4,A,O,Critical,1
1732,60,53,55.53,15.16,69.91,56.79,478,3.439,0,7,O,A,Urgent,0
1733,36,60,53.61,62.01,85.31,82.39,903,2.754,3,24,O,O,Normal,0
1734,22,47,94.91,59.44,83.18,95.85,631,2.841,1,25,O,A,Critical,0
1735,18,39,58.67,11.2,23.88,51.01,561,2.561,2,21,A,O,Normal,0
1736,53,68,41.55,21.73,21.75,53.77,92,1.147,1,15,O,A,Normal,0
1737,59,26,30.12,63.44,72.8,90.76,819,1.334,1,33,A,A,Normal,0
1738,47,22,43.36,71.0,52.37,83.02,473,2.393,2,25,A,O,Routine,0
1739,18,57,82.73,88.97,68.32,89.64,900,2.305,1,39,AB,O,Urgent,0
1740,39,57,82.27,91.36,64.37,71.06,987,2.604,0,18,A,O,Normal,0
1741,26,47,62.94,54.99,90.74,52.88,357,4.903,4,21,B,B,Normal,0
1742,21,44,80.82,94.33,85.44,98.82,791,2.577,0,23,O,B,Normal,1
1743,55,56,25.56,44.07,56.44,91.94,839,3.156,2,1,O,A,Routine,0
1744,62,41,61.81,26.43,94.03,73.7,143,3.269,1,21,O,O,Routine,1
1745,52,72,83.9,36.19,55.12,48.87,550,0.5,2,20,A,O,Urgent,0
1746,65,45,55.31,29.09,81.71,59.56,664,0.748,1,20,A,B,Normal,0
1747,19,65,57.34,5.95,9.29,99.03,13,2.49,1,46,B,B,Normal,1
1748,53,26,32.87,84.89,97.9,74.06,710,1.786,2,27,O,O,Normal,0
1749,60,23,52.49,90.49,25.35,69.78,416,2.52,0,37,O,B,Urgent,0
1750,63,26,44.78,84.51,38.39,90.94,603,0.5,0,37,O,A,Urgent,0
1751,63,29,89.36,78.99,22.43,55.53,734,1.712,1,34,A,O,Normal,0
1752,64,66,75.25,77.77,86.29,56.72,725,2.673,2,2,A,A,Urgent,1
1753,65,36,86.2,37.08,9.4,79.7,930,3.43,0,29,O,B,Urgent,1
1754,62,68,93.8,77.17,65.88,78.11,611,3.309,5,6,B,B,Urgent,1
1755,21,74,34.54,85.16,61.88,99.71,782,3.083,0,53,B,A,Urgent,0
1756,68,21,53.65,82.77,61.45,80.83,422,1.406,0,47,O,A,Normal,0
1757,28,20,47.93,42.06,70.45,89.98,805,4.665,1,8,O,B,Critical,1
1758,32,35,91.38,44.2,38.99,65.98,181,1.456,1,3,O,A,Normal,1
1759,53,38,61.81,73.15,8.15,65.55,434,3.374,1,15,B,O,Normal,0
1760,61,47,64.09,86.52,99.32,98.3,553,2.387,6,14,A,O,Normal,0
1761,56,48,92.4,95.14,28.01,62.38,34,2.23,0,8,A,O,Critical,0
1762,44,42,50.81,67.4,34.87,75.87,821,3.59,8,2,A,B,Urgent,0
1763,40,37,68.08,47.38,5.89,79.35,648,2.284,0,3,B,O,Urgent,0
1764,59,75,63.11,70.76,63.13,89.13,506,2.472,3,,O,B,Normal,0
1765,64,73,62.19,34.33,14.29,72.89,948,2.545,0,9,A,O,Urgent,0
1766,46,72,25.66,39.41,57.79,69.71,654,3.105,7,26,O,A,Normal,0
1767,48,44,84.02,5.11,25.28,94.6,992,4.05,2,4,A,B,Urgent,0
1768,41,21,51.62,31.18,57.38,99.06,714,5.141,0,20,O,O,Routine,1
1769,68,36,74.81,14.88,40.47,69.25,405,1.177,0,32,A,O,Routine,0
1770,60,71,38.71,56.76,1.65,66.64,336,3.11,0,11,B,B,Urgent,0
1771,49,25,41.35,41.49,10.34,46.47,713,3.314,2,24,O,A,Urgent,1
1772,68,20,45.61,35.81,44.12,54.41,288,2.404,0,48,B,B,Urgent,0
1773,65,37,57.06,79.4,75.9,97.9,338,2.441,7,28,O,B,Urgent,0
1774,59,47,80.85,23.97,37.42,70.99,522,1.292,1,12,B,O,Normal,0
1775,69,76,52.59,87.8,62.89,47.48,81,1.872,4,7,A,O,Urgent,0
1776,53,52,59.35,26.14,24.42,58.14,570,3.354,0,1,A,O,Urgent,1
1777,23,60,58.03,3.31,47.12,60.13,111,4.328,2,37,O,B,Urgent,0
1778,20,58,38.76,41.35,55.76,94.21,768,2.816,0,38,A,O,Routine,0
1779,24,66,82.18,0.98,83.81,,572,3.42,7,42,A,O,Urgent,0
1780,35,76,88.54,29.95,11.19,64.74,664,0.841,2,41,AB,AB,Normal,1
1781,33,41,65.74,54.18,54.82,68.64,845,1.924,0,8,O,B,Urgent,1
1782,67,62,54.94,49.87,13.53,49.99,717,4.537,1,5,B,O,Normal,1
1783,28,41,75.33,80.08,14.7,72.89,98,1.815,2,13,O,O,Routine,0
1784,67,56,55.33,52.08,95.59,71.57,469,3.026,6,11,B,O,Normal,0
1785,18,31,83.28,74.81,47.58,99.36,647,2.45,2,13,O,O,Urgent,0
1786,68,63,56.35,44.23,77.84,88.34,733,2.887,0,5,A,O,Critical,1
1787,35,68,44.06,9.32,86.41,54.2,621,2.37,3,33,A,O,Urgent,0
1788,64,52,33.0,80.18,22.12,82.78,197,2.712,7,12,O,O,Urgent,0
1789,56,23,27.97,8.04,24.56,79.9,382,2.359,0,33,A,A,Urgent,0
1790,21,30,91.98,81.53,33.0,53.84,272,1.822,2,9,A,O,Normal,0
1791,68,50,96.08,63.8,6.73,73.18,486,2.167,1,18,O,A,Urgent,1
1792,42,58,71.18,95.58,23.58,81.2,883,3.213,1,16,A,B,Urgent,0
1793,21,45,42.65,78.98,77.13,87.62,585,0.898,0,24,B,O,Normal,0
1794,55,52,41.86,84.59,81.31,61.98,613,4.282,1,3,A,O,Routine,0
1795,63,45,99.71,5.37,3.76,96.02,985,2.267,0,18,B,O,Normal,1
1796,19,65,95.98,0.42,3.64,45.84,381,2.046,1,46,A,A,Urgent,0
1797,34,38,50.19,9.6,9.22,91.65,268,2.318,3,4,O,A,Normal,1
1798,36,26,48.73,60.19,1.92,83.55,862,3.395,3,10,O,A,Normal,0
1799,46,35,78.99,91.0,85.03,86.64,831,1.991,3,11,O,O,Normal,0
1800,47,42,98.55,59.89,29.59,68.63,991,1.646,4,5,O,O,Routine,1
1801,18,45,46.28,40.34,52.44,86.11,829,2.726,0,27,O,O,Urgent,1
1802,60,34,69.29,53.19,55.46,66.4,510,4.342,1,26,B,AB,Routine,0
1803,20,44,53.65,20.77,76.32,77.16,533,3.767,0,24,B,O,Normal,0
1804,19,33,74.1,44.0,95.55,62.48,606,3.409,6,14,O,O,Critical,1
1805,64,34,43.76,88.66,5.5,79.13,569,1.989,0,30,AB,O,Normal,0
1806,47,54,75.21,47.54,13.08,55.4,124,4.36,4,7,O,O,Normal,0
1807,46,49,64.61,70.08,87.12,82.25,514,4.844,1,3,B,O,Critical,0
1808,54,37,34.62,42.8,96.12,78.21,143,1.956,2,17,O,A,Urgent,0
1809,56,62,41.42,47.89,49.55,96.99,282,3.073,2,6,O,B,Urgent,0
1810,57,38,94.06,20.96,25.78,54.84,882,3.771,2,19,O,A,Routine,1
1811,54,54,59.35,39.82,3.82,45.14,771,5.425,2,0,O,A,Routine,0
1812,31,19,90.21,7.19,43.11,47.63,180,3.62,0,12,O,A,Urgent,1
1813,67,62,67.76,10.4,96.24,51.47,942,3.521,2,5,A,A,Normal,0
1814,40,36,79.71,89.01,13.43,78.48,454,3.189,3,4,O,O,Critical,1
1815,54,51,62.75,63.92,23.61,70.42,265,3.69,1,3,O,O,Normal,0
1816,56,58,54.52,15.32,83.43,81.37,362,2.656,2,2,O,AB,Critical,1
1817,39,21,94.45,16.97,95.01,45.58,187,1.815,0,18,A,AB,Routine,1
1818,31,41,82.58,99.22,14.32,69.98,876,4.407,0,10,A,O,Routine,0
1819,29,30,77.54,42.3,47.98,96.16,110,1.493,3,1,A,A,Urgent,1
1820,69,72,93.56,45.62,94.77,57.7,712,2.26,4,3,A,A,Urgent,1
1821,51,51,76.39,28.24,14.34,62.67,694,1.589,0,0,A,O,Normal,1
1822,48,28,86.71,14.15,23.73,80.02,515,1.506,0,20,O,O,Normal,1
1823,56,33,38.76,87.62,27.47,86.87,762,2.624,2,23,A,B,Urgent,0
1824,56,69,44.01,86.8,25.38,78.75,202,2.704,2,13,O,A,Normal,0
1825,56,58,42.54,96.74,95.83,71.82,709,3.128,2,,A,O,Critical,0
1826,43,51,78.95,62.49,68.61,79.26,712,1.47,0,8,O,O,Critical,1
1827,37,63,75.7,83.79,65.01,83.67,617,1.511,0,26,B,O,Normal,0
1828,48,68,96.57,64.18,70.55,80.13,15,3.38,4,20,O,O,Routine,1
1829,26,43,98.14,4.08,25.98,53.92,446,4.045,4,17,O,O,Normal,1
1830,49,67,52.96,90.12,34.35,86.07,972,4.701,0,18,O,B,Normal,0
1831,66,38,71.38,64.97,62.66,79.78,731,3.126,3,28,O,A,Normal,0
1832,60,30,76.57,92.1,56.69,97.79,743,1.484,3,30,A,B,Critical,0
1833,20,58,52.46,82.93,16.01,84.17,138,2.991,2,38,O,O,Normal,0
1834,33,18,92.1,41.91,73.21,98.28,261,3.925,0,15,AB,B,Critical,1
1835,30,38,33.35,2.08,97.9,68.35,674,2.337,2,8,O,O,Critical,0
1836,58,28,39.11,42.96,12.95,45.71,504,2.264,0,30,O,A,Routine,0
1837,42,54,46.83,76.69,26.54,61.79,263,3.704,2,12,O,B,Urgent,0
1838,37,71,39.64,96.73,69.79,70.76,657,2.857,2,34,O,A,Urgent,0
1839,20,61,89.07,3.34,36.68,91.51,690,1.09,2,41,O,O,Critical,1
1840,50,69,39.94,64.41,82.59,83.84,34,3.584,0,19,B,A,Critical,0
1841,62,31,61.8,78.1,66.07,57.7,208,1.565,5,31,B,O,Normal,0
1842,64,25,84.14,55.96,99.16,96.55,304,2.776,0,39,A,A,Routine,0
1843,26,62,86.82,31.23,90.92,64.68,867,2.337,,36,B,A,Critical,0
1844,62,65,94.62,16.42,53.4,81.48,883,2.572,1,3,O,A,Routine,1
1845,51,48,34.6,47.46,81.87,90.76,970,3.342,0,3,O,B,Normal,0
1846,27,39,75.32,33.17,33.71,93.5,782,4.242,3,12,O,A,Normal,0
1847,65,56,26.1,33.04,17.49,81.89,559,1.89,0,9,A,O,Normal,0
1848,49,69,76.35,98.29,94.92,62.47,661,2.22,0,20,O,O,Normal,0
1849,44,67,50.91,32.56,50.55,83.67,725,2.967,0,23,O,O,Normal,1
1850,68,44,30.45,70.59,35.1,71.06,300,2.351,1,24,O,B,Critical,0
1851,66,24,80.02,51.04,68.64,72.34,470,1.231,8,42,A,O,Urgent,0
1852,20,45,52.21,69.83,81.94,74.7,537,2.887,2,25,AB,B,Critical,0
1853,66,19,28.97,98.2,38.96,76.12,113,4.71,0,47,A,B,Urgent,0
1854,19,24,95.04,63.62,97.41,53.28,682,3.516,0,5,B,A,Routine,0
1855,42,18,29.71,70.33,81.02,60.06,805,2.921,0,24,AB,B,Routine,0
1856,31,22,,83.36,26.05,58.5,473,3.007,6,,A,O,Normal,0
1857,37,41,58.41,85.42,75.41,62.46,902,5.152,0,4,O,A,Normal,1
1858,55,59,31.42,78.91,39.22,59.77,358,1.024,0,4,O,O,Urgent,0
1859,69,47,62.61,41.93,95.51,53.24,328,3.667,0,22,O,B,Critical,0
1860,24,54,28.41,84.25,88.87,94.84,675,2.38,0,30,O,A,Routine,0
1861,56,18,67.23,56.61,25.84,96.54,298,2.658,0,38,B,O,Routine,0
1862,24,35,88.97,9.55,9.74,55.83,468,1.792,0,11,A,O,Normal,1
1863,40,72,88.01,6.42,45.27,70.37,117,3.183,4,32,O,O,Normal,1
1864,44,32,90.06,80.7,75.7,45.22,278,2.461,0,12,A,AB,Urgent,1
1865,59,68,81.52,61.35,8.05,88.53,139,3.776,1,9,A,A,Normal,1
1866,59,25,34.92,28.42,61.23,65.22,254,4.28,5,34,B,AB,Normal,0
1867,47,76,96.85,19.91,1.14,61.94,243,3.785,1,29,A,O,Critical,1
1868,,52,64.01,93.05,56.36,92.37,417,4.154,5,13,O,AB,Normal,0
1869,69,27,90.23,54.49,56.17,63.95,955,2.543,0,42,B,O,Routine,0
1870,64,34,85.84,72.36,66.15,60.92,583,3.304,0,30,AB,B,Routine,0
1871,62,63,45.66,74.87,38.39,83.37,991,4.032,0,1,O,O,Routine,1
1872,29,57,66.82,54.98,13.33,53.61,41,3.354,0,28,B,O,Urgent,0
1873,66,47,65.57,77.45,28.01,83.22,67,1.273,2,19,A,O,Normal,0
1874,39,50,46.22,38.46,84.18,48.23,385,2.979,0,11,A,O,Urgent,0
1875,40,55,36.63,40.54,65.44,75.99,727,2.193,0,15,AB,B,Critical,0
1876,22,51,79.37,50.56,90.36,56.01,586,2.314,3,29,A,B,Normal,0
1877,44,61,65.1,1.67,41.17,89.51,106,3.697,5,17,O,A,Urgent,0
1878,18,24,82.46,70.74,74.45,73.19,823,1.592,3,6,B,B,Normal,1
1879,50,54,79.84,51.22,89.58,46.18,227,1.499,2,4,A,O,Normal,1
1880,67,46,79.24,97.09,17.84,57.48,493,2.858,3,21,A,A,Routine,0
1881,67,23,63.74,61.19,54.63,46.05,977,2.213,1,44,B,O,Urgent,0
1882,36,27,69.69,62.85,19.11,72.86,594,3.256,4,9,B,A,Urgent,1
1883,23,50,90.88,56.3,25.95,48.02,658,2.224,2,27,O,O,Urgent,1
1884,44,67,84.21,45.26,14.64,73.15,810,3.07,3,23,B,A,Normal,0
1885,32,39,28.0,35.66,63.54,66.35,153,1.286,0,7,O,O,Critical,1
1886,52,41,85.97,8.64,25.02,67.75,729,2.339,0,11,B,A,Urgent,0
1887,45,68,47.65,85.7,25.65,79.45,710,5.269,5,23,O,O,Normal,0
1888,30,34,36.17,73.04,83.75,95.7,754,3.201,6,4,B,A,Routine,0
1889,60,26,26.48,61.62,74.0,46.75,704,2.174,0,34,O,B,Urgent,0
1890,56,49,46.75,79.86,54.25,78.17,506,1.455,1,7,O,B,Routine,0
1891,21,74,81.08,14.73,41.71,80.96,33,0.613,3,53,A,A,Normal,0
1892,44,71,91.35,39.78,38.5,61.93,748,1.037,0,27,A,A,Urgent,1
1893,62,57,87.35,1.33,56.88,66.59,168,2.983,1,5,A,B,Normal,0
1894,59,22,82.37,35.62,88.73,72.23,64,2.456,3,37,A,A,Urgent,0
1895,22,28,81.87,52.41,43.3,68.13,856,1.664,0,6,B,A,Urgent,0
1896,26,68,47.9,81.16,28.04,49.28,280,2.569,0,42,O,A,Urgent,0
1897,57,28,73.91,80.1,62.52,92.75,868,4.937,0,29,B,A,Urgent,0
1898,55,18,88.78,29.12,68.41,77.25,341,3.492,0,37,B,O,Normal,0
1899,48,76,44.99,79.24,62.15,52.16,274,2.794,0,28,O,A,Normal,0
1900,38,19,72.66,81.2,58.69,48.22,43,1.679,0,19,A,A,Urgent,0
1901,18,62,81.05,36.49,91.96,82.24,972,2.906,5,44,O,A,Urgent,0
1902,48,31,96.5,45.44,81.37,78.72,50,2.375,0,17,A,B,Routine,0
1903,50,26,57.24,39.04,90.0,98.04,154,0.5,2,24,O,AB,Urgent,0
1904,22,60,41.05,85.45,62.84,77.44,656,2.453,0,38,B,B,Critical,1
1905,50,73,90.65,7.91,91.09,89.82,87,0.644,1,23,O,B,Urgent,1
1906,33,38,35.93,27.19,85.53,68.76,984,1.266,1,5,A,O,Normal,0
1907,19,69,28.02,42.24,37.41,82.84,305,2.897,0,50,A,O,Urgent,0
1908,67,51,60.0,70.01,64.41,89.05,826,1.766,0,16,A,A,Urgent,1
1909,66,77,86.35,28.2,68.31,99.0,605,2.132,2,11,B,B,Urgent,1
1910,23,55,65.99,48.73,51.6,92.61,647,1.645,4,32,A,A,Normal,0
1911,44,44,72.98,55.04,24.92,93.14,708,3.61,1,0,A,A,Urgent,1
1912,53,50,29.17,79.1,89.7,87.77,927,2.837,0,3,A,B,Normal,0
1913,62,56,92.54,65.83,68.53,87.29,821,3.099,0,6,O,B,Normal,1
1914,61,40,99.44,79.46,25.98,82.65,219,4.064,0,21,O,O,Normal,1
1915,32,71,91.33,44.95,13.7,87.03,798,2.099,3,39,O,O,Urgent,1
1916,62,27,83.41,38.75,44.14,90.86,102,4.577,1,35,AB,O,Normal,0
1917,43,55,64.81,60.19,78.55,48.16,773,2.722,1,12,O,O,Routine,0
1918,19,27,72.68,34.09,69.47,68.89,172,2.452,5,8,O,B,Normal,0
1919,50,70,81.63,48.98,28.01,63.35,884,4.122,0,20,A,AB,Urgent,1
1920,19,30,73.29,6.16,21.91,88.27,513,1.687,0,11,O,O,Urgent,1
1921,,75,27.87,73.82,91.03,71.77,922,3.46,2,44,A,O,Routine,0
1922,20,66,44.2,38.51,27.59,70.67,198,2.491,0,46,A,O,Normal,0
1923,39,47,65.43,51.41,32.7,66.29,690,4.063,3,8,B,A,Normal,0
1924,46,33,63.67,26.39,55.68,46.67,945,0.5,3,13,B,A,Critical,0
1925,21,59,31.31,47.1,51.85,55.35,656,3.505,2,38,A,A,Normal,0
1926,24,19,47.63,55.17,58.59,82.73,941,3.052,2,5,A,B,Normal,0
1927,66,33,89.83,52.18,68.28,72.44,406,3.775,3,33,AB,B,Urgent,0
1928,65,65,36.21,66.29,88.77,94.98,283,3.065,1,0,A,O,Urgent,0
1929,47,74,49.98,65.01,80.55,94.17,736,1.084,2,27,B,O,Critical,0
1930,19,67,33.36,73.18,53.76,45.92,434,3.911,1,48,B,B,Urgent,0
1931,58,27,85.26,85.69,8.51,84.75,25,2.906,0,31,A,O,Urgent,0
1932,68,48,96.38,81.3,46.15,87.61,906,2.572,0,20,O,A,Critical,1
1933,42,65,28.02,16.41,8.32,75.74,607,2.574,0,23,B,A,Routine,0
1934,34,23,90.04,58.14,96.94,87.81,355,1.551,0,11,B,AB,Urgent,1
1935,28,42,58.66,50.0,97.26,51.9,446,3.889,2,14,AB,A,Critical,0
1936,37,71,95.06,96.46,65.39,72.2,616,3.011,0,34,O,B,Critical,0
1937,27,62,80.36,28.42,59.27,49.33,708,1.935,0,35,O,O,Normal,1
1938,41,65,51.12,82.76,84.64,86.69,541,1.353,4,24,O,A,Normal,0
1939,50,45,76.09,34.96,66.63,80.91,934,3.499,0,5,O,O,Critical,1
1940,56,64,59.11,14.91,89.04,55.85,702,3.815,1,8,B,A,Normal,0
1941,62,21,84.89,11.54,60.86,61.37,492,2.825,1,41,O,O,Normal,0
1942,62,48,77.11,79.15,45.65,62.11,848,0.5,2,14,O,B,Routine,0
1943,50,54,90.14,81.88,49.52,94.83,268,3.515,0,4,A,B,Routine,0
1944,48,21,78.83,76.53,99.91,48.71,188,2.591,2,27,AB,AB,Urgent,0
1945,35,47,87.24,85.66,12.33,91.6,80,2.095,5,12,A,A,Urgent,1
1946,28,19,41.67,66.2,35.88,45.44,703,2.592,0,9,B,A,Urgent,0
1947,25,66,75.24,14.78,27.26,83.55,608,3.663,0,41,O,A,Normal,1
1948,37,55,89.58,83.54,13.53,68.31,426,4.912,0,18,B,A,Critical,0
1949,52,44,72.03,53.63,75.11,71.77,,3.472,5,8,A,O,Normal,0
1950,25,22,27.74,44.62,0.24,49.49,568,2.485,4,3,A,A,Normal,0
1951,30,40,65.54,40.98,92.27,59.15,308,1.523,1,10,A,B,Urgent,0
1952,65,35,29.37,22.67,16.52,71.22,552,2.506,0,30,A,O,Urgent,0
1953,34,,69.9,82.84,6.65,81.01,438,1.607,4,39,A,A,Normal,0
1954,36,43,74.23,21.98,58.09,84.74,653,2.365,1,7,A,O,Urgent,0
1955,55,76,38.06,40.47,29.11,78.7,379,3.797,2,21,O,B,Normal,1
1956,34,41,97.85,24.31,19.4,86.6,565,1.576,2,7,O,O,Normal,1
1957,61,39,64.16,72.58,59.94,92.55,960,3.565,1,22,O,A,Urgent,0
1958,40,60,55.34,11.32,20.76,98.41,83,2.437,0,20,O,O,Urgent,1
1959,52,22,99.63,94.34,22.74,98.3,324,3.471,0,30,B,A,Normal,1
1960,47,24,37.27,10.78,73.16,66.76,547,3.573,2,23,B,O,Urgent,0
1961,60,58,55.92,95.61,3.82,96.1,675,3.014,0,2,O,A,Normal,1
1962,46,32,60.54,82.23,74.81,75.32,897,3.581,3,14,O,AB,Normal,0
1963,69,54,82.24,91.62,8.55,66.07,834,3.246,1,15,B,AB,Urgent,1
1964,43,54,45.14,36.28,56.64,93.91,81,3.107,2,11,B,B,Normal,1
1965,48,31,97.06,14.5,13.57,95.99,52,2.565,1,17,A,A,Urgent,1
1966,21,59,63.25,60.12,89.52,46.43,1000,3.442,2,38,A,O,Normal,0
1967,41,65,40.44,95.25,56.33,46.62,449,2.319,0,24,B,O,Urgent,0
1968,38,21,42.75,19.1,24.49,82.75,556,2.727,0,17,O,B,Urgent,0
1969,36,22,60.1,55.01,0.73,99.64,285,1.451,1,14,O,B,Normal,1
1970,59,73,59.32,38.09,95.31,70.17,822,3.076,1,14,O,A,Urgent,1
1971,43,61,83.31,76.47,56.41,97.75,8,0.973,0,18,O,A,Urgent,1
1972,52,35,60.64,71.59,95.92,49.44,102,2.556,1,17,O,O,Urgent,0
1973,49,48,81.0,1.99,42.47,85.41,291,2.405,0,1,A,A,Urgent,1
1974,49,37,46.99,46.48,50.88,89.14,536,3.173,0,12,A,O,Critical,0
1975,37,50,97.26,6.67,44.9,67.36,186,4.063,2,13,O,B,Critical,1
1976,29,53,38.04,51.07,17.92,60.28,828,2.297,2,24,B,A,Normal,1
1977,37,50,64.4,41.04,71.56,99.36,202,4.152,0,13,A,O,Critical,0
1978,56,70,78.13,46.01,39.79,74.43,368,1.563,0,14,AB,O,Normal,0
1979,19,34,87.92,0.25,38.69,65.39,97,2.809,0,15,A,A,Critical,1
1980,46,35,30.85,47.11,95.54,60.28,527,1.139,3,11,B,A,Critical,0
1981,37,35,68.88,80.89,23.57,83.16,870,3.331,1,2,O,B,Normal,1
1982,39,23,71.68,9.95,56.23,57.23,633,0.788,1,16,A,A,Normal,1
1983,23,56,27.75,49.0,17.51,74.73,1,0.878,2,33,B,A,Critical,0
1984,51,76,40.21,44.75,77.12,89.98,579,0.572,7,25,O,A,Normal,0
1985,43,68,40.5,77.31,65.19,74.26,978,2.032,0,25,O,A,Normal,0
1986,45,46,66.82,93.74,72.5,59.82,156,2.926,1,1,AB,A,Normal,0
1987,21,74,81.35,54.84,74.97,47.95,117,3.323,3,53,O,A,Normal,0
1988,31,43,40.89,56.88,59.77,66.01,439,3.826,3,12,A,B,Normal,0
1989,40,73,76.01,64.66,25.49,81.28,801,3.638,3,33,B,O,Urgent,0
1990,37,72,71.03,25.27,84.9,85.13,314,3.05,3,35,O,AB,Normal,0
1991,45,25,62.92,23.42,27.95,100.0,941,2.969,0,20,O,O,Urgent,1
1992,,40,82.05,25.94,99.45,60.92,377,3.401,0,12,O,O,Normal,1
1993,47,46,46.65,70.36,97.85,55.2,947,2.092,2,1,A,A,Routine,0
1994,52,35,40.99,85.96,99.38,74.5,311,2.41,1,17,O,B,Urgent,0
1995,31,64,36.02,46.75,17.29,83.43,741,3.444,1,33,O,A,Urgent,1
1996,51,62,27.9,63.8,46.58,74.05,415,2.517,4,11,AB,O,Critical,0
1997,46,64,34.99,99.15,27.69,88.42,612,3.484,0,18,A,B,Urgent,0
1998,57,69,85.36,53.15,65.99,82.32,319,1.474,0,12,B,O,Urgent,0
1999,62,22,64.16,19.9,55.8,84.39,476,3.638,0,40,O,A,Normal,0
2000,51,51,95.11,90.06,16.99,78.33,932,1.905,0,0,O,A,Normal,1
2001,62,35,90.08,38.77,81.38,94.01,175,1.802,0,27,O,O,Critical,1
2002,19,61,91.8,22.32,49.95,86.45,610,3.438,2,42,O,B,Normal,1
2003,54,60,99.62,11.19,46.31,89.7,58,1.802,1,6,O,O,Normal,1
2004,33,58,51.61,27.28,50.54,62.12,384,2.308,2,25,A,O,Normal,0
2005,55,50,93.44,87.6,57.88,76.66,234,2.7,0,5,B,O,Normal,0
2006,41,20,69.31,24.53,45.08,54.09,112,2.028,2,21,A,O,Critical,0
2007,22,53,53.54,9.54,37.87,96.6,626,3.069,0,31,O,O,Routine,1
2008,54,20,99.4,76.24,50.35,72.72,842,2.017,2,34,O,B,Normal,1
2009,29,25,66.36,58.75,22.65,51.83,599,2.58,2,4,O,A,Urgent,1
2010,30,46,31.92,3.25,16.71,92.76,518,2.951,1,16,B,B,Normal,1
2011,64,69,32.31,23.68,26.54,45.76,119,1.857,0,5,AB,O,Critical,0
2012,38,45,27.97,62.03,81.84,58.24,861,3.267,1,7,O,O,Critical,0
2013,22,60,26.65,84.83,72.78,92.05,636,2.967,4,38,B,O,Urgent,0
2014,22,74,51.62,20.62,74.83,74.96,309,2.79,0,52,AB,AB,Urgent,0
2015,24,32,55.28,84.64,24.26,64.79,895,2.623,1,8,O,B,Normal,1
2016,34,61,51.84,60.27,88.12,73.06,529,2.353,7,27,B,B,Urgent,0
2017,53,39,82.89,81.66,20.38,74.66,515,2.927,0,14,AB,B,Urgent,0
2018,65,70,28.14,43.08,8.85,45.64,198,1.916,0,5,B,A,Normal,0
2019,60,19,66.38,94.55,57.45,79.37,767,2.855,4,41,B,B,Normal,0
2020,24,45,94.8,79.35,0.21,68.43,697,1.648,0,21,A,O,Urgent,1
2021,54,77,74.47,65.39,57.75,53.92,847,5.265,0,23,B,O,Critical,0
2022,68,77,93.4,91.89,85.58,97.46,272,4.305,0,9,O,O,Urgent,1
2023,51,70,63.95,34.13,84.18,99.86,565,3.445,0,19,A,O,Normal,0
2024,30,76,56.39,37.28,38.99,72.11,206,1.405,0,46,B,A,Normal,0
2025,51,73,69.65,79.84,50.46,45.55,898,1.303,2,22,B,B,Normal,1
2026,50,42,86.36,19.43,45.73,99.08,783,2.975,2,8,O,O,Urgent,1
2027,63,45,66.41,26.79,74.7,83.29,140,3.063,1,18,A,O,Urgent,0
2028,48,32,46.54,32.25,31.41,97.1,,0.861,0,16,A,O,Urgent,0
2029,66,63,72.83,43.14,15.05,97.15,355,2.71,0,3,A,B,Routine,1
2030,54,70,51.83,36.88,31.99,88.16,900,1.873,0,16,A,A,Normal,1
2031,42,43,97.85,35.07,73.04,79.6,352,3.329,1,1,O,A,Urgent,1
2032,69,20,91.9,21.32,1.06,55.43,232,2.991,1,49,O,B,Normal,1
2033,25,49,73.4,8.2,31.03,76.94,605,,2,24,O,O,Normal,1
2034,33,59,28.26,15.81,74.04,71.83,558,2.137,0,26,B,A,Normal,0
2035,25,51,59.03,98.1,19.68,85.99,726,3.63,0,26,B,B,Critical,0
2036,38,20,70.23,22.05,95.22,85.55,800,2.611,0,18,O,A,Normal,1
2037,64,65,96.5,39.88,36.4,85.93,604,5.026,3,1,B,B,Normal,1
2038,48,76,27.73,35.66,67.97,86.53,154,3.874,0,28,O,B,Normal,0
2039,54,22,98.33,98.75,39.32,77.7,758,0.607,0,32,O,O,Critical,1
2040,22,56,43.32,58.03,94.5,72.37,467,1.672,2,34,O,O,Normal,0
2041,47,73,53.47,73.02,7.74,54.01,51,2.115,1,26,B,B,Routine,0
2042,20,54,39.7,9.86,94.58,54.67,313,3.192,0,34,O,O,Critical,0
2043,37,27,69.29,62.39,30.45,72.96,370,,7,10,O,O,Normal,0
2044,37,19,57.9,17.44,37.83,57.47,629,2.965,3,18,B,O,Normal,0
2045,57,36,63.08,29.42,98.85,49.02,447,3.205,1,21,O,O,Normal,1
2046,19,67,80.79,79.1,42.72,64.25,638,1.853,0,48,O,O,Critical,1
2047,18,20,50.06,16.6,49.48,70.68,677,1.923,5,2,AB,A,Routine,0
2048,21,41,30.94,91.67,49.54,48.85,52,2.622,0,20,A,A,Routine,0
2049,51,62,39.38,33.45,3.2,88.15,194,4.532,6,11,B,B,Normal,1
2050,22,25,56.71,85.88,72.38,93.91,951,3.964,0,3,AB,O,Urgent,0
2051,47,35,71.46,83.4,36.02,67.01,852,4.392,0,12,O,O,Urgent,1
2052,68,39,37.16,36.24,38.95,55.46,447,1.983,0,29,O,A,Critical,0
2053,61,48,72.83,91.8,67.02,76.31,620,0.63,0,13,B,A,Normal,0
2054,59,52,85.04,65.98,96.82,77.58,366,1.634,0,7,O,A,Normal,0
2055,69,55,70.17,34.4,14.5,57.68,460,2.741,0,,O,A,Normal,1
2056,28,73,59.17,97.92,0.68,74.54,989,2.267,1,45,O,B,Critical,0
2057,25,21,81.43,88.77,69.12,58.39,716,1.956,1,4,B,B,Urgent,1
2058,27,19,76.32,62.82,77.68,49.88,6,2.422,1,8,A,O,Normal,0
2059,49,34,81.36,20.37,60.58,47.16,298,2.596,1,15,B,O,Urgent,0
2060,37,22,51.55,27.77,18.82,52.62,908,1.438,3,15,B,O,Normal,0
2061,43,35,79.52,60.34,12.94,94.78,554,2.076,2,8,A,O,Urgent,1
2062,52,72,62.42,83.98,64.16,96.65,777,3.63,1,20,A,A,Normal,0
2063,58,30,34.79,89.95,5.43,71.21,14,3.637,2,28,B,A,Urgent,0
2064,63,68,69.72,44.97,59.19,61.95,602,3.569,0,5,B,O,Urgent,0
2065,30,53,58.36,12.45,46.58,81.94,559,1.606,0,23,O,A,Normal,1
2066,48,47,84.34,62.74,93.57,77.38,428,1.651,2,1,O,O,Urgent,1
2067,65,60,64.1,3.26,94.24,91.9,762,2.806,5,5,O,A,Urgent,1
2068,31,24,98.35,37.86,24.55,79.87,214,2.756,1,7,O,B,Urgent,1
2069,52,35,32.6,2.14,64.81,96.62,992,3.785,8,17,A,O,Normal,0
2070,29,59,50.19,44.65,86.36,85.38,179,1.393,4,30,O,B,Normal,0
2071,55,58,69.46,47.17,39.67,92.77,946,1.925,1,3,O,B,Normal,1
2072,68,73,59.89,37.24,14.84,67.09,903,3.02,0,5,O,A,Normal,1
2073,18,20,37.77,90.21,84.52,67.93,786,4.111,1,2,O,B,Normal,0
2074,49,77,81.16,88.38,57.17,69.93,576,1.57,1,28,A,A,Urgent,0
2075,44,31,99.44,7.99,9.5,96.26,268,2.694,0,13,A,O,Critical,1
2076,28,41,84.65,64.79,95.03,61.93,1000,3.698,1,13,O,O,Normal,1
2077,49,47,38.31,23.95,45.27,50.07,406,,3,2,O,B,Urgent,0
2078,30,38,27.6,60.24,15.09,95.04,75,2.622,0,8,O,AB,Normal,1
2079,60,67,33.11,70.71,12.15,51.8,637,2.519,0,7,O,O,Routine,1
2080,46,63,46.09,57.26,62.76,85.41,150,3.425,3,17,O,B,Urgent,0
2081,29,70,90.21,62.4,62.06,97.02,214,2.08,7,41,B,O,Normal,0
2082,19,42,37.24,29.75,0.13,51.55,629,1.184,1,23,A,B,Normal,0
2083,60,37,83.33,81.74,99.27,57.71,652,3.524,4,23,A,O,Urgent,0
2084,31,42,86.58,48.49,84.98,98.08,907,3.848,0,11,A,O,Normal,0
2085,53,57,58.23,0.57,99.93,48.99,785,2.919,0,4,B,O,Normal,0
2086,42,76,53.21,84.85,46.54,95.41,876,2.684,0,34,A,AB,Routine,0
2087,24,68,83.86,56.92,53.84,64.76,390,3.042,1,44,A,A,Critical,1
2088,54,46,54.09,61.22,71.98,92.47,436,2.848,3,8,O,O,Routine,0
2089,29,35,88.02,62.54,55.24,62.42,690,2.667,0,6,A,A,Routine,1
2090,41,36,88.02,11.72,36.28,55.12,,1.654,0,5,O,B,Normal,1
2091,32,45,98.09,49.03,74.87,54.15,288,3.498,2,13,O,A,Normal,1
2092,20,49,67.72,35.17,25.0,49.91,905,2.616,0,29,AB,O,Normal,0
2093,66,36,50.54,15.52,35.05,85.09,84,2.912,1,30,O,B,Urgent,0
2094,62,41,75.69,72.76,52.62,52.23,428,2.763,2,21,B,A,Critical,0
2095,27,23,75.43,43.96,55.07,57.09,317,2.447,1,4,O,AB,Urgent,1
2096,60,72,37.33,16.68,88.8,70.69,191,1.205,2,12,O,O,Normal,0
2097,66,47,42.01,13.1,9.1,60.54,376,3.087,0,19,A,B,Critical,0
2098,52,58,39.27,88.88,56.36,60.75,135,3.995,1,6,B,O,Critical,0
2099,35,53,51.15,63.63,88.3,80.84,853,2.537,8,18,O,O,Normal,0
2100,42,35,86.32,91.52,,56.82,38,1.247,0,7,O,B,Normal,0
2101,25,57,77.37,9.43,94.24,70.69,904,1.552,0,32,A,B,Routine,0
2102,35,63,45.85,10.91,64.43,82.64,611,2.508,0,28,B,B,Urgent,1
2103,54,24,91.54,53.87,18.72,71.18,752,2.455,1,30,A,A,Critical,1
2104,67,64,92.34,94.12,43.13,50.58,65,2.62,0,3,B,A,Urgent,0
2105,48,63,29.03,56.45,74.09,49.42,931,0.914,0,15,B,A,Urgent,0
2106,39,44,45.91,87.21,50.44,80.06,688,3.535,1,5,B,B,Normal,0
2107,40,46,77.5,59.23,54.63,73.73,334,1.388,0,6,O,O,Critical,1
2108,20,59,57.33,34.81,2.68,75.44,109,3.324,3,39,A,O,Urgent,0
2109,50,22,66.35,99.54,9.49,48.46,753,3.845,1,28,AB,B,Urgent,0
2110,24,24,78.32,0.57,14.71,96.07,682,2.942,0,0,O,O,Urgent,1
2111,19,61,81.39,57.91,73.49,94.33,569,2.949,0,42,O,A,Normal,0
2112,47,60,46.95,75.01,21.6,56.54,646,3.307,0,13,O,O,Normal,0
2113,57,50,96.19,90.72,88.86,71.1,420,2.06,2,7,A,O,Urgent,0
2114,36,22,33.22,20.59,76.71,92.92,644,1.141,0,14,O,O,Critical,0
2115,67,73,33.91,69.75,0.7,73.0,90,1.627,0,6,O,O,Routine,0
2116,48,56,81.56,68.63,36.57,51.2,59,4.477,0,8,A,A,Critical,1
2117,41,19,80.6,9.17,98.12,94.25,224,1.41,0,22,O,B,Urgent,1
2118,43,35,47.22,23.35,66.11,61.61,839,2.528,0,8,O,B,Critical,0
2119,48,30,84.44,83.26,45.73,55.61,275,3.124,1,18,B,A,Critical,0
2120,64,68,69.7,1.99,29.09,89.19,861,4.701,0,4,A,B,Critical,0
2121,61,30,73.52,73.69,35.71,88.34,387,3.688,0,31,A,O,Normal,0
2122,37,64,59.07,1.98,68.73,96.01,119,2.692,0,27,O,B,Urgent,1
2123,61,47,77.57,5.73,63.23,65.14,912,1.675,2,14,A,A,Urgent,1
2124,50,49,28.23,92.56,99.19,97.38,769,2.194,0,1,AB,AB,Normal,0
2125,56,29,29.94,58.61,16.04,52.02,619,4.106,6,27,O,A,Urgent,0
2126,37,57,32.98,69.29,85.24,74.87,663,2.903,1,20,O,O,Normal,0
2127,29,27,33.29,15.81,13.93,71.78,47,3.122,3,2,O,B,Routine,0
2128,41,59,30.65,86.37,46.48,80.76,489,1.502,3,18,A,O,Urgent,0
2129,45,60,43.55,66.43,93.61,98.58,321,3.612,0,15,AB,O,Urgent,0
2130,59,43,93.21,69.11,,56.6,336,2.392,0,16,O,A,Normal,1
2131,58,30,60.75,43.68,16.0,48.02,576,1.461,2,28,O,B,Urgent,1
2132,23,53,41.56,52.29,66.95,75.54,708,2.586,2,30,O,B,Urgent,0
2133,34,20,41.43,68.67,81.86,80.13,211,2.009,1,14,A,O,Urgent,0
2134,57,43,85.58,53.38,55.29,49.36,627,,2,14,A,O,Normal,0
2135,35,65,71.56,65.47,51.05,72.6,623,2.28,1,30,B,B,Critical,1
2136,23,75,84.21,65.53,66.6,65.56,623,2.542,0,52,O,O,Urgent,0
2137,62,61,67.62,24.08,43.39,49.13,632,3.764,2,1,AB,B,Critical,0
2138,35,55,84.03,64.06,71.3,68.66,426,1.504,0,20,B,B,Urgent,1
2139,30,23,85.02,68.37,25.17,59.7,319,1.954,1,7,B,B,Normal,1
2140,23,55,84.93,19.02,28.14,65.74,635,0.5,6,32,O,AB,Urgent,1
2141,37,67,40.05,30.12,33.36,98.18,674,3.22,2,30,A,O,Normal,0
2142,25,57,90.28,97.64,47.47,95.97,804,2.87,1,32,A,O,Routine,0
2143,68,55,63.41,9.24,12.48,63.92,752,3.28,0,13,A,O,Normal,1
2144,48,37,57.56,17.02,26.32,93.95,590,2.122,0,11,B,B,Routine,1
2145,37,77,45.44,2.15,82.77,67.57,232,2.621,0,40,A,A,Critical,1
2146,65,23,99.18,91.89,48.99,69.14,666,2.014,1,42,B,O,Normal,0
2147,20,74,85.65,64.54,85.31,54.13,817,4.215,0,54,O,B,Urgent,0
2148,66,33,60.79,44.73,87.43,50.9,567,1.938,4,33,A,O,Urgent,0
2149,57,45,62.75,72.17,21.02,74.22,705,2.955,0,12,O,B,Normal,0
2150,32,23,75.46,28.14,52.13,91.92,357,2.187,6,9,A,A,Critical,1
2151,21,47,27.82,47.62,90.13,63.88,466,3.632,3,26,O,B,Routine,0
2152,38,49,66.32,2.88,39.3,85.63,89,5.112,5,11,B,O,Urgent,0
2153,18,48,61.83,25.8,77.93,93.53,551,2.612,0,30,O,B,Normal,1
2154,32,30,63.0,3.53,33.47,81.88,868,2.731,0,2,O,A,Urgent,1
2155,46,21,91.66,97.09,32.17,50.59,714,1.722,3,25,B,O,Urgent,0
2156,27,45,42.88,72.0,51.67,72.87,617,4.509,0,18,O,A,Critical,0
2157,45,45,53.16,40.41,6.32,80.6,314,3.638,0,0,O,A,Normal,1
2158,54,39,98.12,30.93,30.94,99.89,175,2.344,0,15,A,B,Urgent,1
2159,62,32,97.79,0.2,51.01,60.34,383,1.985,0,30,A,B,Routine,0
2160,20,32,32.08,17.35,25.33,45.72,526,2.608,0,12,A,A,Urgent,1
2161,68,72,62.81,7.41,40.27,74.64,339,1.945,1,4,A,O,Critical,1
2162,32,38,29.73,93.79,43.28,51.15,419,2.291,0,6,B,B,Urgent,1
2163,28,40,81.23,97.41,36.2,50.61,692,1.448,0,12,B,A,Routine,0
2164,28,20,30.67,65.74,45.16,86.84,735,3.743,0,8,AB,B,Urgent,0
2165,46,35,96.19,60.5,25.19,75.89,634,2.723,0,11,A,B,Critical,0
2166,61,56,26.41,7.26,77.93,68.9,381,2.56,1,5,O,A,Urgent,0
2167,21,74,72.28,23.98,50.93,95.0,205,3.238,0,53,O,A,Normal,0
2168,51,59,53.05,87.43,90.8,66.16,484,2.651,4,8,O,A,Critical,0
2169,48,35,51.71,43.99,32.09,71.91,594,3.626,2,13,O,A,Urgent,0
2170,40,30,92.15,81.59,35.84,60.2,933,2.345,3,10,B,O,Urgent,1
2171,50,38,42.84,84.45,57.76,90.26,780,3.936,2,12,O,O,Urgent,1
2172,20,38,61.24,46.58,90.01,72.72,725,3.733,1,18,A,A,Urgent,1
2173,32,61,53.16,17.0,16.77,82.93,815,2.978,0,29,A,A,Urgent,1
2174,63,34,91.11,96.48,3.27,91.97,625,3.788,3,29,A,A,Critical,1
2175,67,36,81.54,88.02,88.41,61.44,531,1.569,0,31,O,O,Normal,1
2176,25,50,28.7,67.12,62.12,74.87,456,1.785,1,25,B,B,Normal,0
2177,41,64,86.63,39.67,94.09,68.09,148,3.555,0,23,O,O,Urgent,1
2178,22,56,89.84,75.19,20.74,57.73,686,2.13,0,34,B,B,Urgent,1
2179,31,43,69.09,10.97,65.3,87.55,90,3.379,5,12,A,A,Normal,1
2180,66,68,79.76,90.26,43.98,72.73,797,2.506,3,2,A,O,Routine,0
2181,18,35,99.0,68.78,1.13,46.18,812,4.915,2,17,O,O,Urgent,1
2182,23,77,56.45,55.46,86.24,48.21,948,2.703,1,54,A,A,Critical,0
2183,55,30,91.41,2.96,67.3,72.13,652,1.333,7,25,A,B,Normal,0
2184,28,65,73.49,39.45,25.51,84.42,298,2.859,3,37,A,O,Urgent,0
2185,60,43,58.8,78.27,47.8,73.54,567,1.843,3,17,A,O,Urgent,0
2186,,23,69.44,52.81,72.88,95.59,110,2.583,2,8,B,O,Normal,0
2187,52,57,36.67,81.18,,70.75,152,2.872,0,5,O,B,Normal,0
2188,21,22,34.45,11.72,71.63,63.67,840,2.21,0,1,A,B,Normal,0
2189,54,47,50.13,53.7,87.08,56.91,472,1.94,5,7,AB,O,Normal,0
2190,41,45,77.88,61.13,90.5,54.06,303,4.508,1,4,AB,A,Urgent,0
2191,36,48,57.47,66.81,66.31,87.4,230,3.452,0,12,A,O,Normal,0
2192,41,47,31.3,73.6,66.88,97.0,412,2.019,1,6,B,B,Urgent,0
2193,29,29,66.32,65.77,73.05,69.01,927,1.854,2,0,A,B,Normal,0
2194,25,73,74.2,78.16,28.93,49.12,14,1.734,5,48,A,O,Normal,0
2195,26,20,57.51,35.93,46.75,85.16,78,3.441,1,6,B,O,Urgent,0
2196,46,48,58.85,77.35,85.89,78.59,124,3.988,1,2,O,A,Critical,0
2197,69,73,98.85,26.09,61.78,65.58,862,0.5,1,4,A,B,Urgent,1
2198,63,50,89.7,20.8,40.89,89.98,549,4.64,3,13,O,O,Urgent,1
2199,23,37,30.23,18.69,20.28,60.6,893,2.711,0,,A,O,Normal,0
2200,32,61,36.32,60.88,1.55,52.64,388,3.221,2,29,A,A,Critical,0
2201,27,65,37.69,32.03,9.0,99.02,53,1.491,0,38,A,A,Urgent,1
2202,55,38,78.92,80.46,55.88,97.79,231,1.245,3,17,O,O,Urgent,0
2203,69,50,55.71,67.61,31.18,83.08,965,2.151,0,19,A,O,Urgent,0
2204,54,58,41.24,49.54,9.12,54.46,680,2.766,0,4,O,AB,Normal,1
2205,49,36,76.14,47.67,48.02,81.53,413,3.149,2,13,A,B,Normal,0
2206,38,43,95.82,8.74,71.35,71.06,537,1.06,0,5,AB,B,Critical,1
2207,27,26,46.4,79.38,34.44,59.3,739,3.348,1,1,B,O,Critical,0
2208,66,76,53.15,10.41,56.87,63.83,298,3.088,8,10,B,O,Urgent,0
2209,24,64,39.05,89.88,56.38,53.41,138,2.608,0,40,A,A,Normal,0
2210,23,77,40.11,92.38,66.2,69.14,859,3.868,2,54,O,B,Urgent,0
2211,44,49,92.4,88.22,99.96,59.28,748,1.902,5,5,A,O,Routine,0
2212,54,72,68.85,87.39,93.3,65.42,630,1.646,2,18,O,O,Critical,0
2213,60,44,25.63,68.39,7.64,70.78,809,3.333,0,16,O,O,Critical,0
2214,20,55,33.18,72.47,16.58,53.08,892,2.422,2,35,A,O,Normal,0
2215,24,48,72.5,72.31,67.98,97.16,92,2.392,4,24,O,A,Routine,0
2216,62,24,72.17,76.12,95.82,73.53,907,1.879,0,38,O,A,Urgent,0
2217,39,23,63.96,34.15,40.04,52.07,708,5.059,1,16,A,O,Routine,0
2218,29,27,65.0,17.39,22.8,55.26,151,2.142,5,2,A,B,Critical,1
2219,51,21,89.24,33.4,75.2,76.03,83,0.961,1,30,B,B,Normal,1
2220,51,51,80.64,2.93,0.92,82.01,977,3.374,4,0,A,B,Urgent,1
2221,65,73,80.2,32.67,1.97,98.95,654,4.541,1,8,B,O,Normal,1
2222,24,45,30.76,21.61,48.96,98.77,352,3.786,0,21,O,O,Urgent,0
2223,48,44,36.22,6.3,27.06,53.11,535,2.312,4,4,A,O,Normal,0
2224,46,34,67.16,97.7,89.94,56.03,338,3.414,2,12,O,O,Critical,0
2225,62,39,59.71,35.78,57.97,,544,1.186,1,23,AB,A,Urgent,0
2226,21,24,45.21,45.2,55.92,73.22,886,3.067,0,3,O,A,Urgent,1
2227,52,41,37.73,24.2,15.73,71.17,719,2.475,1,11,O,AB,Routine,0
2228,35,61,34.2,86.06,61.58,46.74,636,2.234,0,26,O,B,Routine,0
2229,19,71,52.0,15.03,31.62,63.65,393,3.044,8,52,O,A,Routine,0
2230,,69,47.89,76.89,64.74,66.82,143,3.292,2,48,AB,O,Routine,0
2231,30,40,99.1,57.1,80.86,77.36,802,3.456,2,10,O,A,Normal,1
2232,36,25,79.01,30.86,79.75,46.42,230,2.854,0,11,O,O,Urgent,1
2233,22,68,99.82,97.51,16.0,73.0,233,3.245,0,46,O,B,Normal,1
2234,69,54,77.54,12.53,34.23,50.51,335,5.603,0,15,B,A,Routine,0
2235,39,36,80.57,8.07,10.98,59.21,419,2.953,2,3,O,O,Urgent,1
2236,50,36,94.53,54.33,41.92,89.01,481,1.736,1,14,A,B,Normal,0
2237,51,19,51.95,21.29,22.03,80.42,765,3.178,0,32,A,B,Normal,0
2238,47,29,36.7,89.39,35.32,51.91,30,2.496,1,18,AB,O,Urgent,0
2239,63,43,86.17,9.19,47.1,92.79,717,3.668,2,20,O,A,Critical,1
2240,27,59,82.07,37.2,64.73,82.75,208,3.26,3,32,O,B,Urgent,1
2241,61,60,55.14,61.47,9.73,61.92,390,2.101,3,1,O,B,Critical,1
2242,46,63,69.0,26.67,84.54,68.57,926,4.851,2,17,A,O,Urgent,0
2243,20,52,28.35,21.87,54.95,93.8,47,2.066,4,32,A,O,Routine,0
2244,19,67,70.82,8.04,16.11,81.56,11,1.435,2,48,B,A,Urgent,0
2245,61,60,39.0,10.11,87.63,82.64,50,1.46,6,1,O,O,Urgent,0
2246,20,31,31.33,94.17,85.65,94.28,484,2.466,2,11,O,A,Normal,0
2247,31,37,53.0,32.67,30.32,80.9,607,3.349,3,6,O,O,Urgent,1
2248,69,76,26.49,37.15,47.1,82.41,498,1.94,3,7,O,O,Normal,0
2249,51,70,25.96,9.59,44.65,73.47,826,2.772,1,19,O,A,Normal,0
2250,43,50,47.33,43.22,65.07,51.36,337,2.567,0,7,O,B,Normal,0
2251,32,72,90.42,72.08,48.41,98.46,259,1.011,3,40,B,O,Normal,0
2252,58,41,70.55,78.86,5.59,92.87,201,3.926,3,17,A,A,Normal,0
2253,25,75,81.86,48.76,6.9,94.06,168,3.053,0,50,O,B,Urgent,0
2254,62,44,63.38,40.74,5.75,50.98,721,3.4,0,18,A,B,Routine,0
2255,36,76,65.5,42.02,2.38,47.07,903,3.117,3,40,O,A,Routine,0
2256,43,36,42.13,65.05,73.51,96.8,99,0.609,0,7,A,B,Normal,0
2257,64,21,86.11,62.6,56.32,93.11,890,2.348,1,43,A,O,Critical,0
2258,22,22,78.1,54.05,30.07,88.74,19,4.977,8,0,O,A,Urgent,0
2259,59,34,35.97,16.03,25.57,77.45,171,2.772,1,25,O,A,Normal,0
2260,66,41,62.4,48.51,22.15,50.48,507,3.041,0,25,A,O,Urgent,0
2261,63,25,47.05,24.48,21.2,71.03,542,3.034,7,38,O,O,Normal,1
2262,60,66,48.86,63.31,99.58,80.3,951,3.131,0,6,A,O,Urgent,0
2263,57,42,94.28,92.97,25.94,64.8,426,0.5,3,15,O,B,Urgent,0
2264,48,63,48.59,52.66,96.65,85.12,915,1.189,0,15,O,B,Normal,0
2265,44,39,96.54,44.41,70.18,76.3,561,1.629,0,5,A,A,Urgent,1
2266,52,38,43.0,59.63,1.84,85.02,153,2.536,0,14,B,O,Routine,0
2267,21,21,96.94,64.61,32.39,96.35,220,3.112,0,0,O,A,Normal,0
2268,43,28,35.27,27.75,53.88,45.03,748,4.519,0,15,O,A,Normal,0
2269,43,51,98.64,92.32,71.12,56.7,117,1.454,3,8,O,A,Routine,0
2270,69,38,93.58,61.76,50.12,70.63,387,3.445,0,31,O,B,Normal,0
2271,61,39,64.93,6.35,16.07,53.17,785,1.886,3,22,A,B,Urgent,1
2272,29,52,88.92,95.93,33.0,58.48,34,4.417,0,23,B,A,Urgent,0
2273,38,31,57.76,74.06,26.53,90.65,443,1.889,1,7,A,B,Urgent,0
2274,44,77,90.15,92.06,95.68,75.22,792,3.966,1,33,A,A,Urgent,0
2275,24,19,53.02,5.65,46.16,63.67,30,1.999,0,5,B,A,Critical,0
2276,33,50,87.15,93.56,94.02,65.94,771,1.389,6,17,B,A,Normal,0
2277,61,21,86.54,83.15,99.46,80.77,178,2.355,1,40,O,O,Normal,1
2278,50,40,93.35,72.66,67.27,47.39,62,1.675,1,10,O,A,Urgent,0
2279,65,74,60.67,45.98,37.96,49.55,112,3.108,0,9,B,B,Urgent,1
2280,36,54,65.51,83.51,15.52,87.76,489,1.302,3,18,B,O,Urgent,1
2281,65,37,97.58,40.39,87.88,46.89,103,2.604,0,28,A,AB,Routine,1
2282,48,56,34.59,43.33,89.96,52.43,715,3.146,3,8,B,B,Normal,0
2283,65,20,65.36,38.56,12.35,46.29,166,3.955,0,45,O,O,Normal,0
2284,68,23,60.36,2.69,62.59,84.67,122,4.458,3,45,A,A,Normal,0
2285,67,38,64.19,34.78,61.42,56.49,703,0.556,4,29,B,A,Urgent,0
2286,35,41,65.9,35.23,81.3,89.16,220,1.834,4,6,O,O,Urgent,1
2287,42,53,30.35,11.64,9.04,88.95,127,3.203,0,11,AB,B,Urgent,0
2288,39,23,45.26,59.52,6.92,78.37,354,2.172,0,16,B,B,Urgent,1
2289,32,18,27.79,94.91,81.42,86.54,740,2.51,0,14,B,O,Urgent,0
2290,43,63,65.34,20.05,40.91,68.11,392,4.924,1,20,O,A,Normal,0
2291,46,60,52.65,54.08,91.26,61.77,296,3.117,2,14,A,B,Routine,0
2292,62,47,97.47,54.66,12.48,83.84,90,3.709,0,15,B,B,Urgent,1
2293,36,42,81.56,69.55,89.93,59.55,737,2.783,0,6,O,A,Routine,0
2294,65,60,27.02,39.2,10.31,76.51,70,4.76,0,5,O,O,Routine,0
2295,62,47,96.76,42.77,49.37,56.46,131,3.932,8,15,O,O,Routine,0
2296,58,28,45.32,31.07,88.03,95.06,41,2.342,2,30,O,B,Critical,0
2297,19,56,70.9,54.13,67.0,85.41,868,1.593,5,37,A,A,Normal,0
2298,40,45,84.28,69.07,17.88,85.39,412,2.251,1,5,O,B,Normal,0
2299,48,43,98.0,95.63,18.04,92.47,615,2.359,0,5,O,O,Urgent,1
2300,49,37,83.79,0.26,89.39,59.83,335,1.667,1,12,B,O,Routine,0
2301,64,48,65.92,83.78,77.43,80.24,448,3.706,0,16,A,O,Critical,0
2302,37,35,74.56,3.79,46.67,87.99,698,2.545,1,2,O,O,Critical,1
2303,60,34,35.69,68.45,76.45,65.24,80,1.633,4,26,A,A,Critical,0
2304,68,50,91.44,61.67,77.37,49.38,941,2.034,1,18,B,O,Routine,0
2305,55,59,85.84,8.86,60.01,48.18,233,4.103,0,4,O,A,Normal,1
2306,26,55,33.43,29.8,40.53,68.32,457,1.974,0,29,O,B,Normal,1
2307,42,63,49.4,41.64,80.45,98.41,769,3.452,2,21,B,O,Routine,0
2308,26,61,95.54,40.73,32.53,94.12,714,0.543,0,35,O,O,Urgent,1
2309,53,66,64.83,36.51,39.1,46.31,571,1.121,1,,B,O,Normal,0
2310,53,40,51.88,12.1,78.08,85.11,916,0.5,3,13,A,O,Normal,0
2311,59,31,44.12,53.11,48.31,46.48,597,2.991,1,28,O,O,Normal,0
2312,24,27,38.35,96.54,84.47,66.0,700,1.309,2,3,B,A,Urgent,0
2313,55,31,94.67,78.67,5.07,55.58,626,3.317,0,24,B,O,Normal,0
2314,54,31,31.42,18.26,41.84,90.74,650,3.511,1,23,AB,B,Normal,0
2315,46,24,62.84,87.09,37.32,66.94,568,2.607,4,22,A,O,Urgent,0
2316,20,54,89.83,80.59,76.88,90.63,495,0.5,0,34,B,O,Urgent,0
2317,48,20,93.43,22.56,74.29,91.47,987,3.421,0,28,B,A,Normal,0
2318,39,44,61.52,95.14,96.65,94.24,833,2.621,,5,O,B,Critical,0
2319,41,30,31.75,98.74,36.11,47.96,378,2.75,0,11,O,B,Normal,0
2320,60,50,98.61,3.47,9.48,73.45,464,3.166,3,10,B,B,Normal,1
2321,50,71,98.31,13.88,55.59,66.01,662,2.408,2,21,A,B,Urgent,0
2322,33,51,46.54,1.18,21.63,46.54,302,3.298,1,18,O,A,Routine,1
2323,62,76,27.2,65.75,57.78,58.29,429,2.952,6,14,O,O,Urgent,0
2324,21,72,88.71,74.02,39.8,76.4,925,1.902,4,,O,A,Normal,0
2325,37,34,61.8,76.17,68.83,53.79,510,2.033,2,3,A,A,Urgent,1
2326,29,47,99.41,59.18,88.33,76.13,844,4.654,4,18,A,A,Urgent,1
2327,42,64,42.59,98.22,20.57,62.18,331,3.888,3,22,O,O,Urgent,0
2328,43,54,30.9,74.1,22.95,93.27,141,2.068,0,11,O,O,Urgent,0
2329,45,25,42.45,4.28,53.59,47.86,917,3.085,7,20,A,O,Normal,0
2330,28,28,77.23,28.49,60.93,46.14,492,3.312,3,0,B,O,Urgent,1
2331,63,59,87.45,81.89,7.33,58.01,600,4.01,4,4,B,O,Normal,0
2332,19,35,94.73,42.5,14.51,50.86,780,2.103,1,16,O,A,Normal,1
2333,42,29,95.42,0.16,18.11,92.96,17,0.5,0,13,A,B,Normal,1
2334,28,22,27.38,26.9,26.23,73.72,990,0.5,0,6,O,B,Critical,1
2335,56,48,89.8,8.97,58.23,99.03,387,2.423,3,8,O,B,Normal,1
2336,36,19,55.41,64.64,1.89,54.13,680,3.502,3,17,B,O,Normal,0
2337,68,32,38.13,82.5,9.27,99.21,865,3.615,2,36,A,B,Normal,0
2338,34,64,52.08,89.43,47.28,88.13,311,1.227,4,30,A,O,Normal,0
2339,59,28,88.99,97.08,22.74,59.01,518,3.64,2,31,B,O,Normal,0
2340,21,40,95.75,66.24,66.48,53.48,,3.313,0,19,B,B,Urgent,1
2341,33,21,35.95,46.51,57.93,73.64,619,2.083,0,12,O,O,Normal,0
2342,48,60,47.6,86.61,62.14,72.44,27,0.5,0,12,A,O,Normal,0
2343,47,30,91.16,70.46,64.2,88.69,63,3.055,1,17,A,O,Urgent,0
2344,52,76,90.78,24.36,23.16,,954,2.53,3,24,O,A,Routine,1
2345,34,22,81.31,57.34,93.42,69.15,828,4.212,3,12,B,B,Normal,1
2346,43,27,28.74,20.55,56.6,75.48,852,1.715,0,16,B,A,Normal,0
2347,36,58,34.91,74.5,92.84,88.26,755,2.51,5,22,A,AB,Critical,0
2348,50,64,53.48,94.25,93.93,94.64,59,2.903,0,14,A,A,Critical,0
2349,59,46,76.76,13.96,3.55,91.47,382,3.31,2,13,B,B,Urgent,1
2350,40,18,57.52,43.84,23.79,46.95,930,1.691,0,22,B,AB,Urgent,1
2351,48,75,44.4,97.45,93.81,56.8,317,4.024,4,27,AB,O,Urgent,0
2352,62,21,69.92,69.32,1.49,76.52,884,3.526,0,41,B,B,Normal,0
2353,20,31,71.37,61.92,84.25,87.37,783,2.437,6,11,O,B,Normal,1
2354,69,22,60.07,71.51,54.53,93.63,937,2.474,0,47,O,B,Urgent,0
2355,42,66,88.53,21.23,78.5,57.84,527,1.446,6,24,O,A,Urgent,0
2356,19,32,,9.78,42.62,98.76,687,2.134,1,13,B,A,Normal,1
2357,43,33,44.34,10.88,46.69,88.19,904,3.375,2,10,O,O,Urgent,1
2358,42,75,56.42,55.34,58.83,65.03,66,4.928,0,33,O,A,Urgent,0
2359,33,65,25.2,12.49,36.39,70.64,139,3.099,4,32,O,A,Critical,0
2360,56,59,47.99,59.62,3.44,95.09,141,1.263,6,3,B,A,Normal,0
2361,40,77,37.7,77.63,97.31,64.04,327,3.522,1,37,O,AB,Critical,0
2362,22,73,67.57,31.17,44.73,82.25,418,1.476,1,51,B,AB,Normal,0
2363,30,32,58.76,60.83,46.7,80.18,127,2.226,3,2,AB,AB,Routine,0
2364,67,65,66.89,91.48,44.96,97.75,921,2.945,3,2,O,A,Normal,0
2365,49,23,98.2,37.03,68.8,69.09,495,2.326,7,26,O,B,Normal,1
2366,42,62,87.68,90.74,25.18,56.49,307,1.13,5,20,O,AB,Routine,0
2367,57,58,39.59,87.31,69.01,89.61,501,2.716,0,1,O,O,Normal,0
2368,51,64,92.06,83.39,29.72,90.71,481,3.478,0,13,A,A,Critical,1
2369,36,77,98.48,8.73,24.25,96.96,633,3.006,0,41,B,A,Normal,1
2370,59,29,99.69,87.54,10.66,75.29,252,1.7,0,30,O,O,Normal,1
2371,52,29,33.58,12.0,51.48,54.82,768,2.249,6,23,O,A,Normal,0
2372,58,72,58.81,74.89,23.22,64.85,718,3.173,0,14,B,O,Normal,0
2373,48,59,93.3,75.4,9.69,82.5,329,0.734,0,11,O,A,Normal,1
2374,18,51,76.14,78.72,30.12,94.54,65,4.036,0,33,AB,O,Critical,0
2375,36,40,52.43,59.07,90.09,93.42,654,0.817,2,4,O,O,Critical,1
2376,52,77,97.52,87.96,43.38,67.51,200,2.09,0,25,O,O,Normal,1
2377,46,29,33.01,40.1,14.24,80.42,353,4.195,0,17,A,O,Normal,0
2378,38,67,77.02,41.44,91.03,55.56,842,0.746,1,29,A,O,Critical,0
2379,61,58,69.12,73.78,58.81,78.77,521,1.45,4,3,B,A,Critical,0
2380,43,45,38.22,49.07,37.6,55.67,701,3.402,1,2,B,O,Urgent,0
2381,26,21,52.48,29.62,30.51,51.3,558,1.884,0,5,O,A,Urgent,1
2382,61,66,56.28,10.86,97.49,92.32,508,1.159,0,5,O,AB,Critical,1
2383,40,32,51.3,50.33,52.71,71.58,694,1.326,1,8,AB,O,Normal,0
2384,23,55,94.1,35.74,44.21,95.46,474,3.676,4,32,O,A,Routine,1
2385,48,45,53.61,59.04,61.11,53.86,775,1.143,3,3,A,A,Routine,0
2386,64,38,51.93,28.42,24.57,80.55,196,0.5,1,26,AB,O,Critical,0
2387,69,39,74.62,44.2,85.24,66.21,583,4.806,0,30,O,B,Normal,1
2388,29,70,34.27,79.77,35.2,87.96,824,4.883,8,41,B,O,Normal,0
2389,23,72,70.14,80.52,1.41,54.04,933,2.47,0,49,O,A,Normal,0
2390,48,68,60.76,67.8,39.21,93.82,808,2.191,4,20,B,A,Normal,0
2391,34,32,81.1,80.04,47.68,77.67,435,3.389,1,2,O,O,Critical,1
2392,62,18,73.57,27.93,7.91,94.5,425,2.191,1,44,A,B,Critical,0
2393,19,77,98.52,40.8,15.15,98.08,265,1.409,0,58,O,AB,Routine,1
2394,60,71,48.4,68.51,67.02,98.94,599,2.63,0,11,A,O,Critical,0
2395,63,35,56.43,89.03,58.87,72.22,700,1.382,0,28,O,O,Normal,0
2396,38,68,63.81,31.98,92.77,54.79,486,5.063,4,30,O,AB,Normal,1
2397,64,30,61.22,67.59,15.67,98.6,540,2.159,1,34,O,O,Normal,1
2398,60,38,92.42,24.68,46.83,97.45,317,3.178,0,22,B,AB,Urgent,1
2399,45,76,66.46,38.27,51.33,76.16,230,4.47,0,31,O,O,Urgent,1
2400,58,54,59.09,48.09,54.89,70.75,559,3.242,0,4,B,O,Critical,0
2401,41,62,30.99,39.1,60.31,94.54,81,3.216,0,21,B,A,Normal,0
2402,42,60,27.39,57.11,34.6,53.15,3,4.875,3,18,AB,B,Critical,0
2403,68,42,27.49,47.87,0.53,87.99,813,3.117,1,26,O,O,Normal,0
2404,62,28,36.34,94.88,81.68,79.72,881,2.668,3,34,A,A,Urgent,0
2405,35,60,66.29,72.38,41.59,89.54,436,1.889,5,25,A,B,Routine,0
2406,45,59,82.73,77.16,55.13,95.77,603,3.801,4,14,O,B,Routine,0
2407,53,43,50.23,25.66,76.5,88.29,185,2.356,0,10,AB,B,Critical,0
2408,56,38,75.84,62.04,75.43,99.71,450,3.423,1,18,O,A,Critical,1
2409,19,31,48.53,9.59,57.38,99.47,753,4.585,1,12,O,O,Normal,1
2410,49,59,84.3,30.72,22.68,47.86,694,1.878,2,10,A,O,Normal,1
2411,31,48,64.43,79.81,61.91,91.34,639,3.286,0,17,O,O,Normal,0
2412,62,42,42.86,53.09,58.53,56.22,975,2.495,3,20,O,O,Normal,0
2413,53,74,90.65,64.67,71.38,95.4,966,2.746,0,21,O,O,Normal,1
2414,47,41,44.89,90.11,9.07,76.38,923,2.895,1,6,AB,A,Routine,0
2415,52,20,58.38,28.11,74.73,48.76,97,2.181,0,32,B,O,Normal,0
2416,39,37,45.66,53.26,30.34,71.92,819,3.095,0,2,O,B,Normal,1
2417,51,31,98.98,53.04,22.98,66.56,481,3.139,4,20,O,O,Urgent,1
2418,24,25,74.38,78.23,,53.86,514,1.696,0,1,B,O,Normal,0
2419,39,38,27.06,77.42,90.16,95.32,2,2.607,0,1,O,B,Normal,0
2420,47,70,45.89,65.55,87.75,45.14,336,4.805,1,23,O,A,Normal,0
2421,31,25,90.91,57.58,24.75,88.79,760,2.299,1,6,B,B,Urgent,0
2422,23,45,37.27,55.62,44.3,52.67,,3.222,2,22,A,B,Critical,0
2423,47,19,64.08,61.39,52.68,82.24,19,3.035,1,28,B,A,Normal,0
2424,32,59,61.1,76.01,78.73,58.44,775,0.5,3,27,O,AB,Urgent,0
2425,24,77,52.13,34.87,85.01,75.01,792,3.518,1,53,A,A,Urgent,1
2426,44,22,35.03,35.85,87.94,65.41,213,2.812,3,22,B,O,Routine,0
2427,33,30,83.64,78.38,91.02,75.76,699,1.633,2,3,O,O,Routine,1
2428,50,63,94.74,70.55,92.68,57.67,519,4.207,0,13,O,O,Normal,0
2429,21,51,41.73,28.79,30.04,91.29,595,3.982,0,30,B,O,Critical,0
2430,22,23,96.88,76.4,75.91,48.64,887,3.455,2,1,A,O,Normal,0
2431,28,63,44.83,99.77,34.1,63.7,215,3.732,1,35,B,B,Normal,0
2432,56,41,79.83,25.03,53.73,86.22,809,2.509,2,15,AB,O,Urgent,0
2433,51,41,32.33,79.43,81.9,85.36,264,2.6,1,10,A,O,Normal,0
2434,68,53,61.1,88.7,81.11,86.98,347,1.291,2,15,O,B,Urgent,0
2435,23,27,63.18,72.27,65.54,66.34,246,2.341,1,4,B,B,Critical,1
2436,18,61,87.61,26.83,46.79,53.16,892,2.334,3,43,O,A,Urgent,0
2437,44,27,44.07,39.34,,48.4,23,3.333,0,17,A,O,Critical,0
2438,41,69,72.99,41.75,56.97,77.76,548,3.768,8,28,A,B,Normal,0
2439,47,40,37.23,38.52,85.67,57.33,485,3.411,4,7,O,O,Normal,0
2440,25,64,60.04,71.71,86.19,87.03,432,0.804,0,39,B,AB,Urgent,0
2441,28,70,81.99,88.02,45.24,63.02,915,1.721,1,42,O,O,Critical,0
2442,20,47,59.33,81.63,56.52,95.97,81,3.318,0,27,A,O,Critical,0
2443,59,22,72.22,87.28,18.67,97.68,368,1.779,1,37,B,O,Urgent,0
2444,28,26,85.32,40.17,79.86,98.04,140,3.338,0,2,O,B,Urgent,1
2445,66,23,39.17,70.58,66.71,63.47,1,3.007,8,43,A,O,Urgent,0
2446,64,50,85.88,42.56,17.83,63.22,605,1.884,7,14,O,B,Critical,1
2447,19,45,28.84,79.19,5.43,63.65,520,2.692,1,26,B,A,Normal,0
2448,49,20,68.53,78.77,90.92,71.38,339,2.332,0,29,O,O,Normal,0
2449,22,75,75.6,66.12,56.45,49.35,483,2.205,1,53,B,A,Normal,0
2450,35,26,48.79,92.21,8.32,81.41,650,4.245,1,9,O,A,Routine,0
2451,62,63,85.28,42.75,97.07,80.93,342,5.1,1,1,O,B,Urgent,0
2452,50,65,28.6,50.28,97.04,88.91,963,2.039,0,15,O,O,Normal,0
2453,53,56,91.03,74.92,57.48,64.42,594,3.401,2,3,O,O,Critical,1
2454,38,19,30.69,96.29,95.33,97.61,446,2.052,1,19,AB,A,Normal,0
2455,46,33,93.94,96.38,18.71,75.62,198,2.498,3,13,O,A,Urgent,0
2456,27,36,53.51,81.39,84.92,73.73,536,3.292,4,,A,O,Routine,0
2457,41,,29.49,11.35,57.74,49.11,597,2.897,0,10,A,A,Normal,1
2458,21,29,62.47,87.84,66.9,97.18,576,3.49,0,8,O,O,Urgent,1
2459,21,52,46.59,52.9,12.78,75.35,138,0.616,3,31,A,O,Normal,0
2460,39,23,36.74,97.92,22.85,66.08,264,3.489,0,16,A,O,Routine,0
2461,45,44,36.47,65.78,38.07,53.22,428,4.379,0,1,A,O,Critical,0
2462,33,43,82.63,17.61,45.03,70.31,31,3.057,0,10,A,O,Normal,1
2463,52,20,40.96,93.56,57.48,54.51,269,0.5,1,32,B,A,Urgent,0
2464,68,28,37.79,59.83,52.03,93.35,843,1.67,1,40,O,B,Urgent,1
2465,26,59,37.61,6.55,94.64,99.84,947,,4,33,A,B,Urgent,0
2466,35,20,73.87,18.51,29.44,68.64,922,2.561,5,15,B,B,Routine,1
2467,68,46,60.57,17.23,40.09,65.01,436,1.855,1,22,A,B,Routine,0
2468,35,58,43.97,10.83,54.15,83.72,648,1.521,1,23,A,A,Normal,1
2469,35,27,37.8,34.61,67.8,64.75,428,3.696,0,8,O,O,Normal,0
2470,57,70,73.17,74.23,43.1,50.47,198,3.668,0,13,O,A,Urgent,1
2471,54,25,78.96,5.31,86.91,67.05,111,3.468,1,29,O,O,Normal,0
2472,57,29,59.0,2.05,23.21,75.91,688,1.713,0,28,O,O,Critical,1
2473,26,26,54.34,70.98,83.41,55.88,687,2.593,3,0,O,A,Urgent,0
2474,54,41,80.82,16.7,37.41,52.24,559,3.646,0,13,O,A,Critical,1
2475,63,53,76.2,68.18,39.79,76.36,71,2.723,2,10,O,O,Normal,1
2476,47,36,77.81,21.01,71.4,99.59,767,3.081,2,11,O,O,Urgent,1
2477,34,29,75.74,39.98,64.49,99.97,680,2.574,0,5,O,B,Urgent,1
2478,51,23,38.72,52.44,50.8,53.41,677,2.387,1,28,O,A,Normal,0
2479,36,43,78.0,18.5,65.09,80.26,369,3.436,1,7,B,A,Routine,0
2480,22,30,62.68,53.69,43.87,93.29,987,1.47,0,8,A,B,Routine,1
2481,63,61,55.38,26.64,1.42,88.48,291,3.525,0,2,O,A,Urgent,1
2482,28,35,92.07,50.1,37.88,52.23,788,1.641,8,7,AB,B,Routine,0
2483,68,33,42.17,91.21,47.37,89.81,348,4.712,0,35,A,B,Urgent,0
2484,47,60,92.19,78.27,96.21,90.81,75,2.128,1,13,B,A,Normal,0
2485,45,44,65.42,52.29,77.53,61.39,108,3.413,8,1,O,B,Urgent,0
2486,41,56,57.17,42.21,18.09,74.97,168,2.599,6,15,A,A,Normal,0
2487,42,24,25.81,77.72,6.24,51.74,312,3.423,1,18,A,O,Critical,0
2488,34,22,25.01,3.31,45.18,56.46,907,1.639,0,12,O,B,Urgent,1
2489,55,27,43.33,41.44,85.55,99.02,542,4.026,0,28,A,A,Urgent,1
2490,61,35,58.16,67.81,86.02,87.17,517,2.983,0,26,A,A,Normal,0
2491,42,50,96.55,52.38,44.56,80.69,86,3.691,0,8,O,A,Urgent,1
2492,56,60,87.25,60.06,19.14,71.31,712,2.209,1,4,O,O,Normal,1
2493,63,68,99.71,28.43,17.28,75.84,812,4.063,3,5,A,B,Critical,1
2494,68,30,95.68,94.35,45.3,90.45,390,2.85,0,38,O,O,Critical,1
2495,44,24,44.89,85.38,67.88,96.87,151,1.826,0,20,A,B,Routine,0
2496,66,66,60.56,87.66,73.91,49.14,83,2.566,1,0,B,O,Normal,0
2497,42,25,29.24,15.47,48.74,67.33,130,2.102,1,17,A,B,Urgent,0
2498,18,27,97.2,10.88,10.99,73.65,852,2.365,3,9,O,B,Urgent,1
2499,28,38,70.16,74.89,87.49,89.52,53,2.696,1,10,O,B,Routine,0
2500,31,63,29.62,7.04,91.03,45.98,222,1.023,1,32,O,O,Normal,0
2501,66,43,76.72,95.31,13.68,87.06,793,3.66,1,23,O,O,Urgent,1
2502,20,29,70.5,32.35,46.19,56.59,889,3.251,0,9,O,O,Normal,1
2503,42,48,78.5,60.21,69.05,55.39,597,2.851,3,6,O,B,Normal,0
2504,52,30,66.53,90.26,77.81,59.72,946,3.068,0,22,B,O,Normal,0
2505,18,63,73.67,35.82,16.01,52.42,831,1.754,6,45,O,O,Critical,1
2506,30,59,82.85,27.71,3.88,48.01,615,3.098,1,29,B,O,Urgent,1
2507,63,56,85.62,6.71,24.46,81.98,603,2.153,3,7,A,A,Normal,1
2508,43,35,62.47,35.06,92.43,63.11,16,1.502,8,8,O,O,Urgent,1
2509,61,18,92.21,81.66,30.95,99.16,594,4.525,3,43,O,O,Urgent,1
2510,63,72,32.65,18.22,37.24,72.61,376,3.269,0,9,O,B,Normal,0
2511,60,40,81.76,81.02,34.86,56.18,526,2.913,1,20,A,B,Routine,0
2512,54,28,31.79,64.73,15.88,98.85,708,1.315,1,26,B,B,Critical,1
2513,25,22,78.06,43.91,68.78,78.66,835,3.707,4,3,O,A,Urgent,1
2514,47,54,57.75,94.11,3.97,69.76,880,3.236,3,7,A,O,Normal,0
2515,63,49,44.06,16.47,94.92,85.5,22,1.347,7,14,O,A,Normal,0
2516,46,66,50.74,28.51,77.63,65.0,916,0.889,3,20,B,A,Normal,0
2517,60,49,39.45,99.5,65.66,73.94,722,2.589,0,11,O,O,Critical,0
2518,67,73,79.38,19.03,24.59,70.8,991,0.811,0,6,B,A,Normal,1
2519,40,70,71.36,70.57,14.78,70.78,280,2.953,4,30,A,O,Routine,0
2520,30,22,67.03,89.77,92.29,55.34,703,3.019,8,8,B,O,Routine,0
2521,19,36,85.17,86.75,55.18,95.41,976,2.482,0,17,O,A,Urgent,1
2522,29,41,93.99,77.82,73.8,,934,4.104,0,12,A,B,Normal,0
2523,35,50,93.64,68.99,49.38,93.68,395,4.431,0,15,B,A,Urgent,0
2524,21,23,26.49,89.89,82.28,67.71,464,3.467,0,2,O,A,Critical,0
2525,66,21,43.82,63.87,89.46,94.91,905,3.266,0,45,O,O,Critical,0
2526,31,57,90.96,96.36,69.77,52.54,665,1.648,0,26,O,A,Critical,0
2527,25,48,75.41,37.23,22.93,68.98,732,2.633,8,23,B,A,Normal,0
2528,54,31,31.7,71.17,60.48,60.53,33,2.318,0,23,B,B,Critical,0
2529,63,72,59.4,87.19,3.29,74.55,207,1.63,1,9,A,O,Urgent,0
2530,59,57,27.75,9.32,5.3,85.81,780,3.755,0,2,AB,A,Urgent,1
2531,29,59,72.61,68.37,26.16,55.86,779,3.718,0,30,O,A,Urgent,1
2532,61,32,56.94,99.0,3.93,63.03,321,3.29,2,29,O,A,Normal,0
2533,52,34,80.61,35.69,20.27,96.54,101,3.239,3,18,O,O,Normal,1
2534,22,19,64.87,20.43,40.57,54.76,494,3.589,2,3,A,O,Normal,0
2535,51,18,76.74,15.58,93.14,74.38,77,3.704,1,33,O,A,Normal,0
2536,69,48,62.97,25.67,18.37,63.93,674,2.61,3,21,O,A,Normal,1
2537,49,58,67.98,21.29,77.81,45.23,4,3.833,0,9,O,B,Normal,0
2538,25,35,74.85,15.64,53.12,56.64,782,2.872,0,10,O,O,Critical,1
2539,40,64,70.53,13.01,63.57,65.19,883,2.363,2,24,B,AB,Normal,1
2540,28,18,56.48,30.7,74.03,78.86,614,2.999,0,,B,B,Urgent,1
2541,57,19,39.23,69.21,58.27,91.81,495,2.613,1,38,O,O,Urgent,1
2542,35,50,92.4,33.67,76.96,84.39,140,1.843,2,15,A,O,Urgent,0
2543,30,37,70.64,9.26,71.37,75.74,519,3.234,0,7,O,B,Urgent,1
2544,22,31,95.12,46.88,16.13,93.33,975,1.352,2,9,O,O,Urgent,1
2545,48,63,93.0,72.81,73.42,81.2,308,4.667,2,15,A,B,Normal,0
2546,65,77,40.13,76.77,0.97,84.1,210,1.532,0,12,O,O,Routine,1
2547,46,61,35.12,60.88,24.57,95.46,196,5.025,1,15,AB,A,Urgent,0
2548,33,77,97.16,63.43,32.65,83.18,725,2.514,5,44,O,O,Normal,0
2549,57,20,93.17,20.9,94.25,76.59,97,4.09,1,37,B,O,Urgent,0
2550,25,,37.99,44.84,58.14,82.22,657,1.105,8,30,O,O,Normal,0
2551,43,24,40.35,42.53,89.48,52.35,734,1.246,3,19,O,B,Routine,0
2552,44,36,96.81,12.99,1.62,60.74,357,3.417,0,8,A,A,Routine,1
2553,56,32,75.37,45.04,80.64,59.35,701,0.521,1,24,A,B,Normal,0
2554,24,43,95.03,39.02,88.08,53.14,790,2.505,5,19,A,O,Critical,0
2555,24,23,97.21,70.48,70.44,62.31,915,5.107,3,1,AB,A,Normal,0
2556,49,45,34.16,29.38,31.73,45.88,937,0.912,0,4,A,O,Normal,0
2557,25,18,81.64,11.08,9.9,85.67,671,3.603,2,7,O,B,Critical,1
2558,56,42,57.32,37.71,34.76,57.04,262,3.377,1,14,B,A,Normal,0
2559,59,76,67.31,37.87,22.05,49.12,733,3.635,2,17,A,O,Routine,0
2560,67,33,59.1,74.63,43.23,45.32,677,4.597,0,34,O,B,Urgent,1
2561,69,44,43.64,38.87,90.96,46.61,547,4.197,0,25,O,B,Urgent,0
2562,54,58,59.97,93.63,41.59,73.68,944,3.826,0,4,O,O,Normal,1
2563,22,74,25.24,26.71,47.99,81.6,717,1.747,1,52,B,AB,Normal,0
2564,39,51,31.71,0.73,27.46,60.32,947,2.527,1,12,O,O,Normal,1
2565,60,72,45.42,60.99,24.26,60.49,184,1.907,1,12,O,B,Normal,0
2566,50,65,42.73,33.11,85.48,64.31,441,1.616,1,15,O,O,Critical,0
2567,38,76,27.83,87.4,68.97,47.93,190,4.349,1,38,B,O,Routine,0
2568,38,61,37.33,28.51,68.68,62.16,800,2.804,0,23,A,A,Critical,0
2569,62,53,39.3,21.7,21.12,90.51,15,3.458,1,9,O,O,Urgent,1
2570,54,49,84.67,9.32,2.51,66.72,455,3.294,0,5,A,O,Urgent,1
2571,29,20,30.86,47.02,10.87,75.59,452,3.053,0,9,A,A,Normal,1
2572,56,74,49.63,28.91,74.95,80.91,688,3.497,2,18,O,O,Urgent,1
2573,45,58,31.44,5.52,52.62,47.26,426,1.723,2,13,B,O,Normal,0
2574,46,29,59.67,72.66,30.73,57.02,212,3.838,4,17,B,AB,Normal,0
2575,48,21,91.11,47.86,18.44,92.07,275,3.087,1,27,A,A,Urgent,1
2576,62,48,30.14,54.08,57.2,81.74,75,1.431,1,14,B,A,Critical,0
2577,69,51,80.24,71.69,0.72,77.86,342,1.965,0,18,B,B,Critical,1
2578,41,21,99.92,83.68,65.66,84.83,560,1.764,0,20,B,O,Critical,0
2579,41,65,28.47,54.69,90.34,66.51,878,0.5,2,24,A,O,Critical,0
2580,52,73,94.28,92.9,26.86,63.2,308,3.784,4,21,A,A,Urgent,0
2581,48,68,53.42,98.15,30.63,45.11,919,3.916,1,20,O,A,Urgent,0
2582,55,29,47.36,9.61,78.43,85.51,27,3.44,1,26,O,A,Normal,0
2583,32,18,27.86,79.1,19.07,94.52,865,2.593,2,14,O,O,Urgent,0
2584,38,72,66.59,9.25,46.23,99.67,944,5.05,4,34,A,O,Normal,0
2585,31,73,33.36,82.0,89.38,71.92,839,2.006,1,42,O,A,Critical,0
2586,39,47,98.38,86.77,73.76,48.39,757,2.456,3,8,O,O,Normal,1
2587,20,69,78.69,48.28,89.92,84.97,817,3.01,2,49,B,A,Normal,0
2588,25,66,63.27,57.21,25.31,72.6,45,4.27,3,41,A,A,Urgent,0
2589,35,44,62.54,95.93,29.31,82.12,283,0.824,7,9,A,A,Critical,0
2590,18,27,38.28,1.0,87.08,51.26,527,2.969,3,9,O,O,Normal,1
2591,62,33,72.51,19.16,76.91,63.22,210,3.449,6,29,A,A,Normal,0
2592,29,35,43.84,29.45,31.41,98.14,577,2.756,1,6,AB,O,Urgent,0
2593,30,57,61.42,89.26,41.4,96.44,671,1.604,1,27,B,B,Normal,1
2594,50,73,71.65,10.76,37.54,89.16,245,1.661,0,23,O,AB,Normal,1
2595,63,62,36.19,54.84,30.61,64.84,878,2.237,1,,O,A,Critical,1
2596,49,75,28.16,21.71,0.17,97.39,127,1.796,1,26,A,A,Critical,0
2597,49,37,77.49,10.41,19.93,58.11,492,3.806,0,12,O,A,Urgent,1
2598,39,25,59.47,86.73,76.28,57.14,433,0.5,0,14,A,O,Urgent,0
2599,51,39,88.33,73.34,64.7,82.3,860,3.964,3,12,B,B,Routine,1
2600,35,57,69.08,53.06,0.86,60.51,690,3.091,2,22,O,O,Urgent,1
2601,22,70,66.53,23.89,99.34,68.24,664,6.033,5,48,AB,A,Urgent,0
2602,59,67,95.52,65.49,32.0,61.9,826,3.108,1,8,A,O,Normal,0
2603,56,41,29.69,10.89,46.29,88.66,788,4.489,,15,B,O,Routine,0
2604,54,28,53.35,16.62,56.3,87.44,220,3.428,2,26,A,B,Critical,0
2605,43,28,89.09,97.47,21.28,59.61,317,3.063,1,15,B,B,Urgent,0
2606,44,77,68.22,39.17,59.35,49.84,783,3.121,1,33,A,O,Normal,0
2607,23,55,55.35,28.74,23.39,79.23,850,2.789,0,32,AB,O,Urgent,0
2608,31,52,89.43,50.49,64.67,50.76,342,2.908,0,21,O,A,Urgent,1
2609,34,31,40.1,33.31,36.63,94.97,673,5.227,3,3,O,A,Routine,0
2610,23,26,30.36,29.86,95.65,56.5,708,2.028,5,3,A,B,Urgent,0
2611,33,41,27.78,13.08,7.44,77.09,332,2.792,4,8,B,O,Normal,0
2612,28,50,62.31,61.19,66.77,62.42,881,3.092,0,22,A,A,Normal,0
2613,64,33,88.13,61.78,12.86,97.51,532,3.849,1,31,A,A,Normal,1
2614,26,43,27.99,12.08,44.15,85.06,739,2.425,1,17,O,B,Critical,0
2615,20,41,51.61,21.48,27.92,49.4,86,2.274,6,21,A,O,Critical,0
2616,32,69,43.02,99.41,37.42,80.56,133,2.628,1,37,O,B,Normal,0
2617,25,35,26.61,47.43,85.98,46.24,95,1.546,0,10,A,AB,Normal,0
2618,34,53,39.0,91.26,70.19,78.22,352,1.619,5,19,A,O,Urgent,0
2619,51,47,61.07,67.0,82.04,78.28,890,3.28,0,4,A,A,Normal,1
2620,24,35,55.28,46.52,23.86,55.93,412,4.236,2,11,B,O,Urgent,0
2621,35,22,87.3,97.46,91.84,68.23,302,3.703,3,13,A,O,Normal,0
2622,39,72,88.97,31.83,94.98,49.84,935,3.014,3,33,O,AB,Critical,1
2623,28,31,91.3,80.62,48.46,75.77,68,3.859,4,3,B,O,Urgent,0
2624,24,67,46.88,6.86,83.81,71.23,753,2.323,0,43,B,A,Routine,0
2625,31,,87.89,16.21,65.02,73.53,578,2.768,3,,O,A,Normal,1
2626,48,26,65.1,78.53,74.86,79.91,74,2.744,0,22,O,O,Urgent,0
2627,23,27,91.88,25.02,54.81,88.88,100,1.576,0,4,B,O,Urgent,1
2628,65,45,41.69,59.23,72.76,77.51,588,1.997,8,20,O,A,Urgent,0
2629,65,41,27.82,16.55,29.53,64.78,987,2.395,2,24,B,O,Urgent,0
2630,50,42,74.9,81.61,54.57,51.91,17,1.672,1,8,O,B,Routine,0
2631,38,55,76.44,68.92,27.5,66.65,77,1.169,0,17,O,O,Urgent,1
2632,27,48,72.11,1.26,61.08,61.66,634,2.884,0,21,O,A,Normal,1
2633,26,21,46.45,79.56,36.56,97.36,932,2.556,7,5,O,O,Urgent,0
2634,58,67,37.54,81.72,53.32,84.45,799,2.169,3,9,O,A,Urgent,1
2635,21,45,79.5,36.09,51.66,53.15,281,3.237,0,24,O,A,Critical,1
2636,41,66,88.46,84.32,79.56,60.55,547,4.131,5,25,A,B,Normal,0
2637,31,42,79.84,98.67,8.25,75.41,938,3.598,0,11,A,B,Urgent,0
2638,52,60,36.59,62.75,96.15,50.84,163,1.214,0,8,B,A,Urgent,0
2639,19,40,61.92,61.33,80.6,57.52,752,3.431,0,21,B,A,Routine,0
2640,42,47,85.2,34.81,24.95,57.7,452,2.858,1,5,A,O,Normal,1
2641,21,44,26.08,17.67,36.45,90.01,234,5.123,3,23,O,O,Urgent,1
2642,67,41,36.11,62.57,13.18,90.85,982,2.651,0,26,AB,B,Urgent,0
2643,54,47,,44.77,37.95,48.97,448,2.228,1,7,O,O,Urgent,0
2644,50,39,44.43,29.66,66.84,73.86,204,4.329,4,11,O,A,Normal,0
2645,53,54,75.55,69.05,33.25,84.32,216,2.455,0,1,B,A,Urgent,1
2646,45,65,73.29,75.79,36.57,68.32,623,2.254,0,20,B,A,Urgent,0
2647,46,42,84.14,23.25,67.03,62.41,208,1.0,2,4,B,A,Normal,0
2648,47,53,84.36,14.84,31.81,65.61,661,3.669,0,6,A,O,Routine,0
2649,57,57,95.23,73.66,30.55,61.41,228,2.657,1,0,A,A,Routine,1
2650,25,27,87.22,20.06,16.49,87.02,514,2.552,1,2,A,O,Normal,1
2651,64,72,62.29,58.82,2.95,98.16,161,1.959,0,8,O,A,Urgent,1
2652,25,40,52.71,67.25,58.87,63.5,937,3.414,1,15,A,A,Critical,1
2653,44,67,28.81,24.77,21.07,78.64,641,3.177,4,23,O,A,Normal,0
2654,31,27,33.31,20.69,59.88,93.02,27,1.429,0,4,B,O,Critical,0
2655,65,62,93.03,56.52,28.63,50.08,590,3.007,0,3,A,B,Critical,1
2656,51,39,80.91,93.01,7.3,48.64,201,3.36,1,12,O,A,Urgent,1
2657,27,69,37.61,55.38,12.23,91.33,556,2.389,4,42,O,O,Normal,0
2658,62,73,65.23,65.49,40.22,47.63,95,2.024,2,11,A,A,Normal,0
2659,40,48,95.36,69.01,59.69,50.9,760,4.516,3,8,A,B,Critical,0
2660,42,55,43.28,69.18,67.13,64.87,499,3.182,0,13,B,O,Critical,0
2661,68,72,54.82,40.1,5.22,82.18,411,5.074,0,4,AB,A,Urgent,0
2662,29,67,42.45,86.97,31.69,65.75,656,2.69,0,38,A,O,Normal,0
2663,44,77,28.7,76.0,22.88,67.14,157,1.867,2,33,A,O,Critical,0
2664,58,37,55.15,19.22,46.98,56.18,123,3.089,3,21,O,B,Normal,0
2665,58,51,36.68,10.98,66.28,71.08,144,2.446,,7,B,A,Critical,0
2666,55,60,51.99,59.31,12.66,47.96,195,0.958,1,5,O,A,Routine,1
2667,45,44,50.29,19.12,87.46,99.51,452,1.391,1,1,B,B,Urgent,0
2668,63,59,50.08,22.58,30.57,53.56,737,2.589,5,4,O,O,Urgent,0
2669,65,75,78.98,46.12,69.66,62.98,,2.012,0,10,O,O,Urgent,1
2670,26,46,77.41,69.97,8.89,67.04,682,2.322,3,20,O,O,Normal,1
2671,35,60,26.3,4.75,98.46,96.29,704,1.898,0,25,A,A,Urgent,1
2672,66,22,98.43,29.14,23.25,68.2,344,1.355,3,44,A,O,Urgent,0
2673,43,27,96.02,96.9,0.98,92.78,111,3.512,0,16,A,AB,Urgent,1
2674,59,66,79.17,60.93,37.39,83.56,350,0.72,3,7,O,A,Urgent,1
2675,41,57,50.14,94.61,19.28,64.75,513,3.316,0,16,AB,O,Critical,0
2676,50,18,98.22,48.17,9.62,62.07,754,2.472,6,32,O,O,Normal,1
2677,36,53,67.06,23.81,49.55,86.86,657,3.028,2,17,A,B,Urgent,0
2678,35,57,38.07,16.33,46.75,55.56,722,1.693,2,22,A,O,Urgent,0
2679,56,40,89.38,84.99,78.25,92.64,154,4.813,1,16,B,O,Urgent,0
2680,60,22,57.41,76.42,92.31,82.46,926,2.331,0,38,O,O,Urgent,0
2681,57,44,53.15,13.35,45.66,47.11,290,1.523,1,13,O,B,Normal,1
2682,64,40,90.33,14.61,38.58,82.45,1,4.219,0,24,O,O,Routine,1
2683,68,75,97.38,49.93,85.24,83.4,786,3.121,3,7,O,B,Urgent,1
2684,32,33,89.71,93.62,4.9,,349,2.914,0,1,O,B,Normal,1
2685,49,19,78.85,90.79,9.43,80.34,258,3.311,4,30,A,O,Normal,0
2686,46,27,63.67,99.92,15.4,85.23,686,1.259,0,19,A,A,Urgent,1
2687,47,70,26.05,41.57,60.22,61.56,295,3.429,0,23,A,O,Normal,0
2688,57,28,63.38,73.74,51.75,48.07,403,3.249,1,29,O,O,Routine,0
2689,48,39,61.56,58.36,3.83,52.41,360,2.107,0,9,O,O,Critical,1
2690,25,46,60.61,69.58,20.7,99.25,937,0.529,0,21,O,A,Routine,1
2691,55,33,99.16,,47.3,88.91,494,2.467,0,22,A,O,Critical,0
2692,47,34,51.05,23.0,49.08,73.32,928,2.759,1,13,A,O,Normal,0
2693,46,45,68.78,86.76,60.39,49.02,52,4.175,1,1,B,B,Routine,0
2694,58,37,53.73,80.94,83.79,91.61,385,1.45,2,21,B,O,Critical,0
2695,66,71,96.01,45.98,44.35,77.21,987,0.812,1,5,O,B,Normal,1
2696,30,57,95.82,78.0,99.46,73.14,854,1.904,2,27,A,B,Routine,0
2697,63,19,33.27,58.07,37.54,87.44,405,2.802,2,44,B,B,Routine,0
2698,69,44,94.94,72.33,99.74,86.45,986,3.202,0,25,O,B,Urgent,0
2699,58,24,31.38,72.35,76.13,59.82,208,5.312,0,34,O,B,Normal,0
2700,40,20,34.18,94.37,84.35,46.74,291,3.219,0,20,A,A,Normal,0
2701,37,47,70.11,1.87,45.62,87.09,682,2.46,2,10,B,O,Critical,0
2702,21,45,29.58,,97.07,59.33,121,4.095,0,24,B,O,Urgent,0
2703,32,54,53.57,43.15,30.5,76.08,563,3.624,0,22,A,B,Critical,1
2704,68,68,54.78,20.1,56.77,51.68,264,2.396,0,0,B,O,Urgent,0
2705,56,75,61.95,65.23,92.0,49.65,741,1.05,0,19,O,A,Urgent,0
2706,64,54,43.98,23.16,15.66,50.65,205,1.983,0,10,B,AB,Urgent,1
2707,20,59,75.79,95.07,63.32,69.96,261,0.875,,39,AB,B,Routine,0
2708,48,73,79.57,59.95,93.42,68.49,911,2.79,1,25,B,O,Normal,0
2709,52,74,67.31,19.04,74.66,55.75,966,1.66,3,22,A,AB,Normal,1
2710,23,41,92.07,5.86,89.83,56.33,760,2.773,0,18,O,B,Routine,1
2711,27,59,91.14,17.81,68.1,87.31,621,2.51,0,32,A,O,Normal,0
2712,48,76,64.24,12.68,92.42,55.92,838,3.325,2,28,B,B,Urgent,1
2713,64,46,27.26,77.11,9.29,98.86,527,3.398,3,18,AB,O,Normal,0
2714,25,23,96.6,33.81,80.16,94.83,659,2.084,2,2,O,B,Critical,1
2715,61,73,68.84,62.81,50.54,45.37,287,3.473,3,12,A,O,Urgent,0
2716,32,64,45.49,50.49,7.27,81.78,843,2.512,1,32,A,O,Normal,0
2717,45,44,39.44,41.72,95.68,45.45,773,1.87,0,1,O,O,Routine,1
2718,30,,48.81,88.01,72.6,97.95,894,2.851,1,41,O,A,Urgent,0
2719,29,57,67.33,19.86,68.61,53.75,89,4.612,0,28,A,B,Urgent,0
2720,59,25,28.5,34.28,90.44,55.83,585,3.447,2,34,B,B,Urgent,0
2721,39,44,34.13,47.22,95.7,90.19,539,3.366,5,5,O,AB,Urgent,0
2722,44,26,69.84,98.64,62.51,85.53,398,2.648,0,18,O,O,Routine,0
2723,59,64,33.73,57.41,98.51,69.64,55,1.857,4,5,O,A,Normal,0
2724,58,73,36.52,17.48,14.24,98.17,288,0.5,7,15,O,B,Normal,0
2725,42,69,93.8,23.75,57.54,96.46,69,3.999,7,27,O,A,Normal,1
2726,57,24,48.84,15.27,9.94,88.3,239,4.011,2,33,A,B,Critical,1
2727,37,40,42.46,94.67,99.7,66.63,823,3.732,1,3,A,O,Urgent,0
2728,67,54,60.42,93.86,9.45,78.1,48,1.291,0,13,O,A,Urgent,1
2729,58,57,36.16,39.66,72.34,88.91,235,3.217,0,1,O,O,Urgent,1
2730,48,19,58.12,69.26,44.11,93.72,48,2.51,0,29,A,O,Normal,0
2731,44,28,93.95,97.44,20.98,87.12,363,4.346,0,16,AB,A,Routine,0
2732,61,42,81.84,17.7,4.47,66.03,590,4.817,0,19,O,O,Urgent,1
2733,36,65,78.18,2.32,33.21,67.09,882,3.743,2,29,A,O,Urgent,0
2734,23,42,42.77,38.72,24.48,58.89,648,2.806,4,19,B,B,Normal,0
2735,54,64,57.72,57.39,16.91,83.7,973,3.002,0,10,AB,A,Normal,0
2736,39,28,98.2,19.09,21.42,62.27,131,1.132,2,11,O,O,Routine,1
2737,22,20,92.13,63.24,84.35,62.09,902,4.536,2,2,O,O,Normal,1
2738,36,35,27.18,31.4,95.56,91.61,948,0.639,0,1,B,A,Urgent,0
2739,33,34,25.74,92.71,68.67,92.73,981,2.364,0,1,AB,B,Normal,0
2740,51,62,56.74,8.85,59.22,78.87,632,2.783,8,11,A,O,Routine,0
2741,45,21,28.61,34.94,11.42,55.61,911,2.214,1,24,O,B,Routine,0
2742,22,51,31.58,42.85,48.7,72.53,291,3.347,0,29,O,O,Routine,0
2743,39,72,61.84,26.0,14.97,74.0,589,1.814,2,33,O,A,Urgent,1
2744,61,67,86.79,92.74,1.15,74.54,398,2.088,1,6,O,O,Critical,1
2745,24,44,86.37,78.03,10.38,87.42,837,1.782,1,20,A,O,Urgent,0
2746,36,68,74.64,40.31,92.55,60.23,402,3.266,2,32,O,B,Urgent,1
2747,59,54,38.41,86.33,19.14,75.66,248,1.389,0,5,B,A,Urgent,0
2748,36,77,44.16,2.71,44.7,61.92,390,2.422,5,41,A,O,Urgent,0
2749,46,41,57.23,9.54,84.06,70.52,541,3.552,4,5,A,O,Urgent,0
2750,33,41,26.71,78.19,7.15,55.08,469,4.329,0,8,AB,B,Urgent,0
2751,62,46,87.62,46.61,34.44,68.8,307,3.113,0,16,O,O,Urgent,1
2752,50,39,25.78,73.95,75.15,89.87,320,1.948,0,11,A,O,Normal,0
2753,39,65,99.27,81.46,49.09,89.18,357,4.363,5,26,O,O,Normal,1
2754,51,31,29.52,14.26,4.7,77.94,870,3.218,4,20,AB,B,Urgent,0
2755,21,31,30.85,28.36,57.41,55.17,55,1.985,0,10,A,A,Normal,1
2756,20,49,56.88,99.01,62.98,72.29,442,4.313,3,29,A,O,Urgent,0
2757,34,40,59.97,16.25,78.96,78.47,501,2.362,0,6,A,B,Normal,0
2758,63,57,27.16,39.59,18.86,82.81,839,1.519,,6,A,AB,Normal,0
2759,20,64,29.49,20.9,39.08,87.17,916,1.099,0,44,B,O,Normal,0
2760,56,34,62.59,19.13,67.32,95.57,449,2.327,6,22,A,AB,Critical,0
2761,31,46,81.16,36.91,75.6,89.34,592,0.972,1,15,O,O,Urgent,1
2762,69,69,78.76,7.24,2.39,93.88,620,3.113,2,0,O,O,Normal,1
2763,51,64,34.02,48.18,47.04,93.18,260,2.161,4,13,O,B,Routine,0
2764,57,54,25.17,89.06,85.04,46.05,182,1.879,2,3,B,A,Critical,0
2765,22,64,87.27,56.41,43.43,94.66,621,3.056,0,42,A,O,Normal,0
2766,32,36,27.04,52.79,1.64,97.11,640,4.537,1,4,A,O,Normal,0
2767,60,50,31.81,82.4,71.97,84.94,990,3.695,0,10,O,A,Urgent,0
2768,66,77,55.2,75.48,61.64,79.95,260,1.74,4,11,O,B,Routine,0
2769,28,56,71.71,13.68,93.89,57.96,687,0.606,5,28,O,B,Normal,0
2770,62,62,38.15,60.08,1.9,78.9,357,2.795,0,0,A,A,Urgent,1
2771,22,18,85.73,38.46,79.18,68.75,164,2.416,0,4,A,O,Normal,0
2772,48,59,69.6,26.2,35.62,47.45,757,4.981,2,11,O,A,Normal,1
2773,26,66,77.44,98.42,15.15,59.45,98,2.721,0,40,B,O,Urgent,0
2774,48,38,57.33,36.31,34.75,88.92,934,3.219,7,10,A,A,Critical,1
2775,23,38,92.46,57.96,27.47,76.2,864,2.119,0,15,A,B,Routine,0
2776,40,61,91.25,87.68,52.13,97.87,182,3.027,0,21,O,O,Routine,0
2777,44,68,70.68,72.62,39.74,82.35,234,2.839,2,24,O,A,Normal,0
2778,,57,88.83,67.02,9.19,58.6,300,3.197,1,22,B,A,Routine,0
2779,42,38,27.34,62.72,96.98,99.35,155,4.38,1,4,A,O,Normal,0
2780,65,76,67.71,77.05,61.15,68.44,838,3.896,1,11,A,B,Normal,0
2781,22,65,74.59,30.59,23.44,52.55,975,4.387,0,43,B,O,Critical,0
2782,50,44,36.24,97.92,17.78,77.95,681,3.491,2,6,O,A,Urgent,0
2783,68,44,62.0,31.68,70.06,59.07,55,4.154,8,24,O,O,Urgent,0
2784,60,54,32.66,1.17,74.56,91.06,539,2.019,2,6,A,O,Normal,0
2785,56,70,67.72,39.39,78.68,72.97,638,3.182,6,14,O,B,Normal,1
2786,52,63,51.27,25.17,30.43,90.53,309,1.282,7,11,O,B,Normal,0
2787,25,20,25.84,77.97,72.81,80.07,195,2.76,0,5,A,O,Critical,0
2788,50,65,49.5,70.53,87.35,85.25,158,4.092,,15,O,A,Routine,0
2789,66,63,87.14,15.95,13.15,59.94,495,1.474,0,3,B,B,Critical,1
2790,41,33,41.15,29.44,80.7,99.23,22,2.371,1,8,B,B,Normal,0
2791,39,51,86.16,10.62,93.32,85.75,181,1.362,7,12,B,B,Normal,0
2792,66,19,95.29,79.49,77.72,79.43,721,2.086,1,47,O,O,Critical,1
2793,45,74,71.97,39.33,85.16,86.84,928,2.03,0,29,A,O,Normal,0
2794,57,71,89.59,14.69,68.5,79.85,71,3.228,1,14,B,B,Normal,1
2795,63,30,37.07,41.25,90.97,98.59,847,2.559,0,33,O,A,Normal,0
2796,39,40,83.43,48.77,61.01,66.67,562,0.704,0,1,B,A,Urgent,1
2797,46,44,80.56,73.28,79.79,72.91,742,2.461,0,2,O,A,Urgent,1
2798,49,70,89.25,70.56,66.67,76.31,31,3.352,0,21,O,B,Normal,0
2799,68,62,41.0,29.53,69.46,52.53,291,3.084,0,6,O,O,Urgent,1
2800,36,41,57.84,87.65,72.44,97.83,18,4.116,2,5,O,A,Urgent,0
2801,30,73,90.28,74.98,36.31,75.16,706,3.714,2,43,O,B,Urgent,1
2802,68,71,47.39,61.73,46.64,94.2,556,2.281,6,3,B,A,Urgent,0
2803,46,22,57.94,20.02,3.36,97.08,289,2.103,2,24,A,B,Urgent,0
2804,41,37,49.85,56.35,54.76,87.4,552,3.382,1,4,O,B,Urgent,1
2805,45,35,75.8,65.41,1.31,85.53,838,0.5,0,10,B,B,Critical,1
2806,26,24,82.15,60.41,1.32,58.68,332,1.677,3,2,B,O,Routine,0
2807,68,61,50.52,16.06,37.71,49.5,63,3.296,0,7,O,A,Normal,0
2808,49,23,76.32,61.09,36.71,61.7,933,2.283,1,26,O,O,Urgent,1
2809,29,44,75.19,18.97,60.96,51.04,711,0.542,0,15,B,A,Normal,0
2810,22,33,39.39,51.18,18.09,80.48,87,2.925,2,11,A,A,Urgent,1
2811,45,30,63.64,99.42,59.39,55.13,838,3.295,1,15,A,B,Urgent,0
2812,63,72,71.93,5.84,79.51,94.93,72,2.012,2,9,A,A,Critical,1
2813,38,61,37.64,50.41,14.22,45.86,376,3.113,1,23,A,A,Normal,0
2814,42,31,57.02,17.21,93.22,80.6,698,1.603,4,11,O,B,Normal,0
2815,34,66,88.06,79.18,26.23,61.26,82,2.475,0,32,B,O,Critical,0
2816,22,46,54.46,98.16,3.13,73.95,79,2.239,1,24,A,AB,Urgent,0
2817,36,48,48.42,86.63,12.15,99.65,403,3.331,0,12,O,A,Urgent,0
2818,41,47,90.9,0.05,87.29,87.52,528,3.299,4,6,O,O,Urgent,0
2819,62,20,65.2,73.06,76.6,46.7,829,4.182,1,42,O,A,Routine,0
2820,25,65,46.46,74.75,63.96,90.86,843,3.472,0,40,O,O,Urgent,0
2821,37,54,46.0,3.74,77.01,57.6,998,1.674,0,17,B,O,Urgent,0
2822,35,41,57.73,67.73,26.68,68.66,948,3.5,0,6,O,B,Normal,0
2823,66,50,61.47,2.09,25.84,86.42,316,2.326,0,16,O,B,Urgent,1
2824,,33,,15.79,80.39,53.68,991,2.759,0,18,O,O,Urgent,1
2825,18,27,75.47,15.34,68.58,71.02,277,2.969,2,9,O,O,Routine,1
2826,47,50,83.81,4.96,75.35,92.47,688,2.421,2,3,A,A,Urgent,1
2827,40,57,94.64,36.0,42.83,69.8,897,2.037,0,17,A,O,Normal,0
2828,25,51,81.95,59.74,83.75,51.16,442,4.146,0,26,O,O,Urgent,1
2829,40,54,71.36,57.39,38.7,78.29,949,2.355,4,14,O,O,Critical,1
2830,25,52,57.5,34.58,78.03,49.27,32,2.936,7,27,O,B,Critical,0
2831,19,23,87.0,80.96,75.78,91.53,455,2.896,2,4,O,A,Normal,0
2832,20,23,38.22,0.75,46.5,66.3,810,3.326,1,3,B,AB,Routine,1
2833,48,25,71.64,54.41,54.17,62.42,921,4.142,1,23,A,A,Normal,0
2834,58,75,39.61,53.62,62.1,72.39,685,2.243,0,17,A,B,Normal,0
2835,26,27,94.22,8.5,63.46,62.54,896,3.617,0,1,O,B,Urgent,1
2836,19,53,89.83,39.16,9.7,70.96,228,4.095,4,34,O,B,Urgent,1
2837,29,34,61.52,5.04,15.28,93.1,672,0.5,0,5,A,O,Urgent,1
2838,58,53,87.4,35.73,72.77,62.73,202,1.594,1,5,O,O,Normal,1
2839,50,77,34.93,26.03,4.94,89.4,726,3.065,0,27,O,O,Urgent,1
2840,57,48,43.54,60.08,26.96,56.52,957,1.977,2,9,O,B,Urgent,1
2841,49,51,90.31,56.26,13.87,65.89,162,3.352,1,2,O,B,Normal,1
2842,39,51,95.66,43.15,45.14,50.0,849,3.379,0,12,A,O,Normal,0
2843,61,51,27.03,40.8,40.02,76.43,574,1.779,2,10,O,O,Urgent,1
2844,44,58,91.71,65.27,49.88,52.35,188,0.5,3,14,O,B,Urgent,1
2845,50,21,34.07,93.48,99.48,81.01,149,3.508,1,29,A,AB,Normal,0
2846,23,24,57.25,48.17,46.31,82.39,762,0.5,0,1,A,O,Normal,1
2847,65,55,30.12,92.43,94.73,69.19,429,0.758,0,10,O,O,Routine,0
2848,68,44,45.11,13.37,0.27,51.76,453,2.675,2,24,O,O,Routine,1
2849,28,69,88.47,96.89,26.24,65.31,931,3.961,0,41,B,A,Normal,0
2850,33,55,69.42,79.8,63.59,96.39,555,3.364,7,22,O,O,Urgent,1
2851,68,38,49.05,57.25,28.02,61.39,117,2.995,2,30,O,O,Normal,0
2852,27,55,30.33,61.86,21.2,98.52,510,1.764,3,28,B,B,Critical,0
2853,60,44,52.77,28.23,13.87,74.89,728,2.49,3,16,A,A,Normal,1
2854,46,61,61.0,49.46,58.42,78.36,300,2.875,0,15,O,O,Normal,1
2855,66,48,95.42,97.03,87.36,49.66,925,2.103,7,18,AB,O,Normal,0
2856,26,59,26.98,75.45,47.09,99.21,668,3.875,2,33,A,B,Normal,0
2857,39,38,45.48,19.13,83.95,87.35,448,4.392,0,1,A,O,Urgent,0
2858,68,29,80.74,33.27,79.79,52.34,214,1.834,3,39,B,O,Routine,0
2859,43,70,33.92,81.73,,56.29,55,1.815,0,27,O,A,Normal,0
2860,21,35,63.26,42.32,43.58,60.55,303,2.288,1,14,O,A,Urgent,0
2861,68,41,90.78,9.18,46.05,81.24,314,0.762,0,27,A,B,Urgent,1
2862,38,27,44.29,74.27,48.26,61.27,250,1.975,0,11,B,O,Critical,0
2863,69,56,46.43,39.38,17.31,69.69,989,2.857,1,13,A,O,Critical,0
2864,38,20,57.65,39.31,43.89,49.1,96,5.344,0,18,O,B,Urgent,0
2865,31,45,79.64,14.3,60.29,92.52,999,1.891,0,14,O,O,Routine,1
2866,41,65,71.28,20.32,82.44,99.78,941,3.378,0,24,B,O,Normal,0
2867,41,21,71.6,72.57,96.77,61.52,225,2.202,2,20,A,O,Normal,0
2868,53,58,75.02,26.03,93.19,75.47,320,3.061,1,5,B,B,Urgent,1
2869,47,73,74.85,9.54,0.72,72.28,333,1.462,1,26,A,O,Normal,0
2870,64,72,77.49,47.8,23.02,81.55,436,3.314,1,8,AB,A,Normal,0
2871,38,63,33.35,15.27,71.47,66.21,887,0.736,1,25,O,A,Urgent,0
2872,63,50,65.0,1.59,77.1,52.54,206,2.256,0,13,A,A,Normal,1
2873,56,64,,26.83,57.19,83.45,908,3.259,0,8,A,A,Urgent,1
2874,53,64,26.96,41.82,90.17,51.73,816,2.547,0,11,A,O,Urgent,0
2875,39,19,25.11,28.74,7.76,51.63,124,3.007,0,20,O,A,Urgent,0
2876,34,48,80.84,3.83,53.17,72.65,170,1.947,0,14,B,O,Urgent,0
2877,29,68,32.96,0.81,96.76,91.04,213,3.484,1,39,A,AB,Urgent,0
2878,25,75,57.51,21.21,74.74,57.8,800,3.098,3,50,A,A,Normal,0
2879,43,72,89.45,87.94,29.12,75.69,504,3.321,5,29,A,O,Normal,0
2880,32,77,61.52,2.54,12.64,53.28,912,1.962,0,45,A,O,Urgent,0
2881,52,49,73.71,9.02,42.85,61.42,510,2.644,0,3,O,B,Urgent,1
2882,26,66,90.66,22.38,77.73,61.97,153,2.703,0,40,A,AB,Urgent,1
2883,33,51,48.23,93.6,60.19,60.25,491,3.501,0,18,O,A,Normal,0
2884,29,20,89.09,68.27,93.23,64.29,556,4.308,1,9,B,B,Urgent,1
2885,38,68,27.29,65.61,36.1,58.45,100,2.501,4,30,O,B,Normal,0
2886,33,25,31.44,26.53,22.57,85.46,363,3.617,0,8,O,B,Critical,1
2887,22,52,75.58,65.0,43.7,91.67,439,1.825,3,30,O,A,Critical,1
2888,62,65,44.1,46.64,6.44,79.57,267,1.893,5,3,O,O,Urgent,1
2889,36,65,41.66,71.65,13.52,62.12,396,1.499,1,29,B,O,Urgent,0
2890,49,43,45.65,15.35,38.43,50.12,596,1.228,0,6,A,A,Urgent,1
2891,46,60,48.05,86.96,28.79,57.51,288,1.024,1,14,B,B,Normal,0
2892,31,36,72.57,92.13,33.1,96.22,502,1.329,4,5,B,O,Critical,0
2893,43,65,81.74,99.77,11.27,68.36,631,5.016,0,22,A,B,Normal,0
2894,64,41,89.67,89.44,21.85,76.17,998,3.118,1,23,O,O,Normal,1
2895,68,54,73.82,59.51,59.39,86.72,23,2.242,0,14,O,B,Normal,1
2896,59,52,42.74,82.31,56.8,65.75,339,4.044,1,7,O,A,Normal,0
2897,27,49,30.25,45.42,93.03,81.16,940,3.154,1,22,A,B,Urgent,0
2898,24,36,99.1,42.02,30.05,92.45,542,2.362,0,12,A,O,Urgent,1
2899,24,21,42.72,76.81,30.73,92.32,455,1.865,,3,O,O,Routine,1
2900,37,40,68.48,76.05,26.92,82.14,107,,7,3,O,O,Urgent,0
2901,50,70,65.08,79.25,8.52,75.39,199,0.5,1,20,B,O,Urgent,0
2902,22,76,80.26,8.99,53.66,53.77,149,3.851,0,54,A,O,Urgent,0
2903,35,41,65.22,96.29,13.12,75.64,920,3.743,1,6,A,B,Critical,0
2904,59,31,57.62,31.25,0.35,98.78,501,2.181,3,28,O,A,Urgent,0
2905,63,38,42.08,7.77,19.0,85.75,854,1.941,1,25,B,B,Normal,1
2906,51,27,71.07,61.42,50.81,69.93,333,2.35,4,24,O,O,Normal,0
2907,45,73,90.31,57.46,19.09,,695,3.124,1,28,O,A,Normal,0
2908,61,36,28.71,66.72,35.18,65.29,387,3.267,0,25,B,O,Critical,0
2909,42,71,30.77,53.62,54.49,52.7,55,1.493,1,29,O,B,Normal,0
2910,60,74,40.56,58.46,51.58,83.11,752,4.025,3,14,O,A,Normal,0
2911,63,33,94.56,55.84,33.43,83.62,121,1.909,7,30,B,O,Normal,0
2912,58,18,26.21,3.75,57.25,96.0,921,4.72,1,40,O,O,Normal,1
2913,38,59,62.85,22.52,83.12,80.75,341,4.97,0,21,A,O,Normal,0
2914,22,53,36.93,56.68,3.9,68.76,256,2.548,0,31,B,O,Normal,0
2915,61,59,56.44,10.64,51.98,55.73,318,1.537,2,2,A,B,Critical,0
2916,63,48,69.88,4.29,81.62,97.31,15,1.6,0,15,O,O,Normal,1
2917,24,44,63.62,94.91,23.59,48.11,320,3.437,0,20,O,A,Urgent,0
2918,53,19,62.1,91.94,18.63,61.73,297,1.328,0,34,O,O,Urgent,0
2919,18,60,31.13,24.01,94.31,66.28,563,1.12,0,42,B,O,Urgent,0
2920,44,73,75.26,28.06,3.13,71.07,542,1.746,1,29,O,B,Urgent,1
2921,29,21,77.29,37.46,76.99,85.84,95,4.401,2,8,AB,A,Normal,0
2922,69,66,45.98,12.59,71.16,57.29,39,1.29,4,3,B,O,Normal,0
2923,62,54,43.19,56.42,74.36,90.45,712,3.624,0,8,A,B,Critical,0
2924,69,18,68.03,30.75,12.82,54.94,970,3.87,0,51,O,A,Normal,1
2925,67,56,76.14,39.33,56.06,63.66,188,3.089,3,11,O,AB,Normal,1
2926,37,75,64.63,2.12,84.2,77.89,517,1.91,1,38,A,O,Urgent,0
2927,42,72,46.65,87.03,56.67,54.97,428,0.725,0,30,O,B,Urgent,0
2928,57,55,98.79,22.75,93.11,71.52,612,2.957,0,2,A,B,Urgent,1
2929,32,40,31.6,23.86,30.57,87.09,95,3.462,2,8,O,A,Critical,0
2930,66,55,83.65,2.26,11.92,65.3,63,2.878,4,11,O,A,Normal,1
2931,56,51,60.38,82.44,77.7,67.87,20,4.516,0,5,O,O,Routine,0
2932,19,56,67.82,33.17,14.96,58.68,211,3.978,2,37,O,O,Urgent,0
2933,41,28,44.32,10.55,97.19,51.09,53,2.547,1,13,O,B,Normal,0
2934,52,54,43.76,55.75,35.69,99.3,757,1.171,0,2,O,B,Normal,1
2935,29,28,49.48,36.8,84.15,89.17,100,1.203,6,1,O,B,Normal,1
2936,25,40,87.0,84.26,25.65,65.55,166,3.664,2,15,O,B,Urgent,0
2937,46,77,50.65,72.34,16.32,77.17,464,2.783,1,31,O,B,Urgent,1
2938,37,73,59.14,24.64,14.23,73.6,303,2.111,3,36,A,B,Urgent,0
2939,36,61,81.81,69.64,4.41,76.53,407,1.343,2,25,O,A,Urgent,1
2940,50,27,66.12,75.03,91.36,52.95,908,1.262,0,23,O,B,Normal,0
2941,41,72,51.18,94.32,46.03,82.56,105,1.699,0,31,B,O,Normal,0
2942,63,66,35.33,99.65,63.92,81.08,420,3.726,2,3,O,A,Urgent,0
2943,20,62,37.67,28.52,81.09,84.21,571,2.282,0,42,O,A,Urgent,0
2944,62,,25.75,16.32,76.19,51.11,423,4.294,3,39,A,A,Routine,0
2945,33,47,81.52,37.62,30.5,45.3,17,2.901,1,14,O,O,Normal,0
2946,38,28,40.91,79.42,86.28,70.61,431,2.831,1,10,B,A,Normal,0
2947,56,62,25.37,70.97,65.19,91.5,544,1.449,1,6,A,B,Critical,0
2948,61,42,36.35,25.81,74.3,53.6,836,3.853,3,19,O,A,Urgent,1
2949,51,55,46.5,63.94,22.2,53.84,132,3.809,2,4,O,A,Routine,0
2950,34,53,56.4,67.03,45.0,81.5,304,3.512,0,19,A,A,Routine,0
2951,27,45,41.46,85.74,15.04,71.42,905,2.594,3,18,O,O,Normal,0
2952,50,58,26.97,54.99,46.82,67.65,70,1.943,3,8,B,A,Routine,0
2953,60,26,66.95,2.08,85.46,64.01,132,4.346,2,34,O,A,Urgent,0
2954,57,47,53.37,15.34,89.8,46.54,509,2.626,0,10,O,A,Normal,1
2955,64,75,82.87,92.43,70.62,85.87,922,3.657,0,11,A,O,Normal,1
2956,49,67,81.89,5.24,11.04,97.64,983,2.229,2,18,O,A,Routine,1
2957,67,69,32.04,81.06,70.27,87.91,52,2.894,0,2,A,O,Normal,0
2958,33,34,48.69,13.47,89.4,61.19,872,4.144,2,1,A,A,Urgent,1
2959,62,43,51.38,27.04,11.46,95.35,602,2.592,0,19,O,B,Normal,0
2960,28,56,94.51,86.57,8.06,69.05,999,2.217,1,28,O,A,Normal,1
2961,35,64,65.95,56.78,50.54,71.5,111,3.865,0,29,O,B,Routine,0
2962,25,68,94.05,54.36,35.79,78.97,894,4.663,2,43,O,A,Routine,1
2963,53,56,30.85,96.66,38.98,96.26,881,3.84,0,3,A,O,Critical,0
2964,65,59,62.25,1.57,15.8,83.18,910,2.05,1,6,B,O,Normal,1
2965,37,61,83.33,89.87,3.39,,668,1.343,0,24,O,A,Urgent,1
2966,19,29,87.57,36.72,23.55,55.08,157,3.263,8,10,A,B,Normal,0
2967,30,38,63.41,55.0,9.42,85.62,113,2.311,3,8,AB,A,Routine,0
2968,53,44,31.96,96.58,49.02,50.56,141,2.919,0,9,O,O,Normal,0
2969,57,73,49.46,61.21,80.01,59.49,160,2.815,3,16,O,O,Normal,0
2970,55,74,84.86,76.37,17.62,48.46,501,3.41,1,19,A,O,Normal,0
2971,59,60,40.22,98.04,42.97,99.51,554,4.012,4,1,AB,O,Normal,0
2972,27,44,55.74,45.99,56.26,58.73,232,2.91,1,17,O,B,Critical,0
2973,67,31,87.95,28.56,98.71,65.39,583,2.786,1,36,A,O,Normal,0
2974,62,31,75.55,8.29,58.13,63.72,978,3.103,2,31,A,O,Urgent,1
2975,20,19,91.03,53.79,45.23,46.57,547,2.354,0,1,O,A,Routine,1
2976,34,18,75.47,48.02,45.87,67.11,399,1.783,0,16,O,O,Urgent,1
2977,67,60,45.14,56.69,74.71,57.14,423,3.27,2,7,A,A,Normal,0
2978,23,29,99.78,1.02,30.38,57.91,,4.571,0,6,AB,B,Normal,1
2979,57,75,88.39,46.19,79.76,96.18,536,3.403,1,18,O,A,Normal,1
2980,37,56,43.27,83.57,16.85,46.09,374,2.842,0,19,O,O,Normal,0
2981,40,45,61.4,65.58,12.95,76.19,39,3.039,1,5,AB,O,Urgent,0
2982,69,20,74.28,94.73,70.17,88.24,852,1.789,0,49,O,O,Normal,1
2983,40,28,62.19,88.02,55.62,97.97,817,3.277,0,12,B,O,Routine,0
2984,54,76,86.86,38.47,17.88,51.42,88,2.156,1,22,A,B,Normal,0
2985,25,29,95.86,6.95,96.01,79.4,122,3.54,0,4,A,O,Normal,1
2986,34,27,26.82,10.76,34.73,98.72,688,3.085,0,7,O,B,Urgent,1
2987,55,55,94.19,16.13,29.03,64.81,394,0.749,3,0,A,O,Normal,0
2988,23,56,74.88,93.21,77.4,71.93,346,2.381,1,33,O,O,Normal,0
2989,30,70,29.88,37.22,22.94,54.73,685,1.344,0,40,A,O,Urgent,0
2990,32,47,87.38,24.32,11.69,85.36,734,1.564,1,15,B,B,Critical,1
2991,34,66,69.19,82.66,76.54,87.74,831,1.696,1,32,O,B,Urgent,1
2992,50,31,67.46,81.51,2.08,86.13,469,4.313,0,19,AB,O,Normal,0
2993,48,71,96.48,4.16,60.42,84.8,262,0.606,0,23,O,A,Critical,1
2994,68,27,29.0,92.36,81.55,65.31,569,2.535,2,41,B,B,Urgent,0
2995,50,50,95.31,79.78,96.97,58.77,691,2.445,4,0,O,O,Normal,0
2996,56,23,83.98,26.81,76.44,46.77,355,2.698,1,33,O,A,Critical,0
2997,37,73,61.98,8.42,50.52,89.92,669,3.255,0,36,A,AB,Urgent,1
2998,38,41,95.06,3.59,92.24,50.33,774,1.499,1,3,AB,A,Urgent,1
2999,43,35,56.11,59.5,33.07,85.19,699,4.04,1,8,O,B,Urgent,1
3000,52,22,49.12,56.24,85.6,50.95,992,1.51,3,30,O,B,Normal,0
3001,68,46,63.07,69.77,31.23,64.87,685,2.301,0,22,A,B,Normal,0
3002,38,54,55.6,14.66,11.45,58.75,440,2.517,0,16,O,A,Critical,1
3003,65,76,83.1,88.01,6.19,88.56,486,3.271,7,11,O,A,Critical,1
3004,50,40,56.58,34.16,91.01,54.18,834,1.567,3,10,A,A,Urgent,1
3005,44,74,57.69,82.71,91.17,97.82,392,1.773,2,30,AB,A,Urgent,0
3006,54,66,98.14,93.84,21.26,73.52,187,4.393,3,12,O,O,Urgent,1
3007,26,62,27.86,28.3,59.27,73.21,325,4.594,3,36,O,O,Urgent,1
3008,30,49,50.8,6.07,59.29,99.71,235,2.852,6,19,AB,A,Urgent,0
3009,62,42,70.0,20.84,41.52,46.27,459,2.805,6,20,O,AB,Routine,0
3010,44,50,51.65,87.46,98.53,86.81,242,2.684,0,6,O,A,Urgent,0
3011,57,28,48.68,63.28,5.41,92.33,695,3.528,0,29,A,O,Normal,1
3012,39,19,93.14,52.18,12.91,93.18,704,2.389,7,20,A,O,Routine,0
3013,51,23,64.36,59.52,27.76,62.64,14,1.813,2,28,O,AB,Urgent,0
3014,38,19,51.2,9.95,31.45,60.96,606,1.47,1,19,O,O,Normal,1
3015,20,39,32.42,49.51,10.27,68.35,806,1.972,2,19,A,A,Normal,0
3016,40,63,89.82,95.85,53.58,85.96,419,3.473,0,23,O,O,Urgent,1
3017,22,25,72.83,90.68,48.13,77.96,661,4.235,1,3,AB,A,Normal,0
3018,29,36,39.15,89.23,87.53,90.61,210,3.068,0,7,B,A,Urgent,0
3019,29,51,51.12,96.21,28.77,46.92,638,4.051,2,22,B,A,Critical,0
3020,44,47,26.84,35.22,31.65,80.12,484,1.796,0,3,A,A,Normal,1
3021,52,45,53.05,75.7,13.38,74.0,795,2.234,1,7,O,A,Critical,1
3022,35,36,26.91,0.58,95.88,48.28,276,2.135,0,1,O,O,Routine,0
3023,48,66,48.53,33.11,34.55,58.55,694,2.552,1,18,O,O,Normal,0
3024,21,74,60.04,79.11,86.41,47.8,745,3.609,1,53,B,O,Urgent,0
3025,60,21,82.26,37.43,79.4,79.45,492,2.222,0,39,O,O,Urgent,1
3026,56,72,39.34,89.76,15.4,95.39,395,2.844,2,16,AB,O,Routine,0
3027,47,30,97.95,60.42,3.21,65.01,927,3.916,4,17,O,B,Urgent,1
3028,31,75,75.27,86.46,98.93,88.34,890,2.393,1,44,O,O,Normal,0
3029,64,75,89.81,26.14,22.21,56.01,151,3.533,1,11,A,O,Normal,0
3030,56,60,96.61,68.58,68.66,91.59,399,1.931,1,4,B,A,Routine,0
3031,23,55,71.85,6.44,23.18,79.68,782,3.217,2,32,O,O,Urgent,1
3032,26,55,34.46,67.22,48.92,81.06,983,3.662,3,29,O,A,Urgent,0
3033,65,33,76.57,81.45,44.5,88.47,926,3.516,0,32,A,A,Routine,1
3034,51,50,44.97,62.34,78.33,66.64,827,2.546,0,1,O,O,Normal,0
3035,31,52,34.23,54.73,82.05,74.93,868,2.572,0,21,O,B,Critical,0
3036,36,68,79.39,73.34,20.26,49.05,178,5.019,3,32,A,B,Urgent,0
3037,48,36,41.27,24.83,87.45,84.0,192,2.586,2,12,B,O,Critical,0
3038,47,21,34.52,38.02,65.14,81.84,51,2.818,1,26,O,O,Normal,0
3039,62,65,84.65,3.86,47.47,74.7,154,3.318,0,3,B,O,Normal,0
3040,55,74,91.49,55.66,81.0,84.85,682,2.944,1,19,O,B,Routine,0
3041,29,69,43.76,72.84,73.08,89.3,955,3.282,1,40,B,A,Urgent,0
3042,35,24,53.8,48.62,,57.23,400,2.373,1,11,O,A,Critical,0
3043,44,25,80.15,61.6,80.18,93.35,658,3.582,0,19,B,B,Urgent,1
3044,56,56,,19.59,31.18,76.73,933,2.942,3,0,O,O,Urgent,1
3045,69,31,68.83,42.58,71.36,54.52,108,1.553,5,38,O,B,Normal,0
3046,65,77,26.34,98.9,76.04,88.4,71,1.806,0,12,O,O,Urgent,0
3047,57,54,68.85,6.66,31.56,80.02,312,4.546,1,3,B,B,Normal,1
3048,19,20,27.09,17.31,39.3,75.57,10,2.878,4,1,AB,B,Routine,0
3049,29,71,87.03,39.55,8.64,67.99,509,2.532,1,42,AB,O,Normal,0
3050,34,37,82.76,20.93,41.96,93.02,482,3.624,,3,O,O,Normal,1
3051,48,39,58.6,47.31,54.57,76.18,275,1.805,1,9,O,O,Urgent,1
3052,66,43,31.93,48.93,38.72,51.79,445,2.849,1,23,O,O,Urgent,0
3053,40,42,33.77,95.65,60.05,64.09,22,4.426,3,2,B,O,Normal,0
3054,33,63,35.84,82.52,9.37,83.89,601,3.671,1,30,O,O,Normal,0
3055,56,32,27.88,85.81,27.23,56.94,608,3.896,0,24,O,O,Critical,0
3056,44,32,66.49,92.43,87.23,49.07,478,2.493,2,12,O,A,Normal,0
3057,68,51,45.54,47.16,43.59,73.84,940,2.197,2,17,O,B,Critical,1
3058,28,57,92.84,39.39,98.69,92.77,123,2.775,2,29,B,B,Urgent,1
3059,19,51,78.56,82.08,89.87,49.51,324,2.0,3,32,O,A,Urgent,0
3060,24,67,88.78,70.56,44.41,46.34,247,2.639,1,43,A,A,Urgent,0
3061,62,62,61.05,89.84,77.28,73.77,410,3.805,0,0,B,A,Normal,0
3062,49,48,63.6,21.41,49.24,88.33,611,4.158,1,1,O,O,Normal,1
3063,35,43,78.55,15.48,59.4,49.51,347,4.018,2,8,A,O,Normal,0
3064,36,70,59.27,85.86,49.45,69.08,776,3.603,0,34,O,B,Urgent,0
3065,32,42,83.61,44.2,23.09,93.9,971,3.596,0,10,O,A,Normal,1
3066,43,39,52.4,69.89,31.31,83.74,99,2.571,2,4,A,O,Critical,1
3067,43,69,40.21,31.85,26.76,46.56,506,2.562,2,26,B,B,Routine,1
3068,43,67,76.0,37.72,34.43,87.24,236,2.163,0,24,O,AB,Critical,1
3069,23,19,60.86,17.6,70.23,52.48,600,4.007,3,4,B,A,Critical,0
3070,54,43,65.09,61.66,87.92,84.27,327,2.94,0,11,A,O,Normal,0
3071,59,24,58.68,59.6,61.99,77.14,15,1.459,2,35,AB,O,Urgent,0
3072,52,57,26.77,17.35,94.52,69.32,527,3.457,2,5,O,A,Normal,0
3073,68,39,55.49,17.1,23.93,52.43,271,3.25,0,29,AB,AB,Routine,1
3074,69,69,70.07,62.66,93.65,45.07,357,4.611,2,0,O,B,Urgent,0
3075,50,19,61.12,91.17,24.02,88.03,609,4.112,0,31,O,B,Critical,0
3076,41,37,70.47,87.83,40.93,83.09,836,0.932,1,4,B,O,Urgent,0
3077,60,75,45.65,65.76,21.25,74.26,37,2.744,2,15,O,O,Urgent,0
3078,33,21,39.74,8.35,10.84,85.37,794,1.38,4,12,O,AB,Urgent,1
3079,23,23,39.17,60.15,50.77,84.65,104,2.626,3,0,A,O,Critical,0
3080,22,58,89.53,90.43,21.11,71.04,890,1.828,2,36,O,O,Urgent,1
3081,18,75,28.64,71.7,93.43,58.66,721,1.791,0,57,A,A,Normal,0
3082,43,42,47.97,32.8,77.59,71.86,960,1.53,0,1,B,O,Normal,0
3083,63,31,77.25,6.82,49.02,77.41,98,3.668,0,32,A,A,Normal,1
3084,45,38,73.96,27.71,91.14,57.72,137,2.229,4,7,B,A,Normal,0
3085,29,44,82.62,34.97,69.45,49.59,517,1.804,1,15,O,O,Routine,1
3086,66,,36.63,27.07,66.75,83.39,354,2.962,1,17,O,B,Critical,1
3087,30,33,44.3,10.14,60.42,57.42,818,2.26,0,3,O,A,Normal,1
3088,29,46,57.26,97.4,57.12,94.73,187,3.31,7,17,A,A,Critical,0
3089,31,69,46.41,61.27,5.02,79.76,562,1.307,1,38,O,A,Normal,1
3090,28,65,73.61,37.31,60.57,71.45,904,1.168,0,37,A,O,Normal,0
3091,57,76,95.32,32.3,45.99,99.03,461,0.5,2,19,B,B,Urgent,1
3092,47,63,63.14,80.78,3.98,67.12,634,2.826,1,16,O,O,Urgent,1
3093,64,37,99.88,17.48,86.03,93.53,507,2.703,1,27,O,B,Urgent,1
3094,54,33,56.67,80.69,56.52,90.45,60,3.049,1,21,O,A,Urgent,1
3095,63,67,61.79,17.68,21.96,72.63,265,3.954,4,4,O,A,Normal,1
3096,48,64,90.33,30.18,99.13,62.21,523,4.01,0,16,A,B,Critical,0
3097,22,53,72.23,30.16,67.74,45.25,153,3.51,1,31,O,AB,Normal,0
3098,35,57,86.08,93.71,49.07,87.29,569,3.539,2,22,B,A,Critical,0
3099,26,45,55.37,11.58,83.03,50.12,867,2.979,1,19,A,A,Urgent,1
3100,40,43,74.14,50.58,95.0,45.72,107,1.234,2,3,B,AB,Normal,0
3101,38,75,44.84,91.74,76.61,63.79,534,1.502,2,37,A,A,Normal,0
3102,53,34,97.54,21.79,84.6,85.36,468,2.813,2,19,O,O,Urgent,1
3103,39,76,88.82,6.07,18.52,66.99,13,1.521,1,37,O,O,Normal,1
3104,37,35,83.12,45.0,41.56,61.33,368,3.158,1,2,O,A,Normal,1
3105,34,31,32.11,88.41,67.4,80.32,138,3.35,3,3,B,O,Normal,0
3106,69,49,87.96,77.2,15.12,72.46,929,2.647,5,20,B,B,Urgent,1
3107,61,76,71.31,26.71,99.89,72.14,539,2.053,1,15,O,B,Normal,1
3108,57,64,49.05,69.97,33.98,54.05,180,1.609,1,,AB,A,Normal,0
3109,31,24,79.72,31.83,98.34,54.93,146,3.769,0,7,O,O,Urgent,1
3110,22,60,44.45,,41.19,48.96,699,2.878,0,38,O,B,Critical,0
3111,59,50,46.03,62.31,16.54,65.43,280,2.107,1,9,A,B,Normal,0
3112,46,27,82.91,41.51,99.38,99.05,803,1.806,0,19,O,O,Normal,1
3113,28,58,25.74,58.17,79.41,76.95,149,0.5,1,30,A,O,Critical,0
3114,30,39,28.39,42.4,36.36,96.96,362,2.946,1,9,O,O,Urgent,1
3115,45,72,31.4,98.62,43.85,99.73,317,2.632,6,27,A,B,Normal,0
3116,36,31,56.5,87.6,30.92,99.38,751,1.914,1,5,A,O,Urgent,1
3117,38,58,66.69,79.74,5.82,86.64,791,3.698,1,20,O,B,Normal,1
3118,51,53,71.35,81.34,26.84,84.17,178,2.586,4,2,O,B,Critical,0
3119,68,63,62.43,75.94,53.25,85.83,646,0.5,2,5,B,B,Normal,0
3120,27,71,69.37,36.0,27.04,91.37,365,3.068,0,44,B,A,Normal,0
3121,24,51,40.22,39.81,64.63,54.75,560,0.5,0,27,O,B,Normal,0
3122,21,26,50.41,56.74,50.47,72.81,62,3.19,0,5,B,B,Urgent,1
3123,49,66,88.47,88.57,41.29,66.06,624,1.261,2,17,O,O,Normal,0
3124,68,71,93.19,73.16,55.07,60.25,366,3.646,0,3,O,O,Urgent,1
3125,46,74,81.62,62.13,76.1,53.61,351,2.351,5,28,O,O,Critical,0
3126,54,47,30.2,54.04,3.76,59.09,944,3.675,0,7,B,A,Urgent,0
3127,48,39,92.17,76.55,79.69,47.63,100,2.447,0,9,A,B,Normal,0
3128,24,66,59.49,88.0,77.82,99.94,267,1.408,0,42,AB,B,Normal,0
3129,20,46,51.72,97.64,27.69,50.16,436,2.38,3,26,A,A,Normal,1
3130,48,29,97.55,64.93,76.57,71.08,191,1.553,1,19,B,O,Urgent,0
3131,21,51,48.63,79.71,47.9,94.03,624,1.439,2,30,A,O,Normal,0
3132,60,50,90.92,14.35,33.47,85.75,584,1.223,0,10,O,AB,Normal,1
3133,57,66,85.95,68.77,22.24,51.49,910,1.544,3,9,AB,A,Urgent,1
3134,36,20,53.22,18.31,10.93,72.07,363,2.382,3,16,O,AB,Urgent,1
3135,21,70,49.35,91.18,11.91,78.78,212,2.304,8,49,O,A,Routine,0
3136,39,43,62.39,79.33,70.92,98.15,272,3.251,8,4,A,O,Urgent,0
3137,53,58,98.44,91.23,83.95,78.1,269,1.09,0,5,B,O,Urgent,0
3138,43,43,41.42,95.31,16.74,71.04,647,0.962,0,0,O,O,Routine,1
3139,58,69,88.13,81.59,9.34,82.49,698,2.785,0,11,O,B,Normal,1
3140,23,51,71.28,83.38,51.89,66.42,707,1.742,8,28,A,B,Normal,0
3141,22,47,63.74,18.38,76.18,78.83,515,2.833,2,25,B,B,Normal,1
3142,21,66,25.2,45.44,17.3,61.43,405,3.89,0,45,O,A,Normal,0
3143,56,57,85.3,37.83,84.49,,536,2.052,2,1,B,B,Normal,1
3144,28,60,31.18,4.91,96.92,71.29,143,2.7,6,32,B,O,Critical,0
3145,42,68,49.04,71.13,83.26,62.14,164,3.947,0,26,O,A,Urgent,0
3146,69,27,25.86,63.44,49.37,95.77,931,1.993,1,42,A,O,Urgent,0
3147,26,43,43.18,64.12,31.94,86.69,113,5.117,7,17,A,O,Critical,0
3148,29,44,49.95,18.59,56.23,54.93,740,3.041,1,15,B,O,Routine,1
3149,44,46,62.33,97.1,6.73,94.66,338,1.578,7,2,O,O,Normal,1
3150,49,22,72.8,43.03,57.37,87.96,633,0.939,0,27,O,O,Critical,1
3151,63,72,66.61,64.23,65.1,63.21,116,0.734,2,9,A,A,Normal,1
3152,39,47,72.98,54.83,10.3,98.48,637,2.804,2,8,B,A,Normal,0
3153,29,60,92.73,25.3,54.14,97.21,662,2.384,0,31,O,B,Urgent,1
3154,26,76,32.39,55.6,49.26,59.24,970,1.144,5,50,O,AB,Normal,0
3155,47,71,26.57,40.02,88.37,48.18,449,3.041,3,24,O,B,Urgent,0
3156,38,61,81.38,60.77,43.03,62.49,928,2.468,1,23,O,AB,Normal,0
3157,42,48,52.89,80.44,32.66,64.71,91,1.193,1,6,O,B,Urgent,0
3158,54,24,77.44,37.9,20.12,67.43,365,2.653,0,30,O,A,Normal,1
3159,32,59,44.09,96.18,34.76,80.2,473,2.9,0,27,A,A,Normal,0
3160,60,64,80.9,34.56,82.28,66.54,155,1.684,0,4,O,B,Urgent,1
3161,18,18,31.41,65.03,28.57,63.57,687,2.793,0,0,O,O,Critical,1
3162,51,72,58.19,54.84,90.26,48.21,509,4.231,0,21,O,B,Urgent,0
3163,33,67,37.23,30.54,69.28,46.97,142,4.665,0,34,A,A,Normal,0
3164,20,48,82.43,16.75,43.63,83.45,383,2.814,0,28,O,A,Urgent,1
3165,22,27,58.41,53.99,45.58,80.84,274,2.033,1,5,B,O,Normal,0
3166,33,50,80.29,97.56,65.98,73.49,335,2.777,0,17,A,A,Critical,1
3167,46,23,81.15,86.07,67.54,92.05,28,3.091,0,23,A,O,Urgent,0
3168,31,32,98.43,90.9,11.87,88.67,926,2.651,1,1,A,B,Critical,1
3169,29,35,32.23,8.43,98.39,92.01,818,3.892,1,6,B,A,Critical,0
3170,56,64,51.52,77.95,98.82,48.7,633,1.742,1,8,AB,A,Critical,0
3171,,57,98.68,19.9,38.1,84.47,199,3.411,1,28,O,O,Normal,1
3172,59,68,89.0,99.8,85.71,51.97,24,1.928,2,9,O,B,Urgent,0
3173,37,41,71.15,95.28,19.87,59.56,976,2.973,1,4,O,A,Normal,0
3174,62,24,37.24,39.81,82.61,82.0,809,2.4,4,38,A,O,Critical,0
3175,26,25,60.26,10.79,81.07,93.5,878,0.644,0,1,O,A,Normal,1
3176,68,21,56.45,3.64,83.85,47.99,297,4.603,0,47,B,O,Urgent,0
3177,28,44,62.13,84.77,90.63,83.96,371,2.057,3,16,A,A,Urgent,0
3178,18,32,90.78,46.19,4.96,53.54,691,3.555,1,14,O,O,Urgent,1
3179,50,30,33.58,11.58,21.16,82.19,142,2.399,0,20,O,O,Urgent,1
3180,59,64,41.3,55.2,84.76,45.95,987,2.585,1,5,A,B,Critical,0
3181,42,24,67.5,22.91,86.0,59.17,613,3.023,0,18,A,A,Routine,1
3182,29,54,53.34,67.61,72.47,75.07,508,3.462,0,25,A,A,Normal,0
3183,39,36,57.79,69.9,52.92,54.66,357,4.674,0,3,O,A,Normal,1
3184,35,66,45.4,16.64,49.87,88.67,415,3.67,7,31,A,B,Urgent,0
3185,37,56,32.07,18.34,72.3,91.04,925,0.5,0,19,B,B,Urgent,1
3186,63,22,59.0,87.91,7.92,88.32,160,1.428,3,41,A,O,Routine,0
3187,31,35,79.79,53.46,9.27,83.87,437,1.144,0,4,B,O,Normal,1
3188,67,54,56.83,46.54,41.09,81.17,975,3.532,3,13,A,O,Urgent,0
3189,39,,32.8,27.51,41.32,66.17,780,3.215,2,26,O,O,Normal,0
3190,44,55,76.7,42.19,34.32,72.03,273,2.398,0,11,A,A,Critical,1
3191,51,60,46.86,78.53,66.95,98.65,244,3.756,1,9,O,O,Urgent,1
3192,36,74,42.16,12.69,5.88,68.92,481,4.9,1,38,B,O,Urgent,1
3193,44,51,96.89,41.19,51.74,82.76,972,2.358,4,7,O,A,Normal,1
3194,35,58,58.48,61.47,86.3,89.43,680,2.563,1,23,B,A,Critical,0
3195,36,62,76.43,33.08,53.86,70.13,410,2.178,1,26,B,B,Urgent,0
3196,25,34,26.15,91.65,92.14,84.01,590,2.786,4,9,A,A,Normal,0
3197,51,22,44.62,8.27,73.97,91.61,3,1.432,3,29,B,O,Urgent,0
3198,52,76,44.82,43.26,75.85,53.46,896,4.757,1,24,O,B,Normal,0
3199,65,72,75.18,12.62,7.93,86.44,693,2.649,1,7,O,A,Urgent,1
3200,28,36,40.24,82.02,83.49,68.51,532,2.007,4,8,O,A,Normal,0
3201,69,29,61.7,84.21,70.5,93.48,284,1.768,1,40,O,O,Urgent,0
3202,58,22,82.3,44.13,78.59,63.06,865,2.469,0,36,A,O,Urgent,0
3203,60,69,35.05,15.93,7.06,46.16,815,2.76,3,9,A,B,Urgent,0
3204,61,63,30.33,80.33,59.82,92.84,204,2.657,7,2,O,O,Normal,0
3205,37,40,88.63,58.44,9.87,62.78,265,4.971,3,3,B,B,Urgent,1
3206,67,20,60.89,50.26,16.7,99.77,53,3.14,0,47,A,A,Routine,0
3207,40,50,89.31,64.05,68.13,87.54,770,3.314,3,10,AB,O,Urgent,0
3208,42,43,26.82,87.48,22.44,74.94,763,3.474,2,1,B,O,Normal,0
3209,44,31,96.62,98.37,9.17,98.1,500,3.135,0,13,O,B,Urgent,1
3210,45,68,57.02,75.22,46.1,51.14,214,3.318,0,23,O,O,Routine,0
3211,27,31,41.12,96.71,51.29,95.45,263,2.985,0,4,A,B,Urgent,0
3212,66,74,49.72,66.06,8.8,58.9,793,4.559,1,8,B,A,Urgent,0
3213,36,21,61.74,52.07,82.7,73.7,386,1.298,1,15,B,A,Critical,0
3214,54,67,70.9,2.59,20.44,48.36,545,2.228,1,13,O,A,Urgent,1
3215,34,60,68.3,97.55,28.76,52.5,469,2.08,2,26,O,A,Normal,0
3216,36,43,96.91,68.24,56.19,64.9,822,1.815,0,7,O,A,Critical,1
3217,69,71,90.26,6.81,92.94,55.36,603,1.908,0,2,O,O,Urgent,1
3218,67,26,26.5,2.41,84.87,99.72,586,2.699,2,41,A,O,Critical,0
3219,64,18,89.54,94.18,82.96,75.05,639,4.034,0,46,B,B,Normal,0
3220,46,44,84.23,51.29,80.08,64.21,831,2.944,0,2,O,A,Normal,0
3221,34,52,40.97,21.83,37.38,66.45,241,1.645,2,18,O,A,Normal,0
3222,65,42,91.48,89.62,86.49,47.87,68,2.127,0,23,B,B,Routine,0
3223,59,77,96.4,10.47,22.68,75.82,474,1.903,0,18,B,B,Urgent,1
3224,39,45,34.83,10.45,36.96,93.67,928,3.176,2,6,A,O,Critical,1
3225,49,25,93.59,81.76,88.32,77.35,110,2.946,1,24,B,B,Routine,0
3226,60,34,43.68,30.45,84.17,66.18,923,2.368,4,26,O,B,Urgent,0
3227,63,41,64.87,49.26,74.85,50.61,864,3.664,3,22,O,AB,Normal,0
3228,23,45,66.43,69.32,30.91,83.61,87,2.362,1,22,O,A,Critical,0
3229,49,50,70.33,73.91,50.27,91.53,358,2.828,2,1,A,B,Routine,0
3230,43,54,67.36,86.25,70.34,61.69,629,2.86,3,11,B,O,Urgent,0
3231,61,41,61.87,3.79,15.0,54.69,366,3.408,2,20,A,O,Urgent,0
3232,43,61,99.68,10.22,33.92,70.01,41,2.978,1,18,O,O,Critical,1
3233,43,50,26.18,70.75,88.54,89.73,942,2.797,0,7,A,O,Normal,0
3234,32,18,34.84,61.0,20.54,72.89,775,3.277,3,14,A,O,Urgent,0
3235,20,24,97.44,27.47,71.17,94.59,299,2.751,2,4,O,B,Normal,1
3236,58,55,93.06,84.76,69.05,79.87,677,1.433,5,3,A,O,Normal,0
3237,22,66,57.32,93.29,10.83,60.47,885,5.161,1,44,B,A,Urgent,0
3238,23,68,38.92,46.47,4.83,80.67,426,4.567,1,45,B,AB,Normal,1
3239,25,65,53.77,26.59,49.71,54.63,277,2.301,2,40,O,B,Critical,1
3240,62,67,52.87,93.55,83.54,94.29,423,2.467,1,5,O,A,Critical,1
3241,58,44,86.09,94.79,16.67,53.4,716,2.586,8,14,O,O,Critical,0
3242,39,74,95.19,85.26,90.24,79.32,770,0.972,1,35,O,B,Normal,0
3243,30,35,52.43,36.42,85.88,90.98,613,2.842,0,5,A,O,Routine,0
3244,58,57,25.77,49.63,92.31,59.04,318,3.81,2,1,O,A,Normal,0
3245,38,74,71.01,49.6,78.06,86.14,858,3.197,0,36,A,O,Normal,0
3246,21,50,95.66,6.95,23.72,65.59,47,1.425,3,29,O,B,Urgent,1
3247,37,30,29.51,18.77,82.52,66.05,458,3.056,4,7,O,A,Normal,0
3248,59,18,56.85,57.67,67.05,65.49,889,1.617,2,41,B,A,Normal,0
3249,67,19,93.15,16.0,11.68,51.68,774,3.834,0,48,O,O,Routine,1
3250,50,20,42.45,80.02,77.96,91.1,632,1.977,0,30,A,AB,Urgent,0
3251,42,77,35.37,61.14,14.71,75.06,877,2.966,3,35,O,A,Normal,0
3252,22,47,44.03,83.79,42.61,89.96,240,2.414,1,25,O,B,Normal,0
3253,53,76,96.24,4.95,18.28,80.78,550,2.409,0,23,B,O,Urgent,0
3254,60,65,95.9,10.29,88.73,62.98,515,2.768,1,5,B,B,Normal,1
3255,31,19,86.68,86.37,97.57,91.66,36,2.678,3,12,O,B,Normal,0
3256,44,77,51.86,34.29,71.61,84.44,107,4.283,3,33,B,A,Critical,0
3257,57,28,49.37,68.03,91.12,91.95,900,3.545,1,29,A,A,Urgent,0
3258,56,75,95.96,1.42,48.16,,661,2.658,1,19,A,O,Normal,1
3259,20,21,90.67,60.99,37.32,72.02,374,3.894,0,1,O,B,Normal,0
3260,34,49,40.28,51.62,28.92,97.86,870,2.413,1,15,A,O,Critical,1
3261,44,42,66.88,53.05,90.93,90.72,529,1.733,0,2,O,B,Routine,0
3262,52,55,95.16,92.02,18.7,67.86,864,4.099,2,3,B,O,Critical,1
3263,23,27,76.76,21.64,90.53,47.47,388,4.735,2,4,B,A,Normal,0
3264,42,40,49.21,64.89,67.44,94.44,253,2.857,2,2,B,B,Urgent,1
3265,31,25,25.13,65.81,33.23,55.54,513,3.247,0,6,O,A,Normal,0
3266,59,74,90.55,18.75,39.48,83.88,875,1.848,1,15,B,O,Normal,1
3267,46,76,82.73,70.48,80.46,91.39,137,2.655,3,30,A,AB,Urgent,0
3268,67,21,94.67,88.4,75.78,99.74,717,2.592,0,46,O,O,Normal,0
3269,49,27,57.11,78.46,13.47,59.14,34,0.5,1,22,O,B,Critical,0
3270,54,38,89.52,94.36,84.85,92.62,252,1.24,7,16,A,AB,Urgent,0
3271,57,29,75.94,8.76,48.39,51.84,171,1.852,0,28,O,AB,Critical,1
3272,60,46,37.43,0.0,35.01,93.67,657,1.638,4,14,O,A,Routine,1
3273,37,37,80.91,62.69,39.83,77.99,947,3.344,0,0,A,A,Routine,1
3274,67,65,31.26,57.32,81.1,56.99,472,2.56,1,2,O,O,Urgent,1
3275,65,64,34.93,22.76,49.76,55.6,766,2.925,0,1,O,A,Urgent,0
3276,65,60,55.54,41.81,95.35,70.4,,2.27,0,5,O,B,Urgent,0
3277,53,18,72.15,36.4,36.75,47.61,50,1.9,5,35,B,A,Urgent,0
3278,55,69,31.58,11.33,10.05,83.78,638,4.29,0,14,A,B,Normal,0
3279,65,75,92.32,70.94,51.79,51.05,195,1.534,2,10,O,O,Normal,1
3280,36,69,25.43,28.25,95.83,66.62,464,2.331,1,33,A,B,Urgent,0
3281,69,63,36.95,84.19,6.56,76.38,15,4.649,1,6,B,A,Critical,0
3282,46,20,30.96,12.0,59.71,95.86,661,3.522,1,26,O,B,Normal,1
3283,31,68,59.05,34.06,55.69,49.93,246,2.616,2,37,O,B,Urgent,0
3284,41,23,96.63,91.42,58.88,95.87,887,3.707,0,18,A,B,Routine,0
3285,29,38,58.28,26.85,,70.02,481,1.513,3,9,A,O,Normal,0
3286,36,50,54.14,93.66,11.31,45.58,33,1.433,1,14,B,A,Normal,0
3287,63,73,64.33,93.23,25.98,72.78,76,4.034,0,10,O,A,Urgent,0
3288,18,56,83.54,30.86,13.08,71.79,253,2.864,7,38,O,O,Urgent,1
3289,39,44,76.4,52.15,54.78,85.41,953,2.485,1,5,B,O,Normal,0
3290,53,37,31.55,62.0,79.62,70.9,683,4.681,2,16,A,A,Routine,0
3291,21,71,35.17,35.22,16.11,47.89,589,1.1,1,50,O,A,Urgent,0
3292,35,44,26.83,60.62,85.97,66.84,595,3.27,3,9,A,B,Critical,0
3293,45,68,96.12,65.19,78.83,46.87,765,2.386,1,23,O,A,Normal,0
3294,66,20,70.27,5.07,88.22,70.1,267,1.808,1,46,B,A,Critical,0
3295,45,37,36.8,22.1,16.22,90.93,186,3.328,0,8,A,A,Critical,1
3296,48,70,93.17,58.16,22.82,53.92,422,2.386,0,22,O,B,Normal,1
3297,52,61,75.37,83.82,80.64,50.13,56,1.303,1,9,A,A,Normal,0
3298,52,72,37.61,32.56,72.52,70.75,48,2.753,0,20,O,O,Normal,0
3299,47,62,41.59,6.92,57.06,83.96,216,2.632,0,15,A,O,Normal,0
3300,48,55,44.53,82.29,20.82,96.04,430,2.761,0,7,B,O,Urgent,0
3301,33,77,65.17,37.71,12.64,46.65,966,3.897,4,44,B,O,Urgent,0
3302,44,76,77.82,82.79,40.4,75.07,316,4.4,2,32,O,A,Normal,0
3303,53,22,27.26,3.6,3.44,53.83,386,1.59,2,31,A,B,Normal,0
3304,22,54,99.6,33.61,38.31,55.3,667,2.231,0,32,B,O,Normal,0
3305,54,69,38.68,26.07,10.0,53.09,773,3.36,4,15,A,O,Normal,0
3306,25,43,44.41,40.89,30.65,66.2,90,3.077,0,18,B,A,Normal,0
3307,35,41,32.65,81.54,61.34,46.56,200,2.95,1,6,O,B,Urgent,0
3308,61,24,26.28,6.88,59.89,54.62,845,1.579,1,37,O,O,Critical,1
3309,33,20,58.64,66.95,56.86,97.21,467,0.5,3,13,B,A,Normal,0
3310,37,77,50.24,95.27,16.65,94.64,541,4.995,2,40,O,O,Urgent,1
3311,65,23,43.93,12.26,21.27,77.69,493,2.135,0,42,O,O,Normal,1
3312,48,67,63.74,80.58,46.12,78.04,255,5.206,6,19,A,A,Normal,0
3313,68,69,76.3,26.06,36.53,89.4,993,2.051,0,1,A,B,Urgent,1
3314,68,21,35.62,39.94,95.56,51.44,1000,3.697,0,47,B,B,Normal,0
3315,34,38,91.29,13.55,72.1,97.97,150,3.762,0,4,O,O,Normal,1
3316,28,57,74.92,26.15,83.6,75.99,511,2.518,7,29,O,B,Normal,0
3317,26,64,87.15,31.75,57.07,47.13,639,3.379,0,38,O,A,Normal,0
3318,34,42,75.22,78.1,45.03,78.32,83,1.563,3,8,O,A,Critical,1
3319,47,47,38.67,87.38,39.65,53.52,310,4.399,3,0,B,A,Urgent,0
3320,18,26,42.25,6.61,40.55,95.29,70,3.136,1,8,B,A,Routine,0
3321,56,36,67.94,35.83,15.22,91.3,217,2.84,0,20,A,O,Urgent,0
3322,18,35,53.14,3.19,54.39,51.4,349,3.293,6,17,B,O,Normal,0
3323,55,73,86.74,75.71,60.48,71.54,129,2.162,0,18,O,A,Normal,0
3324,44,58,42.81,15.31,9.47,84.0,320,3.63,3,14,O,A,Urgent,0
3325,26,24,99.53,27.05,10.25,75.25,47,2.555,1,2,A,AB,Routine,1
3326,39,70,69.48,39.35,16.01,95.05,301,3.278,0,31,O,O,Normal,1
3327,37,62,27.31,30.36,9.48,85.23,276,2.774,0,25,O,AB,Urgent,1
3328,54,71,74.65,60.42,22.98,72.28,548,1.857,1,17,B,O,Critical,0
3329,29,43,57.71,82.05,68.13,64.45,153,3.82,0,14,O,B,Urgent,0
3330,18,34,43.09,93.0,85.21,85.64,111,2.278,2,16,A,B,Normal,0
3331,56,67,83.97,64.2,3.6,69.94,885,1.027,0,11,B,O,Critical,1
3332,64,74,61.21,15.36,66.98,77.67,389,3.82,0,10,A,B,Normal,0
3333,52,73,46.39,93.27,70.58,92.36,43,3.618,1,21,O,O,Normal,0
3334,59,46,62.16,54.69,87.22,49.45,90,2.363,3,13,B,A,Routine,0
3335,52,49,58.44,47.71,20.98,78.28,825,3.126,2,3,B,B,Normal,1
3336,41,66,84.91,76.48,26.72,87.04,262,1.71,0,25,A,O,Normal,0
3337,64,74,52.02,23.03,67.2,53.87,888,3.624,1,10,B,O,Normal,0
3338,30,67,40.12,72.31,0.56,91.57,132,1.267,0,37,B,O,Urgent,0
3339,59,69,71.95,97.13,9.81,69.28,76,3.319,2,10,B,B,Normal,1
3340,31,77,28.25,1.45,68.12,99.36,805,4.813,1,46,A,O,Urgent,0
3341,32,45,60.62,52.89,1.33,53.42,425,2.527,1,13,O,O,Routine,1
3342,61,27,42.89,39.16,99.09,59.29,844,3.783,0,34,A,O,Normal,0
3343,19,27,82.43,73.91,8.49,66.42,823,2.759,0,8,O,B,Routine,1
3344,65,55,27.37,25.18,34.61,82.82,935,2.116,0,10,B,A,Normal,0
3345,29,74,50.83,47.17,91.34,56.44,565,1.473,0,45,A,O,Urgent,0
3346,69,71,54.58,59.09,30.23,88.47,669,3.692,1,2,B,B,Critical,1
3347,52,75,40.4,67.62,33.71,74.71,37,1.136,4,23,B,O,Urgent,0
3348,44,75,47.25,64.64,55.71,70.8,426,3.764,2,31,O,B,Normal,0
3349,29,57,38.96,12.11,21.44,80.59,231,2.807,0,28,A,O,Normal,0
3350,65,67,28.56,58.12,84.37,55.65,39,3.178,1,2,O,O,Urgent,0
3351,34,47,44.41,77.61,1.56,98.61,35,2.819,8,13,AB,O,Urgent,0
3352,39,41,44.2,30.79,30.3,51.12,798,4.465,0,2,B,O,Normal,0
3353,21,52,88.14,5.54,13.33,82.13,658,2.606,0,31,O,A,Normal,1
3354,37,68,61.61,60.16,23.22,95.42,81,3.721,1,31,O,A,Normal,0
3355,27,37,57.87,57.39,93.82,94.85,803,1.849,6,10,O,O,Routine,0
3356,19,59,85.05,95.64,45.68,90.06,757,2.965,8,40,O,B,Urgent,0
3357,38,52,67.43,56.83,8.73,78.02,318,1.981,0,,A,O,Urgent,0
3358,31,76,62.94,24.9,88.74,74.54,248,3.067,0,45,O,O,Urgent,0
3359,51,73,86.51,33.6,33.15,60.96,525,3.214,6,22,O,O,Routine,1
3360,29,56,95.22,45.25,76.95,84.3,996,2.002,1,27,A,A,Urgent,1
3361,21,34,83.11,81.86,80.68,59.33,853,3.326,,13,O,O,Routine,0
3362,66,44,33.56,92.05,68.03,93.61,820,2.849,0,22,A,O,Urgent,0
3363,47,54,87.19,16.28,39.15,98.53,197,2.01,2,7,O,O,Urgent,1
3364,23,53,85.15,36.78,86.91,62.44,854,3.598,,30,O,B,Normal,0
3365,29,25,52.25,80.34,27.25,71.62,473,2.142,0,4,AB,O,Normal,0
3366,31,20,89.46,83.2,34.78,45.28,357,1.806,3,11,O,A,Normal,0
3367,53,42,55.12,58.49,59.04,53.33,654,3.055,0,11,AB,A,Routine,0
3368,54,51,87.27,77.4,90.68,93.54,440,2.255,0,3,O,O,Urgent,1
3369,63,71,75.48,82.8,34.57,52.68,449,1.486,2,8,A,A,Urgent,0
3370,67,57,37.36,97.59,54.71,94.82,806,2.592,0,10,B,O,Urgent,0
3371,40,34,81.56,77.93,8.09,54.24,84,1.457,0,6,A,O,Routine,0
3372,51,55,79.52,44.08,63.3,45.09,889,2.338,0,4,O,A,Urgent,1
3373,36,53,54.48,22.05,95.52,50.16,786,3.832,3,17,O,A,Critical,0
3374,34,59,69.34,18.53,30.38,78.01,810,2.022,0,25,A,O,Normal,0
3375,47,56,31.38,35.65,52.98,83.21,213,3.148,0,9,O,O,Normal,0
3376,23,62,76.42,85.82,83.25,68.36,105,3.905,0,39,A,B,Normal,0
3377,18,37,97.46,74.62,0.38,98.22,566,2.804,0,19,A,B,Critical,0
3378,36,28,37.14,46.84,45.44,73.92,997,3.238,0,8,A,A,Urgent,1
3379,31,51,81.09,10.69,97.3,76.57,359,2.477,0,20,B,O,Routine,1
3380,33,45,36.85,91.03,79.41,73.9,146,2.59,4,12,A,B,Normal,0
3381,59,40,60.7,7.37,34.77,75.96,605,4.307,1,19,B,A,Normal,0
3382,44,30,75.41,80.52,42.37,85.85,482,1.062,3,14,A,A,Routine,1
3383,51,43,46.57,2.18,96.16,88.55,991,2.498,2,8,O,O,Critical,1
3384,67,49,58.3,46.35,71.47,81.17,287,1.869,1,18,A,A,Urgent,1
3385,28,61,92.22,49.84,22.78,95.38,90,3.268,0,33,A,O,Normal,0
3386,22,44,50.88,41.67,62.49,76.34,582,0.5,0,22,A,A,Urgent,1
3387,55,75,45.81,63.87,14.09,55.57,950,3.326,0,20,O,A,Critical,1
3388,44,40,63.61,73.31,6.58,51.76,819,4.111,2,4,A,A,Normal,1
3389,51,52,52.73,27.59,28.44,69.66,910,3.075,0,1,O,AB,Routine,1
3390,53,28,48.97,95.62,71.5,87.94,661,3.94,4,25,O,O,Critical,0
3391,62,48,42.55,97.82,70.13,45.13,956,4.061,1,14,O,O,Urgent,0
3392,42,60,71.22,11.31,76.75,73.24,857,1.676,4,18,O,A,Routine,1
3393,58,34,71.52,49.02,49.64,82.9,933,4.834,0,24,B,O,Normal,0
3394,43,76,98.46,74.18,43.56,92.23,326,1.805,0,33,A,B,Critical,0
3395,45,73,65.83,95.44,35.61,48.29,552,3.943,0,28,O,O,Urgent,1
3396,18,60,81.26,51.2,32.79,76.54,813,3.785,0,42,O,B,Normal,0
3397,53,74,62.99,91.78,21.56,79.89,270,2.422,0,21,O,O,Routine,0
3398,38,53,52.04,94.19,6.59,49.55,627,1.379,7,15,O,B,Urgent,0
3399,54,56,58.73,58.62,52.06,73.21,539,4.276,2,2,O,O,Routine,1
3400,38,49,29.05,12.26,26.05,80.76,584,2.143,0,11,O,A,Critical,1
3401,36,76,81.06,92.73,13.62,62.36,736,2.532,8,40,B,B,Normal,0
3402,26,42,79.1,71.27,14.95,92.08,330,1.452,0,16,B,O,Urgent,1
3403,56,31,62.12,59.66,54.6,66.16,116,3.334,7,25,O,O,Urgent,0
3404,49,27,65.87,58.84,87.0,64.81,929,2.895,3,22,A,B,Urgent,0
3405,19,50,60.35,88.99,6.11,58.65,860,2.696,5,31,B,O,Critical,0
3406,23,51,36.71,11.19,15.53,82.05,143,2.394,3,28,AB,O,Critical,0
3407,18,34,80.35,66.61,36.59,86.18,973,2.931,1,16,AB,AB,Urgent,1
3408,46,33,57.64,8.15,9.89,97.73,411,2.661,3,13,O,A,Critical,0
3409,30,21,92.52,86.17,93.89,82.25,616,3.463,0,9,B,O,Normal,0
3410,67,33,59.53,86.63,0.2,46.02,155,2.241,1,34,B,B,Urgent,1
3411,41,49,29.58,38.64,67.77,78.02,280,3.386,1,8,B,A,Routine,0
3412,46,66,99.49,29.42,83.38,52.99,41,1.914,1,20,A,B,Routine,0
3413,39,29,43.54,38.76,6.55,45.89,422,3.518,5,10,B,A,Routine,0
3414,36,62,54.15,61.95,52.87,86.87,857,4.759,2,26,A,B,Normal,0
3415,39,51,86.04,97.59,14.11,83.84,375,1.685,0,12,O,O,Normal,1
3416,42,53,36.46,76.49,5.35,64.19,120,1.544,0,11,AB,O,Normal,0
3417,52,72,27.54,53.58,1.39,96.66,417,2.901,7,20,O,B,Critical,0
3418,47,76,38.11,3.47,83.57,97.27,493,1.31,3,29,A,O,Normal,0
3419,29,28,30.67,56.58,92.05,57.16,441,4.414,0,1,A,O,Urgent,0
3420,69,71,44.7,63.61,42.83,78.87,931,1.64,1,2,B,O,Urgent,0
3421,67,59,68.35,99.85,91.41,84.02,215,1.572,6,8,O,A,Normal,0
3422,29,20,79.86,1.13,27.84,51.73,909,1.957,5,9,O,B,Routine,0
3423,57,42,32.61,88.63,57.94,46.58,317,3.629,5,15,A,O,Normal,0
3424,22,74,66.58,64.5,32.64,51.5,619,2.681,0,52,B,O,Urgent,0
3425,64,63,35.58,22.09,20.26,96.89,539,1.889,0,1,B,A,Critical,0
3426,59,47,76.73,13.55,0.17,96.63,53,3.488,1,12,B,A,Normal,0
3427,68,31,39.85,93.52,91.61,70.45,348,3.258,2,37,AB,O,Critical,0
3428,69,77,87.81,86.56,95.01,50.78,666,3.16,5,8,A,O,Urgent,0
3429,23,28,44.66,93.3,55.77,93.15,316,3.349,1,5,A,A,Routine,0
3430,41,30,62.96,37.25,98.89,99.68,140,3.161,4,11,O,O,Urgent,0
3431,29,77,92.56,28.08,80.6,83.11,746,2.953,0,48,A,O,Critical,0
3432,68,47,39.78,79.53,12.44,99.58,63,3.483,2,21,AB,A,Urgent,0
3433,46,29,86.68,55.62,67.53,95.46,168,1.581,0,17,O,O,Routine,1
3434,38,26,69.61,28.33,49.91,81.54,452,4.455,2,12,AB,A,Critical,0
3435,26,69,87.31,38.37,38.88,50.98,2,1.125,3,43,O,O,Urgent,0
3436,25,68,83.21,68.85,29.33,97.82,992,2.888,8,43,O,A,Urgent,1
3437,61,36,78.87,49.86,30.49,82.74,918,1.91,0,25,O,A,Urgent,1
3438,27,41,74.21,4.26,17.28,87.21,919,4.331,1,14,AB,A,Urgent,1
3439,40,72,88.83,40.13,24.39,61.27,269,3.188,0,32,AB,O,Normal,0
3440,50,73,82.94,79.43,43.61,64.22,979,1.991,5,23,A,A,Urgent,1
3441,60,49,62.38,97.56,54.82,97.68,961,1.996,2,11,B,B,Urgent,1
3442,39,76,96.91,72.88,67.41,68.42,236,4.154,0,37,O,O,Normal,1
3443,36,35,77.4,60.38,12.11,73.94,159,2.42,0,1,O,A,Normal,1
3444,60,73,60.16,23.82,42.24,81.41,241,2.394,0,13,A,O,Normal,0
3445,49,22,92.56,85.65,79.28,73.08,460,1.321,1,27,B,O,Normal,0
3446,56,47,73.3,97.95,0.5,63.72,495,1.683,4,9,A,O,Urgent,0
3447,67,22,52.52,75.12,12.47,73.77,5,5.326,0,45,O,A,Routine,0
3448,57,47,66.58,95.9,14.43,78.88,388,4.212,0,10,O,O,Urgent,1
3449,35,48,35.54,22.45,35.42,90.97,341,3.4,1,13,O,A,Critical,0
3450,43,64,57.04,37.5,61.51,88.7,875,0.994,0,21,A,B,Urgent,0
3451,25,44,89.18,98.79,21.29,79.03,141,1.1,0,19,A,O,Urgent,0
3452,30,53,80.91,9.11,54.14,88.45,380,4.452,3,23,O,O,Critical,1
3453,49,48,57.2,84.89,13.36,69.13,637,4.348,0,1,O,O,Normal,1
3454,64,34,88.13,59.84,9.83,71.29,920,2.718,3,30,B,O,Normal,0
3455,40,71,73.89,18.48,46.19,64.54,635,3.048,0,31,A,A,Urgent,1
3456,23,60,49.01,52.94,17.74,53.02,669,2.917,1,37,O,O,Routine,1
3457,59,47,47.51,52.19,41.31,90.03,401,0.5,2,12,O,A,Normal,0
3458,39,47,62.63,31.37,56.32,66.33,731,2.618,3,8,B,A,Normal,0
3459,24,20,38.95,27.57,46.35,48.43,331,3.565,0,4,A,A,Critical,1
3460,46,60,49.94,63.11,31.11,53.48,660,,0,14,O,B,Critical,0
3461,18,47,84.14,3.98,7.68,73.71,216,3.29,0,29,O,B,Normal,1
3462,26,65,84.52,57.37,10.12,98.58,842,3.193,0,39,B,A,Normal,1
3463,54,29,85.42,78.11,85.62,82.78,974,1.712,0,25,O,A,Routine,1
3464,41,74,70.08,70.34,80.73,65.61,789,3.209,0,33,B,A,Normal,0
3465,47,57,96.42,46.33,88.65,46.88,458,1.58,0,10,A,A,Normal,0
3466,49,69,52.35,29.49,10.26,53.43,259,2.601,3,20,A,B,Urgent,0
3467,63,57,90.6,2.59,15.43,76.12,255,3.39,2,6,O,A,Urgent,1
3468,53,22,93.31,55.81,59.11,85.65,56,3.101,3,31,B,O,Routine,0
3469,41,33,48.73,10.06,57.19,63.3,589,3.323,5,8,O,A,Urgent,0
3470,61,68,37.3,19.26,76.25,64.05,370,3.2,3,7,A,O,Normal,0
3471,54,42,28.9,51.94,88.37,84.12,848,1.215,0,12,A,B,Normal,0
3472,33,39,31.87,67.62,74.26,58.56,104,3.643,1,6,B,B,Normal,0
3473,61,33,63.48,33.29,81.16,53.58,174,0.5,0,28,O,O,Normal,0
3474,45,32,59.18,64.65,23.92,90.18,967,2.48,0,13,B,B,Urgent,1
3475,57,18,66.46,76.95,65.76,63.7,366,3.611,0,39,B,O,Normal,0
3476,29,60,70.29,57.86,0.82,50.32,598,4.294,1,31,A,O,Critical,0
3477,58,44,51.93,97.34,67.89,76.05,628,1.125,5,14,A,B,Normal,0
3478,47,56,94.92,68.27,35.86,,477,2.664,2,9,B,A,Urgent,0
3479,46,65,43.34,98.89,8.82,78.5,710,2.468,0,19,AB,O,Urgent,0
3480,59,29,41.42,22.09,55.18,50.85,45,3.948,2,30,AB,O,Normal,0
3481,59,29,61.44,1.05,49.17,76.9,728,3.124,0,30,O,B,Urgent,1
3482,44,28,76.34,94.05,72.75,52.66,464,3.29,0,16,A,B,Critical,0
3483,55,30,25.52,80.39,24.14,81.23,930,2.063,1,25,A,O,Urgent,0
3484,23,71,52.32,16.1,81.0,76.13,388,2.127,3,48,B,B,Normal,0
3485,51,68,56.64,92.81,49.25,54.05,500,3.491,2,17,B,O,Urgent,0
3486,50,60,33.57,5.09,37.31,73.76,902,4.026,7,10,B,AB,Urgent,0
3487,68,36,47.47,4.08,42.49,71.8,257,1.497,3,32,B,O,Urgent,0
3488,67,69,35.29,91.51,23.36,90.64,197,0.937,2,2,O,B,Routine,0
3489,61,64,53.68,98.31,93.76,54.32,400,1.574,0,3,O,A,Urgent,0
3490,24,52,55.74,97.54,43.83,60.51,238,1.706,1,28,B,A,Urgent,0
3491,55,26,85.55,7.02,13.79,65.26,91,1.188,3,29,O,A,Normal,1
3492,34,35,87.05,73.78,5.34,97.38,214,1.741,1,1,O,O,Normal,1
3493,54,55,61.44,45.54,98.21,91.61,676,2.442,2,1,AB,O,Normal,0
3494,60,60,67.67,97.47,59.67,75.18,487,1.564,0,0,O,O,Urgent,1
3495,34,54,69.27,88.18,74.13,77.93,890,2.252,0,20,O,O,Normal,1
3496,45,69,62.56,80.47,22.47,75.74,677,2.827,3,24,O,O,Normal,0
3497,31,42,55.23,31.05,31.5,47.88,315,5.384,1,11,B,A,Normal,0
3498,36,21,99.05,88.74,66.69,46.29,46,3.448,2,15,A,O,Normal,0
3499,44,61,59.98,45.6,63.83,67.96,699,2.817,0,17,O,A,Urgent,0
3500,49,55,27.41,90.71,40.32,62.03,614,3.94,1,6,A,B,Normal,0
3501,67,24,35.36,34.6,0.98,55.49,420,2.417,1,43,O,AB,Urgent,0
3502,20,65,80.6,77.8,73.45,76.87,448,0.5,0,45,O,A,Urgent,0
3503,21,55,31.53,15.54,43.32,58.2,55,1.569,1,34,O,O,Routine,0
3504,22,,48.49,92.53,78.28,81.01,756,1.814,0,12,O,B,Urgent,0
3505,61,64,32.17,69.53,48.86,80.77,70,1.368,2,3,O,B,Normal,0
3506,56,58,95.43,82.95,33.06,71.06,607,3.51,4,2,B,O,Normal,1
3507,51,56,48.83,16.81,69.69,67.63,509,1.077,4,5,AB,B,Urgent,0
3508,20,60,84.63,81.37,20.26,69.84,280,0.735,8,40,B,O,Normal,0
3509,50,70,83.75,67.2,40.95,49.38,141,1.312,0,20,A,B,Normal,0
3510,55,59,40.24,91.74,51.66,77.11,215,2.283,8,4,O,O,Normal,0
3511,46,73,39.16,74.99,95.52,81.53,962,1.554,0,27,B,O,Urgent,0
3512,31,58,88.72,99.36,34.73,45.1,451,2.234,3,27,O,B,Critical,0
3513,40,28,88.76,7.03,31.91,94.12,577,3.27,5,12,O,A,Urgent,0
3514,48,46,89.5,10.32,48.87,99.91,346,3.476,1,2,AB,O,Urgent,1
3515,36,19,26.92,87.52,65.2,51.84,332,2.198,4,17,O,B,Urgent,0
3516,22,31,91.85,79.82,30.78,80.22,663,2.32,1,9,A,O,Normal,0
3517,29,72,74.38,15.31,99.35,62.38,137,3.558,1,43,A,O,Routine,0
3518,39,58,64.73,51.96,54.02,56.17,805,2.689,1,19,B,O,Normal,0
3519,58,38,57.64,87.27,81.8,87.87,805,1.554,0,20,B,A,Urgent,0
3520,39,44,44.48,95.05,26.93,80.97,862,1.668,2,5,A,O,Urgent,0
3521,47,44,97.8,7.53,63.58,71.1,221,2.84,1,3,O,A,Normal,0
3522,62,45,76.53,60.74,41.25,54.87,410,3.095,0,17,B,O,Urgent,0
3523,47,33,95.04,53.92,27.91,95.9,529,0.65,3,14,B,B,Critical,1
3524,33,31,84.32,71.19,45.53,56.46,62,3.489,1,2,O,O,Normal,1
3525,30,32,59.91,72.47,69.19,69.11,411,2.648,0,2,O,A,Routine,1
3526,65,63,51.9,20.47,12.97,97.11,147,3.838,0,2,A,O,Routine,0
3527,62,38,84.93,27.21,73.4,69.69,35,2.667,2,24,A,A,Routine,1
3528,57,62,25.7,95.82,99.67,53.04,931,2.261,0,5,O,A,Routine,0
3529,64,42,27.35,18.12,82.01,81.24,36,0.5,0,22,B,A,Normal,0
3530,58,21,30.51,79.75,,56.54,875,2.899,1,37,O,A,Urgent,0
3531,19,28,79.02,79.05,66.57,69.2,574,3.057,5,9,A,O,Normal,0
3532,64,55,69.89,68.8,59.34,75.08,705,2.082,0,9,AB,A,Normal,0
3533,46,22,95.49,80.25,32.45,49.4,879,4.875,1,24,A,O,Normal,0
3534,38,33,64.07,85.67,36.01,54.01,647,3.34,2,5,B,O,Normal,0
3535,56,29,26.91,57.55,76.12,91.19,297,1.547,4,27,B,A,Urgent,0
3536,30,76,63.09,12.03,29.02,89.31,71,2.792,0,46,B,B,Normal,1
3537,45,29,59.74,68.18,25.8,85.91,282,2.589,5,16,O,O,Routine,0
3538,49,53,93.48,60.49,73.93,84.87,657,3.741,2,4,B,O,Routine,0
3539,58,32,36.39,69.93,75.16,60.27,470,3.775,0,26,A,A,Normal,0
3540,62,61,45.68,73.91,16.78,89.91,636,3.684,0,1,A,A,Urgent,1
3541,18,30,65.38,85.41,70.56,77.91,949,2.585,0,12,B,AB,Normal,0
3542,68,27,53.6,12.01,26.53,45.25,889,2.153,5,41,O,O,Urgent,1
3543,35,40,28.98,92.77,89.45,50.38,29,3.592,1,5,A,O,Critical,0
3544,67,71,63.55,64.51,75.85,54.81,132,0.986,0,4,A,A,Normal,0
3545,35,37,55.79,43.2,74.69,53.44,565,3.187,2,2,O,O,Normal,1
3546,63,54,71.07,46.87,50.86,55.24,334,1.715,4,9,O,A,Normal,1
3547,47,25,34.68,51.08,31.33,74.85,905,0.5,0,22,B,AB,Normal,0
3548,69,74,97.69,69.15,99.14,64.89,648,0.5,0,5,A,AB,Critical,1
3549,34,25,87.6,79.11,31.61,52.74,666,2.213,0,9,B,B,Urgent,1
3550,20,44,92.75,7.12,,89.04,3,1.955,4,24,A,A,Critical,0
3551,59,49,70.32,57.83,22.5,85.95,590,2.983,0,10,O,O,Routine,1
3552,33,18,76.89,62.76,80.58,62.12,719,3.074,1,15,A,B,Normal,0
3553,35,61,38.1,42.5,21.89,71.42,246,3.354,1,26,B,A,Critical,0
3554,60,73,54.2,8.25,19.9,54.06,209,2.168,0,13,O,B,Normal,1
3555,48,30,66.75,36.31,72.52,84.05,368,3.752,4,18,O,O,Critical,1
3556,20,47,45.74,50.8,68.4,78.25,707,2.2,1,27,A,B,Urgent,0
3557,57,21,36.3,0.03,5.78,93.25,76,3.617,4,36,A,A,Normal,0
3558,38,23,64.49,13.38,88.64,66.79,924,2.332,0,15,A,B,Normal,0
3559,35,37,48.57,86.71,90.77,62.06,874,1.862,1,2,B,B,Critical,0
3560,43,61,84.42,84.63,74.89,94.65,643,1.516,0,18,O,B,Urgent,0
3561,42,37,26.7,26.44,48.77,81.74,536,3.483,0,5,A,O,Normal,0
3562,52,28,67.97,15.09,53.76,59.86,206,1.584,1,24,B,B,Urgent,1
3563,46,29,85.89,90.91,42.4,85.89,534,0.754,0,17,O,O,Routine,1
3564,34,73,99.64,78.84,70.55,59.68,946,4.268,0,39,O,O,Normal,1
3565,37,46,74.31,45.83,,56.03,444,2.219,2,9,O,O,Normal,1
3566,63,58,45.32,42.1,59.34,94.71,277,2.767,6,5,AB,B,Critical,0
3567,50,73,98.43,52.52,88.73,62.02,499,4.342,2,23,O,B,Routine,0
3568,63,52,73.26,7.94,95.72,70.21,72,3.233,0,11,O,O,Critical,1
3569,49,30,95.62,98.13,89.1,54.73,461,1.112,5,19,O,O,Urgent,0
3570,40,76,95.82,10.47,63.49,97.4,796,2.948,1,36,B,AB,Normal,1
3571,33,32,44.28,6.7,84.49,71.58,256,3.391,0,1,O,A,Normal,1
3572,33,46,36.65,61.07,67.12,60.94,447,1.942,8,13,A,B,Normal,0
3573,21,27,29.82,49.5,85.31,47.71,792,2.055,7,6,A,O,Normal,0
3574,65,65,66.09,45.0,19.85,99.67,349,3.161,3,0,B,B,Urgent,1
3575,58,76,29.76,47.65,3.51,60.63,76,0.825,3,18,B,A,Routine,0
3576,30,72,48.97,15.79,62.87,85.95,362,3.688,4,42,O,A,Routine,0
3577,33,74,83.26,17.06,34.21,96.23,262,1.595,0,41,O,AB,Routine,0
3578,40,48,68.2,25.87,13.46,74.73,910,3.146,4,8,B,O,Normal,1
3579,40,72,49.48,48.14,47.4,45.29,609,3.582,1,32,O,A,Normal,0
3580,34,69,65.49,95.37,4.61,51.11,72,1.644,3,35,A,O,Critical,0
3581,52,51,79.32,95.77,13.25,55.87,908,2.228,0,1,AB,A,Normal,0
3582,46,19,32.82,77.29,94.18,80.09,520,3.523,6,27,O,A,Routine,0
3583,65,67,25.44,49.29,12.58,97.3,975,3.497,0,2,B,O,Normal,0
3584,64,74,44.4,5.27,2.96,59.88,799,2.563,0,10,B,O,Normal,1
3585,41,38,64.95,27.4,81.6,65.57,539,2.221,2,3,A,A,Normal,0
3586,29,65,61.87,23.27,4.6,91.37,664,2.742,1,36,B,B,Urgent,1
3587,23,40,89.96,54.0,76.29,67.99,91,2.791,0,17,O,A,Normal,1
3588,27,44,58.11,53.68,3.42,49.02,875,1.315,1,17,O,A,Normal,0
3589,20,39,72.21,92.52,70.07,98.53,129,1.947,3,19,A,B,Urgent,0
3590,26,58,45.76,78.42,7.69,94.14,617,2.542,1,32,B,O,Normal,0
3591,41,46,93.09,24.71,21.44,70.04,310,2.29,2,5,O,O,Urgent,1
3592,52,45,51.95,94.46,27.91,72.16,250,2.735,2,7,A,AB,Normal,0
3593,35,22,93.86,66.45,88.24,63.3,348,0.986,1,13,B,O,Normal,1
3594,34,64,62.01,82.92,20.23,73.95,67,2.725,5,30,A,A,Critical,0
3595,42,66,98.36,60.28,68.39,85.11,114,4.083,1,24,B,B,Normal,0
3596,59,59,42.14,51.1,39.86,82.08,497,4.946,1,0,O,B,Urgent,0
3597,32,28,34.82,50.97,52.28,77.49,393,0.994,2,4,AB,B,Normal,0
3598,63,75,32.94,33.95,10.57,67.84,341,2.309,0,12,O,A,Critical,1
3599,68,56,95.59,16.65,91.25,93.01,886,3.56,3,12,B,A,Routine,0
3600,51,73,98.21,67.14,74.69,72.74,662,1.277,1,22,O,O,Normal,1
3601,26,34,80.21,33.81,79.44,89.9,741,2.445,0,8,O,O,Urgent,1
3602,69,23,45.6,55.94,82.62,88.78,328,3.198,0,46,O,O,Urgent,0
3603,23,64,75.38,86.36,82.43,64.78,,3.977,1,41,A,O,Urgent,0
3604,48,55,61.2,66.67,83.02,63.38,19,3.88,5,7,O,B,Normal,0
3605,50,25,99.77,63.04,79.15,58.17,378,3.281,3,25,O,O,Normal,0
3606,18,19,43.0,26.89,55.8,51.86,623,5.154,0,1,AB,B,Normal,0
3607,66,22,41.76,17.33,62.8,51.6,629,3.084,1,44,B,AB,Normal,0
3608,40,21,32.27,30.49,11.65,62.14,,3.454,0,19,A,A,Urgent,1
3609,21,42,95.5,40.46,57.41,96.03,157,2.677,0,21,A,O,Normal,1
3610,34,19,56.79,17.02,15.56,94.02,821,3.425,0,15,A,A,Normal,1
3611,37,70,90.09,41.47,63.08,78.95,964,3.657,0,33,A,O,Urgent,0
3612,60,22,27.28,33.48,48.57,47.53,55,2.664,3,38,A,A,Urgent,0
3613,49,54,43.76,38.65,23.4,57.24,560,3.143,0,5,B,B,Critical,1
3614,35,20,61.74,22.67,62.59,85.05,808,2.247,2,15,A,B,Normal,0
3615,41,27,79.81,97.47,60.7,,820,2.19,0,14,A,A,Urgent,0
3616,42,42,48.37,73.4,55.65,79.71,236,1.658,0,0,O,A,Normal,1
3617,29,62,62.17,71.46,18.45,80.02,887,2.807,3,33,O,O,Urgent,1
3618,45,26,84.3,25.7,62.16,92.02,783,2.365,1,19,O,A,Routine,1
3619,42,70,30.37,31.12,53.3,76.29,746,3.619,0,28,O,A,Urgent,0
3620,50,58,61.25,29.36,81.9,75.05,995,1.188,3,8,O,O,Urgent,1
3621,28,77,28.0,25.99,48.77,94.17,549,2.111,6,49,B,O,Normal,0
3622,53,21,51.31,63.01,14.44,54.92,442,3.185,3,32,A,O,Critical,0
3623,36,24,74.87,95.37,15.67,94.65,955,2.142,0,12,A,O,Routine,0
3624,23,62,37.25,32.36,0.9,94.29,909,1.944,0,39,A,O,Normal,0
3625,31,58,71.16,23.09,21.28,55.41,363,3.076,3,27,B,A,Routine,0
3626,49,18,90.8,38.34,95.69,71.13,919,3.005,0,31,O,A,Normal,1
3627,40,35,45.23,19.35,56.34,67.95,694,3.771,0,5,AB,B,Normal,0
3628,61,43,55.58,57.15,65.88,46.98,374,0.689,1,18,O,AB,Routine,0
3629,50,50,,15.32,74.98,62.47,407,2.781,0,0,B,A,Routine,1
3630,53,77,36.78,35.42,89.88,55.23,25,1.93,0,24,O,O,Urgent,0
3631,47,33,75.18,44.08,88.01,93.48,492,1.543,2,14,B,O,Normal,0
3632,51,45,27.3,6.88,9.24,63.17,741,1.839,0,6,A,O,Normal,0
3633,26,65,80.51,77.16,89.26,45.26,584,0.5,0,39,B,O,Normal,0
3634,36,50,44.99,66.61,37.08,51.08,181,3.013,0,14,O,A,Routine,0
3635,53,33,55.6,34.86,32.53,53.01,360,2.071,0,20,A,O,Routine,0
3636,27,67,53.28,82.74,92.23,87.98,674,1.491,1,40,A,O,Normal,0
3637,48,72,38.21,26.97,33.99,97.6,107,2.127,0,24,B,B,Urgent,0
3638,20,63,56.4,7.55,69.88,64.8,960,0.724,0,43,B,A,Routine,0
3639,23,45,54.62,6.35,70.37,72.15,671,1.599,0,22,O,B,Critical,1
3640,46,52,30.34,14.02,48.43,55.67,627,1.374,3,6,O,A,Urgent,0
3641,66,21,50.44,71.63,78.74,74.73,473,1.45,0,45,B,B,Normal,0
3642,26,46,64.92,56.48,97.09,67.91,927,3.085,7,20,O,O,Normal,0
3643,49,68,49.04,97.68,29.38,64.9,698,2.678,4,19,B,B,Urgent,1
3644,35,41,49.07,30.18,92.2,61.3,663,2.87,0,6,B,B,Critical,0
3645,51,65,68.63,98.77,27.69,51.52,608,2.131,1,14,O,O,Routine,0
3646,25,25,99.1,18.47,28.56,63.81,675,3.876,0,0,AB,A,Urgent,1
3647,64,23,66.96,77.37,23.17,78.87,967,1.798,0,41,O,B,Urgent,0
3648,68,74,41.77,40.69,11.95,64.8,177,2.482,7,6,O,O,Normal,0
3649,45,37,45.93,94.75,45.77,84.64,266,1.066,1,8,A,AB,Critical,0
3650,68,69,90.83,81.0,26.74,83.88,721,3.957,4,1,O,A,Urgent,1
3651,29,45,27.11,65.34,81.65,65.46,627,0.786,1,16,O,O,Normal,0
3652,35,40,59.35,87.73,0.18,51.24,960,1.766,1,5,A,A,Urgent,1
3653,69,58,72.35,48.27,64.1,59.11,681,3.542,2,11,B,B,Critical,0
3654,65,32,67.15,36.66,90.44,52.88,734,2.605,6,33,B,O,Normal,0
3655,48,48,94.16,72.67,14.08,65.36,465,3.373,0,0,B,O,Normal,0
3656,63,65,95.31,59.76,77.21,45.22,912,2.556,0,2,O,O,Critical,1
3657,47,42,47.9,92.22,42.18,93.62,723,2.07,3,5,A,O,Urgent,0
3658,43,40,36.41,76.31,43.91,51.71,940,3.095,1,3,A,O,Critical,0
3659,48,41,63.71,8.77,75.63,99.51,884,2.561,2,7,O,O,Normal,1
3660,45,23,42.67,30.9,19.08,84.97,659,2.173,1,22,A,O,Urgent,0
3661,33,67,42.41,16.23,15.12,83.06,6,3.965,6,34,O,A,Normal,0
3662,49,23,59.28,70.65,18.13,74.28,36,1.6,2,26,B,B,Normal,0
3663,26,20,81.65,7.09,88.83,76.34,233,4.043,8,6,O,O,Urgent,0
3664,46,34,99.67,6.6,54.46,90.79,716,2.755,0,12,B,B,Urgent,1
3665,53,50,74.14,0.12,91.23,56.41,48,3.794,0,3,O,O,Urgent,1
3666,65,77,65.82,43.57,54.84,85.68,,5.266,1,12,B,O,Normal,0
3667,63,54,99.18,83.07,49.44,51.26,656,4.128,1,9,B,O,Urgent,0
3668,27,31,93.78,59.8,85.22,70.08,356,3.036,3,4,O,A,Urgent,1
3669,47,36,25.11,50.46,32.16,89.8,622,3.775,0,11,B,A,Normal,0
3670,27,61,69.49,89.01,15.88,50.19,444,4.102,1,34,B,A,Normal,0
3671,59,19,92.87,94.51,1.86,92.76,151,3.962,0,40,O,O,Normal,1
3672,30,52,39.4,5.05,85.42,95.99,202,2.725,1,22,A,O,Urgent,0
3673,56,50,62.18,40.41,43.6,73.0,496,2.676,1,6,O,O,Routine,1
3674,42,60,78.13,24.68,65.44,91.01,113,1.344,0,18,O,O,Urgent,1
3675,19,56,82.21,31.37,51.67,58.76,998,2.659,0,37,AB,O,Urgent,0
3676,51,70,48.85,9.36,20.53,52.08,641,2.695,6,19,O,A,Urgent,1
3677,19,30,92.42,44.03,90.81,89.85,550,2.052,2,11,O,O,Urgent,1
3678,23,75,45.36,45.52,90.81,57.96,257,3.121,2,52,O,O,Normal,0
3679,50,67,87.96,19.88,26.44,52.1,48,0.668,3,17,A,O,Normal,0
3680,61,26,76.18,63.16,43.57,86.0,96,2.59,2,35,O,O,Routine,0
3681,40,51,38.05,70.77,92.59,94.87,94,2.298,0,11,O,O,Normal,0
3682,52,42,98.76,11.55,56.01,93.37,477,2.048,3,10,AB,A,Urgent,1
3683,19,42,45.71,34.78,92.02,62.78,580,4.85,5,,O,B,Critical,0
3684,38,54,86.03,9.46,69.66,62.19,285,2.189,0,16,B,B,Urgent,1
3685,34,76,89.43,2.19,71.16,70.89,548,5.232,2,42,A,O,Urgent,1
3686,49,54,83.41,90.85,31.18,69.82,547,3.166,2,5,B,A,Normal,0
3687,60,23,86.61,37.91,99.8,72.38,185,3.362,0,37,O,A,Urgent,0
3688,59,49,97.12,78.16,75.86,58.62,364,1.096,1,10,B,B,Critical,1
3689,49,18,42.47,65.38,2.51,73.69,641,0.985,3,31,A,O,Critical,0
3690,48,40,67.19,7.25,42.16,90.52,692,1.219,1,8,B,O,Normal,0
3691,23,20,55.49,86.59,45.43,56.42,1000,3.973,0,3,O,AB,Normal,0
3692,43,74,74.77,63.26,12.8,74.71,957,0.865,1,31,O,B,Urgent,1
3693,56,23,25.02,85.8,2.08,60.04,513,1.571,0,33,B,O,Routine,0
3694,64,65,91.11,37.92,59.34,56.98,571,4.106,0,1,B,O,Urgent,0
3695,64,51,40.48,72.56,35.23,99.54,386,0.576,4,13,O,O,Urgent,0
3696,26,41,31.21,70.4,42.02,79.62,982,3.551,4,15,O,AB,Critical,0
3697,33,30,73.61,45.54,73.7,71.72,345,1.602,1,3,AB,A,Urgent,0
3698,65,56,35.34,88.22,74.72,71.91,485,3.86,0,9,O,O,Urgent,0
3699,55,35,89.31,86.42,98.79,56.17,23,3.139,2,20,A,A,Urgent,0
3700,49,24,78.41,72.58,47.49,75.15,164,3.565,4,25,B,B,Normal,0
3701,45,71,97.85,65.93,22.41,79.14,912,2.025,0,26,O,A,Urgent,1
3702,35,31,78.33,27.3,65.06,57.45,673,1.587,1,4,O,B,Urgent,1
3703,47,64,25.93,84.98,45.49,63.63,154,1.367,0,17,A,AB,Normal,0
3704,31,51,82.79,32.93,73.5,65.98,630,1.835,1,20,O,A,Normal,1
3705,22,62,36.42,4.4,21.23,54.95,4,1.64,1,40,B,B,Normal,0
3706,60,40,32.11,52.11,64.5,48.23,716,2.074,0,20,O,A,Routine,0
3707,48,65,42.38,37.57,71.81,72.22,771,2.431,0,17,B,O,Urgent,0
3708,61,61,49.9,34.76,25.96,47.35,331,1.636,0,0,O,B,Normal,1
3709,28,66,98.5,0.1,32.37,72.71,788,3.36,5,38,B,O,Normal,0
3710,54,40,95.99,65.89,46.67,80.21,991,1.76,3,14,B,O,Normal,1
3711,61,64,57.69,29.37,58.91,88.74,325,1.664,0,3,A,A,Normal,0
3712,42,74,50.38,5.63,32.67,70.78,61,2.686,0,32,A,A,Normal,0
3713,19,48,32.9,93.22,70.43,90.12,509,2.057,2,29,O,B,Normal,0
3714,35,29,39.11,77.22,34.35,51.04,533,2.241,2,6,O,A,Normal,0
3715,36,68,89.27,97.03,76.05,95.48,854,4.963,6,32,O,B,Urgent,0
3716,18,44,72.08,87.48,97.78,96.2,214,1.961,8,26,B,O,Urgent,0
3717,20,61,88.8,94.04,69.42,99.91,570,3.573,0,41,O,A,Routine,0
3718,19,47,98.1,20.01,36.69,92.91,854,1.822,0,28,O,O,Normal,1
3719,28,22,96.73,83.09,53.97,86.35,215,3.213,0,6,O,O,Urgent,1
3720,48,20,39.83,41.48,81.39,68.3,179,2.456,0,28,B,O,Normal,0
3721,28,34,71.93,39.98,70.09,58.25,334,1.964,3,6,O,B,Routine,0
3722,26,68,68.85,33.67,69.05,93.52,427,3.527,0,42,B,O,Urgent,0
3723,68,29,78.81,34.56,79.68,76.61,521,2.934,0,39,B,O,Normal,0
3724,65,40,40.48,21.65,84.39,58.86,493,2.917,3,25,O,O,Routine,1
3725,58,35,30.85,5.03,85.46,72.2,897,3.465,0,23,A,O,Urgent,0
3726,37,72,57.2,5.93,47.48,90.85,400,2.663,2,35,B,B,Normal,1
3727,20,61,59.98,49.2,20.63,93.93,38,2.05,0,41,O,A,Normal,0
3728,61,20,78.86,45.4,32.96,95.61,974,2.101,4,41,B,A,Routine,0
3729,61,56,99.78,52.04,37.11,95.42,50,2.126,0,5,O,O,Urgent,1
3730,62,74,27.03,9.19,28.21,71.1,521,1.244,0,12,O,B,Urgent,1
3731,48,76,55.96,96.12,24.24,77.51,478,2.555,1,28,A,B,Critical,0
3732,20,31,79.79,22.1,51.16,57.94,509,1.432,0,11,AB,O,Routine,0
3733,28,75,72.33,0.18,99.86,74.72,240,2.521,2,47,B,O,Normal,0
3734,40,28,89.52,37.98,89.59,69.45,27,3.427,0,12,A,A,Critical,1
3735,43,18,86.58,29.57,86.86,90.85,592,3.092,1,25,O,AB,Normal,0
3736,49,52,92.84,72.12,91.91,80.22,406,3.855,1,3,B,A,Urgent,0
3737,25,75,34.35,95.66,95.15,55.33,31,3.016,0,50,B,A,Normal,0
3738,56,66,45.34,89.11,24.06,53.41,426,5.265,1,10,B,AB,Routine,0
3739,25,77,77.84,74.86,99.99,63.94,636,5.555,0,52,O,B,Normal,0
3740,35,23,33.85,68.58,14.29,85.56,366,2.544,0,12,AB,B,Routine,0
3741,59,54,96.83,12.88,75.77,72.72,577,1.598,1,5,AB,A,Normal,0
3742,49,59,55.5,14.25,69.03,67.28,230,1.267,0,10,B,A,Normal,1
3743,22,51,56.04,81.19,44.64,46.58,654,5.023,2,29,B,A,Normal,0
3744,39,70,43.71,45.9,23.31,88.88,817,2.958,1,31,O,A,Normal,0
3745,53,75,42.07,58.81,27.66,77.79,241,1.688,4,22,O,O,Critical,0
3746,62,51,82.53,19.59,36.5,59.57,898,3.657,1,11,O,B,Normal,1
3747,20,34,80.29,64.86,4.91,45.07,517,2.518,5,14,O,O,Routine,1
3748,44,29,58.57,32.83,39.47,78.39,47,4.577,1,15,A,AB,Normal,0
3749,56,36,28.96,90.9,24.56,62.2,387,2.163,2,20,A,B,Urgent,0
3750,37,63,63.44,54.46,92.74,63.85,651,2.512,1,26,B,A,Normal,0
3751,36,23,89.06,13.16,99.67,49.24,894,3.48,0,13,A,A,Normal,1
3752,54,36,47.98,33.56,32.65,64.18,959,0.63,1,18,O,O,Urgent,1
3753,28,19,76.69,28.67,20.98,69.14,905,2.231,1,9,O,A,Routine,1
3754,20,37,49.06,69.93,24.48,70.89,377,2.059,1,17,O,A,Urgent,1
3755,59,64,51.8,92.52,23.64,82.94,888,2.913,0,,A,O,Critical,0
3756,53,25,33.06,6.33,9.11,76.2,173,3.61,0,28,O,O,Normal,1
3757,24,67,76.31,74.57,32.42,50.33,870,1.445,2,43,B,B,Urgent,0
3758,44,27,35.71,74.74,27.57,54.74,474,2.992,1,17,B,O,Routine,0
3759,42,58,51.33,2.16,88.86,54.0,328,1.406,4,16,A,B,Urgent,0
3760,61,22,30.77,25.42,79.29,94.77,734,2.602,1,39,O,O,Normal,0
3761,59,74,52.75,5.43,97.04,73.98,91,2.894,0,15,O,AB,Normal,1
3762,39,24,35.52,5.08,29.57,57.1,424,1.809,3,15,A,A,Normal,0
3763,28,33,84.42,49.88,83.63,97.31,657,3.22,3,5,B,A,Urgent,0
3764,47,39,25.43,81.53,7.11,90.17,317,1.43,2,8,O,AB,Routine,0
3765,66,21,31.89,32.24,97.17,52.91,570,2.812,1,45,B,O,Normal,0
3766,61,35,90.44,56.02,89.67,71.19,942,1.414,0,26,O,A,Normal,1
3767,43,75,50.94,96.45,83.93,95.61,437,2.522,5,32,A,B,Critical,0
3768,18,30,73.15,60.66,74.9,47.77,944,1.93,3,12,O,O,Urgent,0
3769,22,76,90.15,81.28,62.41,45.77,927,3.237,8,54,O,O,Routine,0
3770,20,31,49.75,18.02,67.98,78.43,921,2.939,8,11,O,O,Normal,0
3771,30,27,96.32,69.72,73.3,68.53,905,2.936,2,3,O,B,Normal,1
3772,38,47,71.42,7.26,11.69,45.37,597,5.316,0,9,B,O,Urgent,1
3773,28,38,60.5,24.9,66.57,88.92,871,3.333,0,10,O,A,Normal,1
3774,40,58,98.46,70.5,93.75,92.86,82,2.733,0,18,O,A,Urgent,0
3775,45,47,31.06,97.12,10.22,81.14,222,2.257,1,2,B,A,Critical,0
3776,31,76,32.5,0.67,16.67,69.52,810,4.341,0,45,O,O,Normal,1
3777,22,76,63.47,8.47,42.75,58.08,797,1.006,0,54,O,O,Urgent,1
3778,33,70,50.95,30.59,91.72,58.47,701,1.66,1,37,AB,O,Normal,0
3779,49,43,52.9,59.46,63.37,55.45,146,1.987,2,6,B,A,Routine,0
3780,50,39,30.11,11.43,86.39,47.35,241,2.93,1,11,O,O,Normal,0
3781,36,33,42.92,81.13,75.55,88.11,181,3.274,0,3,O,A,Normal,0
3782,37,38,64.81,67.57,74.93,48.85,732,1.744,0,1,B,O,Routine,0
3783,50,50,27.58,83.59,43.6,94.14,126,3.843,1,0,O,A,Normal,0
3784,36,68,41.48,92.63,81.33,80.7,460,3.446,4,32,O,B,Normal,0
3785,27,65,53.54,19.33,83.88,86.02,968,2.142,6,38,O,O,Routine,0
3786,45,49,71.95,50.59,6.04,51.57,743,2.07,1,4,O,A,Normal,1
3787,49,40,80.55,96.66,55.25,63.23,703,1.471,0,9,B,A,Urgent,0
3788,22,72,92.9,43.98,87.14,70.81,878,3.168,1,50,B,O,Normal,0
3789,55,60,47.74,45.67,83.44,66.52,927,1.317,0,5,B,O,Normal,0
3790,41,67,38.97,18.57,70.94,75.87,545,2.685,0,26,O,O,Normal,0
3791,69,37,65.76,53.3,72.6,58.92,466,2.773,2,32,B,O,Critical,0
3792,20,52,50.6,7.6,81.2,80.26,934,0.5,0,32,A,A,Urgent,0
3793,51,19,63.0,54.62,1.88,66.71,561,2.541,0,32,O,B,Urgent,0
3794,46,22,46.03,27.02,36.59,59.84,757,3.091,2,24,O,O,Urgent,1
3795,20,23,33.67,41.59,3.44,97.25,619,3.137,2,3,A,O,Critical,0
3796,41,49,43.82,4.74,62.46,48.4,359,3.44,2,8,A,A,Routine,1
3797,66,32,94.8,19.61,84.28,97.6,575,3.928,3,34,B,O,Normal,0
3798,31,49,36.5,70.26,71.66,88.56,970,1.017,0,18,A,B,Normal,0
3799,30,77,66.2,80.97,12.57,45.85,287,3.007,5,47,AB,AB,Critical,0
3800,53,46,46.83,15.28,70.18,69.7,474,3.977,1,,B,A,Urgent,0
3801,19,68,73.9,39.44,84.22,83.17,585,3.266,0,49,O,A,Urgent,0
3802,29,41,67.61,10.8,46.71,67.42,65,3.718,0,12,O,B,Normal,1
3803,35,61,28.29,74.71,98.63,83.15,213,1.96,0,26,O,O,Urgent,0
3804,67,39,40.24,11.82,28.11,84.92,186,1.672,2,28,A,AB,Urgent,0
3805,29,45,57.91,41.21,60.02,53.18,53,1.855,0,16,O,B,Normal,1
3806,52,40,58.57,69.78,65.48,71.98,237,1.006,4,12,O,B,Routine,0
3807,32,32,73.86,5.99,8.16,45.98,19,3.137,1,0,O,AB,Normal,1
3808,,,,76.6,28.03,53.41,446,2.569,0,48,O,O,Critical,0
3809,23,53,30.35,25.2,28.93,56.47,431,2.593,1,30,O,A,Urgent,0
3810,22,55,44.82,67.71,77.03,73.19,762,3.175,0,33,O,O,Normal,0
3811,65,37,45.18,81.27,21.77,82.34,260,2.722,8,28,O,O,Normal,0
3812,62,57,43.25,81.45,47.26,52.71,403,3.024,0,5,A,O,Normal,0
3813,41,50,73.93,28.02,3.4,46.2,196,2.63,0,9,O,O,Critical,1
3814,44,23,33.51,38.76,19.75,96.25,385,3.301,3,21,AB,B,Normal,0
3815,64,75,70.78,69.43,50.32,57.92,674,2.49,0,11,O,B,Urgent,0
3816,19,35,89.74,25.29,43.44,49.4,462,3.602,1,16,B,O,Routine,0
3817,62,30,28.93,6.29,29.62,50.24,710,3.491,3,32,B,O,Critical,0
3818,45,51,64.6,13.83,38.62,64.16,704,1.171,1,6,O,B,Normal,1
3819,39,41,79.17,52.46,86.61,95.57,241,2.058,5,2,O,O,Urgent,1
3820,49,66,37.48,2.64,85.43,96.47,45,3.424,2,17,A,O,Urgent,0
3821,31,51,69.19,91.42,55.92,56.84,17,2.839,1,20,A,O,Urgent,0
3822,24,39,55.43,19.37,77.54,62.12,265,5.201,2,15,A,O,Routine,0
3823,49,39,72.36,44.08,7.0,61.59,229,3.359,1,10,O,A,Normal,1
3824,52,41,41.14,20.56,37.59,93.3,679,2.306,1,11,O,AB,Urgent,1
3825,64,72,49.46,10.47,67.02,50.13,349,0.531,2,8,O,A,Normal,1
3826,62,54,41.29,,96.81,50.75,978,2.784,2,8,A,O,Normal,0
3827,58,33,96.14,32.28,35.63,62.84,574,2.394,7,25,O,A,Normal,1
3828,61,26,35.39,20.27,9.77,82.59,378,1.75,0,35,O,O,Urgent,0
3829,18,21,86.73,25.63,59.97,53.75,551,1.83,0,3,A,B,Routine,0
3830,48,38,70.23,37.27,72.93,66.21,692,2.981,0,10,O,O,Normal,1
3831,27,32,86.13,35.17,29.25,49.1,618,3.249,3,5,O,A,Normal,1
3832,35,28,64.75,72.82,17.78,76.06,827,2.3,5,7,O,A,Normal,0
3833,55,32,66.26,28.16,97.34,50.41,576,3.616,2,23,B,O,Urgent,0
3834,61,32,97.21,58.73,67.9,93.25,30,1.889,1,29,A,AB,Normal,0
3835,49,56,49.46,91.4,55.52,66.13,1000,3.23,2,7,A,B,Urgent,0
3836,20,50,69.81,58.16,8.92,91.3,935,1.902,0,30,A,O,Urgent,0
3837,33,33,76.58,97.49,47.35,56.69,690,2.583,3,0,O,O,Normal,0
3838,67,62,42.4,29.47,66.58,68.44,487,3.258,5,5,B,B,Normal,0
3839,58,47,25.75,24.57,75.31,84.02,54,1.812,0,11,A,A,Normal,0
3840,53,25,86.67,35.96,81.53,67.36,868,0.5,0,28,O,A,Critical,0
3841,19,,56.3,38.78,32.85,98.26,605,2.14,0,38,A,O,Urgent,0
3842,45,42,80.87,3.26,57.13,59.5,384,1.876,0,3,B,O,Urgent,0
3843,61,37,29.42,38.24,51.28,98.58,750,1.556,,24,B,O,Urgent,0
3844,58,20,93.98,53.73,24.35,53.55,68,3.884,0,38,A,B,Normal,0
3845,68,69,65.59,56.85,67.02,75.23,820,3.937,0,1,AB,B,Critical,1
3846,29,67,72.2,65.9,59.79,99.71,641,2.661,2,38,B,B,Normal,0
3847,42,26,53.86,8.89,38.01,59.4,753,4.067,2,16,A,A,Urgent,1
3848,27,53,,32.57,69.86,48.6,330,2.285,0,26,B,O,Urgent,0
3849,37,38,99.09,88.87,10.11,45.5,86,2.376,3,1,O,O,Normal,1
3850,27,43,93.36,15.26,60.02,55.31,312,4.54,4,16,O,A,Normal,1
3851,62,77,51.1,25.75,91.18,47.35,845,2.244,1,15,A,O,Critical,0
3852,20,73,97.09,67.32,23.75,64.83,230,0.682,8,53,A,B,Urgent,0
3853,43,52,79.44,64.63,47.34,89.99,449,5.404,1,9,B,A,Urgent,0
3854,33,55,41.66,36.45,99.76,67.34,435,3.799,1,22,A,O,Normal,0
3855,59,25,56.65,25.38,5.2,97.56,902,1.26,2,34,A,A,Critical,1
3856,21,74,97.11,81.47,47.05,78.59,627,3.462,0,53,O,O,Normal,0
3857,20,20,25.3,17.42,48.96,46.09,24,3.048,0,0,O,O,Critical,1
3858,58,43,81.88,45.41,12.18,48.87,280,3.846,0,15,A,AB,Normal,0
3859,69,33,88.92,77.1,9.66,61.53,752,4.21,4,36,B,B,Critical,0
3860,27,23,74.95,30.27,83.93,90.12,454,2.667,0,,O,A,Normal,1
3861,53,63,86.41,55.7,51.47,78.51,10,4.572,0,10,O,A,Routine,1
3862,68,66,49.36,83.05,97.11,76.58,903,3.554,7,2,A,O,Critical,0
3863,51,25,34.45,50.54,11.73,90.05,135,2.903,0,26,O,O,Routine,0
3864,44,24,70.97,28.25,5.91,63.16,929,4.682,0,20,O,A,Normal,0
3865,36,38,56.92,37.85,42.93,,377,2.238,2,2,AB,B,Normal,0
3866,34,48,77.3,74.88,37.1,95.08,359,2.239,1,14,O,B,Normal,1
3867,53,70,37.27,60.52,61.03,72.77,76,0.84,3,17,O,A,Routine,0
3868,69,71,50.75,34.8,89.39,60.61,7,2.927,0,2,B,B,Normal,0
3869,69,57,55.04,38.57,46.19,67.13,814,2.454,0,12,A,AB,Normal,0
3870,19,63,78.33,52.31,0.19,62.99,874,2.563,0,44,B,O,Urgent,1
3871,45,29,45.76,99.49,86.28,77.97,175,3.595,1,16,B,B,Urgent,0
3872,30,65,45.88,36.76,57.48,66.22,881,2.015,2,35,A,O,Normal,0
3873,54,20,99.15,56.87,67.33,90.23,102,2.317,0,34,A,B,Normal,0
3874,62,72,49.38,70.9,60.65,49.72,280,1.1,0,10,O,O,Critical,1
3875,59,70,81.05,24.86,44.36,99.0,183,2.939,4,11,O,B,Normal,1
3876,43,47,61.59,42.67,13.75,62.21,607,4.644,0,4,O,O,Normal,1
3877,26,70,79.36,41.74,13.86,75.92,759,1.478,1,44,O,A,Critical,1
3878,62,19,92.8,61.91,25.8,72.95,663,2.803,4,43,AB,A,Urgent,0
3879,30,53,67.9,18.01,74.44,57.63,762,0.5,6,23,AB,A,Normal,0
3880,52,56,32.5,52.45,54.03,94.23,998,3.561,0,4,B,AB,Normal,1
3881,37,73,48.83,22.1,25.35,99.32,176,1.004,0,36,O,B,Urgent,1
3882,61,72,78.73,85.78,21.34,66.21,538,1.658,0,11,B,B,Critical,1
3883,21,32,73.21,52.31,25.67,79.22,647,2.226,4,11,B,O,Routine,0
3884,22,52,84.15,94.98,52.37,98.73,617,4.055,1,30,O,O,Normal,0
3885,26,54,68.36,22.86,98.29,96.38,833,3.433,0,28,AB,O,Urgent,0
3886,24,36,38.99,5.1,45.62,60.02,733,1.451,1,12,O,AB,Critical,0
3887,22,46,64.86,3.75,29.05,75.17,71,2.21,0,24,A,B,Critical,0
3888,37,39,83.74,10.29,65.83,60.07,239,3.819,1,2,B,O,Routine,1
3889,25,41,74.29,66.45,86.88,64.5,330,2.368,7,16,O,A,Normal,0
3890,67,43,65.46,81.28,77.01,94.31,51,2.633,2,24,O,AB,Normal,1
3891,45,31,38.89,77.42,3.12,95.93,246,3.873,0,14,O,O,Normal,1
3892,27,76,97.7,17.81,83.29,54.07,502,4.193,1,49,B,O,Normal,0
3893,25,62,77.15,62.17,41.93,71.79,600,1.767,1,37,B,O,Normal,0
3894,39,70,32.79,2.82,,79.05,887,1.998,0,31,B,A,Normal,0
3895,30,22,54.99,4.97,74.43,90.04,520,3.464,3,8,O,B,Critical,1
3896,56,74,48.25,20.74,89.83,80.08,265,1.905,0,18,O,O,Normal,1
3897,59,66,44.58,54.65,53.34,94.0,784,2.939,0,7,B,O,Urgent,0
3898,55,27,43.16,75.76,60.0,51.7,188,3.541,0,28,O,B,Urgent,0
3899,33,49,56.11,55.57,90.18,67.1,95,2.57,3,16,O,O,Normal,0
3900,56,29,78.99,10.41,42.6,59.32,458,1.536,1,27,AB,O,Urgent,0
3901,67,56,26.18,81.42,10.57,53.18,264,3.615,1,11,O,A,Critical,0
3902,42,67,57.39,82.36,62.62,80.96,755,0.679,0,25,O,A,Urgent,0
3903,51,40,68.31,96.54,10.24,45.36,773,3.203,1,11,O,O,Critical,0
3904,37,35,60.31,21.06,46.3,97.0,541,4.54,0,2,A,O,Critical,1
3905,61,66,92.96,42.76,60.6,99.02,572,2.685,1,5,B,B,Critical,1
3906,49,21,52.9,0.72,4.05,81.54,774,2.294,0,28,A,B,Normal,0
3907,43,62,96.43,91.81,48.43,59.15,864,2.153,1,19,B,O,Normal,0
3908,69,75,62.66,38.65,37.91,47.7,828,3.475,1,6,O,O,Urgent,0
3909,46,73,55.61,36.25,6.76,99.86,856,1.36,1,27,A,B,Normal,0
3910,21,76,80.94,21.57,97.22,60.31,92,4.158,3,55,A,B,Routine,0
3911,38,23,50.99,44.43,98.66,52.14,960,1.673,1,15,A,O,Urgent,0
3912,34,48,48.22,90.29,33.58,82.78,869,3.193,1,14,O,A,Urgent,0
3913,65,52,88.1,14.97,81.15,99.38,455,2.503,0,13,B,B,Normal,1
3914,48,24,60.65,4.24,78.81,94.76,536,0.876,0,24,O,B,Normal,0
3915,51,47,94.48,18.47,36.31,59.94,232,2.037,0,4,O,B,Normal,1
3916,38,61,97.09,92.23,73.77,72.22,541,0.773,4,23,B,O,Normal,0
3917,23,33,48.22,30.9,94.03,77.44,592,4.347,1,10,O,B,Urgent,0
3918,,19,99.21,48.65,97.95,97.43,958,1.612,0,43,B,O,Urgent,0
3919,22,38,40.08,26.83,46.65,95.27,750,2.796,0,16,A,A,Urgent,1
3920,55,22,30.09,45.29,64.34,45.27,997,2.64,1,33,AB,B,Routine,0
3921,47,40,83.97,52.27,97.54,58.07,194,1.152,0,7,O,A,Routine,0
3922,18,27,87.4,23.1,67.71,55.15,642,0.957,0,9,B,A,Critical,0
3923,69,65,35.46,36.85,11.63,73.53,39,2.051,1,4,O,O,Normal,1
3924,19,20,63.21,4.75,58.53,86.08,477,1.895,1,1,A,O,Normal,0
3925,66,74,49.94,36.64,11.88,91.21,99,1.756,7,8,AB,O,Normal,0
3926,61,71,67.32,16.52,76.28,89.16,567,2.56,1,10,O,O,Normal,1
3927,31,,50.41,67.18,29.03,62.39,605,3.775,2,17,O,O,Critical,0
3928,44,35,86.47,24.28,81.74,69.64,381,2.312,2,9,B,O,Normal,0
3929,23,51,94.01,1.2,55.72,46.24,653,1.472,0,28,O,O,Urgent,1
3930,25,56,79.5,17.41,84.42,52.49,150,3.885,1,31,A,A,Urgent,0
3931,22,18,60.86,2.95,24.07,81.11,378,0.5,3,4,A,O,Routine,0
3932,27,,30.54,59.04,11.42,48.81,8,1.341,0,6,A,O,Normal,0
3933,64,62,48.51,88.35,44.82,75.81,799,3.432,0,2,O,A,Normal,0
3934,52,60,29.69,93.85,83.9,48.1,926,2.255,0,8,O,O,Routine,0
3935,51,67,72.81,17.29,30.87,49.7,636,4.478,6,16,O,O,Normal,0
3936,21,40,93.04,72.6,72.81,69.66,278,3.171,2,19,A,A,Urgent,1
3937,44,34,68.35,32.22,28.83,75.3,254,3.821,1,10,O,AB,Critical,1
3938,52,56,55.56,13.37,81.22,98.56,785,2.131,0,4,O,A,Normal,0
3939,63,65,60.57,22.56,34.88,51.28,657,2.666,1,2,O,A,Urgent,1
3940,33,33,50.7,44.63,76.69,74.64,136,2.791,2,0,B,A,Normal,0
3941,47,39,39.78,15.13,20.33,50.11,406,0.5,0,8,B,O,Routine,0
3942,44,64,49.44,31.24,86.68,48.48,147,3.324,2,20,B,A,Urgent,0
3943,63,47,80.33,90.87,23.68,60.92,419,3.029,0,16,O,B,Urgent,1
3944,68,74,70.94,85.19,32.97,90.04,768,2.763,1,6,O,A,Routine,1
3945,49,18,95.21,67.79,12.42,45.82,419,2.944,0,31,A,B,Routine,1
3946,31,48,36.7,83.91,65.36,49.26,799,2.162,2,17,A,O,Urgent,0
3947,25,37,30.0,11.57,36.19,75.67,974,0.5,5,12,O,O,Urgent,1
3948,34,63,36.73,3.53,16.75,65.0,820,1.626,1,29,B,A,Urgent,0
3949,45,38,31.54,,2.52,85.07,162,3.404,1,7,B,O,Urgent,0
3950,47,67,54.48,98.59,43.21,88.65,657,2.538,2,20,A,O,Routine,0
3951,33,18,44.18,90.39,55.8,86.51,424,3.69,2,15,A,O,Normal,0
3952,51,24,77.48,80.84,,65.37,450,0.5,0,27,B,B,Normal,1
3953,67,51,97.56,45.22,21.15,62.02,694,2.412,0,16,O,B,Normal,1
3954,23,68,52.56,55.63,38.2,51.19,842,2.774,5,45,A,O,Urgent,0
3955,47,47,67.55,55.47,3.9,69.08,726,2.613,3,0,B,O,Routine,1
3956,52,23,82.62,9.37,17.13,83.69,519,3.002,0,29,B,A,Urgent,1
3957,21,38,36.78,69.23,46.97,87.97,562,4.649,1,,A,B,Routine,0
3958,38,54,87.74,68.95,53.32,69.14,536,1.996,0,16,B,AB,Urgent,1
3959,44,65,35.03,60.09,86.48,48.05,996,3.48,0,21,A,O,Normal,0
3960,57,22,59.8,27.94,97.46,95.99,926,2.143,2,,O,O,Critical,1
3961,67,34,76.73,95.31,93.04,87.84,823,2.208,1,33,O,O,Critical,0
3962,61,45,76.41,50.51,9.99,76.38,184,2.743,3,16,A,B,Urgent,0
3963,40,30,96.39,19.92,9.33,64.53,233,1.428,2,10,O,B,Urgent,1
3964,38,53,89.5,79.69,25.78,98.67,8,2.464,0,15,O,O,Normal,1
3965,41,56,86.07,26.08,30.44,75.66,507,2.828,1,15,B,A,Critical,0
3966,66,64,35.67,49.83,64.21,68.45,856,3.045,0,2,A,O,Normal,0
3967,20,47,92.77,92.42,9.1,65.96,209,2.209,1,27,B,B,Normal,1
3968,49,29,86.89,38.5,77.17,89.56,264,1.347,1,20,O,B,Critical,0
3969,23,57,97.32,28.5,16.37,78.59,228,3.3,1,34,B,A,Urgent,0
3970,43,77,43.31,69.54,60.05,50.71,108,2.103,0,34,A,A,Urgent,0
3971,28,31,90.89,55.75,13.41,54.73,323,3.485,0,3,O,O,Critical,1
3972,63,19,37.0,42.45,58.52,91.43,985,2.675,1,44,A,A,Normal,0
3973,29,60,83.58,92.37,55.57,63.5,91,3.84,1,31,O,B,Normal,0
3974,58,38,83.19,84.61,78.68,48.83,145,3.873,1,20,O,A,Routine,0
3975,35,60,82.77,89.11,14.97,72.36,677,3.361,4,25,O,O,Normal,1
3976,46,26,34.56,2.8,80.99,94.72,574,2.985,0,20,O,O,Urgent,1
3977,19,73,61.81,23.16,43.91,63.28,724,3.485,0,54,O,O,Critical,1
3978,55,57,59.51,9.24,41.5,47.23,783,2.243,4,2,O,O,Critical,1
3979,47,33,28.61,97.37,22.68,85.32,788,4.517,1,14,O,O,Normal,0
3980,51,29,86.48,89.69,33.32,57.83,835,1.32,0,22,B,O,Normal,0
3981,62,19,41.42,49.65,70.59,82.62,895,2.307,2,43,A,O,Normal,0
3982,44,69,79.06,75.34,31.25,80.52,343,1.765,0,25,B,O,Urgent,0
3983,39,58,44.33,79.12,85.4,99.33,337,3.745,4,19,B,B,Critical,0
3984,32,69,96.38,75.83,30.36,84.71,101,2.04,0,,O,B,Normal,1
3985,26,64,60.25,89.63,32.79,64.71,689,3.156,1,38,O,A,Normal,0
3986,41,65,99.07,76.2,18.47,96.15,343,2.242,4,24,A,O,Normal,0
3987,42,75,94.98,18.65,2.17,48.19,498,3.356,2,33,B,AB,Urgent,1
3988,25,54,81.16,49.34,46.59,46.98,77,0.791,2,29,A,B,Normal,0
3989,30,60,31.25,88.1,29.0,79.65,172,2.625,0,30,O,A,Critical,0
3990,37,45,76.87,56.35,40.29,53.17,209,3.495,1,8,A,A,Urgent,1
3991,63,66,42.31,12.65,38.42,88.46,872,2.657,2,3,B,O,Normal,0
3992,36,62,83.28,56.08,71.16,65.4,299,2.23,0,26,A,B,Urgent,0
3993,26,69,39.96,52.62,13.93,46.24,379,3.75,1,43,O,A,Urgent,0
3994,40,63,35.87,77.05,91.47,91.65,595,1.873,4,23,O,O,Normal,0
3995,43,77,50.17,7.04,93.78,68.44,650,2.482,5,34,AB,B,Urgent,0
3996,21,63,44.56,53.2,75.39,57.6,401,3.62,3,42,A,B,Normal,0
3997,69,63,54.76,87.09,5.43,53.36,,2.948,0,6,A,B,Urgent,0
3998,50,25,37.42,33.68,55.33,67.87,766,1.589,3,25,A,O,Normal,0
3999,65,48,60.64,2.75,67.78,76.14,472,2.036,1,17,O,A,Normal,0
4000,23,43,49.28,24.27,81.18,67.94,531,1.638,0,20,O,A,Normal,1
4001,43,21,42.6,54.88,53.93,96.21,687,3.142,0,22,B,O,Routine,0
4002,33,57,32.97,87.15,79.39,63.87,367,6.23,0,24,O,A,Normal,0
4003,68,42,64.76,63.17,76.52,51.13,829,3.195,1,26,O,A,Urgent,1
4004,66,42,53.89,58.41,98.89,78.06,983,3.583,0,24,A,O,Critical,0
4005,63,57,32.28,,35.2,79.04,553,2.34,0,6,A,O,Normal,0
4006,44,47,77.68,97.28,55.16,90.25,270,3.636,0,3,A,O,Routine,0
4007,61,49,70.5,70.24,73.41,54.76,750,1.509,1,12,B,O,Urgent,0
4008,53,48,38.77,71.99,3.39,86.78,273,3.74,0,5,O,B,Normal,1
4009,53,68,64.51,13.04,49.77,51.79,605,4.084,6,15,O,O,Urgent,1
4010,25,45,53.21,6.29,34.87,87.5,508,2.706,3,20,O,AB,Urgent,1
4011,29,36,79.51,98.28,27.59,89.81,706,2.742,0,7,O,A,Urgent,1
4012,19,22,96.36,45.16,44.34,,937,3.056,0,3,B,B,Normal,1
4013,19,53,59.68,89.2,31.88,89.93,791,1.797,0,34,O,B,Critical,0
4014,60,48,40.9,76.25,91.75,83.73,140,4.085,0,12,B,B,Routine,0
4015,59,39,40.19,41.7,35.05,92.3,230,2.197,0,20,A,B,Normal,0
4016,58,54,58.93,27.9,3.93,90.01,42,2.998,1,4,O,B,Normal,1
4017,22,74,33.39,42.97,68.41,59.5,217,4.741,2,52,O,O,Urgent,0
4018,33,20,88.5,1.0,66.08,87.54,38,2.696,1,13,A,B,Normal,0
4019,49,72,29.73,33.51,31.24,75.54,315,3.132,0,23,A,O,Normal,0
4020,57,35,60.17,52.24,77.13,84.0,682,4.417,4,22,A,B,Critical,0
4021,63,46,90.0,60.23,26.67,49.3,486,1.666,0,17,O,O,Normal,1
4022,29,69,78.07,0.8,62.44,92.41,419,2.914,1,40,O,A,Urgent,1
4023,58,,67.03,27.74,13.23,51.75,458,3.843,0,1,B,A,Normal,0
4024,68,20,95.17,22.82,31.21,76.6,565,1.75,0,48,O,O,Normal,1
4025,36,55,55.71,8.84,93.01,82.74,887,2.597,0,19,O,B,Normal,0
4026,66,42,47.21,67.47,3.98,77.44,844,2.397,5,24,B,O,Urgent,0
4027,41,29,66.43,35.46,20.74,54.14,773,1.367,1,12,O,A,Routine,1
4028,18,34,25.24,27.55,80.77,88.57,14,3.095,2,16,O,B,Critical,0
4029,26,68,48.42,78.82,15.77,99.4,513,3.658,0,42,A,O,Normal,0
4030,32,38,95.75,18.43,51.56,79.44,815,1.88,2,6,O,B,Routine,1
4031,36,72,32.5,88.47,16.77,94.41,57,2.65,0,36,B,O,Urgent,0
4032,56,41,37.91,87.38,82.84,46.68,541,3.622,1,15,B,A,Urgent,0
4033,62,31,49.91,75.16,53.42,65.68,483,0.59,1,31,O,A,Urgent,0
4034,50,58,38.46,30.23,1.28,81.14,379,3.129,1,8,A,O,Normal,0
4035,39,55,55.25,65.84,83.17,72.11,261,5.5,0,16,AB,A,Urgent,0
4036,64,41,25.31,39.65,71.36,81.84,695,3.747,1,23,A,B,Normal,0
4037,48,32,65.77,20.61,67.79,66.58,236,0.556,8,16,A,O,Normal,0
4038,69,36,50.11,6.32,40.52,47.77,148,2.657,3,33,B,O,Routine,0
4039,51,39,34.23,34.17,2.49,50.74,429,1.883,1,12,O,O,Critical,1
4040,33,18,76.68,41.58,33.33,85.63,186,1.679,0,15,B,A,Normal,0
4041,31,57,73.22,86.0,17.9,96.44,140,1.344,0,26,A,O,Urgent,1
4042,23,76,25.43,37.28,54.41,53.27,417,3.803,0,53,O,B,Normal,0
4043,45,58,92.22,68.31,55.92,69.12,944,1.47,1,13,O,B,Urgent,1
4044,44,42,59.69,61.43,77.02,92.95,216,2.668,6,2,B,B,Normal,0
4045,57,46,77.76,29.1,16.38,94.66,694,1.359,0,11,O,B,Routine,1
4046,35,44,46.24,83.45,15.57,88.85,804,1.46,1,9,B,O,Normal,0
4047,37,56,64.55,42.19,45.6,85.45,359,4.062,0,19,O,B,Urgent,1
4048,38,73,36.76,46.91,77.98,91.7,683,3.223,0,35,B,B,Routine,0
4049,37,19,94.36,84.3,1.46,71.08,173,3.545,1,18,O,A,Normal,0
4050,57,30,57.67,99.48,0.96,61.31,397,2.577,0,27,O,AB,Urgent,0
4051,24,30,41.26,71.48,67.21,85.07,64,3.289,3,6,O,B,Normal,0
4052,30,31,94.37,43.82,41.52,45.45,817,1.321,0,1,O,O,Urgent,1
4053,22,68,42.97,97.28,72.04,54.91,401,1.516,2,46,A,B,Urgent,0
4054,21,20,87.01,84.78,45.75,49.18,376,1.98,2,1,O,O,Routine,1
4055,35,58,76.24,93.8,21.94,61.99,876,2.505,0,23,O,O,Routine,1
4056,28,20,26.18,79.32,24.48,92.55,654,1.673,0,8,O,B,Critical,0
4057,51,56,91.56,41.58,99.16,75.57,521,0.613,0,5,O,O,Critical,1
4058,63,53,45.22,70.01,69.43,72.52,478,2.286,0,10,O,A,Normal,0
4059,31,27,87.66,11.13,61.53,86.91,962,2.566,1,4,O,A,Urgent,1
4060,19,72,77.06,43.93,55.17,64.02,707,3.66,2,53,B,O,Normal,0
4061,63,52,45.86,38.05,3.09,47.11,677,2.773,1,11,B,B,Urgent,1
4062,36,22,65.79,39.89,7.23,67.39,100,3.303,4,14,AB,O,Normal,0
4063,53,61,35.84,41.91,69.0,52.71,603,2.079,4,8,O,B,Urgent,0
4064,42,67,89.56,34.42,92.96,50.47,94,3.122,2,25,B,O,Routine,0
4065,67,42,25.65,94.53,77.93,86.59,490,2.324,2,25,B,O,Normal,0
4066,40,74,44.87,32.73,23.89,95.79,326,3.063,6,34,O,B,Urgent,0
4067,48,58,98.89,84.16,47.48,62.21,913,3.056,0,10,O,A,Critical,1
4068,37,43,25.54,47.95,41.41,77.49,376,3.407,3,6,B,B,Urgent,0
4069,27,52,96.9,39.89,50.2,70.02,626,0.793,0,25,AB,O,Normal,1
4070,61,47,46.02,94.01,21.8,88.59,486,2.982,0,14,B,O,Urgent,0
4071,66,32,87.28,20.92,19.68,59.6,36,3.128,6,34,A,O,Normal,0
4072,44,47,90.65,85.56,89.5,97.76,833,4.804,0,3,O,B,Normal,1
4073,44,58,84.29,9.12,44.47,95.2,,2.072,1,14,O,O,Normal,1
4074,62,34,38.91,38.37,45.57,70.17,698,1.56,1,28,B,A,Normal,0
4075,32,42,69.92,50.78,61.72,55.15,42,2.529,1,10,A,O,Urgent,0
4076,27,42,35.08,8.26,81.63,63.61,204,4.779,2,15,O,B,Normal,0
4077,41,67,75.12,91.55,59.88,45.54,142,0.788,0,26,O,B,Normal,0
4078,56,76,29.75,39.04,20.82,61.48,898,3.262,2,20,A,O,Routine,1
4079,20,36,76.91,86.04,87.82,73.59,488,2.289,1,16,AB,O,Routine,0
4080,45,27,57.45,99.79,13.21,80.94,98,4.366,1,18,O,B,Urgent,0
4081,58,21,34.58,5.9,4.81,95.5,876,3.532,0,37,A,A,Normal,1
4082,40,67,29.96,28.99,10.7,73.67,7,2.219,2,27,A,O,Normal,0
4083,48,71,36.47,79.08,81.55,76.76,41,3.07,0,23,A,O,Normal,0
4084,58,35,88.75,67.52,3.69,51.1,45,4.766,1,23,B,B,Urgent,1
4085,48,45,98.03,31.24,31.19,82.74,624,2.68,0,3,O,A,Routine,1
4086,,66,85.73,97.3,34.64,50.81,392,0.5,3,36,O,A,Urgent,0
4087,24,49,71.67,5.98,0.78,79.64,299,2.285,2,25,O,A,Critical,1
4088,37,48,91.38,3.84,29.68,68.86,296,4.537,1,11,B,A,Routine,1
4089,52,50,55.35,18.47,60.79,61.18,204,3.037,0,2,A,O,Critical,0
4090,43,58,44.01,60.6,29.4,79.47,861,1.863,1,15,B,B,Critical,1
4091,58,35,85.06,55.41,46.58,65.91,19,2.58,0,23,B,O,Normal,0
4092,31,19,47.45,9.13,67.92,58.93,,2.978,0,12,O,A,Normal,1
4093,52,45,30.33,85.83,26.42,53.27,557,2.503,0,7,B,A,Critical,0
4094,25,26,94.78,61.32,6.45,71.2,622,2.564,0,1,A,A,Urgent,1
4095,65,48,81.86,69.8,49.93,79.19,955,1.068,0,17,A,O,Routine,0
4096,61,72,63.34,9.73,44.8,94.72,161,3.501,0,11,O,A,Urgent,1
4097,55,48,63.4,33.21,75.99,,887,1.676,1,7,A,O,Urgent,0
4098,26,63,48.84,17.7,96.1,78.23,242,0.5,1,37,O,B,Routine,0
4099,27,45,38.35,36.46,7.73,61.71,556,2.972,3,18,B,O,Normal,0
4100,45,35,28.11,3.87,44.58,97.52,969,4.162,2,10,O,O,Normal,1
4101,43,76,59.55,12.22,8.1,93.0,840,4.151,1,33,B,B,Normal,1
4102,44,28,83.37,13.75,20.79,65.08,389,3.006,0,16,B,A,Normal,0
4103,24,53,53.52,80.69,81.79,88.22,253,2.984,0,,A,B,Normal,0
4104,20,63,35.83,13.09,8.14,89.3,836,4.865,3,43,O,B,Normal,1
4105,40,54,28.13,7.26,69.15,91.88,705,2.174,0,14,A,O,Normal,0
4106,46,36,37.89,56.78,45.09,83.22,175,1.61,5,10,A,A,Urgent,0
4107,62,19,62.68,56.0,16.11,88.25,104,3.558,2,43,A,O,Urgent,0
4108,27,57,77.18,69.62,86.25,89.65,185,1.936,5,30,A,A,Urgent,0
4109,18,53,41.28,94.42,57.78,50.43,,2.648,2,35,A,A,Urgent,0
4110,18,43,40.13,22.39,96.51,68.8,723,2.011,0,25,O,B,Critical,0
4111,54,41,28.94,21.78,63.48,67.32,563,2.103,5,13,B,A,Urgent,0
4112,66,73,59.66,76.71,2.52,63.82,283,1.707,0,7,O,A,Normal,0
4113,37,62,82.27,57.57,53.09,99.32,103,2.768,1,25,O,A,Routine,0
4114,57,41,82.14,19.06,21.0,82.27,509,2.018,0,16,A,B,Normal,0
4115,39,64,57.44,79.65,67.66,49.93,688,4.107,2,25,B,A,Critical,0
4116,55,45,65.8,16.52,68.49,86.86,89,2.187,,10,A,O,Normal,0
4117,56,75,66.69,78.63,94.45,52.52,522,3.086,1,19,A,B,Urgent,0
4118,32,63,62.73,64.73,0.47,92.75,25,2.329,1,31,AB,A,Normal,0
4119,61,58,87.44,68.42,76.21,90.43,469,2.127,2,3,B,B,Urgent,1
4120,31,72,31.39,84.21,76.99,45.23,92,3.925,0,41,O,O,Normal,0
4121,33,19,84.43,72.9,67.65,72.5,969,2.882,0,14,O,AB,Urgent,1
4122,26,72,26.29,54.72,93.17,48.29,742,3.606,0,46,O,AB,Urgent,0
4123,55,63,69.89,51.68,50.85,67.68,564,3.768,0,8,O,A,Urgent,1
4124,54,63,50.9,11.01,88.92,63.83,360,3.083,1,9,O,AB,Urgent,0
4125,23,18,92.04,46.08,11.5,69.4,911,4.144,0,5,O,O,Normal,1
4126,56,59,71.35,65.2,10.63,73.74,901,2.395,0,,B,B,Normal,1
4127,59,26,53.69,83.16,22.31,65.89,9,4.24,0,33,A,O,Routine,0
4128,45,69,77.42,42.31,77.26,55.64,342,4.217,1,24,B,O,Urgent,0
4129,50,76,90.88,54.11,8.0,98.12,229,2.274,0,26,A,A,Routine,1
4130,45,19,48.39,74.1,57.39,83.15,806,2.063,0,26,B,O,Normal,0
4131,46,52,76.5,14.7,42.18,90.48,407,1.98,0,6,B,B,Normal,1
4132,18,66,99.37,26.87,5.33,95.89,181,1.07,2,48,O,A,Urgent,0
4133,24,18,91.22,24.62,43.91,87.06,995,2.489,0,6,O,B,Normal,1
4134,45,66,90.82,20.39,43.99,98.44,86,2.341,3,21,A,A,Urgent,1
4135,36,73,95.4,3.85,13.23,64.64,642,1.66,0,37,AB,O,Critical,1
4136,44,51,95.08,21.7,47.49,78.47,939,0.533,1,7,A,A,Critical,1
4137,60,20,57.26,31.73,99.12,90.28,963,3.331,4,40,A,O,Normal,0
4138,59,33,92.2,86.8,0.72,74.79,537,2.498,5,26,AB,O,Normal,1
4139,47,50,36.07,32.75,38.99,92.5,778,,0,3,A,O,Urgent,0
4140,36,29,96.99,81.87,8.7,50.03,792,2.796,2,7,B,A,Routine,0
4141,57,73,82.13,69.24,1.91,70.51,788,4.019,0,16,A,A,Normal,1
4142,52,65,42.5,41.15,16.11,69.72,66,2.516,0,13,A,O,Critical,0
4143,59,66,88.84,28.77,69.22,94.67,636,5.012,1,7,B,A,Routine,1
4144,64,75,67.3,21.77,79.92,81.7,578,1.406,1,11,B,O,Normal,0
4145,57,18,43.21,11.64,11.09,93.55,82,3.229,0,39,O,O,Normal,0
4146,32,73,96.06,99.98,58.09,69.69,756,2.627,5,41,A,A,Urgent,1
4147,63,27,83.75,3.91,1.07,93.26,886,3.326,0,36,A,AB,Routine,1
4148,36,20,84.81,34.11,83.73,62.0,195,4.226,2,16,B,B,Urgent,1
4149,29,25,67.35,19.36,46.87,58.87,720,2.518,5,4,O,O,Normal,1
4150,63,66,30.36,60.36,21.16,56.86,692,4.323,1,3,B,A,Critical,0
4151,37,46,40.62,19.19,74.7,49.3,553,1.715,2,9,AB,O,Normal,0
4152,58,57,46.0,34.88,43.26,89.76,212,2.648,2,1,O,O,Normal,1
4153,53,35,69.84,82.2,99.96,86.37,934,2.324,1,18,O,B,Normal,0
4154,58,25,85.88,83.46,4.39,79.44,561,1.419,0,33,O,B,Normal,0
4155,45,25,53.01,89.86,61.44,78.31,764,1.429,3,20,B,B,Normal,0
4156,25,42,41.39,78.76,81.34,92.97,44,3.223,1,17,A,A,Normal,1
4157,56,52,32.22,15.34,85.95,80.66,607,1.726,0,4,O,A,Normal,0
4158,38,69,95.98,1.88,34.09,80.51,337,2.978,2,31,O,O,Critical,1
4159,24,76,67.07,77.49,59.12,51.07,840,2.954,0,52,O,O,Normal,0
4160,38,18,66.24,68.37,27.64,91.64,549,3.219,3,20,O,A,Critical,0
4161,40,31,55.51,17.66,64.52,53.42,659,2.481,2,9,O,A,Routine,0
4162,36,27,94.86,88.33,22.52,52.09,379,0.5,0,9,O,A,Urgent,1
4163,49,56,52.67,14.59,53.36,56.6,648,2.464,0,7,O,AB,Routine,0
4164,59,75,96.22,66.96,54.07,57.26,454,1.126,0,16,A,O,Urgent,0
4165,39,59,74.92,67.66,75.18,57.46,700,1.73,0,20,B,O,Critical,0
4166,28,33,26.41,25.38,41.31,74.19,979,2.726,0,5,B,B,Urgent,1
4167,26,38,63.84,43.11,15.65,83.52,299,2.081,1,12,O,O,Urgent,1
4168,31,70,52.46,16.94,51.73,57.41,606,2.461,2,39,O,O,Urgent,0
4169,22,57,56.22,73.78,98.66,70.32,327,2.708,3,35,A,AB,Urgent,0
4170,24,29,30.23,90.24,89.01,48.91,375,1.375,0,5,A,B,Critical,0
4171,61,21,98.51,35.5,37.52,96.13,454,2.961,2,40,O,A,Normal,1
4172,24,46,70.25,89.09,79.34,94.28,495,2.864,1,22,O,A,Critical,0
4173,38,76,93.06,15.92,5.01,96.37,468,1.608,0,38,B,A,Normal,1
4174,29,56,94.24,51.38,53.54,47.78,384,1.797,0,27,O,B,Normal,0
4175,55,51,83.97,83.55,98.47,86.17,74,2.372,1,4,A,AB,Critical,0
4176,58,48,64.97,32.75,77.39,73.87,799,2.284,0,10,A,A,Normal,1
4177,38,60,80.0,2.51,70.67,51.28,50,3.082,0,22,O,O,Normal,1
4178,35,65,83.2,69.93,9.52,79.86,821,4.636,2,30,A,O,Normal,0
4179,23,68,70.12,12.74,87.8,97.3,978,2.127,0,45,B,O,Normal,0
4180,24,40,36.5,84.55,0.8,87.15,276,2.343,2,16,A,A,Critical,1
4181,54,76,64.9,64.81,58.61,87.88,811,1.907,3,22,O,O,Normal,0
4182,18,66,98.13,10.72,19.98,75.63,122,5.123,8,48,B,O,Urgent,0
4183,50,30,32.03,69.29,73.26,83.21,32,3.747,4,20,A,A,Critical,0
4184,40,55,38.39,13.73,18.33,59.32,811,3.346,5,15,O,O,Normal,0
4185,56,47,73.38,28.39,27.98,73.04,375,1.875,0,9,A,O,Routine,0
4186,51,32,87.25,59.85,43.74,57.01,2,1.614,0,19,B,O,Urgent,0
4187,66,45,45.83,44.61,80.96,56.33,674,3.162,2,21,O,O,Normal,0
4188,37,35,40.18,95.41,15.4,58.44,233,0.935,2,2,O,AB,Normal,0
4189,27,47,53.3,85.94,47.59,84.44,378,3.217,8,20,O,A,Routine,0
4190,64,57,69.99,68.56,45.11,49.16,914,2.559,8,7,A,A,Normal,0
4191,50,29,88.78,56.08,71.21,93.03,931,3.069,1,21,O,B,Routine,1
4192,46,21,68.57,36.14,19.89,66.84,459,1.16,0,25,O,A,Normal,1
4193,20,66,43.75,66.91,66.14,46.97,68,1.355,5,46,AB,A,Critical,0
4194,25,37,63.75,44.7,14.41,90.79,656,1.858,4,12,B,B,Routine,1
4195,55,66,41.76,31.47,41.95,50.13,401,4.885,0,11,A,O,Critical,0
4196,21,32,58.16,84.23,89.17,93.99,144,4.243,0,11,O,O,Normal,0
4197,47,74,73.92,42.03,80.79,72.96,645,2.578,0,27,B,O,Critical,0
4198,31,67,46.81,3.22,3.29,48.84,714,1.328,3,36,A,B,Normal,0
4199,30,46,90.33,9.19,46.28,73.0,509,2.622,0,16,B,AB,Critical,1
4200,68,41,35.67,78.45,71.27,56.52,55,,1,27,B,A,Urgent,0
4201,35,63,83.7,47.7,28.86,65.44,91,4.386,5,28,O,A,Urgent,1
4202,32,63,48.34,79.0,9.62,89.9,546,2.835,1,31,O,A,Urgent,0
4203,36,38,90.21,12.43,61.12,50.89,490,4.557,3,2,B,AB,Normal,1
4204,63,20,82.52,68.99,10.17,52.15,173,0.666,1,43,O,AB,Urgent,0
4205,56,56,28.69,20.76,95.44,70.55,716,3.724,1,0,B,O,Urgent,0
4206,36,49,77.29,47.76,49.18,76.84,389,4.64,0,13,O,O,Urgent,1
4207,63,75,38.98,17.74,90.4,59.35,916,4.507,1,12,A,B,Routine,0
4208,36,76,28.39,87.11,35.02,54.74,669,2.488,7,40,O,A,Urgent,0
4209,60,26,33.53,73.29,44.74,98.77,192,0.516,0,34,B,B,Urgent,0
4210,64,42,70.16,11.35,91.58,80.64,973,3.713,1,22,O,AB,Normal,0
4211,35,42,69.4,65.91,70.91,68.83,522,4.135,0,7,B,B,Urgent,0
4212,20,50,30.21,14.88,67.2,63.64,17,1.594,5,30,B,O,Normal,0
4213,68,66,27.78,65.86,94.85,97.2,917,0.5,3,2,O,A,Routine,0
4214,22,51,72.81,94.93,43.13,89.56,652,3.596,3,29,O,A,Critical,0
4215,38,59,90.07,52.04,2.11,59.66,824,3.114,5,21,O,B,Routine,1
4216,22,57,70.37,86.23,61.95,94.38,848,1.918,1,35,A,A,Normal,1
4217,40,52,49.38,33.84,99.38,92.7,260,2.518,1,12,A,O,Urgent,0
4218,,66,48.78,22.84,95.62,56.74,49,2.051,0,16,A,B,Normal,0
4219,35,58,71.16,40.28,93.72,92.13,624,2.578,0,23,A,B,Urgent,0
4220,21,48,70.47,66.62,60.67,82.75,447,3.052,0,27,A,B,Urgent,0
4221,62,61,56.95,71.38,33.39,73.71,321,3.731,1,1,O,B,Normal,0
4222,28,61,46.31,60.03,46.61,76.3,463,2.24,0,33,A,A,Normal,0
4223,25,76,68.15,37.41,94.97,97.07,591,3.245,0,51,A,O,Normal,0
4224,68,51,59.25,97.87,63.28,51.47,696,1.232,2,17,B,O,Normal,0
4225,63,56,77.26,48.13,78.95,78.21,210,2.538,0,7,O,B,Urgent,1
4226,35,30,89.8,3.86,12.87,73.24,920,2.558,1,5,A,A,Critical,1
4227,42,72,68.17,32.51,12.29,88.25,256,3.121,0,30,O,B,Normal,1
4228,55,51,26.94,46.2,66.9,67.97,528,4.626,0,4,A,AB,Critical,0
4229,41,58,32.93,58.7,85.5,82.56,930,2.414,3,17,O,O,Normal,0
4230,69,70,83.29,80.72,46.2,99.52,475,3.687,3,1,A,B,Urgent,1
4231,37,71,64.62,37.24,97.56,71.83,448,2.231,0,34,O,O,Urgent,0
4232,65,75,65.16,71.06,89.36,76.08,888,2.249,0,10,B,A,Critical,0
4233,58,48,98.17,36.37,73.45,63.84,132,2.685,3,10,O,O,Normal,1
4234,59,52,49.29,90.27,69.82,85.1,7,3.605,1,7,A,B,Normal,0
4235,26,52,83.39,3.95,92.77,63.01,214,2.533,1,26,AB,B,Normal,0
4236,49,45,78.54,57.69,50.47,54.88,70,1.88,0,4,B,B,Urgent,1
4237,41,37,68.89,72.87,48.25,74.99,44,2.906,3,4,A,B,Critical,0
4238,28,53,94.25,50.92,38.64,51.83,513,1.562,4,25,O,A,Critical,0
4239,64,59,34.43,93.75,92.45,60.02,,4.036,2,5,O,A,Normal,0
4240,60,26,74.79,56.46,,68.45,996,3.793,0,34,B,O,Urgent,0
4241,41,20,26.75,85.29,33.33,59.09,717,2.274,1,,O,A,Normal,0
4242,42,44,51.38,70.64,79.94,71.01,340,4.096,6,2,AB,B,Urgent,0
4243,31,25,77.44,74.96,7.96,76.33,663,3.452,2,6,A,B,Urgent,1
4244,39,47,94.34,46.69,84.02,54.25,492,1.118,5,8,O,B,Normal,0
4245,34,69,75.04,13.17,29.48,63.03,368,4.044,2,35,O,O,Normal,0
4246,44,47,70.38,34.52,15.46,90.34,227,3.547,3,3,B,B,Normal,1
4247,35,25,37.25,72.46,43.54,51.4,980,3.498,0,10,B,O,Normal,0
4248,45,21,93.31,69.6,90.57,67.68,150,2.699,0,24,A,B,Urgent,0
4249,30,22,69.58,7.04,49.68,76.47,772,0.5,0,8,B,AB,Normal,0
4250,52,70,64.14,61.59,14.38,87.77,958,1.553,1,18,O,A,Routine,1
4251,37,70,,4.15,92.95,89.29,661,4.895,3,33,A,B,Normal,0
4252,59,71,77.09,70.05,1.67,79.95,714,3.442,1,12,A,O,Critical,1
4253,58,46,53.95,67.78,71.8,93.86,806,2.914,7,12,O,B,Normal,0
4254,43,77,79.67,61.48,94.97,78.49,566,0.5,4,34,B,A,Normal,0
4255,20,41,43.15,2.99,97.15,93.24,975,3.314,3,21,AB,B,Urgent,0
4256,33,46,42.35,98.17,40.48,83.42,85,3.438,1,13,B,AB,Normal,0
4257,28,33,61.96,74.13,94.29,56.85,842,2.271,3,5,O,B,Normal,0
4258,49,47,63.98,46.5,87.64,62.75,398,3.379,3,2,O,A,Critical,1
4259,53,49,73.7,84.82,74.96,92.32,900,3.844,3,4,A,AB,Urgent,0
4260,27,68,67.93,38.25,82.75,71.47,709,3.751,2,41,O,B,Normal,0
4261,21,46,52.73,72.93,39.98,65.65,931,2.895,1,25,O,O,Urgent,0
4262,32,33,94.57,15.82,23.88,97.02,521,3.676,2,1,O,O,Critical,1
4263,61,18,73.43,47.8,74.7,57.9,189,2.636,1,43,A,B,Normal,0
4264,27,30,36.94,6.81,96.43,65.15,649,1.504,0,3,B,B,Normal,1
4265,64,65,37.66,61.57,11.98,74.52,299,2.541,0,1,O,O,Urgent,1
4266,24,72,37.05,,19.97,62.55,536,3.574,0,48,A,O,Critical,0
4267,44,31,95.03,82.92,47.88,60.86,242,5.363,0,13,O,A,Critical,0
4268,52,46,64.91,50.59,81.82,,105,4.191,2,6,B,O,Urgent,0
4269,27,35,80.85,59.08,36.89,77.84,451,4.169,6,8,AB,B,Normal,0
4270,60,35,65.25,16.62,71.75,65.89,615,5.099,2,25,O,A,Critical,1
4271,30,43,35.11,36.5,96.07,62.99,262,4.38,1,13,B,O,Routine,0
4272,51,62,41.85,46.52,44.18,88.7,451,1.885,0,11,AB,O,Urgent,0
4273,68,57,54.0,12.3,9.61,83.37,85,2.35,0,11,O,B,Routine,1
4274,64,44,37.65,79.58,37.59,68.02,342,2.213,1,20,O,A,Urgent,1
4275,27,34,71.49,44.15,12.17,50.91,384,2.592,6,7,A,O,Urgent,0
4276,40,56,48.28,54.5,93.59,89.87,726,3.738,2,16,B,B,Normal,1
4277,51,65,52.46,53.66,38.3,48.46,,1.852,1,14,B,B,Urgent,1
4278,54,70,78.62,70.5,49.29,68.28,324,5.112,8,16,B,B,Urgent,0
4279,54,43,29.45,44.53,49.04,89.92,228,2.548,0,11,A,A,Normal,0
4280,39,31,87.87,38.99,32.89,86.57,341,2.955,0,8,O,B,Critical,1
4281,46,64,42.17,61.0,40.61,47.94,353,2.683,0,18,O,O,Normal,1
4282,30,58,28.8,16.35,28.08,96.19,883,1.567,0,28,B,A,Urgent,0
4283,50,28,75.5,60.6,79.8,62.94,943,1.309,3,22,O,A,Normal,0
4284,48,66,77.79,8.2,4.13,54.56,30,1.94,0,18,O,O,Routine,1
4285,20,42,42.34,2.72,35.24,91.07,455,1.687,1,22,B,AB,Normal,0
4286,67,31,97.21,33.61,23.41,71.23,388,1.364,2,36,B,A,Normal,0
4287,23,66,90.8,86.42,81.77,73.01,635,2.952,1,43,O,O,Routine,0
4288,40,21,30.87,27.58,72.13,96.58,903,4.065,1,19,A,A,Normal,0
4289,39,42,93.01,85.48,97.98,75.86,188,2.876,0,3,O,O,Urgent,1
4290,49,65,99.33,96.26,74.48,99.08,666,1.696,2,16,A,A,Normal,0
4291,18,18,54.06,15.52,25.39,46.11,160,3.786,1,0,B,B,Critical,1
4292,25,29,82.34,7.09,58.1,54.24,779,2.926,1,4,O,O,Urgent,1
4293,28,52,95.46,48.74,78.35,68.83,462,1.811,1,24,A,B,Routine,0
4294,22,25,57.49,34.12,63.2,52.45,850,2.909,1,3,O,B,Urgent,1
4295,64,46,78.1,83.02,99.36,66.27,2,1.686,0,18,A,AB,Critical,0
4296,59,77,57.34,50.52,51.7,99.01,212,0.712,1,18,B,AB,Urgent,1
4297,29,25,97.44,80.89,24.81,52.87,59,2.022,0,4,B,B,Normal,0
4298,20,32,48.65,9.88,44.34,75.81,487,1.774,2,12,O,B,Normal,0
4299,67,49,92.52,73.2,1.69,57.89,265,3.55,1,18,A,O,Routine,0
4300,58,51,77.73,4.1,89.19,65.24,37,1.688,2,7,A,O,Urgent,0
4301,69,23,73.6,17.61,48.95,62.28,805,2.714,1,46,A,A,Routine,0
4302,19,68,71.93,98.17,18.58,48.12,678,0.966,,49,O,O,Routine,0
4303,66,34,,18.54,96.36,83.02,312,2.936,3,32,O,B,Urgent,1
4304,69,23,96.27,49.23,26.07,96.05,551,2.587,3,46,B,O,Normal,0
4305,54,34,72.72,16.38,63.68,45.95,643,1.419,1,20,A,B,Normal,0
4306,39,62,80.03,85.34,74.89,80.69,872,2.224,0,23,A,O,Urgent,0
4307,56,49,82.13,83.46,10.14,99.31,41,2.095,0,7,B,A,Urgent,1
4308,51,37,37.66,29.19,37.94,56.57,827,2.123,4,14,A,B,Routine,0
4309,38,74,65.43,13.54,29.57,68.47,805,1.563,0,36,O,B,Critical,1
4310,29,36,50.82,47.87,16.08,77.0,405,2.909,0,7,B,O,Routine,0
4311,38,48,73.68,29.25,10.59,66.36,452,2.643,0,10,O,A,Normal,1
4312,68,44,35.54,0.3,15.66,48.59,536,2.443,1,24,B,B,Normal,1
4313,61,38,51.57,71.05,53.93,80.23,675,1.659,1,23,O,O,Normal,1
4314,22,48,44.17,41.32,93.15,73.49,790,1.123,0,26,A,A,Normal,0
4315,52,31,66.43,20.77,79.66,84.57,843,2.138,0,21,B,A,Urgent,0
4316,43,22,79.19,63.82,89.16,60.51,394,0.5,3,21,O,O,Urgent,0
4317,38,34,55.96,45.23,12.0,46.4,623,2.891,0,4,O,B,Normal,1
4318,,49,62.02,29.1,19.77,71.78,179,3.026,0,30,B,O,Normal,0
4319,58,45,99.56,46.0,46.45,60.59,788,2.882,0,13,B,O,Urgent,0
4320,30,24,49.37,19.57,38.09,58.8,996,4.904,1,6,A,O,Normal,0
4321,49,68,83.59,54.4,79.13,47.67,961,4.22,6,19,B,B,Critical,0
4322,52,30,90.96,52.02,6.2,66.72,800,2.763,0,22,B,O,Normal,1
4323,49,31,37.1,24.96,64.45,54.94,636,2.786,1,18,A,O,Normal,0
4324,48,51,25.89,76.46,29.85,81.03,566,2.674,0,3,O,A,Urgent,1
4325,42,19,41.52,35.18,15.58,68.24,690,2.058,1,23,A,A,Routine,1
4326,29,37,78.96,34.74,74.11,59.05,889,2.821,0,8,B,A,Normal,0
4327,48,34,91.9,37.21,84.37,60.32,77,2.239,0,14,B,B,Normal,1
4328,24,76,45.15,43.41,76.42,81.07,523,1.151,2,52,O,O,Normal,0
4329,59,60,78.22,47.4,27.09,86.74,311,4.838,0,1,O,O,Normal,1
4330,31,55,63.23,80.06,85.45,71.81,513,1.736,1,24,B,O,Critical,0
4331,65,18,41.06,63.78,45.11,60.01,773,3.408,1,47,O,A,Critical,0
4332,66,77,77.51,60.45,67.44,53.1,797,3.148,3,11,O,O,Normal,0
4333,48,24,25.1,79.65,48.84,65.08,254,2.982,0,24,B,AB,Normal,0
4334,52,55,91.33,62.82,31.23,87.26,806,3.952,2,3,O,O,Normal,1
4335,68,35,83.26,75.26,21.0,98.19,360,1.255,2,33,B,A,Urgent,1
4336,50,54,49.06,61.41,92.56,96.54,922,0.5,0,4,B,O,Urgent,0
4337,62,64,93.1,16.13,43.9,62.76,534,3.209,3,2,O,A,Normal,1
4338,56,65,69.26,84.7,92.82,97.7,837,2.686,3,9,B,O,Urgent,0
4339,40,65,80.23,34.66,44.7,52.18,448,3.581,0,25,A,O,Urgent,0
4340,25,54,59.26,48.95,31.61,77.26,214,0.7,0,29,O,A,Critical,1
4341,34,71,83.69,23.95,73.03,69.75,952,3.979,0,37,B,O,Urgent,0
4342,50,50,81.4,41.89,1.37,59.0,764,2.137,0,0,O,A,Routine,1
4343,40,68,83.1,10.03,10.9,95.85,111,2.622,4,28,A,O,Urgent,0
4344,22,59,69.88,18.82,75.04,65.27,787,3.962,0,37,O,B,Normal,1
4345,31,66,25.65,58.39,67.69,76.93,657,3.351,0,35,A,A,Normal,0
4346,31,62,90.11,65.3,47.28,87.3,722,3.406,1,31,B,O,Urgent,0
4347,58,21,72.56,65.21,85.62,57.42,816,3.646,5,37,A,A,Normal,0
4348,37,24,42.77,97.87,12.12,65.19,470,2.933,1,13,A,O,Normal,0
4349,48,34,26.85,94.72,23.49,97.06,496,2.426,1,14,A,B,Normal,0
4350,21,44,65.98,29.24,17.7,62.39,770,3.084,1,23,O,O,Urgent,1
4351,37,55,54.95,7.0,13.63,88.14,225,1.36,2,18,O,A,Critical,1
4352,66,24,62.61,28.85,67.49,64.5,984,4.037,1,42,A,A,Urgent,1
4353,30,33,63.38,21.29,85.98,80.79,348,1.635,0,3,B,B,Normal,1
4354,50,37,60.1,34.38,72.02,58.3,441,3.674,0,13,O,B,Urgent,0
4355,51,35,61.82,23.1,56.73,73.52,85,5.274,1,16,B,B,Normal,1
4356,56,50,58.8,58.58,0.64,94.04,442,1.788,3,6,O,O,Normal,1
4357,37,43,67.99,23.61,42.46,80.77,448,1.692,4,6,O,O,Urgent,1
4358,44,19,72.63,33.25,36.84,78.55,537,1.577,3,25,O,O,Critical,1
4359,32,63,61.06,16.09,29.78,57.1,405,1.878,4,31,B,A,Routine,0
4360,53,25,35.16,55.85,50.14,58.27,778,0.5,3,28,B,A,Critical,0
4361,54,48,91.31,95.38,45.25,67.85,627,2.325,3,6,A,B,Normal,0
4362,48,42,71.51,26.21,73.12,65.68,790,4.615,0,6,O,A,Urgent,1
4363,64,69,26.45,16.99,62.41,79.4,658,1.916,4,5,O,O,Normal,0
4364,58,55,68.7,79.14,54.4,70.8,51,2.624,1,3,B,A,Normal,0
4365,22,55,49.17,90.15,63.69,77.34,100,3.378,1,33,A,B,Routine,0
4366,61,49,32.41,76.34,68.08,93.14,418,4.737,0,12,A,A,Critical,0
4367,26,58,32.12,60.51,64.8,81.87,425,4.278,0,32,B,AB,Normal,0
4368,38,37,74.13,74.58,41.61,56.14,710,4.505,0,1,O,B,Normal,1
4369,63,65,92.69,10.58,82.83,80.19,862,2.011,0,2,O,B,Normal,1
4370,38,23,25.11,69.77,21.75,86.08,301,2.789,0,15,B,O,Normal,0
4371,45,33,82.47,55.6,61.08,94.55,337,4.827,0,12,A,A,Normal,0
4372,49,21,58.17,73.58,56.69,70.18,455,1.43,0,28,B,O,Urgent,0
4373,31,38,78.3,80.59,17.89,59.98,629,2.788,1,7,A,B,Normal,1
4374,29,65,46.43,63.51,36.97,91.34,206,3.395,0,36,AB,A,Critical,0
4375,54,36,47.39,65.66,25.59,89.59,246,4.213,8,18,O,O,Urgent,0
4376,28,30,81.7,27.96,17.83,69.68,723,3.116,2,2,O,A,Urgent,1
4377,20,68,79.66,97.19,78.6,71.71,44,3.991,0,48,B,O,Normal,0
4378,27,68,98.31,89.59,74.7,57.08,68,1.661,1,41,A,O,Normal,0
4379,61,38,46.19,44.81,62.09,87.82,862,3.006,1,23,O,B,Urgent,0
4380,29,31,37.64,65.15,72.77,89.55,579,3.325,1,2,A,B,Critical,0
4381,23,28,,81.86,5.09,80.04,263,1.407,1,5,B,O,Critical,1
4382,41,70,96.96,94.96,62.38,84.86,900,2.149,0,29,B,O,Critical,0
4383,26,75,82.68,80.29,58.97,76.38,913,3.138,0,49,B,O,Routine,0
4384,25,27,85.13,46.23,54.2,94.79,824,1.852,0,2,B,O,Urgent,1
4385,53,68,29.49,18.85,76.83,88.26,552,2.746,3,15,A,A,Routine,0
4386,46,51,63.33,85.29,3.48,70.41,920,2.935,1,5,O,A,Urgent,1
4387,23,43,64.91,83.57,87.38,52.37,739,3.179,0,20,A,A,Urgent,0
4388,38,67,69.06,67.14,61.87,79.33,406,1.735,2,29,A,A,Normal,1
4389,59,37,67.57,4.98,81.22,97.07,497,1.679,0,22,O,AB,Routine,1
4390,38,68,37.61,13.46,41.74,65.77,687,2.795,4,30,O,O,Normal,1
4391,52,69,94.94,46.31,58.46,71.62,298,2.104,0,17,A,O,Normal,0
4392,21,27,97.47,77.9,2.77,96.78,737,2.433,1,6,B,A,Critical,1
4393,33,35,29.48,75.31,99.7,77.82,446,4.911,0,2,O,A,Urgent,1
4394,19,47,96.66,44.94,87.24,93.66,481,3.434,3,28,O,A,Routine,0
4395,48,21,61.87,17.06,30.73,53.04,180,0.751,0,27,O,A,Normal,0
4396,20,77,28.13,18.72,88.21,67.88,707,4.768,0,57,A,O,Urgent,0
4397,24,43,50.93,15.88,6.62,96.23,912,0.5,3,19,O,B,Urgent,1
4398,46,,45.99,74.81,5.44,49.33,618,1.304,1,24,O,B,Normal,0
4399,54,18,77.3,13.38,94.79,88.41,333,3.709,0,36,O,AB,Routine,1
4400,29,67,66.32,27.37,93.71,60.82,739,4.308,6,38,O,A,Urgent,1
4401,18,27,25.98,41.88,33.81,74.92,52,2.984,0,9,O,O,Critical,1
4402,68,49,63.9,79.46,58.92,87.88,564,2.894,8,19,B,A,Routine,0
4403,58,35,73.27,33.17,7.94,85.93,851,2.23,0,23,O,O,Urgent,1
4404,19,32,70.47,9.04,12.4,73.24,787,3.65,0,13,A,O,Urgent,1
4405,52,67,88.85,6.24,89.36,68.68,47,1.569,2,15,AB,O,Critical,1
4406,27,53,66.98,76.21,28.35,85.69,732,1.157,0,26,O,O,Normal,1
4407,42,42,31.77,77.9,20.27,89.94,534,2.678,0,0,O,B,Normal,0
4408,57,65,76.62,4.73,42.5,84.96,607,2.624,1,8,O,B,Normal,1
4409,53,61,69.94,55.07,,60.52,880,0.986,4,8,O,O,Critical,1
4410,49,73,26.07,96.55,54.93,82.74,992,1.712,3,24,O,B,Normal,0
4411,52,29,37.12,18.05,25.31,84.2,359,2.748,3,23,A,AB,Normal,0
4412,57,22,65.18,97.04,56.72,85.24,138,1.182,0,35,AB,A,Urgent,0
4413,19,59,71.81,56.86,8.9,81.66,999,4.066,4,40,O,AB,Urgent,1
4414,60,49,77.7,98.37,36.28,91.57,,2.597,3,11,O,O,Critical,1
4415,59,21,38.82,77.4,5.34,84.55,256,,0,38,O,O,Normal,0
4416,20,49,84.22,15.19,37.61,79.85,897,3.353,0,29,O,O,Urgent,1
4417,41,51,96.33,67.05,68.94,67.75,440,2.006,0,10,O,A,Critical,1
4418,39,65,44.84,60.43,47.41,90.12,813,3.033,1,26,A,O,Normal,0
4419,21,76,58.66,94.28,76.02,90.05,809,2.392,2,55,A,A,Normal,0
4420,58,26,72.53,32.33,77.01,93.27,127,4.063,0,32,O,A,Urgent,0
4421,35,71,62.9,79.54,92.62,52.92,249,2.79,0,36,A,O,Critical,0
4422,48,26,88.39,99.77,64.61,88.9,60,2.249,2,22,O,A,Urgent,0
4423,51,77,57.52,45.3,80.94,61.82,737,1.995,4,26,B,O,Normal,0
4424,49,20,56.35,84.36,30.69,77.45,608,3.441,2,29,O,A,Critical,0
4425,65,30,39.91,54.14,81.15,66.93,517,3.363,0,35,B,O,Routine,0
4426,55,49,83.27,60.4,36.76,48.52,691,0.866,1,6,O,A,Critical,1
4427,42,33,43.31,2.2,34.48,58.83,419,1.681,3,9,O,A,Normal,1
4428,60,74,26.37,95.69,45.45,63.97,124,0.5,0,14,O,O,Normal,0
4429,51,60,64.67,53.89,21.38,79.46,49,2.522,0,9,A,A,Critical,1
4430,35,53,73.75,3.51,10.42,65.05,365,2.442,2,18,B,B,Routine,1
4431,27,52,39.32,61.99,60.51,61.39,4,3.797,4,25,B,B,Normal,0
4432,24,46,50.38,92.14,43.7,84.22,180,0.643,2,22,O,A,Normal,0
4433,56,20,66.95,2.22,69.65,86.01,27,3.305,2,36,A,A,Normal,1
4434,50,31,96.16,9.59,0.84,74.99,653,3.054,1,19,B,O,Critical,1
4435,28,57,47.13,76.79,21.52,61.67,806,3.288,0,29,A,AB,Normal,1
4436,30,50,45.7,46.14,16.04,89.95,592,3.59,1,20,AB,A,Normal,0
4437,68,31,97.48,86.49,75.81,87.59,245,3.158,0,37,B,O,Critical,0
4438,44,71,53.82,25.56,48.92,77.91,155,3.849,2,27,B,O,Normal,0
4439,32,50,79.09,11.59,58.79,90.15,509,2.366,1,18,O,A,Urgent,1
4440,59,61,34.53,8.91,47.34,82.54,575,2.37,1,2,O,O,Urgent,1
4441,41,76,53.31,59.05,63.04,48.27,32,3.687,1,35,O,A,Normal,0
4442,35,36,67.52,61.63,46.0,68.07,808,2.968,0,1,A,A,Normal,1
4443,37,47,92.85,44.3,98.91,78.68,265,3.043,0,10,A,A,Urgent,1
4444,43,44,63.29,80.07,46.13,70.46,991,1.568,0,1,AB,B,Urgent,0
4445,27,33,34.13,21.66,19.55,59.47,339,1.316,1,6,A,O,Routine,0
4446,40,38,26.88,90.09,47.78,56.06,748,1.565,0,2,A,O,Normal,0
4447,37,45,78.02,39.18,13.42,56.46,790,3.091,2,8,O,B,Urgent,1
4448,58,62,87.04,89.54,29.48,69.29,551,3.022,5,4,A,A,Urgent,1
4449,22,72,98.34,76.38,30.85,48.46,112,2.114,0,50,O,B,Urgent,0
4450,27,64,69.27,24.93,43.6,45.53,704,3.562,1,37,A,AB,Urgent,1
4451,38,50,75.27,74.33,20.26,81.36,326,1.997,1,12,O,O,Routine,1
4452,37,67,92.11,81.24,58.63,63.7,755,2.198,8,30,O,O,Critical,1
4453,66,40,93.02,83.1,27.67,98.93,140,2.246,0,26,A,B,Critical,1
4454,68,45,38.87,53.79,74.46,97.43,525,0.932,3,23,AB,B,Normal,0
4455,39,42,92.68,71.33,27.38,59.25,794,1.768,0,3,O,B,Urgent,1
4456,47,72,70.68,37.88,20.73,68.9,28,2.981,0,25,O,A,Routine,1
4457,64,72,30.29,9.74,11.37,62.27,332,3.744,4,8,B,O,Normal,1
4458,52,24,60.51,95.15,9.03,45.69,396,1.743,6,28,O,O,Routine,0
4459,61,48,43.63,9.56,39.94,95.14,319,1.522,0,13,O,A,Critical,0
4460,65,29,74.39,64.71,31.83,85.7,94,1.647,2,36,O,O,Urgent,0
4461,24,77,77.48,95.27,39.89,59.27,290,2.462,2,53,B,AB,Normal,0
4462,58,37,77.61,72.11,5.38,98.14,28,2.656,5,21,O,B,Urgent,1
4463,62,63,91.41,54.4,94.24,92.77,960,2.993,2,1,O,A,Urgent,1
4464,51,36,87.04,67.0,50.6,47.49,674,3.282,1,15,B,B,Normal,0
4465,37,27,37.15,72.15,63.42,51.59,878,3.845,1,10,B,O,Routine,0
4466,51,46,73.24,12.42,50.1,54.25,996,2.064,8,5,O,B,Normal,1
4467,46,65,99.42,75.39,0.73,86.78,939,3.899,2,19,A,B,Normal,1
4468,42,39,49.6,30.96,35.07,48.84,475,2.653,0,3,A,O,Routine,0
4469,60,22,38.11,89.35,25.84,57.86,718,0.629,0,38,A,A,Normal,0
4470,53,20,90.23,89.61,17.31,87.67,304,1.289,0,33,O,A,Routine,0
4471,23,74,38.9,49.52,17.42,59.77,375,3.282,3,51,A,O,Normal,0
4472,42,31,27.12,67.25,9.88,93.66,656,2.205,0,11,O,O,Urgent,0
4473,58,39,57.99,21.15,10.81,74.32,535,1.039,2,19,B,B,Critical,1
4474,27,20,77.84,16.84,74.55,73.03,941,2.335,0,7,A,O,Urgent,0
4475,61,68,42.77,1.37,61.97,84.29,59,0.901,6,7,O,O,Urgent,1
4476,26,77,65.88,53.26,19.85,59.87,44,0.815,6,51,B,A,Normal,0
4477,67,22,88.33,34.87,15.29,57.9,72,3.326,0,45,B,O,Critical,0
4478,59,69,58.92,35.02,77.5,68.28,119,4.189,1,10,O,B,Urgent,0
4479,66,36,86.5,56.84,82.24,68.21,146,2.65,0,30,A,B,Urgent,0
4480,21,36,98.92,35.64,95.8,97.8,539,2.921,1,15,B,AB,Normal,1
4481,62,55,34.38,83.37,66.6,54.55,751,3.737,1,7,A,B,Normal,0
4482,58,24,65.85,11.28,37.49,73.28,587,3.062,0,34,O,AB,Routine,0
4483,62,22,51.92,25.83,69.24,98.74,302,2.616,3,40,B,A,Urgent,0
4484,25,36,73.74,95.9,19.67,90.24,283,1.997,3,11,O,A,Critical,0
4485,50,25,48.83,69.13,69.03,98.95,275,3.095,1,25,O,A,Urgent,1
4486,25,46,64.47,15.1,44.34,84.45,153,1.987,1,21,B,O,Critical,0
4487,35,52,29.58,71.2,8.19,93.47,623,2.818,1,17,O,A,Normal,1
4488,46,30,89.9,64.07,41.78,51.81,768,2.927,4,16,A,B,Critical,0
4489,59,55,53.95,80.59,85.53,99.81,282,0.543,1,4,AB,A,Critical,0
4490,21,69,98.65,24.71,9.82,66.28,919,2.44,0,48,B,AB,Normal,1
4491,57,51,85.26,58.15,49.45,85.69,278,1.124,0,6,B,B,Routine,1
4492,59,29,42.33,65.47,63.89,74.02,988,1.468,1,30,O,B,Normal,0
4493,52,34,56.34,25.1,25.46,50.98,397,3.42,0,18,A,O,Urgent,1
4494,36,32,81.61,29.24,42.6,97.02,205,2.513,0,4,A,O,Normal,1
4495,49,33,81.42,16.63,72.49,74.1,379,3.842,0,16,O,O,Normal,1
4496,63,40,79.1,6.09,98.93,74.57,937,2.896,0,23,A,O,Urgent,0
4497,58,65,95.18,73.68,35.22,63.29,895,1.815,5,7,B,O,Normal,0
4498,40,72,72.71,21.22,95.74,65.94,409,2.689,0,32,B,A,Urgent,0
4499,58,74,60.89,90.99,42.07,90.32,314,2.787,4,16,O,A,Normal,0
4500,56,54,66.94,48.98,35.36,51.95,266,2.918,2,2,B,O,Urgent,0
4501,44,58,36.9,31.61,26.3,84.8,721,3.906,0,14,O,B,Urgent,1
4502,21,52,90.22,44.97,97.09,66.33,956,4.126,0,31,O,O,Routine,0
4503,25,25,45.76,65.1,23.46,70.99,361,3.011,0,0,O,B,Routine,0
4504,47,75,89.33,7.21,93.84,48.85,923,1.311,6,28,O,A,Critical,1
4505,44,56,30.75,68.8,63.48,93.29,75,2.34,3,12,O,A,Urgent,0
4506,50,40,71.98,82.56,63.96,58.58,421,3.408,4,10,O,O,Urgent,1
4507,53,75,98.33,71.17,73.78,74.25,406,2.077,1,22,A,O,Normal,0
4508,67,26,36.02,85.86,36.35,86.09,373,3.218,0,41,AB,A,Normal,0
4509,34,39,45.72,35.43,88.28,66.75,267,3.451,3,5,O,O,Normal,1
4510,37,75,81.24,75.82,90.85,83.6,976,2.881,7,38,B,A,Normal,0
4511,65,66,81.18,88.01,11.16,79.84,10,1.803,0,1,B,O,Critical,0
4512,24,61,69.32,48.52,8.46,56.94,86,3.664,1,37,B,A,Critical,0
4513,24,18,75.83,22.93,28.66,83.36,124,2.58,2,6,A,A,Urgent,1
4514,20,56,70.57,99.81,14.55,80.17,961,2.188,0,36,O,O,Urgent,0
4515,46,47,56.85,80.88,42.25,76.73,55,3.184,3,1,B,O,Normal,0
4516,37,57,78.37,68.69,42.83,63.02,344,2.178,7,20,B,A,Critical,0
4517,35,72,77.12,16.71,68.72,68.76,476,4.658,0,37,A,O,Critical,0
4518,58,26,53.13,28.52,83.19,84.32,369,2.813,0,32,B,A,Urgent,0
4519,33,27,74.57,48.66,58.33,63.37,,3.199,0,6,O,B,Urgent,0
4520,69,36,61.09,26.63,79.12,49.48,883,3.288,0,33,B,O,Urgent,0
4521,50,47,40.48,49.48,16.78,91.24,170,1.312,1,3,O,A,Critical,1
4522,56,60,67.47,77.53,90.79,69.36,533,2.733,1,4,A,A,Urgent,0
4523,57,33,77.65,45.76,65.98,96.62,112,2.869,0,24,A,O,Urgent,1
4524,26,56,59.1,53.62,31.32,86.32,666,1.618,0,30,A,O,Urgent,0
4525,36,35,53.97,49.85,6.82,49.56,10,2.173,5,1,A,A,Normal,0
4526,25,55,74.84,8.4,59.59,72.21,97,3.723,1,30,A,O,Urgent,0
4527,24,33,35.27,79.08,17.38,96.97,380,3.198,1,9,O,O,Critical,1
4528,31,63,29.81,98.73,12.47,61.64,302,1.876,4,32,O,O,Routine,0
4529,42,37,27.91,4.8,4.2,69.01,820,2.175,5,5,O,A,Urgent,0
4530,43,64,71.9,46.1,76.27,60.83,985,2.042,3,21,O,A,Routine,0
4531,64,45,28.7,77.86,53.88,71.3,383,2.249,1,19,B,B,Normal,0
4532,50,24,58.18,9.04,47.69,71.57,172,2.139,1,26,O,O,Urgent,1
4533,33,24,46.97,67.95,20.74,56.21,297,2.967,7,9,A,B,Critical,0
4534,45,77,46.82,70.84,22.89,78.54,881,3.101,0,32,AB,O,Normal,0
4535,51,76,29.63,0.04,24.26,50.88,164,0.938,1,25,O,O,Urgent,1
4536,24,48,80.56,68.6,60.14,57.22,145,4.368,0,24,O,B,Normal,0
4537,29,44,31.03,46.08,49.22,87.41,522,2.37,0,15,AB,A,Critical,0
4538,25,73,73.69,59.35,49.06,79.86,462,3.123,0,48,A,O,Normal,0
4539,54,58,27.17,84.79,91.77,91.48,209,4.195,3,4,A,A,Urgent,0
4540,42,28,77.74,43.93,84.32,81.89,113,2.399,0,14,B,O,Routine,0
4541,38,43,47.75,92.17,24.93,78.84,101,2.977,3,5,A,B,Normal,0
4542,60,25,30.22,5.91,84.36,73.17,675,1.258,0,35,A,O,Critical,0
4543,50,51,44.35,80.65,70.88,78.66,11,1.416,0,1,AB,B,Routine,0
4544,54,55,78.28,16.69,25.53,94.05,148,3.271,2,1,A,A,Normal,1
4545,28,36,89.19,81.46,76.74,99.9,113,0.838,4,8,O,O,Normal,0
4546,19,29,83.47,92.63,99.0,56.77,115,4.155,0,10,A,B,Normal,0
4547,62,54,32.03,78.17,94.47,47.01,906,2.633,0,8,A,A,Urgent,0
4548,21,31,37.42,75.17,18.38,54.44,326,2.313,1,10,A,O,Critical,0
4549,27,59,67.28,58.29,39.16,53.36,416,4.056,4,32,A,B,Urgent,0
4550,66,55,57.11,48.39,71.9,69.69,230,3.94,2,11,AB,O,Normal,0
4551,66,74,41.2,10.12,51.4,80.25,721,4.073,0,8,O,AB,Urgent,1
4552,29,56,99.88,59.98,41.74,87.41,992,0.97,6,27,B,B,Critical,1
4553,32,41,51.82,82.6,25.37,69.69,585,1.706,0,9,A,O,Normal,0
4554,45,68,26.31,47.27,88.14,70.94,162,3.239,3,23,O,A,Routine,0
4555,60,65,86.53,17.26,40.22,57.01,536,2.063,0,5,B,B,Critical,1
4556,33,74,31.94,89.55,85.54,92.04,271,3.286,3,41,O,A,Routine,0
4557,32,73,84.63,38.74,34.72,82.63,891,3.327,0,41,A,A,Urgent,1
4558,43,48,70.62,59.37,60.2,97.28,697,0.5,2,5,A,A,Routine,1
4559,29,27,31.43,,32.65,,917,3.311,3,2,O,B,Normal,0
4560,36,73,62.02,26.31,70.83,53.9,661,4.389,0,37,A,A,Routine,1
4561,25,37,56.48,97.12,38.58,74.21,669,2.992,3,12,O,B,Routine,0
4562,52,57,62.27,61.83,88.4,50.94,431,2.235,0,5,B,A,Urgent,0
4563,37,58,97.58,26.92,31.47,99.96,174,,0,21,O,A,Routine,1
4564,35,28,56.98,2.46,18.16,68.0,1,5.321,0,7,A,O,Urgent,0
4565,26,52,68.67,38.58,48.42,45.63,922,1.876,1,26,O,A,Urgent,1
4566,47,40,38.39,7.65,79.8,62.13,794,1.314,0,7,A,O,Normal,0
4567,51,43,70.66,31.45,29.4,53.69,532,1.46,1,8,O,O,Normal,1
4568,68,75,36.82,69.46,7.43,78.07,903,1.913,1,7,O,A,Critical,1
4569,68,77,29.29,19.51,83.25,82.77,82,2.193,3,9,O,A,Urgent,0
4570,63,52,98.53,84.08,88.61,77.21,912,2.398,6,11,O,B,Urgent,1
4571,47,72,91.5,73.36,72.95,61.38,214,3.926,0,25,O,A,Routine,0
4572,68,70,59.3,0.55,16.49,55.04,945,2.256,2,2,A,O,Routine,1
4573,49,72,89.42,53.02,73.87,68.15,402,1.77,1,23,A,A,Normal,0
4574,64,59,45.8,68.23,39.94,90.93,625,4.417,0,5,A,AB,Routine,0
4575,30,67,25.6,69.73,54.48,93.69,728,2.444,3,37,B,B,Normal,0
4576,36,67,54.32,93.19,8.95,56.78,426,2.727,5,31,B,B,Critical,1
4577,66,24,84.77,88.51,64.14,80.49,555,3.299,0,42,A,B,Normal,0
4578,18,61,59.57,67.45,57.06,76.68,739,2.788,0,43,A,B,Normal,0
4579,63,47,72.07,33.03,38.65,89.86,471,2.34,1,16,A,B,Normal,0
4580,30,62,62.29,55.27,20.79,85.58,390,3.35,1,32,O,O,Normal,1
4581,50,56,36.48,11.9,45.1,46.85,101,1.914,4,6,O,A,Critical,0
4582,44,50,36.56,45.65,19.63,64.29,119,4.267,1,6,O,A,Critical,1
4583,48,58,79.7,82.97,75.56,47.04,608,1.835,1,10,O,O,Critical,1
4584,30,32,45.64,25.62,57.12,72.86,906,2.745,0,2,A,O,Normal,0
4585,44,27,44.45,12.8,36.63,57.72,137,3.563,0,17,O,O,Urgent,0
4586,67,29,40.64,12.43,70.6,77.2,409,2.987,1,38,B,A,Normal,0
4587,57,67,85.12,63.3,5.01,86.84,418,3.729,0,10,B,A,Normal,0
4588,42,71,94.21,59.22,27.21,45.7,124,2.061,1,29,O,O,Urgent,1
4589,24,51,80.42,88.41,19.72,92.79,152,1.053,0,27,A,B,Critical,0
4590,53,77,42.63,40.73,53.59,79.18,439,2.606,2,24,A,B,Normal,0
4591,30,51,41.94,37.47,9.63,54.72,544,3.358,3,21,O,A,Routine,0
4592,69,58,60.16,65.19,98.94,68.88,268,3.486,1,11,A,B,Routine,0
4593,24,65,31.47,8.91,52.64,80.96,743,3.467,3,41,A,O,Urgent,0
4594,69,52,98.81,50.88,24.81,50.34,310,2.588,7,17,B,O,Urgent,0
4595,66,24,42.71,22.07,57.41,83.49,358,3.509,5,42,A,B,Critical,0
4596,40,24,49.69,27.52,97.7,46.71,371,2.569,1,16,O,AB,Urgent,0
4597,23,45,58.18,12.68,81.46,66.69,516,3.364,3,22,A,B,Urgent,0
4598,22,,83.79,12.6,66.18,96.72,333,2.386,1,5,O,AB,Normal,1
4599,20,29,43.87,47.06,22.8,86.99,932,1.197,2,9,O,B,Urgent,1
4600,40,34,29.18,0.19,20.51,78.1,629,2.062,0,6,O,B,Normal,1
4601,42,29,46.0,19.08,0.25,67.66,850,2.187,2,13,O,A,Urgent,1
4602,63,75,42.78,93.58,96.76,50.97,935,3.805,0,12,O,O,Normal,0
4603,67,36,36.17,61.45,53.23,80.77,33,4.029,1,31,B,O,Normal,0
4604,25,23,97.56,26.56,40.47,99.89,957,0.5,1,2,O,O,Normal,1
4605,47,47,86.03,90.3,53.73,86.76,82,2.547,6,0,A,B,Normal,0
4606,56,18,77.18,80.12,81.17,46.23,828,2.983,0,38,B,O,Urgent,0
4607,27,69,42.58,43.8,92.38,51.82,390,1.736,2,42,O,AB,Urgent,0
4608,26,74,49.67,83.66,78.76,90.32,63,4.595,0,48,B,A,Critical,0
4609,67,23,30.46,65.58,36.95,94.43,740,0.722,2,44,B,B,Normal,0
4610,69,34,56.29,78.32,43.92,51.14,174,3.25,2,35,B,AB,Normal,0
4611,26,36,93.74,10.81,26.7,98.81,703,3.352,5,10,O,O,Normal,1
4612,34,,47.91,49.36,18.23,62.29,425,1.581,0,43,O,O,Urgent,0
4613,57,76,86.31,94.81,78.59,62.66,124,0.5,2,19,A,O,Urgent,0
4614,69,77,98.83,19.68,40.41,71.85,209,2.864,1,8,AB,O,Normal,0
4615,44,37,92.63,86.09,42.63,62.56,433,2.337,0,7,O,O,Routine,1
4616,35,27,71.12,47.15,37.41,87.09,646,2.749,0,8,A,B,Critical,1
4617,35,48,29.48,11.33,33.68,66.7,786,2.781,6,13,B,A,Urgent,0
4618,31,21,99.42,,86.94,50.45,312,3.474,3,10,AB,O,Critical,0
4619,25,45,97.04,71.28,54.38,46.15,609,0.5,3,20,A,AB,Critical,1
4620,22,74,54.67,46.24,98.12,75.68,858,1.874,0,52,A,A,Routine,0
4621,58,62,70.92,54.06,46.14,74.6,547,1.95,3,4,O,O,Routine,0
4622,53,48,53.7,28.0,53.97,75.21,799,2.531,0,5,O,B,Normal,1
4623,63,37,94.92,11.6,22.73,96.34,656,1.782,0,26,O,A,Urgent,1
4624,53,26,79.79,35.08,89.2,99.15,809,2.682,1,27,AB,O,Urgent,0
4625,57,28,88.66,92.05,58.83,49.87,656,1.237,0,29,O,O,Critical,1
4626,36,59,55.94,12.31,61.8,70.4,563,3.384,1,23,O,B,Urgent,0
4627,64,53,71.8,80.37,7.65,91.25,49,2.238,2,11,B,AB,Normal,1
4628,25,72,31.62,19.48,23.62,78.37,564,2.52,3,47,A,B,Normal,0
4629,48,50,95.49,48.46,36.42,62.63,608,2.283,1,2,O,B,Routine,1
4630,28,30,89.24,82.36,49.38,86.29,117,1.863,0,2,O,AB,Normal,1
4631,48,40,27.1,81.44,3.5,95.72,588,2.534,1,8,A,O,Normal,0
4632,,33,31.89,4.09,99.44,78.46,261,1.759,1,20,O,A,Urgent,0
4633,64,37,94.19,40.34,5.81,95.1,556,2.612,0,27,O,B,Normal,1
4634,51,65,84.91,9.74,14.89,96.05,153,1.08,0,14,A,B,Urgent,1
4635,52,68,28.51,39.49,6.89,52.99,978,3.076,0,16,O,A,Urgent,1
4636,21,21,78.75,11.12,66.76,93.34,716,2.989,0,0,O,O,Normal,1
4637,36,51,57.71,55.65,18.11,83.11,553,4.122,0,15,O,A,Urgent,1
4638,69,61,77.54,74.21,98.79,87.95,141,1.439,1,8,B,O,Urgent,0
4639,63,33,37.32,14.65,21.72,90.06,575,3.619,1,30,O,O,Normal,1
4640,69,35,33.28,95.79,47.8,57.15,22,3.615,2,34,A,B,Normal,0
4641,42,33,82.07,76.01,92.37,46.85,705,3.626,3,9,A,B,Urgent,0
4642,54,68,82.77,82.02,58.4,96.82,384,3.718,0,14,O,O,Normal,1
4643,32,30,88.32,41.84,29.25,64.01,242,1.551,1,2,O,O,Urgent,1
4644,45,19,29.98,46.75,53.04,49.59,586,3.22,0,26,O,O,Urgent,1
4645,66,55,53.6,83.93,20.63,60.81,576,3.16,8,11,O,A,Urgent,0
4646,46,29,56.17,77.06,3.64,47.33,601,5.942,1,17,B,B,Normal,1
4647,64,44,54.88,45.95,5.81,79.64,215,2.48,0,20,O,A,Normal,1
4648,65,45,59.7,44.21,49.95,45.56,366,2.796,0,20,A,O,Normal,0
4649,30,38,42.56,44.67,79.6,63.66,832,0.913,0,8,A,B,Urgent,0
4650,38,61,67.61,95.48,35.84,93.45,667,1.452,0,23,O,O,Normal,1
4651,42,36,55.01,8.86,61.51,83.5,39,4.063,1,6,A,A,Normal,1
4652,68,74,53.23,77.13,65.67,86.16,588,2.138,1,6,O,B,Urgent,0
4653,61,25,93.61,29.02,12.08,81.45,763,2.066,0,36,AB,A,Urgent,1
4654,19,41,97.52,41.36,33.99,80.18,37,2.677,0,22,O,B,Critical,1
4655,37,30,57.19,66.09,61.11,64.0,991,2.508,0,7,A,O,Normal,0
4656,20,62,78.64,27.18,63.84,52.21,423,3.369,1,42,O,O,Normal,1
4657,49,23,48.09,11.21,39.21,96.42,19,3.034,0,26,O,O,Urgent,1
4658,65,59,49.98,3.04,60.38,68.96,357,1.984,0,6,A,B,Routine,0
4659,26,57,94.45,5.91,56.23,88.3,143,2.167,1,31,B,AB,Urgent,1
4660,40,70,58.33,14.02,23.62,94.01,510,3.869,2,30,B,A,Urgent,0
4661,21,76,64.65,49.58,23.49,80.15,460,1.697,0,55,B,A,Urgent,0
4662,65,39,52.36,21.55,0.94,60.62,455,1.906,0,26,A,O,Routine,0
4663,19,46,30.45,5.64,90.81,91.87,984,3.201,2,27,O,A,Urgent,1
4664,58,41,32.92,97.37,43.89,96.24,154,0.547,0,17,O,O,Normal,0
4665,59,60,55.14,5.97,46.14,73.63,435,1.285,0,1,O,O,Normal,1
4666,69,34,74.96,34.18,70.73,83.75,42,2.02,6,35,A,O,Urgent,0
4667,62,62,57.6,75.93,52.89,51.96,62,1.768,0,0,A,B,Urgent,0
4668,62,63,31.97,52.22,49.14,66.08,420,2.373,0,1,A,O,Urgent,0
4669,57,28,85.94,73.67,50.37,79.12,16,3.829,0,29,B,O,Urgent,0
4670,53,66,73.5,92.75,61.87,51.7,317,2.599,0,13,B,B,Normal,1
4671,31,62,33.75,80.7,42.37,54.95,968,3.061,2,31,B,B,Urgent,0
4672,54,43,42.33,3.87,36.46,89.25,156,1.339,2,11,A,O,Normal,0
4673,24,68,67.68,5.7,33.42,95.13,613,1.705,0,44,A,A,Urgent,1
4674,44,76,40.32,14.8,34.81,80.08,536,2.929,0,32,A,O,Normal,0
4675,64,58,99.09,3.86,90.22,86.79,27,4.116,0,6,A,A,Urgent,1
4676,34,27,33.5,48.59,43.13,69.14,564,4.266,1,7,A,B,Critical,0
4677,30,18,66.45,70.19,64.49,51.79,262,0.619,3,12,O,O,Urgent,0
4678,28,58,50.38,68.14,66.0,83.81,462,1.858,0,30,A,A,Normal,0
4679,18,41,95.06,98.62,86.28,97.11,120,3.376,2,23,B,A,Critical,0
4680,40,54,48.25,98.08,16.53,98.02,866,3.386,6,14,O,O,Routine,1
4681,31,46,79.83,81.26,80.88,98.01,83,2.381,0,15,O,A,Normal,0
4682,57,59,76.64,81.08,88.88,55.7,2,2.589,8,2,AB,A,Normal,0
4683,68,43,38.27,81.28,21.38,97.98,378,1.505,3,25,B,B,Normal,0
4684,28,65,90.48,18.76,22.99,49.61,549,3.337,1,37,O,O,Critical,1
4685,27,62,36.83,57.34,20.58,85.2,986,0.5,1,35,O,B,Normal,1
4686,30,38,52.69,65.66,17.98,59.49,876,4.741,2,8,A,O,Normal,0
4687,22,65,84.49,17.78,89.64,60.77,522,3.407,0,43,AB,O,Urgent,0
4688,62,19,89.13,5.8,8.52,83.43,253,4.01,2,,B,AB,Normal,1
4689,58,24,56.53,90.29,43.08,78.6,815,1.833,1,34,B,AB,Normal,1
4690,62,41,90.13,32.28,44.29,49.05,937,3.277,1,21,A,B,Normal,1
4691,24,22,54.44,52.03,89.11,78.31,915,2.903,1,2,A,O,Critical,1
4692,47,62,39.6,58.66,48.33,72.91,432,3.815,6,15,A,O,Critical,0
4693,55,23,87.14,35.71,4.2,77.51,507,1.763,2,32,A,O,Routine,0
4694,37,58,36.08,86.65,57.56,66.79,51,2.13,3,21,B,O,Urgent,0
4695,28,46,61.18,44.17,16.95,89.04,553,2.822,1,18,B,A,Critical,0
4696,61,20,40.81,49.17,48.41,62.56,865,2.868,2,41,A,O,Critical,0
4697,66,25,84.02,77.01,44.61,49.78,325,2.858,1,41,O,B,Urgent,0
4698,46,77,74.79,61.36,66.44,57.4,915,3.137,0,31,O,B,Routine,0
4699,19,49,26.53,13.12,9.31,67.72,865,4.435,0,30,AB,O,Urgent,0
4700,25,47,69.91,82.48,5.82,75.36,622,0.5,1,22,B,O,Critical,1
4701,47,61,73.27,54.93,29.6,78.48,537,3.905,1,14,O,A,Urgent,1
4702,34,63,99.4,10.61,49.21,52.52,831,1.455,0,29,A,O,Normal,0
4703,22,41,79.14,90.74,29.96,62.43,302,3.394,2,19,O,O,Critical,1
4704,64,57,60.68,44.0,81.06,70.84,231,4.653,5,7,A,A,Routine,0
4705,38,68,75.63,88.13,22.6,77.56,737,2.194,0,30,O,O,Normal,1
4706,43,28,67.65,33.3,76.3,51.15,172,1.408,0,15,A,O,Normal,0
4707,42,59,66.88,20.93,85.25,67.72,934,1.682,0,17,B,O,Normal,0
4708,18,36,96.23,35.98,74.32,96.79,478,0.5,4,18,A,O,Normal,0
4709,55,21,59.34,77.83,78.85,46.51,313,2.699,1,34,O,O,Urgent,0
4710,57,43,44.5,88.52,9.38,72.99,231,3.005,1,14,A,O,Normal,0
4711,30,56,57.49,21.96,70.06,55.85,533,2.165,3,26,A,A,Urgent,1
4712,36,68,80.76,81.9,59.88,95.91,253,4.52,0,32,O,B,Urgent,0
4713,30,36,97.65,91.96,59.88,80.43,753,0.665,2,6,AB,O,Normal,0
4714,61,64,70.43,52.16,22.53,81.54,32,2.442,1,3,O,O,Critical,1
4715,64,30,43.56,76.48,73.0,89.97,325,2.877,0,34,O,B,Normal,0
4716,30,36,84.69,72.28,25.91,98.03,849,1.558,0,6,B,O,Normal,1
4717,68,54,91.9,63.88,20.14,99.3,904,2.188,0,14,O,A,Critical,1
4718,36,45,95.51,8.62,18.4,93.48,225,2.464,1,9,B,A,Normal,1
4719,58,75,67.16,2.05,21.3,83.65,976,3.875,2,17,B,O,Normal,0
4720,43,45,60.44,67.34,59.12,98.64,202,0.768,0,2,A,B,Critical,0
4721,25,29,37.0,8.85,50.91,65.28,330,2.236,0,4,A,B,Urgent,0
4722,21,41,56.33,70.55,2.28,49.5,345,0.5,1,20,O,AB,Normal,1
4723,60,38,47.31,48.08,81.42,76.52,53,2.971,1,22,A,O,Critical,0
4724,45,23,62.45,10.2,92.95,84.5,58,3.376,1,22,B,B,Critical,0
4725,21,52,49.21,23.53,86.58,73.14,928,2.599,1,31,A,A,Normal,1
4726,42,57,51.19,45.31,72.37,55.71,529,2.586,1,15,A,A,Normal,0
4727,46,63,28.46,1.84,7.09,68.79,935,2.142,0,17,O,O,Urgent,1
4728,62,54,47.21,10.84,18.12,70.91,620,3.097,0,8,O,AB,Routine,1
4729,35,25,44.86,47.34,52.77,80.31,373,2.201,0,10,A,O,Urgent,0
4730,37,42,32.32,30.09,80.25,71.86,271,4.691,0,5,O,A,Urgent,0
4731,30,18,33.05,39.72,6.08,66.54,487,1.407,1,12,O,O,Urgent,1
4732,48,47,55.54,87.1,70.87,51.75,345,2.004,1,1,O,A,Urgent,0
4733,37,33,85.47,57.14,62.48,82.28,70,4.322,0,4,O,O,Urgent,1
4734,49,66,90.71,11.6,73.66,48.64,75,0.847,0,17,O,O,Urgent,1
4735,69,54,,29.91,86.61,71.45,607,2.212,2,15,A,O,Normal,0
4736,69,71,85.1,76.96,93.19,52.84,494,3.318,0,2,B,B,Urgent,0
4737,40,30,88.65,22.99,62.67,50.44,680,3.531,3,10,O,O,Urgent,1
4738,61,72,74.13,71.1,63.81,95.69,758,2.758,0,11,O,A,Normal,0
4739,25,50,28.1,58.88,84.91,89.16,533,3.289,3,25,O,B,Normal,0
4740,54,30,67.46,82.63,38.71,86.34,707,1.514,0,24,B,AB,Critical,1
4741,64,63,72.57,70.12,27.9,71.76,984,1.521,7,1,O,O,Urgent,1
4742,53,18,30.23,57.65,66.46,97.78,568,1.551,0,35,O,O,Routine,0
4743,40,65,62.97,28.54,15.61,68.44,961,2.349,6,25,O,O,Critical,1
4744,57,24,81.42,46.52,78.43,64.5,896,2.807,2,33,O,A,Normal,0
4745,26,58,39.66,31.16,39.64,63.78,437,3.958,0,32,O,O,Normal,1
4746,40,46,28.77,80.87,67.32,55.89,53,2.282,2,6,A,O,Urgent,0
4747,34,57,51.95,30.82,67.98,47.51,381,2.981,0,23,O,B,Routine,0
4748,47,72,78.44,51.22,99.78,70.74,846,1.541,1,25,A,A,Urgent,1
4749,36,57,42.52,20.2,52.31,66.16,613,3.617,1,21,B,B,Critical,1
4750,62,19,53.11,45.36,74.2,72.85,813,3.758,0,43,B,B,Urgent,1
4751,67,73,38.34,29.93,44.88,76.09,545,4.956,1,6,A,O,Normal,0
4752,54,36,72.66,47.43,97.64,93.17,102,3.985,4,18,O,O,Normal,0
4753,37,51,65.57,80.19,47.39,54.35,503,3.775,0,14,B,AB,Normal,0
4754,38,27,61.04,62.57,38.88,46.78,435,3.632,0,11,B,B,Critical,1
4755,23,22,82.25,95.76,7.86,87.97,651,2.96,0,1,O,O,Normal,1
4756,19,35,40.4,84.52,51.21,48.6,841,1.286,3,16,A,O,Routine,0
4757,35,36,26.97,73.31,54.0,68.0,30,3.722,0,1,O,B,Routine,0
4758,57,26,82.56,48.88,67.44,61.15,499,2.399,0,31,O,O,Normal,1
4759,32,19,28.09,38.22,75.84,75.62,802,3.482,0,13,B,O,Normal,0
4760,61,53,62.35,21.94,51.96,65.5,752,3.834,0,8,O,B,Critical,1
4761,42,41,75.89,72.61,43.89,46.8,129,2.623,2,1,O,A,Urgent,1
4762,68,73,63.01,57.76,57.38,60.84,35,3.318,0,5,B,AB,Urgent,1
4763,40,34,83.68,57.4,64.73,60.8,51,2.565,2,6,O,A,Urgent,1
4764,34,37,41.06,3.04,40.54,74.3,294,2.208,0,3,A,B,Normal,0
4765,59,30,72.79,96.76,52.9,76.0,990,3.692,1,29,B,O,Urgent,0
4766,33,73,52.39,35.44,21.35,92.76,95,3.374,1,40,A,O,Normal,0
4767,43,58,61.12,64.42,47.75,99.36,137,2.661,1,15,O,A,Normal,0
4768,43,50,77.71,99.34,81.59,78.79,226,2.318,0,7,O,B,Urgent,0
4769,30,45,48.09,85.51,38.46,88.8,416,3.745,0,15,A,A,Urgent,1
4770,32,27,97.01,61.6,64.9,95.75,697,3.297,3,5,O,AB,Urgent,1
4771,57,40,90.98,18.66,48.24,85.99,144,3.623,1,17,A,A,Routine,1
4772,28,72,43.51,47.69,93.11,71.84,516,3.942,2,44,A,O,Critical,0
4773,36,31,28.24,73.47,95.71,57.98,398,3.394,0,5,A,O,Normal,0
4774,28,33,57.72,38.52,18.76,82.67,666,4.489,1,5,B,B,Urgent,1
4775,32,34,67.4,93.43,24.07,97.09,759,4.588,2,2,A,A,Normal,0
4776,46,56,26.33,5.76,51.76,81.11,408,1.837,0,10,B,A,Normal,1
4777,39,24,52.58,90.65,10.86,76.66,729,2.242,2,15,B,AB,Normal,0
4778,39,51,75.75,13.1,33.68,47.66,177,3.307,8,12,O,A,Urgent,1
4779,53,63,36.72,77.7,86.96,57.24,421,3.635,3,10,AB,O,Critical,0
4780,19,59,29.02,75.6,52.38,72.36,14,2.267,0,40,A,A,Normal,0
4781,68,46,88.39,27.4,22.77,89.76,820,2.129,0,22,O,AB,Urgent,1
4782,37,23,53.71,77.63,20.2,97.61,898,3.219,0,14,O,B,Urgent,0
4783,58,58,78.07,44.74,37.48,96.1,861,2.118,1,0,B,O,Urgent,1
4784,39,77,72.45,61.32,78.09,79.05,439,2.078,0,38,A,O,Normal,0
4785,43,29,65.36,12.32,52.19,96.83,922,2.671,1,14,O,B,Urgent,0
4786,65,60,60.41,48.96,66.27,60.89,253,2.814,1,5,B,AB,Critical,0
4787,26,74,90.7,5.57,87.68,47.98,84,4.274,3,48,O,A,Urgent,0
4788,28,48,54.26,71.97,16.67,,145,3.602,0,20,A,O,Normal,0
4789,35,56,48.79,52.87,39.91,49.68,999,2.136,1,21,A,A,Critical,1
4790,56,37,62.61,53.96,86.11,93.92,424,2.65,0,19,O,O,Critical,1
4791,61,34,36.53,41.49,89.52,61.15,453,2.831,1,27,O,AB,Normal,0
4792,50,38,88.54,66.24,46.84,70.73,547,3.056,1,12,B,B,Urgent,1
4793,47,60,76.33,42.11,89.38,88.17,561,3.407,0,13,O,B,Urgent,1
4794,20,69,37.05,21.15,81.49,72.75,27,5.43,3,49,O,O,Normal,0
4795,46,26,64.19,53.02,71.02,52.11,685,3.083,0,20,A,B,Routine,0
4796,51,69,61.32,18.64,42.93,50.06,134,2.294,1,18,B,B,Normal,1
4797,59,22,25.3,20.05,10.13,87.31,340,1.279,0,37,O,A,Urgent,1
4798,65,39,38.98,93.54,38.95,67.44,675,0.79,1,26,A,O,Urgent,0
4799,41,72,72.85,94.79,63.12,90.14,919,2.368,0,31,A,O,Normal,0
4800,43,60,72.05,4.74,99.29,75.2,9,2.699,2,17,A,O,Urgent,0
4801,25,33,62.41,7.33,11.81,59.87,700,3.009,0,8,O,O,Routine,1
4802,30,36,34.97,90.12,79.63,71.03,942,3.171,1,6,O,B,Urgent,0
4803,66,29,96.29,94.65,96.66,70.92,159,2.958,1,37,O,A,Critical,0
4804,62,43,27.2,13.34,33.03,46.89,515,2.328,3,19,A,B,Critical,0
4805,58,58,31.74,76.86,21.99,80.04,407,5.316,0,0,A,O,Normal,0
4806,62,26,96.67,38.91,75.54,56.55,122,2.32,0,36,O,B,Normal,0
4807,61,35,44.33,26.65,12.3,85.58,923,4.6,0,26,O,A,Urgent,1
4808,59,63,55.91,50.4,28.18,60.45,983,3.051,2,4,O,A,Urgent,1
4809,30,42,97.15,1.65,30.12,97.4,748,2.384,1,12,B,O,Normal,1
4810,36,49,28.4,33.49,69.66,72.68,542,3.112,4,13,O,O,Routine,0
4811,24,58,61.29,97.9,62.47,76.84,761,1.634,5,34,B,B,Urgent,0
4812,23,55,97.28,55.36,99.43,68.49,90,5.367,0,32,A,B,Routine,0
4813,52,61,65.4,71.52,42.64,73.37,230,3.157,0,9,B,O,Normal,0
4814,48,28,49.64,17.63,6.92,96.32,105,1.811,1,20,A,O,Urgent,0
4815,39,58,45.26,39.41,80.06,70.4,17,1.956,4,19,B,B,Urgent,0
4816,23,62,98.21,16.66,86.7,55.04,658,1.869,2,39,O,O,Urgent,1
4817,48,54,53.8,56.03,90.72,54.2,571,2.767,1,6,B,A,Normal,0
4818,33,33,29.61,46.68,27.14,95.22,743,1.67,3,0,A,O,Normal,0
4819,18,50,97.26,16.1,10.06,92.51,653,3.089,0,32,O,B,Normal,1
4820,58,60,47.22,88.77,13.13,80.89,947,2.074,0,2,O,B,Normal,1
4821,46,74,89.45,74.81,27.5,58.96,359,2.93,1,28,O,B,Urgent,1
4822,20,50,55.7,17.33,88.9,69.99,470,2.884,3,30,O,A,Critical,0
4823,57,65,79.76,12.03,53.35,51.37,446,,0,8,O,A,Routine,1
4824,27,40,98.79,0.42,50.91,85.88,227,1.603,2,13,O,O,Normal,1
4825,42,64,97.34,5.3,59.14,56.14,215,3.553,0,22,B,O,Routine,0
4826,60,30,41.01,85.0,50.83,90.61,966,3.42,0,30,O,B,Routine,0
4827,66,30,42.42,8.35,85.3,76.49,498,2.23,2,36,A,O,Normal,0
4828,35,31,82.23,29.74,97.39,94.01,163,3.224,0,4,A,A,Routine,1
4829,54,39,39.68,45.78,57.86,92.56,313,2.203,0,15,A,O,Routine,0
4830,63,45,66.66,21.47,41.16,83.19,37,2.596,3,18,AB,O,Routine,1
4831,23,60,39.49,15.34,22.55,76.92,36,2.286,0,37,O,O,Critical,1
4832,19,71,95.69,12.17,30.03,88.4,381,1.626,1,52,B,A,Normal,0
4833,55,64,50.17,38.31,57.45,65.5,527,0.782,2,9,O,B,Normal,0
4834,24,34,86.02,4.94,15.85,60.17,527,4.113,0,10,B,B,Normal,1
4835,32,19,65.06,20.21,38.02,61.99,625,1.46,0,13,B,O,Normal,0
4836,29,32,79.43,47.6,40.41,70.03,596,1.473,8,3,O,O,Normal,1
4837,66,59,53.8,0.62,75.44,62.89,366,2.263,1,7,B,A,Normal,0
4838,56,35,49.17,56.11,28.43,61.87,31,1.592,,21,A,A,Normal,1
4839,32,77,54.09,87.78,24.66,75.1,941,3.327,2,45,O,O,Normal,1
4840,64,28,44.53,43.09,43.23,62.28,170,3.061,1,36,A,A,Urgent,1
4841,46,70,,87.64,88.89,50.9,376,3.92,0,24,O,O,Critical,0
4842,20,48,85.92,24.86,0.27,80.45,882,3.365,3,28,O,B,Critical,1
4843,38,63,72.62,96.61,31.52,77.69,774,1.861,1,25,O,O,Urgent,1
4844,37,69,40.89,12.46,95.18,93.6,679,3.522,3,32,A,O,Urgent,0
4845,64,45,63.63,18.84,57.82,65.88,489,1.613,0,19,B,B,Routine,1
4846,58,55,94.97,55.66,83.03,92.58,622,2.423,1,3,O,O,Urgent,1
4847,39,71,85.41,28.04,48.45,64.91,990,4.234,1,32,O,A,Critical,1
4848,54,55,27.99,69.97,41.33,64.16,536,3.059,0,1,O,A,Normal,0
4849,38,70,55.8,12.18,93.17,52.73,306,1.671,0,32,O,O,Urgent,0
4850,63,61,46.76,78.37,20.57,97.67,683,1.442,5,2,A,O,Critical,0
4851,61,36,31.3,26.71,0.22,61.49,979,1.729,1,25,A,A,Urgent,1
4852,20,36,88.58,23.87,97.94,82.61,275,2.179,3,16,B,B,Routine,1
4853,26,65,62.95,8.09,2.97,66.22,271,0.5,2,39,O,AB,Normal,0
4854,19,62,70.66,82.26,27.75,69.32,763,3.182,3,43,A,O,Normal,0
4855,39,49,25.88,83.24,27.88,75.99,870,2.856,4,10,A,B,Urgent,0
4856,38,74,75.4,11.16,40.59,63.39,319,1.776,0,36,O,O,Normal,1
4857,61,62,38.64,34.48,82.17,74.69,787,2.509,3,1,B,B,Critical,1
4858,25,35,29.52,81.57,36.32,89.09,181,3.484,2,10,O,O,Routine,0
4859,54,59,96.42,17.86,32.16,82.4,876,1.182,0,5,O,O,Normal,1
4860,39,70,38.63,92.94,58.84,61.76,723,,0,31,O,B,Normal,0
4861,69,72,35.7,87.01,5.58,70.69,29,1.624,0,3,B,O,Routine,0
4862,25,40,64.67,97.06,66.2,94.04,298,3.717,0,15,B,B,Urgent,0
4863,57,54,81.67,70.89,1.73,63.45,482,2.002,0,3,O,A,Normal,1
4864,24,38,71.48,15.24,76.56,96.15,501,1.453,0,14,A,B,Normal,0
4865,30,33,57.4,72.58,88.23,85.29,1,2.453,1,3,O,O,Normal,0
4866,18,74,97.54,5.37,34.89,53.05,26,3.974,1,56,A,A,Normal,0
4867,59,45,43.2,89.08,29.55,50.95,449,1.802,0,14,O,B,Normal,0
4868,36,54,52.57,10.08,97.32,98.36,892,5.157,1,18,O,O,Routine,1
4869,19,73,76.22,71.36,84.83,49.31,272,1.775,3,54,O,A,Critical,0
4870,22,62,51.2,83.48,37.37,88.67,103,1.758,2,40,O,O,Routine,0
4871,,45,87.54,33.82,61.1,65.24,201,1.304,1,21,AB,B,Urgent,0
4872,57,60,70.5,81.78,81.27,62.35,344,2.593,1,3,A,B,Normal,0
4873,39,19,37.83,32.91,5.88,46.89,981,1.38,1,20,A,O,Urgent,0
4874,38,30,61.82,39.25,7.95,81.11,515,2.048,0,8,O,AB,Normal,1
4875,67,30,95.21,91.64,80.95,97.45,626,3.341,1,37,O,AB,Routine,0
4876,29,45,68.57,17.69,20.63,51.5,192,2.357,6,16,O,A,Routine,1
4877,37,25,89.53,3.6,46.83,63.25,67,1.635,0,12,B,A,Normal,0
4878,29,75,90.42,78.23,73.32,69.49,465,3.436,0,46,O,B,Normal,0
4879,68,51,44.79,88.87,48.19,63.67,838,2.299,0,17,O,A,Critical,0
4880,32,25,56.43,62.58,48.69,69.25,531,3.186,0,7,O,AB,Normal,0
4881,57,28,29.73,50.94,32.01,95.14,706,1.307,0,29,O,B,Urgent,1
4882,57,25,63.16,62.67,65.34,94.95,419,2.368,0,32,O,A,Urgent,0
4883,62,56,85.04,23.67,42.04,82.57,625,1.621,1,6,O,B,Critical,1
4884,51,31,77.18,8.36,25.67,83.1,177,2.995,0,20,O,B,Normal,1
4885,62,20,87.33,41.23,84.7,50.76,741,2.559,0,42,O,B,Critical,0
4886,43,42,96.67,58.6,78.26,83.41,673,3.807,0,1,B,O,Critical,1
4887,66,58,36.31,51.27,32.53,45.38,736,1.574,0,8,O,B,Urgent,0
4888,32,43,94.52,99.79,21.94,62.85,526,3.109,0,11,O,B,Urgent,1
4889,63,27,62.73,39.39,99.63,80.04,255,1.43,1,36,AB,B,Urgent,0
4890,52,71,51.7,75.35,50.78,92.8,671,4.288,0,19,O,A,Urgent,0
4891,64,35,34.52,70.24,46.14,84.84,506,3.44,0,29,B,B,Critical,0
4892,24,76,97.63,28.82,77.1,57.31,262,1.614,0,52,O,O,Critical,1
4893,21,61,59.07,43.24,50.61,51.88,989,2.779,6,40,A,A,Urgent,0
4894,57,21,76.05,78.24,51.1,69.42,190,2.127,2,36,O,O,Urgent,0
4895,42,18,47.8,32.29,28.72,81.44,582,3.107,2,24,B,O,Normal,0
4896,18,46,54.14,86.86,4.37,46.91,640,4.048,0,28,A,B,Critical,0
4897,32,76,80.13,53.44,80.96,63.57,54,4.395,1,44,A,O,Normal,0
4898,56,36,45.24,16.87,79.63,51.36,633,2.69,2,20,A,O,Routine,0
4899,44,72,85.13,62.5,98.04,87.85,228,1.196,2,28,O,B,Urgent,0
4900,49,30,56.57,10.9,76.06,51.44,1,1.756,0,19,B,A,Normal,0
4901,48,53,30.84,26.25,94.68,77.07,,2.79,4,5,O,O,Urgent,0
4902,67,54,77.52,33.02,86.64,47.55,871,2.375,0,13,A,O,Normal,0
4903,61,76,86.49,11.98,58.76,54.21,995,2.077,4,15,O,A,Routine,0
4904,19,64,55.92,31.19,55.63,80.67,70,1.515,8,45,O,A,Routine,0
4905,37,21,69.75,65.36,73.68,63.33,971,1.92,0,16,B,A,Routine,0
4906,45,59,33.57,78.33,89.81,95.42,244,2.244,4,14,O,B,Critical,0
4907,53,45,41.73,49.44,34.98,51.48,764,3.369,0,8,B,B,Urgent,1
4908,60,43,58.5,44.54,78.4,71.02,172,3.221,3,17,AB,B,Normal,0
4909,33,31,98.84,7.75,69.8,69.18,827,1.914,1,2,O,B,Normal,1
4910,33,56,77.23,41.68,13.57,57.92,45,2.52,0,23,AB,O,Normal,1
4911,49,24,29.02,15.22,37.52,62.95,908,4.198,0,25,O,O,Critical,1
4912,52,75,53.51,23.01,33.45,54.57,215,3.854,0,23,A,B,Normal,0
4913,49,52,61.48,57.41,15.67,55.92,609,2.276,2,3,O,O,Normal,1
4914,53,60,50.63,42.87,20.12,75.19,745,3.166,1,7,AB,A,Critical,0
4915,23,73,80.32,66.89,50.7,73.89,986,4.413,1,50,A,B,Urgent,0
4916,52,54,42.88,5.93,15.64,70.56,760,1.99,6,2,O,A,Critical,1
4917,56,25,76.81,82.61,30.69,89.93,838,2.992,0,31,O,O,Normal,1
4918,64,43,72.51,84.81,59.63,72.15,429,2.037,6,21,O,O,Urgent,0
4919,60,64,48.38,9.57,2.33,72.39,483,0.89,2,4,A,AB,Urgent,1
4920,47,26,33.14,36.61,1.01,75.49,849,3.176,1,21,O,A,Urgent,1
4921,66,77,47.13,16.4,57.52,89.97,900,0.5,1,11,A,A,Routine,1
4922,28,52,86.78,42.71,13.18,96.92,576,3.473,,24,O,B,Routine,1
4923,20,46,41.96,78.28,,98.67,902,1.906,8,26,A,O,Urgent,0
4924,46,77,65.85,31.46,6.15,85.26,512,3.807,4,31,B,B,Urgent,1
4925,38,25,39.89,82.56,16.23,52.07,480,2.553,1,13,B,O,Normal,0
4926,27,21,58.16,91.13,77.23,91.95,576,1.58,6,6,A,B,Normal,0
4927,41,30,85.43,60.65,44.83,75.55,607,1.944,1,11,AB,O,Normal,1
4928,54,31,40.36,75.13,16.99,54.63,823,3.75,1,23,B,B,Normal,0
4929,46,52,54.96,73.38,93.5,71.71,64,3.685,0,6,A,O,Urgent,0
4930,36,67,71.5,63.37,25.87,55.43,479,4.019,1,31,O,B,Normal,0
4931,24,35,97.17,57.63,22.35,88.02,946,2.561,6,11,O,A,Routine,1
4932,63,26,84.98,23.84,65.96,68.74,843,4.135,0,37,O,O,Urgent,1
4933,40,55,57.79,36.75,75.46,76.26,626,4.133,0,15,O,A,Normal,0
4934,27,20,35.9,40.23,93.63,75.13,258,4.295,0,7,B,B,Urgent,1
4935,31,62,32.42,47.01,68.0,62.93,325,4.068,2,31,A,O,Urgent,0
4936,33,54,47.14,45.24,58.24,92.63,189,1.329,4,21,B,B,Normal,0
4937,53,20,33.64,46.34,24.45,49.87,710,3.06,3,33,A,A,Normal,0
4938,52,36,94.13,38.25,91.59,92.99,686,2.972,1,16,A,O,Normal,0
4939,42,49,83.05,99.55,59.2,92.03,666,3.48,0,7,A,B,Normal,0
4940,48,52,69.21,88.13,21.76,78.24,515,2.861,4,4,A,A,Critical,1
4941,62,61,76.57,35.3,65.64,64.25,610,3.047,0,1,A,A,Critical,1
4942,67,22,29.82,69.23,39.07,93.95,404,3.494,1,45,O,A,Normal,0
4943,44,23,52.99,15.51,17.23,65.7,209,2.445,3,21,A,B,Normal,1
4944,35,57,68.41,43.83,31.43,71.6,604,2.942,1,22,O,A,Normal,0
4945,66,48,46.27,33.67,70.06,64.57,641,3.332,2,18,B,AB,Routine,0
4946,60,70,39.51,49.38,45.15,48.48,798,1.105,5,10,B,B,Urgent,1
4947,67,52,38.07,20.0,76.06,49.79,35,1.495,0,15,O,O,Normal,0
4948,60,28,79.85,91.97,68.94,65.78,193,2.493,1,32,O,A,Routine,0
4949,28,74,74.85,13.98,74.74,88.41,853,2.26,1,46,B,A,Urgent,0
4950,40,27,42.33,45.49,28.72,92.09,84,1.793,0,13,AB,O,Routine,0
4951,47,51,25.6,56.7,21.48,60.97,353,2.373,4,4,A,O,Urgent,0
4952,37,35,28.32,25.61,98.76,49.47,501,2.566,5,2,B,AB,Urgent,0
4953,31,28,73.95,94.2,64.18,60.82,295,4.481,0,3,O,B,Normal,0
4954,67,66,84.67,13.79,14.32,87.53,837,1.765,5,1,AB,O,Normal,1
4955,19,48,61.22,65.69,87.76,75.52,86,2.591,0,29,O,B,Critical,0
4956,21,39,28.1,65.95,40.65,77.41,522,4.647,4,18,O,A,Urgent,0
4957,42,19,29.54,43.43,34.32,71.1,761,3.186,0,23,O,O,Routine,0
4958,36,59,62.83,44.33,75.14,58.72,547,1.717,2,23,O,A,Critical,0
4959,35,70,74.04,96.28,34.77,72.47,520,3.453,3,35,B,B,Normal,0
4960,59,40,40.44,87.16,56.03,50.34,576,1.99,0,19,AB,A,Urgent,0
4961,51,47,87.27,57.45,77.14,69.52,261,1.226,2,4,O,O,Normal,0
4962,29,66,30.65,22.05,11.72,75.38,436,2.533,1,37,B,A,Normal,0
4963,22,55,76.9,19.72,60.31,97.91,15,3.068,0,33,A,O,Routine,0
4964,42,60,99.49,36.0,27.8,59.65,16,1.738,5,18,B,A,Routine,0
4965,40,36,83.64,33.87,81.49,64.58,512,4.853,0,4,A,O,Normal,0
4966,38,43,30.62,69.72,50.1,96.85,36,3.084,0,5,O,A,Urgent,0
4967,59,65,52.16,88.17,33.68,86.14,897,2.878,0,6,O,A,Urgent,0
4968,18,39,82.23,85.03,27.25,78.64,429,0.5,0,21,B,O,Urgent,0
4969,33,63,31.12,95.79,91.49,60.31,64,1.962,0,30,A,O,Routine,0
4970,29,50,87.01,93.11,56.21,51.0,745,3.486,0,21,O,A,Urgent,1
4971,21,39,62.22,79.58,21.28,66.84,989,1.637,0,18,O,O,Normal,1
4972,67,30,89.21,49.61,26.67,78.83,854,3.593,1,37,O,O,Normal,1
4973,49,33,79.64,27.86,45.97,53.23,405,1.983,4,16,B,O,Normal,0
4974,31,38,46.43,91.16,38.47,97.85,294,2.502,0,7,B,A,Critical,0
4975,41,20,55.11,43.33,38.77,74.27,524,0.5,0,21,B,A,Urgent,0
4976,68,41,55.22,25.78,72.26,98.2,626,2.299,1,27,AB,O,Normal,0
4977,67,55,47.21,15.04,94.17,46.93,411,1.346,0,12,O,A,Normal,0
4978,60,37,39.52,87.14,85.21,57.51,786,2.256,0,23,O,O,Normal,0
4979,42,64,59.07,95.31,16.45,81.01,263,3.839,1,22,AB,A,Normal,0
4980,48,26,93.94,28.55,71.18,73.92,290,1.941,0,22,AB,O,Normal,0
4981,43,29,80.22,88.92,89.76,84.15,846,2.824,0,14,A,B,Critical,0
4982,21,38,56.45,76.42,33.99,47.98,423,2.94,1,17,B,O,Normal,0
4983,61,29,34.22,92.04,19.67,56.92,611,1.272,1,32,O,O,Critical,0
4984,21,24,37.78,62.2,83.29,78.78,655,2.63,0,3,O,O,Urgent,0
4985,25,73,28.38,83.88,24.0,88.71,399,0.5,5,48,O,B,Urgent,0
4986,42,74,85.37,84.08,29.33,99.91,540,0.5,0,32,O,B,Normal,0
4987,35,40,66.36,91.25,44.25,54.25,327,3.495,2,5,O,O,Normal,0
4988,39,39,81.81,92.08,13.0,61.05,133,1.458,1,0,O,A,Critical,1
4989,49,29,92.99,23.03,78.58,97.95,444,3.058,2,20,O,B,Urgent,1
4990,51,58,71.6,6.69,39.45,82.77,743,4.324,0,7,O,B,Urgent,1
4991,67,70,32.16,18.72,47.38,57.91,125,1.131,0,3,O,B,Routine,0
4992,62,22,89.35,10.91,18.1,78.51,351,1.61,1,40,A,B,Normal,0
4993,64,74,30.04,27.59,77.07,51.75,392,3.651,3,10,O,B,Routine,0
4994,28,67,53.24,34.71,84.58,46.68,7,3.227,0,39,O,A,Urgent,0
4995,31,57,92.82,2.86,2.4,73.07,565,3.23,0,26,B,O,Urgent,1
4996,20,52,91.51,77.89,11.39,56.38,737,3.542,0,32,O,O,Normal,0
4997,65,19,66.96,12.46,47.55,79.25,884,4.191,3,46,A,B,Normal,0
4998,64,56,60.04,26.07,51.2,83.53,503,2.628,1,8,A,O,Critical,0
4999,39,50,59.54,62.13,3.71,53.32,72,2.753,5,11,O,B,Routine,0
5000,56,37,36.32,17.24,50.28,95.63,395,4.069,2,19,A,B,Routine,0
