pair_id,donor_age,recipient_age,hla_match,antibody_risk,medical_risk,organ_health,waiting_days,cold_ischemia_hours,comorbidity_index,age_gap,donor_blood,recipient_blood,urgency,match_status
1,44,30,46.26,94.85,6.15,64.57,815,1.192,0,14,O,B,Urgent,0
2,44,27,49.63,39.1,5.87,79.45,586,2.293,2,17,O,A,Normal,1
3,49,44,42.21,74.35,18.34,71.06,664,1.489,1,5,B,AB,Critical,0
4,45,57,45.08,59.1,32.77,87.49,724,1.68,1,12,B,O,Normal,0
5,47,76,44.62,91.13,65.0,78.14,615,1.794,0,29,O,O,Routine,1
6,39,77,33.36,53.02,99.03,76.74,60,2.238,0,38,AB,A,Urgent,0
7,67,77,38.46,5.28,61.27,84.59,927,2.926,0,10,O,O,Critical,1
8,29,33,82.89,24.49,64.92,45.47,411,0.5,4,4,AB,B,Urgent,0
9,38,32,35.12,91.94,27.19,55.17,885,4.179,7,6,AB,O,Normal,0
10,38,48,37.06,47.14,96.77,75.41,293,2.186,0,10,A,B,Urgent,0
11,62,48,55.31,69.2,39.62,68.39,583,3.119,2,14,O,O,Routine,0
12,34,53,96.15,15.39,10.28,65.91,549,3.969,0,19,O,A,Routine,1
13,61,26,57.34,34.04,93.47,75.92,93,2.34,0,35,O,A,Normal,0
14,61,33,28.75,15.8,54.09,77.68,267,1.851,0,28,AB,A,Urgent,0
15,26,37,44.79,17.53,,48.73,838,2.067,2,11,B,A,Critical,0
16,62,52,81.95,51.4,17.36,74.55,839,2.101,1,10,O,O,Urgent,1
17,66,40,73.78,6.45,44.22,68.42,598,3.468,0,26,A,B,Urgent,1
18,26,26,85.18,61.2,60.15,80.26,789,3.01,3,0,A,O,Critical,0
19,32,69,81.03,86.6,91.13,88.09,314,2.117,0,37,O,B,Normal,0
20,57,27,69.08,90.8,30.9,51.98,814,3.372,2,30,A,O,Critical,0
21,36,36,30.56,9.54,77.24,98.69,252,1.895,1,0,B,AB,Normal,0
22,53,76,72.24,35.56,96.01,48.62,260,2.399,0,23,B,B,Normal,1
23,43,39,57.3,54.06,77.1,72.52,163,3.602,3,4,AB,B,Normal,0
24,65,29,37.95,38.34,65.34,97.19,182,1.011,4,36,O,B,Normal,0
25,36,33,87.58,7.72,28.55,62.35,442,3.129,1,3,B,B,Normal,1
26,57,39,70.91,89.62,33.83,66.12,11,2.761,1,18,B,O,Normal,0
27,21,29,69.44,67.57,69.87,60.11,652,2.021,1,8,A,O,Normal,0
28,56,73,80.34,38.17,82.69,80.55,772,2.748,1,17,B,B,Normal,1
29,64,36,76.02,94.86,70.23,95.89,270,2.149,6,28,B,AB,Critical,0
30,31,37,36.83,0.14,5.35,74.81,959,1.616,2,6,O,A,Urgent,1
31,59,71,99.76,56.33,4.8,96.02,561,3.227,0,12,B,O,Routine,0
32,48,50,62.9,10.67,9.5,97.24,880,2.242,7,2,O,B,Normal,1
33,20,49,35.17,86.53,44.22,91.62,401,3.03,0,29,O,A,Normal,0
34,23,48,47.49,43.88,48.97,77.32,96,2.024,2,25,O,A,Normal,1
35,57,48,96.34,72.49,56.74,50.0,247,4.288,0,9,A,O,Urgent,0
36,24,40,35.37,60.63,33.11,88.55,848,3.041,1,16,O,B,Normal,1
37,46,22,69.0,84.83,44.6,86.18,222,4.325,0,24,O,O,Normal,1
38,55,27,50.9,70.94,86.68,63.52,514,3.308,0,28,B,B,Urgent,0
39,64,37,69.71,43.16,35.4,86.37,637,1.367,1,27,B,B,Normal,1
40,67,60,83.79,84.51,77.63,88.66,700,2.973,2,7,A,B,Urgent,0
41,52,24,79.55,35.09,87.15,98.75,263,4.776,0,28,O,A,Urgent,1
42,20,30,98.42,4.15,98.54,92.27,588,1.414,3,10,A,O,Urgent,0
43,34,69,39.91,75.43,10.53,50.56,363,0.736,0,35,B,B,Urgent,0
44,60,46,56.7,39.67,84.68,83.97,160,4.053,1,14,A,O,Normal,0
45,26,32,69.73,13.75,88.1,81.9,629,3.26,3,6,O,O,Normal,1
46,47,34,87.73,85.69,10.98,54.38,974,3.378,0,13,O,O,Normal,1
47,27,65,86.11,14.03,49.39,88.84,71,2.123,0,38,O,A,Urgent,1
48,42,41,99.85,87.96,7.6,59.1,809,3.031,0,1,B,O,Normal,1
49,35,46,97.91,36.77,56.54,74.81,174,0.5,1,11,B,A,Normal,1
50,48,73,83.82,86.47,63.51,69.47,781,2.842,8,25,B,O,Urgent,0
51,59,68,82.98,49.49,71.45,68.23,370,1.653,0,9,A,O,Urgent,0
52,19,43,96.41,9.09,38.54,65.4,27,2.7,0,24,A,O,Routine,0
53,18,63,33.36,26.32,82.64,62.98,267,2.257,8,45,A,A,Normal,0
54,31,76,49.53,71.87,64.41,88.12,807,2.364,8,45,O,O,Urgent,0
55,69,44,86.24,54.73,66.86,55.04,165,3.185,0,25,O,O,Normal,0
56,37,53,66.63,1.83,38.46,90.16,699,2.211,1,16,O,B,Routine,1
57,60,61,64.79,77.52,16.38,65.63,242,0.929,0,1,O,O,Normal,1
58,59,30,99.27,71.2,73.22,88.48,763,1.558,2,29,A,O,Routine,0
59,57,68,83.76,89.45,67.68,92.37,391,4.024,0,11,O,O,Routine,1
60,50,57,33.16,31.68,37.9,45.71,517,3.044,2,7,A,B,Urgent,0
61,30,58,73.11,41.06,74.65,76.06,639,3.199,0,28,B,B,Normal,1
62,68,47,60.98,42.24,84.05,94.15,127,2.995,0,21,B,O,Normal,0
63,40,47,99.17,20.96,79.39,47.61,254,2.007,1,7,O,O,Normal,0
64,27,42,72.89,38.57,11.77,81.78,903,0.891,0,15,B,A,Urgent,0
65,27,69,81.22,33.93,59.55,82.22,133,2.678,0,42,O,O,Normal,0
66,37,52,68.0,70.74,41.72,93.05,176,1.001,2,15,AB,B,Normal,0
67,18,30,57.85,41.48,15.7,52.37,837,2.77,4,12,O,O,Critical,1
68,63,69,31.13,91.11,3.59,59.68,649,3.661,0,6,O,A,Normal,0
69,65,33,55.26,46.77,20.5,59.28,771,4.714,0,32,A,A,Critical,0
70,40,39,76.33,94.37,42.17,89.63,775,2.01,0,1,A,B,Normal,0
71,36,45,59.97,33.16,12.25,77.32,523,5.022,3,9,A,O,Routine,0
72,41,22,89.64,96.82,77.61,53.65,425,1.919,1,19,A,B,Urgent,0
73,33,28,88.94,74.61,39.78,57.21,658,3.189,0,5,O,O,Urgent,1
74,53,29,88.62,11.35,57.54,46.28,474,1.862,1,24,O,A,Normal,0
75,69,58,99.45,2.63,1.28,57.59,493,3.059,8,11,B,O,Normal,1
76,29,75,40.76,23.28,21.37,50.1,583,3.731,0,46,B,B,Urgent,1
77,60,23,81.46,88.99,93.23,79.76,536,1.958,1,37,A,O,Normal,0
78,53,43,54.99,97.29,45.84,45.58,498,3.317,0,10,B,B,Urgent,0
79,30,47,42.43,25.36,72.82,50.81,712,2.242,0,17,O,B,Routine,1
80,41,55,52.06,79.52,40.39,75.33,333,3.17,3,14,B,A,Normal,0
81,33,75,52.0,13.14,35.04,54.19,579,2.67,5,42,AB,O,Normal,0
82,29,33,68.0,38.85,70.87,83.59,992,3.601,1,4,B,O,Urgent,1
83,65,66,40.33,41.6,95.59,90.45,689,2.161,1,1,A,A,Urgent,0
84,34,56,26.55,62.77,4.84,85.27,639,2.555,2,22,O,B,Urgent,0
85,54,41,68.27,46.17,45.92,46.0,88,2.647,2,13,O,O,Normal,0
86,24,57,79.96,92.57,67.05,91.97,564,1.129,3,33,A,O,Urgent,0
87,33,31,77.67,98.07,76.49,55.2,124,2.93,1,2,B,O,Normal,0
88,52,58,52.98,42.22,9.03,69.0,186,2.089,0,6,B,O,Normal,0
89,50,50,32.93,95.06,8.04,86.27,312,3.424,3,0,A,B,Critical,1
90,34,30,49.42,47.0,12.83,91.2,420,3.018,8,4,B,B,Normal,1
91,57,41,98.89,64.47,12.63,54.62,46,3.772,0,16,B,O,Urgent,1
92,49,62,28.45,25.01,71.37,98.87,655,3.2,1,13,B,O,Urgent,0
93,22,65,99.99,77.37,63.6,62.53,587,,0,43,O,O,Normal,1
94,24,61,94.3,58.99,91.82,98.3,401,1.54,0,37,O,B,Critical,0
95,21,54,56.05,77.21,2.1,86.9,163,2.188,0,33,A,A,Normal,0
96,40,61,43.77,49.17,27.11,62.03,472,2.754,4,21,A,B,Urgent,0
97,51,32,52.01,69.35,89.64,54.53,42,2.159,1,19,O,AB,Normal,0
98,36,44,49.46,58.98,68.73,85.15,327,2.645,1,8,B,B,Routine,0
99,61,38,63.23,86.17,76.31,93.85,469,1.523,4,23,B,A,Urgent,0
100,42,65,38.37,41.83,10.83,95.6,447,3.204,0,23,O,A,Normal,1
101,45,58,72.74,45.94,11.34,81.07,150,0.5,0,13,O,A,Critical,1
102,57,75,38.06,65.72,65.41,54.08,241,3.814,3,18,A,B,Critical,0
103,65,27,86.68,9.54,29.62,58.24,314,3.474,0,38,B,AB,Urgent,0
104,51,54,63.35,51.46,6.96,69.87,176,3.9,2,3,O,O,Urgent,1
105,19,69,70.04,53.7,98.29,55.16,350,3.267,1,50,A,B,Routine,0
106,54,76,84.09,99.33,34.14,85.51,557,2.95,0,22,A,B,Urgent,0
107,57,64,48.54,28.78,6.54,91.01,979,3.8,0,7,O,O,Normal,1
108,54,62,38.68,31.66,49.5,57.79,927,3.348,8,8,O,O,Normal,1
109,43,39,38.0,19.59,63.04,99.52,139,2.126,1,4,O,A,Normal,1
110,21,70,32.44,74.02,48.04,78.49,136,2.599,0,49,B,A,Normal,0
111,50,39,51.89,41.91,81.3,64.04,267,3.909,1,11,B,O,Normal,0
112,34,30,27.95,11.19,38.62,97.08,28,1.619,0,4,O,AB,Critical,1
113,52,60,81.9,76.75,20.76,54.17,36,2.501,1,8,O,A,Normal,0
114,38,48,58.32,95.59,26.68,,839,3.198,1,10,O,O,Urgent,1
115,30,72,26.78,79.5,90.58,99.68,236,4.158,4,42,O,O,Normal,0
116,23,60,67.66,20.88,49.31,63.28,209,2.339,1,37,A,O,Urgent,0
117,25,40,77.19,45.18,96.94,50.77,223,3.806,1,15,AB,A,Urgent,0
118,28,43,75.96,96.04,11.62,85.31,73,0.5,0,15,O,O,Urgent,1
119,40,35,36.73,52.69,34.93,84.26,62,3.103,1,5,B,B,Routine,1
120,67,41,85.78,11.53,38.35,78.12,797,3.965,1,26,O,A,Urgent,1
121,36,64,80.5,67.08,46.67,58.98,848,3.145,4,28,A,A,Urgent,1
122,34,45,77.96,6.2,37.23,47.62,498,3.17,1,11,A,A,Normal,1
123,19,52,94.11,94.37,97.69,79.11,761,3.891,0,33,A,B,Normal,0
124,36,71,94.22,12.01,9.61,53.19,228,0.705,2,35,A,O,Normal,1
125,46,43,46.03,17.24,64.12,54.76,147,1.958,2,3,A,O,Normal,0
126,53,51,25.38,36.88,5.79,69.26,24,3.177,2,2,O,O,Routine,0
127,33,62,48.65,62.43,90.04,48.94,444,2.727,1,29,O,O,Normal,0
128,61,77,90.28,61.44,65.1,52.4,325,3.36,4,16,O,A,Critical,1
129,55,45,48.81,78.54,84.72,77.89,867,0.67,5,10,O,A,Urgent,1
130,49,52,75.24,78.37,12.39,48.62,63,2.344,1,3,O,O,Urgent,1
131,61,65,88.78,90.57,25.1,48.38,362,1.862,1,4,O,O,Routine,1
132,21,21,54.46,84.15,58.43,99.3,341,1.575,3,0,O,O,Urgent,0
133,39,41,40.78,14.38,66.41,67.09,466,1.442,7,2,AB,AB,Urgent,1
134,61,61,64.82,76.69,56.73,71.55,593,4.586,2,0,A,A,Normal,0
135,49,53,55.87,53.9,93.44,51.88,763,5.003,2,4,A,O,Critical,0
136,24,74,30.68,28.13,27.95,67.9,204,1.896,1,50,A,B,Normal,0
137,51,51,56.77,41.05,67.38,63.28,964,1.618,1,0,B,A,Urgent,0
138,30,68,28.11,35.63,32.19,45.91,40,4.683,1,38,O,O,Normal,0
139,46,64,32.32,31.3,95.46,62.54,7,3.315,1,18,A,A,Critical,0
140,32,26,40.85,75.76,50.5,85.7,12,1.438,0,6,A,A,Urgent,1
141,65,75,25.14,29.48,24.64,59.33,164,2.626,0,10,O,B,Urgent,0
142,33,34,67.39,29.09,16.52,47.22,264,2.544,3,1,O,A,Normal,0
143,64,76,48.88,11.68,72.22,75.17,705,3.64,0,12,AB,O,Normal,1
144,38,19,70.53,91.29,57.22,67.24,561,2.946,0,19,A,AB,Urgent,0
145,32,34,49.28,32.55,93.95,54.17,552,0.5,0,2,O,A,Normal,1
146,31,21,78.19,12.46,58.53,89.65,599,3.783,0,10,AB,A,Normal,1
147,63,54,33.56,57.04,95.76,71.46,448,2.474,6,9,O,O,Critical,0
148,45,38,31.97,43.2,55.8,59.85,964,2.684,1,7,A,A,Routine,1
149,21,33,77.72,7.02,71.09,73.42,334,1.221,4,12,B,B,Routine,1
150,55,72,64.58,78.23,77.29,62.77,619,2.771,0,17,B,A,Critical,0
151,42,51,93.91,71.16,59.98,96.79,270,2.004,0,9,A,B,Normal,1
152,28,76,27.29,10.36,82.46,94.89,112,2.143,1,48,O,O,Urgent,0
153,66,28,66.96,71.47,73.48,84.72,447,2.866,2,38,O,A,Normal,0
154,47,58,69.58,78.49,24.08,58.69,378,3.776,1,11,A,A,Urgent,1
155,,33,98.24,74.85,12.84,89.87,152,1.494,8,29,A,A,Urgent,1
156,22,35,54.02,84.53,91.68,97.23,365,1.385,7,13,O,B,Urgent,0
157,50,57,76.46,23.58,80.01,90.23,143,3.729,0,7,O,O,Routine,1
158,39,53,56.62,70.6,74.02,46.24,24,3.239,1,14,O,B,Critical,0
159,30,75,52.06,24.78,28.93,77.51,353,2.007,4,45,O,AB,Normal,0
160,59,28,57.6,70.28,67.95,50.65,632,2.566,2,31,A,O,Normal,0
161,59,32,97.35,83.82,86.55,99.41,440,3.277,0,27,A,A,Critical,1
162,53,53,43.1,1.8,32.62,52.39,434,2.165,1,0,AB,O,Critical,0
163,34,27,65.18,97.77,16.48,86.09,637,3.231,0,7,AB,O,Routine,0
164,68,67,90.04,12.6,15.23,46.65,943,0.821,1,1,A,O,Urgent,1
165,21,71,29.46,35.84,26.5,74.82,738,1.194,6,50,A,A,Normal,0
166,64,28,71.08,49.77,99.05,90.9,766,3.753,1,36,B,O,Normal,0
167,48,48,86.14,13.91,92.57,76.34,121,2.024,0,0,A,O,Urgent,0
168,45,55,72.78,78.24,92.94,82.21,971,3.533,2,10,A,A,Routine,1
169,61,63,77.13,83.13,58.8,86.77,629,2.695,1,2,O,AB,Critical,1
170,27,70,42.93,23.77,67.82,80.55,607,1.98,0,43,O,O,Normal,0
171,34,28,71.35,82.35,79.39,54.24,78,2.091,0,6,O,A,Urgent,0
172,24,24,49.44,54.14,23.69,92.65,210,2.023,2,0,A,A,Critical,1
173,26,53,43.19,3.6,47.47,94.4,913,0.5,4,27,O,A,Urgent,0
174,33,76,92.13,89.82,72.85,78.65,497,3.087,0,43,B,O,Urgent,0
175,30,66,99.61,70.18,24.43,90.64,301,3.36,0,36,O,A,Routine,0
176,49,58,41.73,26.75,44.61,76.31,957,5.257,3,9,O,O,Normal,0
177,52,45,40.29,82.17,1.95,64.55,661,3.076,1,7,A,B,Critical,0
178,31,22,73.8,54.24,15.67,53.78,561,3.257,2,9,O,A,Normal,1
179,33,26,25.15,70.24,72.61,58.92,627,3.152,1,7,B,O,Critical,0
180,65,54,25.17,38.37,50.11,,250,1.549,2,11,O,O,Normal,0
181,29,40,28.37,87.5,22.0,69.55,526,2.156,2,11,O,A,Urgent,0
182,45,71,84.02,60.9,43.23,46.37,110,2.69,0,26,O,B,Urgent,0
183,19,70,80.85,64.16,66.71,68.91,858,2.786,0,51,O,B,Routine,0
184,65,55,60.49,94.31,76.71,53.95,229,2.357,0,10,A,B,Normal,0
185,45,31,45.88,83.28,33.37,79.91,501,1.678,3,14,O,O,Urgent,0
186,41,74,47.71,14.41,61.26,75.24,628,1.831,2,33,O,B,Urgent,0
187,50,40,57.66,32.97,4.53,71.35,708,2.98,4,10,O,B,Normal,0
188,23,48,98.16,68.03,12.12,49.38,482,1.238,1,25,O,O,Critical,1
189,43,74,25.65,79.37,85.62,54.98,970,2.613,0,31,B,B,Normal,0
190,59,44,83.24,5.73,49.46,82.49,447,1.651,2,15,A,O,Critical,1
191,69,18,80.54,43.94,60.76,99.75,781,3.17,1,51,AB,O,Normal,0
192,46,73,97.26,11.6,55.07,59.09,701,2.517,7,27,B,O,Urgent,0
193,58,24,59.29,33.32,98.39,62.32,584,4.203,0,34,B,O,Routine,0
194,30,68,49.36,73.23,61.75,73.58,948,4.646,1,38,B,O,Routine,0
195,19,48,76.81,80.27,66.36,66.97,749,2.664,2,29,A,AB,Urgent,0
196,44,35,40.68,94.23,36.12,80.91,682,4.66,2,9,A,O,Normal,0
197,20,61,99.44,80.86,99.96,74.08,577,2.69,3,41,A,O,Urgent,0
198,61,42,65.02,64.55,74.97,74.91,739,5.215,4,19,A,B,Normal,0
199,33,24,51.27,34.97,97.29,84.66,886,3.043,4,9,B,B,Urgent,0
200,27,35,97.77,85.49,54.99,86.17,119,4.035,2,8,O,A,Critical,0
201,67,63,54.46,44.7,10.08,75.56,293,2.601,0,4,B,B,Urgent,1
202,18,24,75.88,52.61,73.53,72.92,328,2.237,0,6,O,O,Critical,0
203,23,72,96.44,82.04,85.63,62.03,143,2.216,2,49,A,B,Normal,0
204,31,41,44.05,26.37,50.21,93.2,421,2.284,0,10,B,O,Normal,0
205,48,18,39.11,60.59,79.84,48.17,485,0.95,0,30,A,O,Urgent,0
206,20,70,56.11,82.25,75.17,52.53,859,1.28,0,50,B,A,Routine,0
207,41,23,73.77,71.19,77.82,84.82,248,1.076,4,18,A,AB,Urgent,0
208,55,33,88.75,26.06,46.6,53.37,224,3.511,1,22,A,O,Critical,1
209,25,24,63.87,1.63,46.86,52.5,964,3.792,2,1,A,A,Routine,1
210,37,62,85.59,70.02,10.37,80.36,844,4.799,0,25,A,A,Normal,1
211,67,21,56.29,12.67,78.91,75.17,153,2.53,2,46,O,B,Critical,0
212,38,26,53.33,93.85,80.3,98.65,849,2.056,0,12,A,AB,Normal,0
213,69,59,68.28,47.37,7.17,90.5,825,2.728,7,10,B,B,Urgent,1
214,33,51,32.58,54.38,28.99,72.52,478,1.22,0,18,O,O,Normal,0
215,43,61,77.26,81.11,84.01,69.47,964,2.527,1,18,B,O,Normal,0
216,39,55,26.68,1.07,45.72,93.3,455,2.113,2,16,O,O,Urgent,1
217,59,22,81.97,61.82,45.18,51.97,145,1.37,2,37,O,O,Normal,1
218,60,72,68.18,19.18,72.5,97.59,436,4.056,0,12,O,O,Normal,1
219,24,57,46.65,67.48,68.46,48.25,719,2.29,0,33,O,AB,Routine,0
220,42,51,51.01,79.88,45.28,86.11,846,0.971,3,9,AB,AB,Critical,1
221,67,25,93.0,79.07,86.03,95.4,423,2.249,0,42,O,B,Routine,0
222,50,55,92.09,63.73,67.4,56.17,840,2.688,1,5,O,O,Routine,1
223,33,50,68.71,66.0,84.37,84.81,511,2.645,0,17,A,A,Normal,1
224,48,27,86.27,31.68,44.28,73.76,217,0.81,0,21,A,O,Critical,1
225,53,68,63.97,38.59,24.49,48.99,412,2.953,5,15,B,A,Routine,0
226,58,65,99.8,90.62,10.51,56.64,125,2.126,1,7,A,O,Urgent,0
227,38,35,57.47,10.14,71.46,70.42,599,2.778,3,3,A,O,Urgent,0
228,47,71,56.8,51.9,59.59,86.1,12,1.785,1,24,O,O,Critical,0
229,33,18,76.27,90.45,22.97,57.74,875,4.223,5,15,O,A,Routine,0
230,66,75,61.34,34.83,91.96,59.79,76,2.401,4,9,O,O,Normal,1
231,61,62,64.06,20.94,50.28,71.75,139,2.686,3,1,A,A,Urgent,1
232,51,49,91.27,39.17,36.92,84.69,648,3.578,0,2,B,B,Routine,1
233,22,53,75.73,27.04,56.87,99.05,262,4.353,0,31,O,A,Critical,0
234,56,51,78.05,16.68,72.84,75.33,833,5.924,0,5,O,A,Critical,1
235,63,23,26.98,53.5,78.96,92.22,930,1.902,1,40,B,A,Urgent,0
236,42,73,61.35,11.16,57.55,86.14,667,2.931,0,31,A,AB,Urgent,1
237,53,42,71.91,72.82,62.88,57.46,564,3.033,4,11,A,A,Normal,0
238,23,30,95.73,42.07,34.94,80.51,295,2.887,0,7,O,A,Urgent,1
239,42,53,91.46,23.43,29.65,81.29,27,3.079,1,11,A,A,Normal,1
240,38,19,57.89,2.43,86.56,67.43,624,5.256,4,19,O,O,Normal,0
241,61,40,26.45,73.47,76.75,71.52,833,1.993,0,21,A,O,Normal,0
242,24,76,98.77,42.48,88.82,67.07,82,1.186,2,52,A,A,Normal,0
243,38,63,89.48,49.5,14.21,50.01,117,3.521,0,25,B,O,Routine,0
244,55,61,66.9,69.2,41.25,90.54,227,2.801,8,6,A,AB,Routine,0
245,57,30,93.22,57.11,42.68,65.82,128,2.229,3,27,A,O,Normal,0
246,40,47,41.26,38.91,66.4,51.36,362,2.394,3,7,O,AB,Routine,0
247,51,56,67.47,97.69,69.9,56.3,91,4.398,5,5,A,O,Normal,0
248,55,19,84.8,81.52,82.88,54.97,155,1.334,2,36,O,A,Routine,0
249,23,71,79.8,66.16,21.85,58.92,984,1.811,3,48,AB,A,Normal,0
250,57,20,68.82,5.43,22.86,98.74,926,2.12,0,,A,AB,Urgent,1
251,45,45,80.18,57.35,26.52,57.4,614,1.642,0,0,A,O,Urgent,0
252,28,33,36.7,88.07,27.76,87.22,415,1.48,7,5,O,B,Routine,0
253,43,53,45.82,68.61,65.24,69.41,932,2.007,5,10,O,A,Routine,0
254,30,31,85.27,27.72,44.3,99.24,777,2.378,3,1,O,A,Routine,1
255,28,64,52.76,46.84,53.32,46.28,887,2.3,2,36,O,O,Normal,0
256,39,18,59.02,93.61,8.23,61.92,929,0.818,0,21,A,O,Routine,0
257,59,21,68.76,23.56,69.37,58.49,277,3.517,2,38,O,AB,Normal,0
258,56,19,44.02,46.8,63.12,45.71,838,0.914,1,37,B,A,Urgent,0
259,49,56,52.08,67.35,29.71,75.22,6,2.315,0,7,A,B,Normal,0
260,41,70,92.64,84.22,46.61,85.35,573,1.453,0,29,A,B,Normal,0
261,33,35,96.88,99.25,48.45,59.64,913,3.511,4,2,B,O,Normal,0
262,44,71,28.8,28.99,58.41,45.1,46,2.605,2,27,A,B,Critical,0
263,52,49,79.44,42.07,16.69,70.12,533,4.894,1,3,O,O,Urgent,1
264,38,55,38.59,67.49,11.77,99.47,295,4.477,0,17,O,O,Routine,0
265,63,24,52.15,76.4,78.18,59.48,876,4.153,0,39,B,O,Urgent,0
266,34,60,64.37,5.11,56.52,55.58,596,2.25,4,26,B,O,Routine,0
267,26,58,26.28,43.73,72.68,89.78,782,0.844,0,32,O,A,Normal,0
268,23,19,97.49,23.28,1.12,87.01,899,2.515,1,4,O,O,Urgent,1
269,46,74,98.51,21.09,35.47,89.73,360,2.875,1,28,O,O,Urgent,1
270,46,30,36.56,56.75,10.86,84.66,807,2.625,8,16,A,B,Urgent,0
271,33,44,94.53,3.23,,47.08,318,0.5,5,11,O,O,Critical,1
272,62,50,84.43,89.9,83.46,60.47,608,2.121,0,12,O,B,Normal,0
273,18,69,65.29,52.8,70.72,60.56,344,3.659,3,51,AB,A,Urgent,0
274,68,29,85.09,51.77,23.44,66.36,511,4.572,0,39,B,A,Routine,0
275,31,31,49.0,90.23,38.52,94.33,256,2.565,2,0,O,O,Normal,0
276,28,43,96.7,44.21,32.68,99.94,704,2.111,0,15,A,O,Routine,0
277,43,51,82.81,33.89,36.8,45.25,971,1.555,0,8,O,A,Normal,1
278,58,51,69.48,65.64,5.33,61.57,690,2.958,3,7,O,B,Critical,1
279,54,36,39.07,28.34,24.0,50.62,15,1.49,0,18,O,A,Routine,0
280,30,73,41.83,25.38,14.63,68.6,531,3.377,1,43,O,A,Urgent,0
281,50,43,25.05,52.74,33.15,92.66,677,3.418,0,7,O,O,Normal,1
282,50,48,82.78,83.8,80.37,75.88,386,2.305,1,2,B,O,Critical,0
283,64,71,29.84,38.05,79.36,66.64,21,3.497,1,7,B,O,Urgent,0
284,48,45,30.43,63.05,98.83,55.65,640,1.25,0,3,O,AB,Urgent,0
285,30,51,82.7,59.62,15.04,67.98,486,2.171,1,21,O,O,Urgent,1
286,42,52,93.95,55.74,7.58,78.96,437,5.387,1,10,A,O,Critical,1
287,33,64,94.13,0.08,34.37,76.44,389,3.344,,31,AB,B,Normal,0
288,41,,88.11,29.82,3.52,74.94,941,0.942,0,23,O,O,Normal,1
289,48,52,57.68,30.14,3.82,60.11,437,3.677,1,4,AB,A,Critical,0
290,41,63,98.2,14.31,78.22,88.67,364,2.824,5,22,B,O,Normal,0
291,28,35,86.82,59.27,36.55,97.77,109,4.484,1,7,A,AB,Normal,1
292,49,29,80.92,29.58,13.07,60.91,332,2.148,1,20,B,O,Urgent,1
293,21,52,82.18,99.71,51.33,98.04,269,3.155,,31,O,B,Critical,0
294,56,31,77.21,88.23,66.55,87.08,142,2.785,0,25,B,A,Normal,0
295,19,46,45.85,86.63,34.12,69.21,945,3.143,1,27,O,A,Routine,0
296,40,35,36.89,81.2,31.6,94.72,144,1.655,0,5,B,O,Urgent,0
297,29,29,61.41,85.76,88.18,98.61,593,3.346,0,0,O,B,Critical,0
298,55,55,49.12,16.77,37.49,49.59,671,3.44,2,0,B,O,Normal,1
299,60,66,52.43,8.44,28.92,64.67,895,2.91,1,6,O,O,Critical,1
300,40,44,87.99,62.89,76.43,54.85,35,4.045,4,4,A,B,Urgent,0
301,41,37,89.61,82.05,77.06,69.15,559,3.052,0,4,AB,A,Normal,0
302,45,54,26.86,4.43,2.4,59.01,979,2.556,0,9,A,B,Normal,0
303,37,47,61.34,71.44,54.43,72.87,358,2.14,3,10,B,B,Normal,1
304,50,52,50.11,81.51,25.28,57.14,841,4.335,1,2,O,AB,Normal,1
305,34,60,44.68,72.88,45.84,94.01,557,3.306,0,26,O,A,Routine,0
306,50,18,93.2,68.19,21.93,95.6,819,1.638,4,32,A,O,Routine,0
307,56,34,36.79,87.72,66.37,77.37,616,3.007,1,,O,O,Normal,0
308,31,50,73.33,45.38,30.93,85.97,763,3.955,3,19,A,A,Routine,0
309,20,18,26.53,91.04,78.07,57.16,643,2.582,0,2,B,A,Critical,0
310,18,33,78.0,2.96,16.31,85.14,73,3.782,0,15,B,B,Critical,1
311,25,30,40.89,29.79,84.43,79.19,309,3.802,5,5,O,B,Normal,0
312,29,58,51.18,87.06,5.09,59.4,655,3.109,2,29,O,O,Normal,1
313,24,61,58.88,17.33,6.05,70.08,333,2.683,1,37,B,A,Normal,0
314,22,60,59.75,12.18,34.35,58.84,165,3.048,2,38,B,B,Urgent,1
315,46,59,63.64,67.43,4.35,81.31,85,2.434,3,13,O,B,Routine,0
316,44,35,33.78,94.14,69.45,68.79,182,2.953,1,9,O,O,Urgent,0
317,66,45,47.73,47.05,18.67,72.76,973,1.966,2,21,B,B,Normal,1
318,48,21,78.13,76.52,47.5,52.51,611,3.055,2,27,O,A,Urgent,1
319,36,58,88.92,51.97,20.62,81.26,96,1.941,2,22,O,A,Routine,0
320,21,39,56.29,39.48,66.56,74.6,469,1.584,1,18,B,B,Urgent,0
321,42,75,44.89,7.22,6.7,54.68,647,5.426,0,33,B,B,Urgent,1
322,53,40,79.52,43.13,27.72,69.51,326,1.287,0,13,O,O,Urgent,1
323,20,37,52.52,5.52,3.77,97.93,834,3.579,0,17,O,AB,Normal,1
324,50,24,48.78,56.76,64.4,58.74,268,3.533,1,26,O,AB,Urgent,0
325,57,48,99.73,94.71,22.27,57.49,540,3.663,2,9,A,O,Normal,0
326,57,65,34.71,33.52,3.35,98.52,955,2.674,0,8,A,A,Routine,1
327,22,67,77.29,47.49,53.51,96.32,972,3.32,1,45,A,AB,Normal,1
328,50,29,56.53,68.65,47.69,,422,2.367,0,21,A,O,Routine,0
329,34,25,45.09,93.85,88.85,70.51,700,2.978,0,9,B,A,Urgent,0
330,57,44,31.77,85.61,52.4,97.85,142,0.5,5,13,B,O,Urgent,0
331,62,48,99.97,69.58,72.07,87.36,393,2.963,0,14,A,B,Urgent,0
332,46,45,59.26,32.38,61.51,86.52,151,2.454,1,1,A,B,Normal,0
333,32,36,76.76,38.94,60.31,88.78,876,3.373,6,4,O,B,Normal,0
334,68,56,72.95,80.57,18.26,65.12,849,2.027,2,12,O,O,Urgent,1
335,69,27,64.85,42.14,22.12,84.44,657,3.564,2,42,B,O,Routine,0
336,64,63,34.12,52.61,39.01,78.16,539,3.057,0,1,A,AB,Normal,0
337,45,66,48.28,21.52,98.68,58.68,302,3.257,2,21,A,O,Normal,0
338,67,32,39.78,65.74,66.06,79.18,620,1.32,0,35,A,B,Urgent,0
339,59,23,46.34,47.36,23.15,53.66,77,0.5,3,36,A,A,Routine,0
340,64,18,89.71,97.65,63.41,47.41,266,3.561,1,46,B,O,Normal,0
341,42,77,75.74,5.96,36.65,59.93,751,3.787,2,35,B,O,Routine,0
342,60,46,53.33,42.47,28.24,79.65,532,2.68,2,14,O,O,Critical,1
343,48,34,56.15,90.47,4.9,45.24,663,1.688,3,14,B,A,Critical,0
344,45,22,38.22,80.53,40.67,81.43,449,1.88,3,23,O,B,Normal,0
345,41,66,64.95,59.94,94.69,82.38,594,3.569,4,25,O,A,Normal,0
346,56,40,99.89,67.53,90.14,88.64,276,2.223,2,16,O,O,Urgent,1
347,18,37,66.16,41.68,15.37,74.23,120,2.523,0,19,O,A,Critical,1
348,36,71,30.75,98.99,4.77,81.89,259,3.132,0,35,A,O,Normal,0
349,37,44,97.19,75.89,37.16,66.17,559,2.666,0,7,A,A,Urgent,1
350,53,48,37.64,18.87,2.2,63.67,,1.054,1,5,O,A,Normal,1
351,44,47,27.69,10.23,75.51,50.73,884,,2,3,A,O,Normal,0
352,20,34,40.28,52.87,77.15,52.48,917,2.71,2,14,B,A,Routine,0
353,40,33,30.71,18.13,19.06,65.11,612,1.481,1,7,O,A,Normal,1
354,65,45,81.46,13.77,51.64,70.54,621,2.741,1,20,B,O,Urgent,0
355,57,34,64.29,7.75,31.61,72.91,138,2.543,1,23,O,O,Critical,1
356,21,25,52.72,25.54,13.45,66.78,954,2.766,2,4,A,A,Urgent,1
357,18,59,93.76,54.39,72.21,52.3,566,2.961,1,41,O,A,Critical,0
358,20,20,94.83,32.76,95.62,67.34,61,4.461,2,0,O,O,Routine,1
359,58,51,95.39,5.68,35.84,67.26,610,2.834,3,7,A,B,Routine,1
360,53,73,61.05,58.76,2.76,75.88,729,2.483,5,20,A,O,Routine,0
361,29,20,68.52,63.74,27.79,86.72,264,3.926,1,9,O,O,Urgent,1
362,36,49,58.01,11.26,33.49,65.19,183,2.726,1,13,A,O,Normal,0
363,58,25,62.79,88.74,63.33,57.51,698,4.295,0,33,O,O,Critical,0
364,23,51,81.29,59.93,95.47,63.69,634,0.5,0,28,O,O,Critical,1
365,32,24,81.06,40.78,0.28,89.84,687,2.708,1,8,B,B,Normal,1
366,32,32,37.37,44.44,31.98,63.54,269,2.587,0,0,O,A,Urgent,1
367,33,29,91.19,62.62,22.23,64.87,710,1.045,1,4,B,AB,Routine,1
368,66,44,94.39,30.75,77.7,58.02,305,3.199,5,22,B,A,Routine,0
369,31,20,26.37,34.6,48.08,97.7,53,3.757,1,11,B,B,Normal,0
370,27,35,29.76,4.04,39.91,73.96,121,2.508,4,8,A,O,Urgent,0
371,28,68,66.15,42.92,0.51,76.39,115,2.652,3,40,B,A,Critical,0
372,52,42,92.21,6.11,52.17,64.7,435,0.5,0,10,B,B,Normal,1
373,60,57,56.09,92.99,52.87,59.2,489,2.546,0,3,A,B,Routine,0
374,61,25,60.31,79.85,31.03,84.18,226,3.13,3,36,B,A,Critical,0
375,28,68,43.33,9.57,21.17,92.9,495,4.372,3,40,A,B,Normal,0
376,31,61,64.42,38.09,91.96,67.62,763,0.5,0,30,O,A,Critical,0
377,60,57,59.86,82.38,36.96,97.19,197,3.921,1,3,O,B,Routine,0
378,37,22,33.8,47.4,68.8,71.44,731,1.671,3,15,O,O,Normal,0
379,35,32,83.13,69.49,47.3,77.28,463,4.352,2,3,A,B,Normal,0
380,56,50,57.94,17.58,73.85,60.2,693,1.779,2,6,O,A,Normal,0
381,24,51,68.06,22.44,75.1,,179,3.314,1,27,B,O,Normal,0
382,43,28,38.7,22.98,15.52,88.69,169,3.11,1,15,B,AB,Normal,1
383,63,33,31.34,14.77,80.17,72.64,216,4.064,8,30,A,O,Urgent,0
384,21,29,44.34,62.62,13.99,96.87,674,3.044,0,8,B,A,Normal,0
385,60,33,55.0,86.08,3.65,67.21,631,1.131,4,27,O,B,Urgent,0
386,,32,48.62,82.31,63.28,45.19,468,3.242,2,3,O,A,Urgent,0
387,21,72,92.69,24.69,64.76,89.98,998,3.313,0,51,B,O,Urgent,0
388,52,75,27.09,89.63,32.71,48.97,875,3.807,0,23,B,O,Urgent,0
389,66,47,62.48,87.51,68.83,56.31,733,4.233,8,19,A,A,Urgent,1
390,30,70,66.76,48.5,55.53,49.24,865,2.507,2,40,A,O,Normal,0
391,51,53,40.65,29.61,85.26,79.18,422,2.378,1,2,A,A,Critical,0
392,29,56,77.37,37.17,60.67,65.81,794,4.209,0,27,O,O,Normal,1
393,59,64,98.17,11.99,90.41,82.67,175,2.812,0,5,O,O,Urgent,1
394,27,44,97.02,5.91,2.99,87.2,833,1.861,0,17,A,A,Normal,1
395,28,45,46.62,65.05,2.47,81.06,989,4.337,0,17,O,O,Normal,1
396,58,71,57.7,92.97,22.36,68.48,604,2.657,1,13,A,O,Urgent,0
397,44,76,83.22,4.31,33.86,87.76,170,2.147,2,32,B,O,Normal,1
398,34,52,87.14,55.59,34.33,94.24,360,4.788,2,18,B,A,Normal,0
399,21,32,63.93,80.32,45.48,51.34,445,1.601,1,11,AB,O,Critical,0
400,30,48,60.9,44.68,72.32,64.78,965,1.587,1,18,A,B,Urgent,0
401,43,55,45.58,17.52,77.47,79.12,380,2.367,0,12,B,O,Normal,0
402,46,29,26.46,25.98,53.18,90.14,159,2.698,0,17,B,A,Urgent,0
403,45,32,35.1,67.98,81.37,90.68,753,3.299,1,13,B,B,Routine,0
404,22,57,90.49,26.97,54.91,61.03,653,4.0,1,35,O,O,Normal,1
405,50,76,91.03,88.26,63.91,72.99,149,0.5,0,26,A,A,Normal,1
406,21,38,69.56,10.39,53.52,83.89,545,0.504,0,17,O,B,Urgent,1
407,41,42,25.11,82.43,61.37,66.61,729,1.905,0,1,B,O,Normal,0
408,27,36,28.98,22.66,74.1,88.96,194,1.741,2,9,O,B,Critical,0
409,23,59,87.1,4.75,4.87,99.15,12,1.88,8,36,A,O,Normal,0
410,29,60,73.1,33.09,12.01,85.52,985,3.09,1,31,B,O,Normal,1
411,29,40,25.7,57.54,99.32,53.36,424,3.977,3,11,O,A,Normal,0
412,40,70,69.69,27.25,13.64,94.37,76,2.217,1,30,A,A,Normal,1
413,49,65,33.39,17.3,10.64,75.09,224,2.039,1,16,O,B,Urgent,1
414,59,38,55.91,55.79,54.69,61.22,572,1.193,0,21,A,O,Routine,0
415,58,34,45.34,36.44,77.62,55.63,460,3.048,3,24,O,O,Normal,1
416,19,49,32.45,11.59,70.44,81.7,233,1.245,0,30,B,O,Critical,0
417,57,52,29.52,80.92,90.32,92.28,349,2.68,0,5,O,O,Normal,0
418,27,22,39.22,3.13,66.71,78.78,800,0.94,1,5,A,O,Normal,0
419,18,33,93.26,89.69,78.99,86.71,181,4.028,0,15,A,O,Urgent,0
420,19,36,25.89,49.88,34.85,61.03,532,0.5,1,17,B,O,Normal,0
421,54,25,96.21,79.06,16.92,63.84,460,0.5,4,29,AB,O,Urgent,0
422,21,54,68.77,54.0,33.01,96.95,400,1.194,2,33,B,B,Urgent,1
423,34,20,67.41,79.85,24.36,68.08,261,1.293,2,14,B,O,Urgent,0
424,58,23,27.61,44.18,96.02,71.67,815,1.65,0,35,B,O,Urgent,0
425,55,56,39.61,48.59,57.66,64.86,918,2.3,1,1,O,O,Normal,0
426,62,40,88.56,65.02,48.74,72.69,398,1.941,3,22,A,B,Normal,0
427,31,38,26.72,27.91,18.08,83.26,152,2.938,2,7,B,A,Urgent,0
428,69,30,74.51,,73.32,90.02,922,3.354,1,39,O,B,Critical,1
429,50,51,90.14,82.7,85.57,75.51,473,3.815,0,1,O,O,Critical,1
430,45,24,43.29,11.9,35.4,86.09,592,3.29,0,21,O,A,Urgent,1
431,28,75,40.55,10.78,36.31,88.1,553,3.308,1,47,A,B,Normal,0
432,58,59,60.97,20.98,66.52,92.64,722,2.237,0,1,A,O,Normal,0
433,45,73,32.7,60.25,24.51,61.82,745,2.906,0,28,A,O,Critical,1
434,43,23,44.14,12.93,36.35,65.97,6,1.31,3,20,B,O,Critical,0
435,21,49,51.44,63.15,96.47,78.23,280,1.813,0,28,A,O,Urgent,0
436,52,62,57.4,49.41,10.47,46.42,145,3.092,3,10,B,A,Urgent,0
437,30,25,47.25,67.82,80.4,96.42,937,4.43,0,5,A,O,Critical,0
438,22,43,68.56,49.68,71.51,69.05,810,2.508,1,21,A,A,Normal,1
439,30,35,44.05,46.63,39.31,82.1,535,3.353,2,5,B,O,Urgent,0
440,53,76,80.78,55.82,4.44,45.17,2,2.644,0,23,B,B,Critical,1
441,39,34,48.33,5.21,77.94,93.4,26,1.428,0,5,AB,O,Normal,0
442,26,24,81.74,78.49,60.36,51.69,938,2.035,,2,B,O,Normal,0
443,35,31,77.63,98.96,60.74,82.38,22,3.536,0,4,O,A,Critical,1
444,69,66,25.04,93.45,,74.05,490,1.156,1,3,B,AB,Normal,0
445,28,48,83.99,73.79,29.24,54.51,756,3.422,3,20,O,A,Normal,0
446,30,69,86.91,41.9,68.12,98.41,309,3.188,4,39,B,AB,Normal,0
447,36,36,95.46,86.18,59.43,58.73,413,0.995,0,0,AB,O,Urgent,1
448,51,19,67.87,41.35,27.89,89.2,117,5.137,,32,A,A,Urgent,1
449,31,24,96.61,24.45,37.4,70.91,83,1.556,0,7,O,AB,Urgent,1
450,66,66,47.64,28.2,18.21,93.5,715,1.66,0,0,A,O,Critical,1
451,37,54,51.65,2.36,24.95,67.18,410,1.826,0,17,A,A,Urgent,1
452,65,18,52.71,42.1,97.57,47.02,940,2.169,4,47,B,O,Urgent,0
453,27,35,53.99,42.96,25.09,80.2,75,3.076,5,8,O,O,Critical,1
454,34,60,44.67,25.28,8.33,55.14,41,0.872,0,26,B,O,Urgent,0
455,64,48,,96.81,50.47,45.42,243,3.28,1,16,O,O,Normal,1
456,40,21,64.05,77.76,45.28,90.97,671,3.36,3,19,O,B,Normal,1
457,32,72,55.06,48.78,13.36,75.65,246,1.429,2,40,B,B,Urgent,0
458,54,65,95.48,83.41,94.65,80.67,92,2.02,1,11,O,O,Routine,1
459,27,28,97.71,63.77,37.78,93.04,791,2.604,5,1,A,O,Urgent,1
460,51,76,59.11,74.05,93.23,77.32,421,2.79,3,25,O,O,Urgent,0
461,66,64,80.87,8.73,40.18,93.09,902,1.947,0,2,A,O,Critical,1
462,56,65,58.46,48.46,23.59,60.36,943,3.071,1,9,O,B,Normal,1
463,29,39,76.11,74.5,43.21,68.08,526,4.393,1,10,AB,O,Urgent,1
464,21,67,68.99,42.83,21.6,56.8,638,2.53,1,46,O,B,Urgent,0
465,22,43,89.33,84.49,97.19,71.37,437,3.41,0,21,B,O,Routine,0
466,67,27,25.59,91.76,32.1,58.49,55,3.78,0,40,A,O,Normal,0
467,57,21,74.81,31.02,88.95,61.04,613,2.126,8,36,O,O,Urgent,0
468,51,59,35.58,23.23,41.71,70.42,699,3.922,1,8,O,O,Urgent,1
469,24,56,36.19,0.11,28.14,65.34,302,4.846,1,32,O,B,Normal,0
470,29,21,38.71,91.27,68.38,79.3,747,2.496,0,8,O,A,Normal,0
471,41,77,38.16,1.27,85.31,75.89,490,1.805,0,36,A,O,Normal,0
472,58,68,64.04,59.54,64.6,66.13,672,3.075,2,10,A,B,Critical,0
473,46,27,50.18,28.43,10.84,60.72,76,2.164,2,19,AB,B,Routine,0
474,32,68,36.69,13.64,65.94,52.11,703,4.693,4,36,A,O,Normal,0
475,61,31,65.43,12.62,80.7,87.47,850,4.714,7,30,A,O,Urgent,0
476,30,26,42.04,34.08,99.79,95.02,601,3.994,0,4,A,O,Urgent,0
477,34,38,56.21,58.33,46.79,58.33,350,5.004,2,4,O,O,Critical,0
478,37,70,94.16,33.04,15.73,45.12,349,2.602,0,,B,O,Critical,0
479,49,28,40.48,6.87,92.26,47.92,615,3.867,0,21,B,A,Urgent,0
480,27,51,52.47,22.04,15.12,94.8,738,3.151,3,24,O,A,Normal,1
481,35,52,69.67,42.22,5.24,71.87,850,3.4,1,17,O,O,Normal,1
482,30,67,42.29,93.78,57.08,68.83,515,2.57,0,37,O,A,Urgent,0
483,66,51,91.74,16.46,49.84,60.47,37,0.87,3,15,O,O,Critical,1
484,38,67,66.92,23.08,52.0,98.58,778,3.642,0,29,A,B,Critical,0
485,59,39,55.76,92.74,91.59,59.23,74,3.319,3,20,O,O,Normal,0
486,33,33,99.09,98.15,27.15,95.66,549,3.533,0,0,AB,A,Routine,1
487,44,20,77.6,12.55,8.05,57.49,752,1.738,1,24,O,A,Critical,1
488,62,18,87.98,36.89,7.98,84.99,305,3.558,0,44,O,B,Urgent,1
489,33,21,82.99,7.64,73.08,70.98,202,2.955,0,12,O,B,Critical,1
490,37,46,27.14,55.96,0.62,78.12,766,1.61,1,9,O,B,Normal,0
491,31,73,36.74,96.59,88.52,70.43,221,3.397,1,42,O,A,Urgent,0
492,55,18,43.73,28.19,11.13,63.64,37,2.699,1,37,A,B,Normal,0
493,25,42,95.66,90.42,72.56,95.29,421,3.59,0,17,A,B,Critical,0
494,,74,96.15,39.47,31.69,70.97,110,1.917,0,38,O,B,Urgent,1
495,65,66,95.85,76.91,19.48,49.86,677,2.559,0,1,A,O,Urgent,1
496,59,76,50.02,88.91,62.24,49.57,969,2.876,1,17,A,O,Critical,0
497,60,72,60.3,17.83,37.74,71.62,363,3.748,2,12,O,O,Critical,1
498,58,24,38.86,92.87,27.11,47.11,200,2.17,5,34,O,B,Routine,0
499,56,25,82.04,98.4,78.02,77.71,612,4.042,0,31,O,O,Critical,0
500,52,31,76.7,52.38,69.5,45.41,975,0.5,0,21,A,B,Normal,0
501,69,62,96.19,7.82,30.56,66.11,515,1.132,1,7,A,A,Urgent,1
502,56,61,64.97,40.99,72.52,67.5,29,1.618,0,5,O,A,Normal,1
503,19,75,50.21,92.24,42.54,71.89,718,3.737,3,56,B,B,Urgent,0
504,65,56,73.16,75.11,22.79,81.48,447,2.523,2,9,O,A,Routine,0
505,43,29,99.37,15.95,5.73,69.02,266,2.094,3,14,A,O,Urgent,1
506,63,39,41.68,68.24,85.81,52.55,,4.696,3,24,O,AB,Normal,0
507,26,50,90.62,85.94,21.25,72.4,604,4.722,2,24,O,A,Urgent,0
508,68,49,64.77,75.13,33.22,54.76,801,2.325,2,19,AB,B,Urgent,0
509,19,75,72.71,17.16,9.1,48.39,806,4.531,2,56,AB,B,Urgent,0
510,29,64,76.77,46.06,5.98,53.02,487,4.032,0,35,O,AB,Normal,0
511,43,23,37.41,91.66,79.29,77.35,832,1.667,1,20,O,B,Routine,0
512,64,64,40.36,53.04,94.21,69.65,114,3.469,0,0,O,O,Normal,1
513,53,37,33.65,59.47,67.26,88.48,729,1.953,2,16,O,A,Urgent,0
514,57,77,93.93,58.7,4.19,47.95,746,2.102,0,20,O,O,Routine,1
515,67,21,34.12,45.26,77.81,78.77,635,2.3,0,46,O,O,Urgent,0
516,62,39,35.33,21.91,92.53,91.47,522,3.18,4,23,A,A,Normal,0
517,38,25,87.7,99.63,73.08,91.45,282,3.059,0,13,B,O,Critical,0
518,30,51,70.87,19.42,66.05,95.16,398,2.651,0,21,B,B,Urgent,1
519,42,68,85.03,80.83,45.37,93.72,281,1.225,0,26,O,B,Normal,0
520,38,18,39.9,57.72,81.25,67.69,747,0.5,2,20,B,O,Urgent,0
521,21,34,80.98,45.98,77.92,59.91,376,4.753,1,13,AB,O,Routine,0
522,18,34,75.24,37.78,26.77,64.03,236,3.829,1,16,O,A,Normal,0
523,63,64,41.09,91.19,79.12,95.29,755,4.421,0,1,A,B,Normal,0
524,49,54,81.74,88.74,88.06,54.32,277,1.692,0,5,A,O,Urgent,0
525,24,57,62.54,55.08,16.73,45.32,119,2.612,3,33,O,O,Normal,0
526,24,32,91.85,94.49,26.65,54.06,70,3.053,2,8,A,B,Normal,0
527,29,21,95.02,58.56,85.2,67.11,354,2.298,0,8,B,O,Urgent,0
528,57,77,58.3,62.7,44.65,86.56,451,3.342,4,20,B,A,Normal,0
529,57,70,78.22,97.59,42.33,60.72,279,2.074,0,13,A,O,Critical,0
530,31,25,85.08,87.16,73.06,82.53,101,3.139,0,6,B,A,Normal,0
531,45,25,43.76,8.7,64.71,95.54,214,1.063,4,20,O,B,Urgent,0
532,31,53,53.74,72.98,87.52,48.4,25,2.252,1,22,A,A,Urgent,0
533,68,65,69.62,69.66,30.37,56.79,124,1.911,2,3,O,B,Routine,0
534,52,66,39.9,8.82,6.39,98.3,544,1.819,1,14,O,B,Urgent,1
535,18,63,63.63,75.55,94.13,66.82,41,2.134,2,45,B,O,Urgent,0
536,25,33,65.74,77.16,19.53,54.55,531,3.116,4,8,O,O,Urgent,1
537,55,20,48.84,86.71,23.18,87.67,624,1.158,1,35,A,A,Critical,1
538,51,24,60.45,58.57,7.47,85.45,610,1.132,2,27,A,A,Urgent,1
539,20,56,54.02,96.23,86.92,81.3,567,2.779,1,36,O,O,Routine,0
540,57,45,41.99,2.39,75.06,72.48,548,1.306,1,12,O,B,Critical,1
541,48,65,65.26,64.92,42.7,73.4,870,1.931,0,17,O,O,Routine,1
542,20,61,51.63,48.64,96.91,81.58,38,3.946,1,41,B,A,Critical,0
543,42,36,25.53,56.76,70.72,62.21,144,1.734,1,6,AB,B,Routine,0
544,44,72,56.76,21.7,87.0,74.79,553,4.005,3,28,O,B,Normal,0
545,58,30,86.32,96.54,19.58,94.77,69,1.587,0,28,A,O,Normal,0
546,40,22,79.27,62.59,4.0,78.47,347,3.361,0,18,A,B,Normal,0
547,53,39,29.46,15.55,50.67,67.01,14,3.779,1,14,O,B,Routine,0
548,56,55,99.08,38.92,56.63,78.72,254,3.931,2,1,O,O,Urgent,1
549,23,29,92.89,96.27,69.43,48.88,178,,4,6,B,A,Normal,0
550,54,53,37.74,40.46,83.09,55.42,49,2.468,0,1,B,O,Normal,0
551,38,61,83.9,7.85,47.79,76.07,232,3.288,0,23,O,B,Normal,1
552,24,36,70.0,9.06,28.78,91.79,258,3.617,4,12,B,A,Urgent,1
553,32,48,29.36,88.18,79.04,79.69,165,2.33,0,16,B,B,Critical,0
554,25,72,48.21,61.24,85.97,82.3,38,1.674,0,47,A,O,Normal,0
555,63,48,45.23,32.49,65.47,50.5,595,2.53,3,15,O,O,Critical,0
556,34,28,27.08,33.29,14.16,78.84,569,2.193,0,6,O,O,Normal,0
557,29,48,61.48,70.12,8.77,47.02,998,0.965,4,19,AB,B,Normal,0
558,57,65,83.12,69.81,52.35,52.62,274,2.805,0,8,O,O,Urgent,1
559,38,32,27.05,45.85,60.63,83.1,288,3.146,1,6,O,B,Normal,0
560,69,24,68.49,68.19,45.68,75.27,554,2.765,1,45,O,O,Routine,0
561,31,42,99.41,68.54,17.61,78.13,376,4.175,8,11,A,A,Normal,1
562,26,44,58.83,83.32,36.91,59.17,752,2.576,0,18,A,A,Routine,1
563,42,62,51.93,41.86,51.44,95.18,,1.666,0,20,O,A,Normal,1
564,52,32,27.26,70.34,90.2,75.18,35,4.914,3,20,O,O,Urgent,0
565,57,68,69.79,70.98,29.87,70.44,331,3.184,0,11,O,O,Urgent,1
566,40,18,64.45,56.07,97.4,56.41,384,3.724,2,22,O,O,Routine,0
567,43,33,50.2,26.9,82.89,59.56,534,0.5,5,10,AB,AB,Normal,0
568,60,67,32.24,17.01,58.77,93.52,124,4.757,0,7,B,A,Urgent,0
569,61,49,46.73,84.35,15.22,77.15,430,2.699,4,12,B,O,Normal,1
570,57,45,31.21,94.91,72.9,65.18,183,2.773,2,12,B,O,Normal,0
571,27,31,52.98,26.98,6.11,52.57,352,3.249,3,4,B,O,Urgent,0
572,25,64,42.76,88.97,19.94,67.79,311,3.648,1,39,O,O,Critical,0
573,34,27,89.89,44.01,87.17,82.88,291,1.505,2,7,O,O,Normal,1
574,36,20,85.09,75.29,99.21,48.18,32,0.854,2,16,A,O,Routine,0
575,38,60,34.5,68.02,68.24,64.44,555,4.197,0,22,O,A,Critical,0
576,22,51,73.14,85.4,71.46,96.9,471,3.368,1,29,O,O,Urgent,0
577,49,,98.32,62.1,29.3,81.7,570,1.185,0,8,A,B,Urgent,0
578,66,69,80.78,64.26,40.45,64.74,751,2.578,2,3,B,O,Normal,0
579,59,38,77.19,23.23,80.78,74.26,188,2.248,0,21,O,O,Normal,1
580,45,67,86.93,51.06,24.46,76.16,871,1.651,1,22,AB,O,Normal,1
581,46,38,70.97,91.05,40.9,79.36,989,3.463,1,8,A,A,Normal,1
582,55,76,97.94,52.36,67.11,67.3,274,3.163,1,21,A,O,Critical,0
583,44,31,48.93,64.53,22.37,46.66,194,2.477,1,13,A,O,Normal,0
584,59,55,62.95,8.16,63.67,80.85,38,2.378,3,4,A,B,Routine,0
585,60,34,85.13,62.81,67.05,57.21,131,3.18,2,26,A,B,Normal,0
586,47,73,43.34,96.81,88.65,78.49,935,2.121,1,26,AB,O,Normal,0
587,43,19,41.66,6.84,97.72,,107,2.641,4,24,O,B,Normal,0
588,69,22,36.78,10.83,56.68,82.12,437,1.202,1,47,O,O,Normal,0
589,43,74,81.35,96.58,86.64,85.07,914,0.768,1,31,B,O,Normal,0
590,67,75,49.91,31.04,63.5,45.7,563,2.956,5,8,O,O,Normal,1
591,56,57,70.18,5.78,92.46,92.4,533,2.433,1,1,A,O,Normal,0
592,41,23,75.31,91.74,33.08,50.82,271,0.765,3,18,B,B,Urgent,0
593,53,46,26.27,2.69,2.38,80.21,241,1.274,0,7,O,A,Normal,1
594,34,26,87.95,63.85,71.88,70.69,77,2.1,0,8,A,O,Urgent,0
595,50,22,34.26,56.53,60.69,85.49,413,3.181,4,28,A,O,Urgent,0
596,57,32,76.17,36.91,75.11,52.31,734,4.523,0,25,B,AB,Urgent,0
597,32,33,67.29,85.29,26.17,55.64,861,3.37,0,1,A,O,Urgent,0
598,46,55,29.34,68.0,8.41,46.44,79,4.364,2,9,A,O,Routine,0
599,43,18,56.98,95.5,57.85,90.55,44,2.321,1,25,B,AB,Urgent,0
600,24,23,44.76,35.64,86.43,54.29,818,3.275,0,1,B,O,Critical,0
601,34,23,38.22,93.56,31.05,98.14,418,1.735,0,11,A,A,Urgent,0
602,59,40,38.47,12.96,77.45,78.67,57,2.535,1,19,B,O,Critical,0
603,56,74,49.04,86.81,55.46,75.99,227,0.5,0,18,A,A,Normal,0
604,29,55,37.29,97.61,45.2,61.59,635,3.025,0,26,O,A,Routine,0
605,26,62,50.52,84.38,8.85,55.46,294,1.09,3,36,O,B,Normal,0
606,63,75,68.36,50.1,54.98,88.29,695,1.466,0,12,B,A,Normal,0
607,59,38,67.78,93.54,69.71,76.37,724,0.5,0,21,O,B,Normal,1
608,55,46,54.0,91.65,97.38,47.21,194,2.996,2,9,O,O,Normal,0
609,33,41,36.13,39.33,70.45,68.68,400,2.748,0,8,B,O,Urgent,0
610,62,41,38.14,41.54,2.78,90.33,142,3.305,3,21,A,O,Urgent,0
611,33,34,82.23,95.94,35.7,95.89,48,3.146,4,1,O,A,Normal,0
612,31,29,72.56,36.83,48.3,46.24,185,3.26,0,2,AB,O,Normal,0
613,24,77,61.4,37.24,31.1,55.19,297,2.049,1,53,B,A,Routine,0
614,29,60,49.74,37.49,63.89,93.19,226,1.479,1,31,O,B,Critical,0
615,22,34,86.6,83.43,30.27,59.55,58,2.287,1,12,O,A,Routine,0
616,54,74,75.11,56.24,27.87,79.36,124,4.278,3,20,O,A,Routine,0
617,47,56,45.37,39.56,44.56,65.72,276,2.468,2,9,B,B,Normal,0
618,30,48,33.62,49.54,39.13,62.98,137,2.141,0,18,O,O,Normal,0
619,59,24,76.0,95.94,72.19,89.7,684,2.349,0,35,B,A,Routine,0
620,29,72,54.22,93.45,49.32,60.75,532,3.587,6,43,O,B,Critical,0
621,47,33,70.09,18.39,91.4,96.6,139,2.519,2,14,B,A,Urgent,0
622,55,63,54.26,59.91,75.86,60.44,642,2.637,2,8,B,A,Urgent,0
623,69,28,49.61,62.15,95.88,55.91,245,1.647,0,41,O,B,Normal,0
624,48,68,81.35,30.23,74.06,58.05,641,3.472,8,20,B,A,Normal,0
625,59,41,43.1,16.63,68.34,74.28,931,2.7,1,18,O,B,Normal,1
626,61,30,54.69,24.1,91.19,57.1,555,0.5,1,31,O,A,Critical,0
627,44,22,98.29,39.53,10.4,91.29,516,3.527,0,22,B,A,Urgent,1
628,20,46,64.21,19.64,68.09,51.42,497,4.363,3,26,O,O,Critical,1
629,48,39,31.13,51.98,36.4,54.71,878,1.048,3,9,A,B,Urgent,0
630,37,23,32.39,26.95,28.88,61.09,847,3.305,0,14,O,B,Urgent,0
631,58,46,86.6,7.69,75.11,70.02,274,3.021,1,12,A,O,Routine,0
632,62,24,37.63,69.18,99.37,55.88,612,2.033,2,38,O,O,Normal,0
633,51,72,57.5,24.62,25.44,93.44,685,2.45,5,21,A,A,Urgent,1
634,44,54,90.63,38.91,63.17,48.94,593,3.286,1,10,AB,O,Normal,0
635,44,59,62.01,87.02,94.34,49.14,140,1.869,0,15,A,A,Normal,1
636,41,47,47.0,71.6,4.93,64.45,130,2.84,0,6,B,O,Urgent,0
637,65,51,68.16,13.36,98.39,64.58,694,2.035,0,14,O,B,Urgent,1
638,31,70,70.64,4.84,26.21,46.41,816,0.749,1,39,B,O,Urgent,1
639,33,77,91.53,44.21,98.27,49.97,297,0.5,0,44,A,A,Urgent,0
640,61,56,36.44,73.78,25.16,85.04,987,0.54,0,5,B,A,Normal,0
641,53,28,94.16,71.09,40.91,73.77,598,0.924,2,25,O,B,Normal,0
642,59,32,93.17,95.01,30.27,63.36,593,1.753,4,27,AB,O,Normal,0
643,34,21,92.88,64.97,52.63,80.75,553,1.121,1,13,A,O,Urgent,0
644,41,60,89.33,95.13,86.2,83.1,863,1.024,1,19,A,O,Routine,0
645,65,72,55.21,1.48,81.67,97.97,90,2.35,1,7,B,O,Urgent,0
646,39,74,84.4,70.28,37.79,50.44,230,2.848,0,35,A,A,Critical,1
647,55,72,69.46,25.02,73.38,83.36,971,2.424,0,17,O,B,Routine,1
648,49,54,52.46,25.94,4.41,64.15,62,2.134,0,5,A,A,Normal,1
649,60,24,89.51,20.8,11.19,55.46,662,3.37,1,36,O,B,Urgent,1
650,36,42,26.24,32.74,21.93,64.52,716,2.447,1,6,O,A,Urgent,1
651,54,69,58.43,67.05,61.56,76.5,721,1.796,2,15,O,B,Critical,0
652,62,73,59.65,58.56,94.67,91.04,220,3.907,4,11,O,O,Normal,0
653,67,21,25.7,73.14,71.15,80.06,157,2.882,2,46,A,A,Urgent,0
654,20,23,90.46,87.43,37.53,84.49,41,1.352,0,3,A,A,Urgent,0
655,59,72,45.47,42.73,22.39,96.72,612,0.5,0,13,B,O,Normal,1
656,62,30,56.16,0.09,60.34,63.21,44,2.626,1,32,B,A,Urgent,0
657,26,71,26.2,15.13,50.35,48.02,220,3.268,,45,O,A,Critical,0
658,38,51,29.53,30.7,55.42,55.12,273,2.332,0,13,O,O,Urgent,1
659,52,72,60.6,6.86,84.56,88.08,178,2.459,1,20,B,O,Routine,0
660,22,21,88.92,7.59,75.26,47.47,588,4.36,0,1,A,B,Urgent,0
661,33,72,72.56,92.6,37.78,79.91,290,2.987,0,39,A,B,Routine,0
662,48,45,31.21,11.82,80.14,80.04,662,3.52,0,3,O,AB,Urgent,1
663,34,73,47.07,50.48,78.05,46.51,576,4.723,5,39,B,B,Normal,0
664,35,53,90.73,9.86,27.79,74.81,557,1.096,4,18,O,A,Critical,1
665,26,75,94.2,53.91,66.25,97.99,185,3.354,4,49,O,O,Normal,0
666,59,31,45.9,88.82,39.27,52.8,61,0.876,1,28,B,O,Urgent,0
667,22,35,47.64,5.95,15.17,91.55,358,4.317,0,13,A,AB,Urgent,1
668,51,36,83.27,18.08,47.04,59.89,482,4.842,0,15,B,A,Urgent,0
669,24,43,93.02,65.47,10.89,84.49,830,1.515,3,19,O,O,Normal,1
670,23,45,58.07,61.48,16.39,67.21,267,2.262,0,22,A,B,Routine,0
671,22,49,72.42,40.01,44.18,92.64,744,2.163,2,27,O,B,Urgent,1
672,39,29,53.1,44.54,4.44,99.04,284,3.221,1,10,O,AB,Normal,0
673,35,43,57.22,21.03,72.69,88.51,577,1.26,0,8,A,B,Urgent,0
674,34,40,56.98,97.56,14.46,50.79,762,0.5,0,6,A,A,Critical,1
675,60,63,63.01,35.74,45.84,97.03,820,2.425,1,3,B,O,Urgent,0
676,47,30,52.06,56.23,86.32,97.76,516,3.321,2,17,A,A,Normal,0
677,47,67,91.84,23.49,43.22,67.01,29,1.407,0,20,A,O,Urgent,0
678,63,49,26.18,75.5,69.34,47.74,308,1.917,2,14,O,O,Critical,0
679,60,64,27.06,10.92,60.27,86.33,97,1.907,0,4,O,B,Routine,0
680,49,30,67.95,25.93,84.41,54.21,242,2.342,0,19,A,A,Critical,0
681,34,77,97.97,20.81,80.25,87.03,329,3.817,2,43,A,B,Normal,0
682,19,38,53.86,79.55,99.24,58.23,623,2.266,1,19,B,B,Normal,0
683,50,60,81.97,14.03,86.5,91.81,570,4.845,2,10,A,B,Routine,0
684,24,25,91.12,61.75,52.63,46.43,648,4.022,1,1,A,A,Normal,1
685,44,71,95.06,63.87,51.64,80.42,316,2.79,8,27,O,B,Normal,0
686,63,47,33.15,60.62,77.14,74.31,385,2.674,1,16,AB,B,Normal,0
687,18,45,82.82,96.91,38.82,54.14,345,1.345,8,27,A,O,Urgent,0
688,31,28,82.73,89.7,76.88,97.9,765,2.082,2,3,B,O,Normal,0
689,62,69,38.56,50.15,93.73,75.42,972,2.701,3,7,O,A,Urgent,0
690,34,19,49.01,17.66,85.63,50.84,921,3.781,2,15,AB,O,Urgent,0
691,56,19,49.35,83.61,8.06,51.85,979,3.037,0,37,A,A,Urgent,0
692,24,23,33.28,13.28,0.62,45.17,290,1.853,3,1,O,O,Normal,1
693,41,53,37.19,77.27,0.43,77.09,464,3.188,0,12,B,B,Normal,0
694,45,46,39.0,75.56,13.18,60.6,433,3.592,2,1,B,O,Normal,0
695,52,25,71.69,33.16,22.28,79.71,626,0.612,2,27,B,AB,Urgent,1
696,61,28,70.17,18.52,44.45,46.65,897,3.496,0,33,O,A,Normal,0
697,57,21,,64.79,73.05,66.53,709,4.812,1,36,A,B,Urgent,0
698,63,58,77.85,63.57,57.18,61.36,220,3.577,6,5,B,O,Urgent,0
699,57,29,81.33,69.23,29.43,77.73,478,1.267,0,28,O,A,Critical,1
700,29,51,79.61,20.88,66.22,69.06,355,2.33,2,22,A,B,Critical,0
701,21,62,30.5,30.18,70.74,76.14,791,3.109,2,41,O,O,Routine,1
702,53,32,95.77,44.83,38.61,85.69,617,3.677,1,21,A,B,Critical,0
703,25,75,57.37,30.92,37.51,60.68,30,2.721,0,50,O,A,Urgent,0
704,25,69,97.67,80.28,6.05,99.34,140,0.806,2,44,O,A,Urgent,1
705,25,68,59.0,94.06,19.65,93.98,339,1.332,0,43,O,O,Critical,0
706,62,36,61.09,8.07,47.81,61.44,737,2.707,3,26,O,B,Normal,1
707,66,47,70.58,72.63,7.23,98.44,8,2.733,5,19,O,O,Normal,1
708,51,42,45.19,77.15,55.95,64.01,776,0.969,0,9,O,O,Normal,0
709,33,32,58.73,70.08,33.97,92.5,765,0.5,5,1,O,O,Normal,1
710,67,43,32.59,99.97,0.86,83.83,580,2.109,6,24,B,B,Normal,0
711,61,38,45.22,77.07,51.17,86.24,400,1.633,2,23,B,O,Normal,0
712,33,18,37.16,19.96,92.28,48.93,497,3.044,1,15,O,O,Normal,1
713,20,64,72.2,40.93,93.3,75.91,91,1.973,2,44,B,O,Normal,0
714,19,76,37.51,18.86,44.63,91.14,988,2.71,2,57,B,A,Urgent,0
715,19,63,94.04,58.78,97.06,60.45,651,2.536,0,44,B,A,Critical,0
716,18,44,44.26,3.58,27.2,45.17,585,5.462,0,26,A,AB,Routine,0
717,43,25,91.89,49.09,55.96,84.99,895,1.693,0,18,O,O,Urgent,1
718,64,52,63.09,90.75,26.02,51.96,206,3.733,8,12,A,B,Urgent,0
719,48,28,39.21,69.14,17.02,82.95,980,0.5,0,20,A,O,Normal,0
720,59,21,48.38,87.2,13.15,83.52,903,3.542,0,38,A,A,Routine,0
721,25,64,53.24,62.13,53.33,74.91,231,1.894,1,39,O,O,Normal,0
722,52,19,61.45,83.89,53.57,67.78,71,2.922,0,33,A,B,Normal,0
723,53,50,69.18,15.91,1.74,46.31,263,4.169,0,3,A,A,Urgent,1
724,45,44,33.27,14.95,11.24,61.86,65,1.661,1,1,B,A,Normal,0
725,55,55,79.77,29.79,52.21,67.08,719,3.748,0,0,A,B,Urgent,1
726,46,75,34.93,18.66,50.16,46.26,382,4.288,1,29,B,A,Urgent,0
727,22,34,94.82,70.88,80.79,71.58,897,1.86,0,12,O,A,Urgent,1
728,56,67,50.28,36.26,38.29,71.21,502,3.307,5,11,O,O,Normal,0
729,40,59,27.22,74.07,55.19,90.2,702,3.671,0,19,B,O,Urgent,0
730,44,26,60.4,6.61,89.06,60.96,527,1.526,0,18,O,A,Normal,1
731,54,65,85.9,50.3,10.43,75.97,778,2.164,2,11,A,O,Normal,0
732,35,33,39.99,51.42,20.43,73.57,156,1.635,0,2,B,A,Routine,0
733,24,48,88.05,32.64,75.92,98.53,271,1.396,1,24,AB,O,Normal,0
734,62,65,36.46,56.71,40.13,51.95,757,3.016,2,3,AB,O,Normal,1
735,58,64,28.69,39.85,47.62,67.2,804,3.681,1,6,A,B,Routine,0
736,25,44,67.25,22.44,88.45,71.23,116,3.386,1,19,B,O,Normal,0
737,54,55,41.3,26.85,62.21,85.76,942,3.58,3,1,A,O,Urgent,0
738,32,25,38.83,72.64,66.16,81.06,16,2.502,3,7,B,B,Critical,0
739,35,31,47.06,38.3,9.52,93.7,418,2.689,2,4,AB,O,Normal,0
740,37,77,60.55,57.54,45.48,65.76,198,2.489,3,40,O,A,Urgent,0
741,28,62,99.89,6.0,29.6,70.91,705,4.301,0,34,O,O,Urgent,1
742,58,61,35.33,69.35,61.88,88.38,873,2.654,0,3,O,A,Urgent,1
743,62,69,57.0,70.67,62.97,74.05,538,1.585,2,7,A,B,Normal,0
744,36,43,85.22,19.53,77.78,63.98,617,1.627,1,7,A,A,Normal,1
745,19,32,51.22,35.42,38.8,86.92,279,3.16,1,13,O,A,Urgent,0
746,47,73,88.31,60.83,27.97,48.55,870,2.671,1,26,A,B,Normal,0
747,46,27,83.37,43.26,3.01,50.17,24,2.877,0,19,B,O,Critical,0
748,51,76,91.23,84.1,48.73,88.21,426,2.461,3,25,A,B,Routine,0
749,30,69,31.34,84.14,62.68,67.16,899,0.988,0,39,O,AB,Normal,0
750,46,35,88.53,62.66,0.4,50.54,365,2.365,0,11,O,A,Urgent,1
751,55,28,62.75,31.32,70.95,91.61,274,3.698,0,27,A,O,Urgent,0
752,56,22,30.54,91.79,60.16,57.1,55,2.995,6,34,O,A,Urgent,0
753,62,70,79.1,24.11,26.07,57.24,418,2.063,1,8,A,A,Urgent,1
754,58,71,46.23,54.03,72.62,57.66,444,4.215,2,13,A,B,Critical,0
755,65,26,72.33,71.51,85.45,93.63,140,2.091,2,39,O,O,Normal,0
756,47,35,36.71,18.69,23.15,74.94,772,3.558,1,12,B,O,Urgent,1
757,49,32,78.33,17.84,37.41,46.94,943,3.401,1,17,A,AB,Normal,1
758,55,41,25.5,54.59,88.14,74.3,976,0.913,4,14,O,O,Urgent,0
759,43,33,54.27,63.71,99.91,59.77,674,4.018,5,10,A,B,Normal,0
760,44,73,68.67,59.56,56.63,91.54,254,1.271,0,29,A,O,Normal,0
761,29,53,91.29,63.4,2.07,59.77,72,2.342,0,24,O,A,Critical,1
762,40,63,96.88,96.21,25.44,95.54,874,1.752,0,23,B,O,Normal,1
763,19,19,69.38,88.6,97.41,62.3,645,1.317,4,0,O,A,Urgent,0
764,45,52,90.31,70.96,17.59,46.5,293,2.414,4,7,A,A,Urgent,0
765,27,48,32.74,63.95,97.16,97.65,49,3.953,3,21,O,B,Normal,0
766,45,60,39.9,15.84,77.79,91.61,45,0.615,0,15,O,A,Urgent,0
767,30,42,45.53,53.2,42.06,95.68,327,3.545,0,12,O,A,Routine,0
768,57,19,63.53,38.46,13.75,53.42,799,2.927,3,38,A,A,Routine,1
769,26,74,83.81,8.57,95.24,73.84,506,3.238,2,48,O,O,Normal,0
770,61,39,61.2,46.12,40.8,87.13,944,4.737,0,22,O,O,Critical,1
771,54,59,26.2,60.05,9.35,92.48,483,0.968,2,5,A,O,Routine,0
772,37,32,77.37,57.8,83.23,60.62,877,1.896,0,5,A,A,Normal,1
773,34,24,35.11,79.72,32.13,78.05,492,3.007,2,10,O,A,Normal,1
774,54,45,60.48,2.95,12.77,47.97,147,1.864,1,9,O,AB,Normal,1
775,46,56,68.87,69.08,62.21,85.02,635,1.865,4,10,O,O,Critical,1
776,25,25,58.56,51.86,84.88,98.65,290,2.659,1,0,O,O,Urgent,1
777,58,23,70.34,79.73,49.85,55.53,312,3.09,0,35,A,O,Normal,0
778,26,69,35.35,60.82,87.28,87.8,632,1.125,0,43,O,A,Normal,0
779,44,60,84.21,86.37,91.44,49.1,801,2.815,0,16,O,B,Urgent,0
780,40,22,44.49,51.52,54.74,49.99,969,4.917,7,18,A,A,Normal,0
781,27,70,33.37,75.71,90.95,71.84,765,1.364,2,43,B,O,Urgent,0
782,64,68,36.19,83.71,3.34,46.74,204,2.965,0,4,A,O,Urgent,0
783,68,41,30.79,18.69,77.03,92.21,6,2.652,0,27,A,O,Normal,0
784,25,68,98.32,23.47,52.64,60.52,530,3.958,0,43,O,B,Routine,1
785,60,38,35.17,29.15,80.89,96.12,62,3.311,1,22,O,A,Urgent,0
786,66,19,97.69,25.72,82.3,81.63,733,1.741,5,47,O,O,Normal,0
787,44,77,28.55,2.18,89.13,92.57,134,2.043,1,33,O,B,Critical,1
788,32,47,69.36,51.04,70.33,87.11,974,2.282,2,15,A,O,Normal,0
789,31,29,87.51,76.95,24.75,54.62,666,4.484,1,2,O,O,Urgent,1
790,60,43,61.78,83.78,42.89,74.64,169,2.558,0,17,B,O,Critical,0
791,50,42,92.23,0.86,93.51,84.88,444,1.21,0,8,A,B,Urgent,1
792,27,24,35.65,71.28,64.09,71.97,182,2.485,0,3,A,A,Urgent,1
793,49,36,98.95,46.12,86.59,99.41,69,0.539,3,13,O,A,Normal,1
794,51,65,54.37,82.03,1.41,45.31,388,2.422,3,14,O,A,Urgent,0
795,67,30,26.89,2.76,39.8,56.09,333,3.046,3,37,A,O,Urgent,0
796,55,28,88.29,79.77,62.47,92.67,976,3.335,3,27,A,O,Normal,0
797,62,40,81.45,34.74,51.02,68.79,389,2.727,0,22,A,O,Routine,0
798,40,50,93.07,41.66,1.31,77.11,683,4.733,0,10,O,B,Urgent,1
799,62,50,71.02,42.75,48.95,48.55,406,2.518,1,12,A,O,Urgent,0
800,33,27,60.54,58.89,78.77,85.03,496,1.768,2,6,O,O,Normal,0
801,54,73,98.08,55.2,60.96,68.88,953,1.516,0,19,B,A,Critical,0
802,27,58,40.01,38.88,96.57,98.78,800,3.419,0,31,O,O,Normal,0
803,49,35,37.96,,73.85,97.5,397,1.386,0,14,O,B,Critical,0
804,33,67,77.98,63.94,55.24,63.12,92,2.017,2,34,B,O,Urgent,0
805,35,70,63.65,37.83,79.76,59.82,201,1.227,1,35,O,AB,Normal,0
806,38,31,31.89,30.65,93.06,80.42,144,3.258,0,7,O,AB,Critical,0
807,21,24,89.48,6.18,21.59,86.4,558,1.347,0,3,B,B,Critical,1
808,55,40,72.89,47.54,35.81,57.63,129,4.003,1,15,A,A,Normal,0
809,49,72,89.51,0.14,35.94,82.83,701,1.066,1,23,O,A,Urgent,1
810,68,58,94.2,83.47,24.77,94.02,56,3.171,0,10,AB,O,Normal,0
811,61,64,56.01,49.08,15.4,95.46,38,2.931,0,3,O,A,Normal,0
812,42,36,57.06,58.11,51.42,46.28,24,4.911,0,6,O,B,Normal,0
813,62,71,38.59,42.78,95.59,69.09,585,2.264,0,9,B,AB,Routine,0
814,33,33,90.59,21.55,76.57,97.4,806,2.5,0,0,B,B,Critical,1
815,21,19,49.15,86.7,13.77,99.23,866,4.274,0,2,B,O,Urgent,0
816,29,53,74.61,53.77,37.02,79.78,890,1.203,0,24,A,B,Normal,0
817,22,28,93.9,84.12,19.27,84.31,145,3.622,1,6,A,A,Normal,1
818,49,60,57.44,89.92,11.89,67.11,957,1.582,0,11,A,B,Normal,0
819,54,63,62.55,65.07,98.96,74.61,583,2.528,1,9,B,O,Normal,0
820,61,53,92.01,98.66,58.59,73.44,640,1.859,0,8,B,AB,Normal,1
821,43,24,95.06,65.8,10.15,57.28,173,2.305,0,19,AB,A,Urgent,1
822,44,54,43.14,10.33,3.92,80.55,775,1.407,5,10,O,A,Normal,1
823,43,22,35.16,63.91,97.22,51.96,264,1.202,3,21,O,O,Urgent,0
824,61,43,77.1,52.98,72.91,93.94,73,2.737,0,18,O,A,Routine,0
825,19,59,30.71,45.88,12.46,75.5,350,0.999,1,40,A,O,Normal,0
826,52,56,94.27,35.53,83.38,95.91,505,0.5,2,4,B,O,Routine,0
827,47,74,37.97,28.22,40.43,82.1,673,3.295,8,27,A,A,Urgent,0
828,56,33,81.04,43.09,5.98,96.91,913,2.755,0,23,AB,B,Critical,1
829,58,25,83.84,87.11,97.88,75.94,363,3.952,0,33,B,B,Normal,0
830,67,19,33.19,20.68,78.88,83.79,79,1.097,6,48,A,B,Urgent,0
831,29,62,49.97,5.3,99.22,53.19,281,2.501,0,33,A,B,Normal,0
832,61,21,48.53,73.06,13.89,93.61,756,3.185,0,40,B,O,Urgent,0
833,43,26,81.99,86.73,49.43,87.21,202,1.314,0,17,A,O,Critical,0
834,35,54,91.31,48.67,43.15,61.77,235,2.368,0,19,O,O,Urgent,1
835,28,33,25.65,58.23,86.69,77.47,552,3.172,8,5,B,A,Normal,0
836,25,33,41.99,12.2,17.23,78.34,487,4.269,2,8,A,B,Normal,0
837,18,35,31.38,20.01,30.93,58.42,506,2.159,5,17,O,O,Routine,1
838,19,55,78.05,15.33,21.2,68.9,480,3.831,1,36,O,O,Urgent,1
839,66,63,33.81,43.86,31.39,70.24,521,1.883,0,3,O,B,Normal,0
840,35,23,76.69,28.02,62.21,64.86,81,2.509,1,12,A,O,Critical,0
841,54,48,42.19,49.72,89.01,67.46,238,3.636,3,,O,A,Urgent,0
842,37,66,44.63,1.04,90.09,70.59,444,2.287,2,29,A,A,Critical,0
843,58,67,94.57,52.45,11.6,90.99,638,0.697,4,9,O,B,Urgent,1
844,33,23,51.73,45.43,36.81,52.97,45,4.967,1,10,B,A,Normal,0
845,64,20,84.59,46.84,39.44,76.5,614,3.907,6,44,O,B,Normal,0
846,32,72,36.28,16.43,79.65,66.74,450,2.958,1,40,O,O,Normal,1
847,23,75,32.12,96.56,57.72,60.31,856,4.335,0,52,A,AB,Urgent,0
848,57,,29.51,15.46,89.99,94.76,10,2.224,4,20,A,O,Urgent,0
849,55,56,36.02,74.41,48.61,77.86,301,1.81,2,1,B,A,Normal,0
850,20,30,98.02,37.07,60.75,85.7,234,1.771,1,10,O,B,Urgent,0
851,28,57,87.46,39.44,32.58,88.48,843,1.43,2,29,O,O,Urgent,1
852,57,67,41.27,76.82,22.99,53.21,240,3.17,2,10,AB,B,Urgent,0
853,54,58,87.61,94.74,21.96,99.07,744,3.489,2,4,B,A,Critical,0
854,38,67,59.9,39.34,48.98,93.78,31,3.845,1,29,A,O,Urgent,0
855,47,32,44.79,76.96,8.27,77.03,842,3.396,0,15,A,O,Urgent,0
856,23,56,28.35,87.85,97.97,59.03,168,2.172,0,33,O,B,Normal,0
857,54,43,36.82,29.15,7.25,54.78,534,2.099,3,11,A,AB,Routine,0
858,47,33,51.66,72.27,30.72,54.55,326,2.049,1,14,B,A,Critical,0
859,20,42,47.68,84.71,29.61,,647,2.469,0,22,A,O,Normal,0
860,27,68,44.5,9.74,44.58,70.82,47,2.344,1,41,O,O,Normal,0
861,32,45,57.95,11.86,45.55,45.12,301,1.218,6,13,O,A,Urgent,0
862,44,58,25.35,47.44,65.99,79.17,516,2.512,0,14,O,A,Normal,0
863,69,64,64.45,1.27,27.43,86.73,789,2.271,0,5,A,A,Normal,1
864,41,49,73.7,75.79,2.24,77.22,379,4.795,1,8,O,O,Normal,1
865,23,76,94.83,75.8,39.37,60.59,931,3.966,4,53,A,B,Urgent,0
866,61,68,40.65,34.64,72.07,91.43,423,1.23,1,7,A,B,Urgent,0
867,24,46,51.54,61.21,96.61,52.27,639,3.664,1,22,O,B,Routine,0
868,59,21,32.12,93.75,4.95,53.46,543,3.188,2,38,A,O,Urgent,0
869,31,74,65.33,13.79,34.43,82.38,272,3.761,0,43,O,O,Critical,1
870,62,60,93.54,13.72,52.54,52.09,584,3.036,0,2,O,O,Critical,1
871,42,29,60.62,60.56,92.74,54.95,424,2.096,0,13,A,O,Urgent,0
872,52,68,76.98,36.94,39.2,80.8,411,2.699,4,16,A,A,Normal,1
873,25,57,69.17,30.98,67.75,82.96,910,2.102,6,32,B,B,Urgent,0
874,40,43,41.8,81.2,94.33,72.31,677,1.222,1,3,O,O,Critical,0
875,24,61,54.89,46.36,22.57,,686,3.688,0,37,B,B,Critical,1
876,18,26,98.67,11.93,91.22,49.21,419,0.791,1,8,O,A,Normal,1
877,54,41,65.0,63.07,10.96,62.88,302,2.397,3,13,O,B,Critical,1
878,33,33,56.82,30.51,88.21,84.84,965,3.462,1,0,O,O,Normal,1
879,60,75,65.28,70.71,27.75,91.35,215,1.857,1,15,A,O,Urgent,0
880,62,61,81.31,7.53,32.33,74.29,2,4.501,0,1,O,O,Normal,1
881,58,77,33.14,61.31,6.49,62.1,767,1.893,0,19,A,B,Normal,0
882,32,18,82.7,97.36,51.2,88.58,281,3.13,0,14,B,A,Critical,0
883,20,24,75.98,18.67,50.87,92.04,443,2.435,0,4,B,O,Routine,1
884,48,42,28.02,22.87,58.03,76.99,83,2.502,1,6,A,A,Critical,0
885,55,52,64.7,80.65,8.96,46.32,545,1.743,2,3,B,B,Urgent,1
886,22,20,,76.13,55.52,55.53,478,2.897,6,2,O,B,Normal,0
887,51,45,65.84,81.51,49.75,65.44,349,4.179,0,6,O,B,Routine,1
888,28,36,42.89,6.22,26.37,57.61,411,0.74,0,8,B,AB,Urgent,1
889,47,38,27.74,31.53,42.97,86.33,908,2.711,3,9,B,B,Urgent,1
890,60,19,43.74,90.16,67.31,50.14,976,3.837,8,41,B,A,Routine,0
891,25,36,59.85,79.09,90.74,47.94,59,3.567,1,11,O,O,Normal,0
892,19,69,80.64,7.47,62.29,69.8,857,1.387,0,50,B,B,Critical,1
893,54,34,72.82,17.46,18.87,59.37,311,2.293,2,20,AB,O,Urgent,0
894,52,48,82.85,42.16,65.86,56.15,60,2.746,2,4,B,B,Routine,0
895,36,68,76.73,22.03,95.57,69.05,590,1.38,0,32,B,B,Normal,1
896,40,38,87.52,59.39,77.47,78.53,731,2.194,1,2,O,A,Critical,1
897,61,67,83.81,78.16,86.79,94.14,873,3.13,0,6,B,O,Normal,1
898,32,21,91.5,26.89,20.31,74.67,30,2.808,3,11,O,A,Urgent,1
899,61,20,99.51,30.0,77.44,47.34,123,4.022,0,41,O,AB,Normal,0
900,39,20,98.9,99.98,76.12,85.52,533,3.238,0,19,B,A,Urgent,0
901,38,77,87.23,26.24,49.92,74.06,861,3.48,2,39,A,B,Urgent,1
902,64,46,61.89,30.66,80.74,72.28,467,3.731,1,18,A,A,Normal,0
903,67,76,74.12,6.16,83.77,74.75,829,2.98,1,9,O,A,Normal,1
904,40,51,82.57,30.42,39.7,96.9,614,4.56,3,11,O,O,Normal,1
905,60,28,98.22,8.36,89.28,57.81,979,4.246,7,32,O,O,Critical,1
906,25,62,64.83,93.67,58.89,60.37,668,2.23,0,37,A,A,Routine,0
907,48,26,74.45,42.68,24.14,53.05,15,2.894,0,22,A,A,Normal,1
908,56,23,99.9,61.21,6.41,60.31,867,1.762,3,33,A,O,Normal,1
909,46,64,91.97,43.39,43.64,72.99,283,2.207,0,18,A,A,Normal,0
910,32,31,42.28,99.95,11.32,63.39,108,1.629,8,1,O,A,Normal,0
911,62,51,63.31,10.15,16.13,79.48,412,2.175,0,11,O,O,Urgent,1
912,37,71,26.34,44.55,59.04,69.64,494,2.883,,34,O,A,Routine,0
913,32,41,68.46,28.3,19.02,88.53,975,4.138,5,9,O,AB,Normal,1
914,32,20,59.42,31.02,0.92,47.96,417,3.368,5,12,O,A,Urgent,0
915,52,51,74.54,2.42,19.45,76.24,672,3.138,0,1,O,O,Critical,1
916,38,61,36.07,38.48,69.05,50.69,305,4.43,7,23,O,B,Urgent,0
917,18,24,64.47,48.73,94.88,49.77,261,3.0,2,6,A,B,Routine,0
918,38,76,67.47,84.8,30.9,85.57,739,2.938,0,38,AB,O,Urgent,0
919,46,38,35.89,95.49,43.97,65.06,644,0.901,0,8,AB,A,Normal,0
920,65,72,47.1,51.53,91.1,59.49,797,1.794,5,7,A,AB,Urgent,0
921,18,77,64.26,72.93,58.39,75.19,902,3.406,5,59,A,B,Normal,0
922,21,77,54.82,28.31,42.87,75.19,852,4.487,1,56,A,B,Urgent,0
923,41,55,45.5,74.07,43.91,63.22,664,2.338,0,14,O,O,Normal,0
924,51,24,88.17,96.03,21.63,68.52,155,0.988,0,27,A,O,Routine,0
925,23,76,73.49,22.77,5.07,46.2,419,1.475,2,53,O,B,Critical,0
926,18,48,99.86,56.32,15.69,47.08,817,3.119,4,30,A,O,Urgent,0
927,59,61,79.78,1.69,65.77,54.14,463,2.039,1,2,O,O,Normal,1
928,50,44,27.24,45.57,66.47,97.05,458,5.077,2,6,A,O,Urgent,0
929,22,50,47.01,62.62,43.01,56.72,872,0.605,4,28,B,A,Urgent,0
930,53,36,36.14,85.56,39.78,93.14,760,4.343,0,17,B,B,Urgent,0
931,31,61,67.55,97.84,0.26,84.54,216,1.476,1,30,O,A,Routine,0
932,55,75,99.46,97.37,24.75,45.61,341,3.932,5,20,O,O,Normal,1
933,37,61,53.44,82.8,73.05,91.57,37,3.137,2,24,O,A,Urgent,0
934,23,39,91.1,43.06,47.28,70.85,540,2.13,2,16,O,B,Critical,1
935,40,64,81.19,71.55,36.32,88.7,876,1.774,0,24,O,A,Normal,0
936,54,36,42.09,78.09,74.54,61.05,645,2.382,1,18,A,A,Urgent,0
937,62,24,79.24,84.86,57.53,83.23,457,2.329,0,38,O,B,Critical,0
938,39,63,91.31,90.58,93.22,71.63,917,2.634,1,24,B,AB,Critical,1
939,65,18,31.16,42.85,0.11,74.39,620,1.158,0,47,A,O,Normal,0
940,38,36,59.85,40.27,89.04,57.65,619,2.131,8,2,O,O,Normal,1
941,57,54,58.6,19.72,36.97,86.64,814,2.401,1,3,O,O,Urgent,1
942,66,48,90.09,67.25,50.96,64.94,728,3.311,0,18,O,O,Normal,1
943,51,44,79.8,1.72,87.67,52.77,99,3.03,2,7,A,A,Normal,1
944,69,47,48.82,53.32,95.39,49.71,487,3.059,1,22,AB,B,Routine,0
945,40,31,31.17,66.2,75.62,89.74,303,1.863,4,9,O,A,Routine,0
946,69,35,76.89,73.69,18.46,72.57,690,2.258,1,34,A,O,Urgent,0
947,18,65,83.33,77.55,10.45,99.97,593,2.584,0,47,AB,O,Urgent,0
948,30,63,59.47,4.56,25.47,50.02,123,0.5,0,33,O,B,Critical,0
949,44,52,70.63,58.25,64.68,61.06,144,1.2,5,8,O,A,Urgent,0
950,23,32,79.54,17.24,23.01,54.35,411,3.431,0,9,B,B,Urgent,1
951,20,39,61.56,74.45,24.06,75.62,99,3.728,2,19,O,AB,Normal,0
952,57,23,88.64,96.45,53.46,59.32,671,2.287,0,34,A,A,Urgent,1
953,32,39,,48.15,97.05,95.7,86,2.309,4,7,B,A,Urgent,0
954,56,55,31.41,21.38,30.92,46.57,336,2.554,1,1,O,A,Urgent,1
955,57,58,36.45,44.9,24.3,55.79,815,3.012,0,1,A,O,Urgent,0
956,22,63,40.44,82.81,96.64,48.13,389,2.624,0,41,B,O,Urgent,0
957,23,51,61.31,72.65,20.22,96.48,83,3.751,0,28,O,A,Urgent,0
958,68,51,71.81,98.79,29.88,68.87,893,4.059,1,17,A,AB,Normal,0
959,34,68,44.41,87.69,62.29,80.51,427,3.257,0,34,O,B,Urgent,0
960,29,19,76.88,24.71,67.28,72.18,257,2.306,2,10,AB,A,Urgent,0
961,39,27,92.99,92.97,29.34,80.22,190,1.601,1,12,O,A,Normal,0
962,25,30,53.27,3.78,98.73,89.08,842,4.165,2,5,A,O,Urgent,0
963,25,51,38.08,89.49,42.73,94.25,33,2.712,2,26,A,AB,Normal,0
964,28,45,61.36,74.4,9.77,53.25,421,2.557,1,17,B,A,Critical,0
965,68,18,58.39,53.63,75.57,47.84,295,3.83,0,50,AB,O,Routine,0
966,24,77,43.87,20.67,32.13,66.8,664,3.014,3,53,B,O,Normal,0
967,29,54,68.85,6.15,6.35,47.35,127,2.784,0,25,O,AB,Urgent,1
968,29,25,44.03,54.4,49.55,79.22,23,2.609,1,4,B,A,Normal,0
969,67,68,84.7,61.66,50.33,53.62,875,3.148,4,1,A,B,Urgent,0
970,68,41,75.08,57.98,40.99,77.26,166,4.242,0,27,B,O,Urgent,0
971,60,47,61.75,34.7,52.3,53.99,211,3.176,2,13,B,O,Urgent,0
972,45,18,58.84,,49.57,59.63,442,0.5,5,27,B,A,Routine,0
973,58,67,46.15,40.16,60.8,74.26,570,2.855,0,9,B,B,Urgent,1
974,45,39,41.32,90.04,38.83,70.68,236,1.372,0,6,O,AB,Urgent,1
975,19,47,77.98,90.88,14.17,52.89,454,4.352,0,28,A,O,Normal,0
976,32,37,60.17,86.81,53.45,69.98,769,2.31,8,5,O,O,Normal,0
977,49,22,26.96,28.53,61.53,66.92,230,1.521,4,27,A,O,Normal,0
978,53,53,75.43,58.06,94.59,70.34,49,0.924,8,0,B,A,Routine,0
979,32,39,58.37,39.33,96.62,97.74,493,2.653,4,7,O,O,Urgent,0
980,30,63,86.72,3.43,28.25,52.99,707,3.139,4,33,A,A,Normal,1
981,38,35,51.7,49.04,31.22,87.92,534,3.847,1,3,A,O,Normal,1
982,51,30,85.02,88.95,85.08,87.95,161,1.463,7,21,A,B,Urgent,0
983,29,31,95.52,9.3,44.93,81.24,954,2.812,1,2,B,B,Urgent,1
984,67,32,63.37,62.56,96.45,95.93,999,3.632,4,35,O,B,Urgent,0
985,26,47,61.1,59.33,5.29,70.22,437,4.326,1,21,A,O,Urgent,0
986,25,69,58.22,60.05,6.95,83.54,34,2.262,2,44,A,B,Critical,0
987,43,64,69.09,44.09,25.12,62.44,20,3.224,2,21,A,O,Critical,0
988,33,23,28.22,17.92,4.21,99.01,605,2.492,0,10,O,B,Urgent,1
989,45,55,96.9,45.87,1.62,98.49,671,2.707,1,10,B,AB,Normal,1
990,41,71,83.46,58.9,23.19,46.33,75,3.406,3,30,O,O,Normal,1
991,49,51,76.51,0.96,19.3,89.22,449,2.677,1,2,O,B,Normal,1
992,49,49,35.29,39.89,4.35,54.44,16,5.095,2,0,O,O,Routine,0
993,55,35,32.59,53.24,11.81,49.47,508,0.811,1,20,O,O,Routine,0
994,52,61,89.83,8.38,71.14,66.62,702,3.235,2,9,A,O,Critical,1
995,21,36,88.51,27.19,20.56,54.78,242,2.044,0,15,A,A,Routine,1
996,29,26,80.54,57.07,28.48,81.09,181,3.211,0,3,O,O,Urgent,1
997,37,76,48.98,16.49,61.28,84.31,802,2.544,2,39,O,B,Urgent,0
998,68,38,98.33,20.94,17.52,48.14,642,3.338,3,30,B,O,Routine,1
999,20,60,82.33,25.19,41.68,78.52,910,2.372,1,40,AB,O,Normal,1
1000,20,65,65.88,99.06,94.16,48.96,668,1.605,0,45,B,A,Routine,0
1001,28,43,53.03,5.64,23.28,61.32,186,3.604,0,15,O,A,Urgent,0
1002,52,77,78.85,65.17,56.41,81.16,461,4.088,2,25,A,A,Urgent,1
1003,64,51,57.08,60.73,67.26,48.08,828,2.816,0,13,A,O,Urgent,0
1004,55,22,62.68,27.73,1.99,64.04,662,0.778,1,33,B,A,Normal,0
1005,63,43,67.45,44.33,96.41,99.77,469,3.31,1,20,B,A,Normal,0
1006,43,41,75.17,10.44,32.74,46.9,738,1.481,2,2,O,O,Urgent,1
1007,55,62,93.39,88.23,3.83,94.1,549,1.871,0,7,A,B,Urgent,1
1008,54,64,43.81,39.52,29.25,97.49,258,1.861,1,10,O,A,Normal,0
1009,32,48,32.63,71.5,56.65,92.84,820,1.954,2,16,O,A,Urgent,0
1010,49,40,26.97,6.86,67.57,57.32,368,2.389,0,9,O,A,Critical,0
1011,25,51,76.71,84.34,44.49,74.05,336,2.704,0,26,A,A,Urgent,1
1012,58,60,88.62,92.57,42.69,98.29,289,3.733,0,2,O,A,Critical,1
1013,54,53,63.97,99.61,2.94,47.97,794,2.013,0,1,A,A,Normal,1
1014,34,40,52.82,93.37,64.07,68.56,971,2.814,0,6,B,O,Urgent,0
1015,51,59,83.5,84.21,29.05,55.78,573,1.615,2,8,O,O,Normal,1
1016,29,33,65.54,26.27,29.42,59.65,576,2.99,8,4,O,O,Normal,1
1017,68,39,51.33,52.12,57.07,50.0,382,3.057,5,29,A,B,Critical,0
1018,44,21,74.74,52.17,15.11,56.8,999,1.018,4,23,O,A,Routine,1
1019,31,73,76.4,78.4,72.55,68.02,770,2.807,2,42,O,O,Normal,0
1020,67,32,78.11,76.42,90.58,55.32,762,4.057,5,35,B,O,Urgent,0
1021,36,75,76.73,54.25,21.08,60.56,839,1.421,0,39,O,A,Normal,0
1022,53,63,29.41,77.68,64.71,96.15,92,4.809,5,10,A,B,Normal,0
1023,65,43,74.53,86.84,19.74,64.86,823,2.707,0,22,O,O,Routine,0
1024,64,62,64.78,62.58,95.82,85.02,347,2.168,3,2,O,O,Urgent,1
1025,30,24,46.9,33.63,56.89,98.29,182,2.832,2,6,O,O,Normal,0
1026,30,22,88.38,35.38,69.67,87.22,766,3.486,0,8,O,A,Routine,1
1027,34,67,50.92,59.75,91.96,91.86,704,3.828,0,33,O,A,Normal,0
1028,19,49,55.24,11.66,88.2,93.8,175,2.722,0,30,B,O,Normal,0
1029,40,54,91.92,15.83,42.31,65.43,174,,0,14,B,O,Normal,0
1030,43,31,53.79,40.94,69.49,45.23,619,4.117,0,12,O,O,Urgent,1
1031,23,68,59.45,2.31,11.28,72.48,408,2.961,3,45,B,B,Normal,1
1032,22,21,32.69,10.39,41.14,80.44,458,3.268,2,1,A,A,Normal,1
1033,67,70,53.67,38.88,8.73,79.71,205,2.038,0,3,O,A,Normal,0
1034,37,46,56.81,94.13,63.12,85.23,390,1.181,2,9,O,A,Critical,0
1035,62,37,42.79,36.36,78.4,45.76,741,0.646,1,25,O,A,Critical,0
1036,46,34,64.49,95.48,63.56,72.79,177,3.034,1,12,A,A,Normal,0
1037,53,37,94.32,96.34,69.21,76.86,832,4.54,1,16,B,O,Normal,0
1038,63,29,29.29,99.75,20.36,70.8,179,2.708,0,34,O,A,Normal,0
1039,54,50,79.07,55.59,11.4,68.3,586,3.072,2,4,A,A,Critical,1
1040,39,24,48.09,39.38,1.67,97.95,760,2.067,5,15,B,O,Urgent,0
1041,23,67,51.52,41.03,83.21,48.98,784,1.895,0,44,B,O,Critical,0
1042,49,40,27.22,76.17,91.79,76.34,,2.442,1,9,A,B,Critical,0
1043,68,74,36.74,91.56,39.39,49.18,475,1.924,0,6,B,O,Normal,0
1044,41,71,55.93,52.82,72.6,74.8,373,2.11,0,30,O,B,Critical,0
1045,41,51,32.71,15.48,80.46,60.71,979,4.117,2,10,B,B,Normal,1
1046,22,55,66.5,75.57,9.98,65.43,447,3.553,1,33,B,O,Normal,0
1047,67,62,81.17,67.47,88.97,71.35,50,2.97,2,5,O,B,Urgent,0
1048,68,24,57.96,80.72,13.45,60.32,479,3.275,1,44,B,O,Routine,0
1049,51,21,53.87,88.26,95.89,79.2,950,1.429,0,30,A,AB,Urgent,0
1050,30,34,85.36,35.6,7.45,96.61,169,2.9,3,4,O,O,Normal,1
1051,38,39,74.21,51.28,64.73,61.77,301,3.401,1,1,O,A,Normal,0
1052,36,18,45.83,47.11,81.05,88.31,693,5.395,2,18,O,O,Urgent,0
1053,45,25,92.43,,28.57,83.58,663,2.564,0,20,A,A,Critical,1
1054,44,56,81.34,75.98,50.33,45.72,229,2.525,1,12,A,O,Urgent,0
1055,34,74,76.12,77.41,55.38,97.46,760,1.958,2,40,B,O,Normal,0
1056,20,44,85.34,36.27,56.37,66.42,14,3.446,0,24,O,A,Critical,1
1057,46,27,98.87,23.25,58.62,74.03,567,2.322,3,19,O,O,Normal,1
1058,47,58,46.09,49.89,34.61,94.4,105,1.684,2,11,O,O,Critical,1
1059,62,50,61.88,84.57,38.83,86.35,256,3.211,0,12,O,AB,Critical,0
1060,66,54,76.02,48.08,78.1,53.29,567,3.927,0,12,O,O,Urgent,1
1061,48,63,91.45,26.66,72.56,97.72,256,3.87,0,15,O,A,Urgent,1
1062,57,75,83.49,96.1,7.81,98.12,609,1.248,0,18,B,A,Urgent,0
1063,56,36,71.75,48.83,84.31,79.05,78,3.855,1,20,A,O,Normal,0
1064,21,51,86.45,48.43,50.03,67.66,321,2.857,0,30,O,O,Urgent,0
1065,59,65,51.2,70.68,78.45,69.43,271,2.133,1,6,O,AB,Urgent,0
1066,41,45,39.55,61.22,73.16,65.78,959,0.5,0,4,O,O,Urgent,0
1067,42,38,27.41,11.11,78.42,72.18,422,2.771,3,4,O,A,Normal,0
1068,19,18,55.57,32.28,86.73,51.73,449,3.627,0,1,A,O,Normal,0
1069,32,23,74.61,28.45,26.45,50.87,802,2.453,0,9,O,A,Normal,1
1070,28,31,72.98,8.12,80.52,86.18,390,0.5,1,3,AB,O,Critical,0
1071,55,61,51.42,79.45,0.94,91.35,310,3.878,0,6,O,O,Normal,0
1072,44,21,65.79,85.0,3.7,76.71,374,2.814,1,23,O,B,Urgent,1
1073,48,28,37.45,53.1,11.39,69.91,779,2.919,8,20,B,B,Normal,1
1074,43,28,28.76,71.1,10.93,47.85,823,2.827,0,15,A,O,Urgent,0
1075,29,71,62.54,3.85,94.45,61.94,564,3.148,0,42,B,A,Routine,0
1076,23,40,29.78,56.12,17.05,93.13,68,2.997,0,17,O,O,Urgent,0
1077,57,,48.26,87.22,13.45,68.87,62,1.096,0,6,O,B,Urgent,0
1078,44,74,38.48,18.51,78.74,48.45,286,2.261,0,30,AB,A,Routine,0
1079,42,37,85.27,23.05,0.27,61.63,994,2.557,1,5,O,B,Normal,1
1080,64,75,86.04,99.8,63.23,77.64,161,2.034,0,11,O,B,Normal,0
1081,28,29,32.26,2.57,3.36,56.1,62,2.415,2,1,A,B,Urgent,1
1082,22,58,72.61,46.67,83.5,69.81,530,3.328,1,36,B,B,Normal,1
1083,28,65,96.64,14.61,95.05,53.02,69,4.463,3,37,A,O,Urgent,0
1084,34,28,66.82,33.38,17.27,79.75,230,3.075,2,6,A,A,Critical,1
1085,64,18,74.25,87.94,29.02,97.13,379,3.645,0,46,B,A,Normal,0
1086,40,37,95.95,93.9,32.36,55.0,439,3.894,0,3,O,O,Normal,0
1087,44,57,77.34,19.62,73.24,45.3,995,0.91,4,13,AB,A,Routine,0
1088,27,67,96.53,49.57,86.73,64.59,781,4.396,3,40,A,O,Urgent,0
1089,43,45,75.66,6.97,65.73,45.56,490,2.359,1,2,A,A,Normal,0
1090,41,42,40.18,15.81,8.13,67.79,384,2.436,0,1,A,A,Critical,1
1091,50,71,81.67,21.78,10.59,85.0,269,3.73,5,21,O,O,Routine,0
1092,36,77,26.26,13.86,8.19,46.33,877,3.636,8,41,A,O,Normal,0
1093,20,47,49.38,96.05,18.56,81.43,716,2.008,0,27,B,A,Normal,0
1094,66,63,44.29,38.72,67.44,49.97,914,3.131,0,3,O,B,Critical,1
1095,23,41,68.63,24.22,62.09,82.73,767,1.289,1,18,B,B,Normal,0
1096,26,64,39.93,45.41,46.3,86.01,197,3.228,1,38,O,B,Routine,0
1097,24,55,72.68,62.95,29.08,55.17,701,2.307,0,31,O,B,Urgent,0
1098,42,50,65.14,59.02,43.06,72.73,76,3.202,0,8,A,O,Normal,0
1099,18,70,29.38,60.22,54.06,75.02,227,1.855,0,52,B,O,Normal,0
1100,68,63,66.35,1.02,51.25,72.59,973,3.84,1,5,A,O,Urgent,1
1101,61,25,87.47,26.42,68.72,81.77,399,1.698,2,36,AB,A,Urgent,0
1102,69,23,30.83,93.78,45.22,95.99,234,3.094,0,46,O,AB,Urgent,0
1103,64,74,99.14,98.64,76.77,71.23,747,3.5,0,10,O,B,Normal,1
1104,44,76,72.31,36.73,99.28,73.35,994,3.174,1,32,A,A,Urgent,0
1105,54,33,91.94,8.19,58.92,64.14,76,2.135,1,21,O,B,Urgent,1
1106,53,24,63.81,56.46,40.77,53.54,804,3.141,2,29,AB,B,Urgent,0
1107,64,49,52.23,76.79,38.34,71.02,272,1.858,1,15,O,O,Normal,1
1108,41,25,91.68,84.73,93.96,52.38,547,2.02,5,16,A,O,Urgent,0
1109,26,63,41.44,38.08,82.13,72.79,190,2.11,3,37,B,O,Critical,0
1110,53,59,64.84,6.78,73.36,51.32,277,3.038,0,6,O,B,Critical,1
1111,68,31,38.59,21.95,76.72,52.73,533,2.125,1,37,B,O,Critical,0
1112,58,51,30.57,77.98,46.21,97.52,421,3.983,1,7,O,O,Urgent,0
1113,25,22,46.21,93.28,8.49,53.15,290,3.642,2,3,B,O,Routine,0
1114,27,19,44.47,19.01,26.97,63.31,593,3.398,1,8,A,O,Normal,0
1115,69,28,48.59,56.27,18.02,84.73,942,3.483,0,41,A,B,Normal,0
1116,53,65,86.67,30.73,23.98,79.42,844,2.755,0,12,B,A,Critical,1
1117,32,50,58.12,28.78,36.18,66.43,231,2.422,7,18,AB,A,Urgent,0
1118,62,41,70.08,79.44,79.44,81.86,402,4.299,1,21,O,A,Normal,0
1119,67,51,71.02,16.76,3.32,91.66,948,2.351,0,16,AB,B,Normal,1
1120,19,51,43.16,52.26,59.44,62.46,179,3.229,3,32,O,O,Urgent,1
1121,43,63,25.41,53.73,63.06,90.78,585,1.729,0,20,A,O,Urgent,0
1122,62,55,96.89,34.64,41.21,72.03,796,3.525,0,7,O,B,Urgent,1
1123,35,36,49.91,64.05,28.63,88.97,547,1.406,1,1,B,A,Urgent,1
1124,43,39,81.47,71.72,92.37,68.44,994,1.718,0,4,A,A,Routine,1
1125,31,28,55.92,39.14,76.94,56.63,365,2.879,1,3,B,O,Urgent,0
1126,52,34,40.72,0.66,83.05,95.49,922,1.582,3,18,O,A,Critical,1
1127,63,58,42.43,65.91,23.11,77.27,543,3.602,2,5,A,B,Routine,0
1128,64,49,98.81,28.83,79.75,68.17,376,1.503,1,15,O,B,Urgent,1
1129,33,26,25.3,50.41,70.62,94.02,734,2.732,0,7,O,O,Normal,1
1130,37,30,55.78,53.08,31.96,57.18,53,2.235,0,7,B,B,Normal,1
1131,43,61,33.63,23.36,67.91,64.79,646,5.093,4,18,A,A,Normal,0
1132,24,56,85.73,7.17,53.49,95.32,301,2.25,1,32,O,A,Critical,1
1133,50,55,27.66,86.05,51.03,63.26,936,3.52,0,5,O,O,Critical,1
1134,25,40,55.55,10.82,38.82,67.69,648,3.025,0,15,A,AB,Normal,1
1135,38,22,41.83,93.45,9.52,76.92,729,2.505,1,16,AB,B,Normal,0
1136,57,38,71.63,10.98,92.19,71.15,114,4.148,0,19,O,A,Urgent,0
1137,68,76,75.21,92.1,11.22,51.4,716,1.834,0,8,O,A,Urgent,0
1138,45,32,80.06,48.31,92.02,48.95,295,4.283,1,13,O,B,Urgent,1
1139,25,30,26.43,82.08,21.18,71.18,181,1.886,2,5,B,O,Urgent,0
1140,61,55,52.32,98.41,42.24,49.73,971,4.084,2,6,A,A,Routine,0
1141,47,56,30.24,26.33,71.8,87.07,646,2.161,0,9,O,A,Urgent,0
1142,69,48,83.38,87.82,98.23,59.03,770,4.601,1,21,O,A,Normal,1
1143,33,40,81.66,88.17,68.76,97.56,944,2.347,1,7,O,B,Critical,0
1144,39,29,27.75,29.75,35.14,85.53,703,3.248,3,,A,B,Critical,0
1145,67,56,69.58,11.22,64.19,52.02,741,2.508,2,11,A,A,Normal,1
1146,37,74,91.58,6.06,72.07,65.57,679,2.851,1,37,A,O,Normal,1
1147,35,49,91.0,39.14,28.77,77.58,245,2.71,2,14,O,O,Critical,1
1148,68,61,69.0,27.27,73.93,93.43,360,3.534,0,7,A,A,Normal,1
1149,29,49,84.28,4.82,0.53,86.58,870,3.37,4,20,O,B,Urgent,1
1150,27,56,57.37,68.88,23.95,53.58,575,2.931,2,29,O,O,Urgent,1
1151,65,41,93.95,64.53,44.94,89.14,795,1.808,4,24,O,B,Urgent,0
1152,65,30,75.56,18.63,86.69,45.64,690,3.547,0,35,B,O,Critical,0
1153,44,47,50.79,97.87,2.45,92.77,195,3.828,1,3,A,O,Urgent,0
1154,50,50,33.31,25.82,23.96,67.73,525,2.145,0,0,A,B,Urgent,0
1155,54,77,63.03,82.41,43.32,61.65,596,1.531,2,23,B,A,Normal,0
1156,29,70,74.76,24.7,22.39,85.44,141,4.129,0,41,O,O,Urgent,1
1157,50,57,49.95,70.31,20.37,62.53,758,0.94,8,7,AB,A,Normal,0
1158,26,19,29.3,68.14,17.56,70.17,310,3.283,0,7,B,O,Normal,0
1159,19,52,25.33,45.97,52.46,62.03,101,2.924,1,33,O,A,Normal,0
1160,61,66,58.79,83.96,71.57,59.94,307,2.16,1,5,A,O,Routine,0
1161,34,69,50.99,25.26,12.58,83.45,445,1.616,0,35,B,B,Urgent,1
1162,66,68,88.34,15.84,51.73,59.38,978,1.017,0,2,AB,A,Normal,1
1163,43,51,29.58,22.08,1.74,94.99,78,1.266,0,8,B,A,Normal,0
1164,26,36,31.41,57.34,33.38,57.47,281,3.296,2,10,B,O,Routine,0
1165,60,70,62.21,64.5,63.39,99.93,391,2.305,0,10,A,B,Critical,0
1166,30,30,55.44,63.69,3.44,81.69,18,0.5,0,0,B,O,Normal,0
1167,67,51,26.22,69.24,24.93,46.0,435,3.718,5,16,B,O,Critical,0
1168,37,46,88.41,60.32,20.33,90.26,856,1.98,0,9,O,O,Normal,1
1169,50,48,30.62,15.74,38.66,71.68,618,3.198,0,2,A,B,Urgent,0
1170,31,60,74.16,51.09,16.43,79.38,478,1.995,1,29,O,AB,Urgent,1
1171,66,52,38.57,20.2,18.79,57.32,310,1.773,1,14,B,A,Normal,0
1172,50,60,52.54,39.09,38.5,98.43,218,3.442,2,10,A,O,Urgent,0
1173,31,31,96.07,46.11,98.56,70.87,166,2.362,0,0,A,A,Critical,1
1174,49,72,41.28,65.63,63.04,74.21,220,1.17,5,23,A,A,Normal,0
1175,43,19,87.94,66.04,55.46,57.33,872,2.403,0,24,A,B,Normal,0
1176,53,65,79.94,48.46,50.85,53.55,642,2.9,2,12,O,B,Normal,1
1177,63,47,52.76,90.72,74.44,87.66,96,3.018,2,16,O,O,Normal,0
1178,33,71,53.69,44.75,13.83,83.25,190,4.714,0,38,B,A,Normal,0
1179,48,34,51.73,79.73,94.07,71.29,999,3.097,2,14,O,A,Normal,0
1180,41,66,82.63,88.83,19.02,82.62,491,4.181,6,25,O,O,Urgent,1
1181,24,61,50.93,53.88,24.61,80.17,287,2.654,0,37,O,A,Urgent,0
1182,27,71,72.49,99.56,3.19,68.4,59,3.318,0,44,A,O,Routine,0
1183,62,24,51.1,25.96,31.53,84.85,660,3.091,2,38,A,B,Normal,0
1184,36,76,64.29,65.35,92.63,55.97,977,3.889,4,40,O,A,Normal,0
1185,38,68,85.1,94.34,96.71,80.0,816,0.862,8,30,A,B,Normal,0
1186,50,61,77.15,25.45,83.7,58.0,894,1.471,2,11,O,A,Normal,0
1187,34,32,60.81,77.2,64.03,87.33,131,1.978,2,2,B,AB,Routine,0
1188,40,38,96.15,62.09,26.07,71.91,961,4.749,0,2,O,AB,Normal,1
1189,29,74,51.26,67.39,82.89,45.45,844,1.677,5,45,B,O,Critical,0
1190,57,31,84.86,49.69,22.34,57.66,75,2.888,0,26,O,B,Urgent,1
1191,52,29,35.41,31.89,20.89,58.35,666,4.327,0,23,O,AB,Normal,1
1192,66,45,39.86,81.13,41.71,46.01,641,0.5,0,21,B,B,Normal,0
1193,18,18,68.71,68.08,87.98,57.78,271,4.281,0,0,B,A,Normal,0
1194,64,30,72.82,27.09,12.8,92.58,496,3.699,0,34,O,B,Urgent,0
1195,33,75,44.05,47.82,74.53,55.14,29,1.721,0,42,A,B,Urgent,0
1196,24,59,26.03,32.02,91.85,55.51,947,3.547,1,35,A,A,Urgent,0
1197,41,18,39.98,85.37,8.6,66.75,610,1.429,7,23,B,B,Normal,0
1198,34,55,81.46,48.94,58.84,49.52,53,1.526,1,21,O,O,Urgent,1
1199,21,23,54.07,63.98,48.25,83.23,142,4.706,0,2,O,A,Normal,0
1200,22,50,99.33,17.24,94.39,76.28,69,3.415,1,28,O,A,Critical,1
1201,55,31,53.65,24.52,25.3,62.14,554,1.707,0,24,A,A,Normal,1
1202,56,60,83.39,64.48,25.84,45.18,931,2.6,0,4,A,AB,Normal,1
1203,23,66,93.02,84.08,45.49,95.33,754,2.361,0,43,B,O,Normal,0
1204,49,45,99.85,90.61,3.39,70.08,154,2.902,1,4,A,A,Urgent,1
1205,39,74,57.59,65.28,4.9,57.83,374,3.352,0,35,O,O,Urgent,1
1206,45,38,52.8,78.97,27.42,84.61,562,3.094,1,7,O,A,Normal,0
1207,20,57,52.24,31.41,91.29,84.84,281,2.522,1,37,B,B,Normal,1
1208,61,29,70.31,48.21,54.73,74.88,862,2.065,8,32,A,A,Critical,0
1209,39,25,91.24,33.29,95.48,57.12,106,1.609,2,14,B,O,Normal,0
1210,47,28,76.44,22.03,4.61,84.63,541,4.324,1,19,A,A,Urgent,1
1211,27,18,52.07,16.2,32.91,72.08,466,1.819,1,9,A,O,Normal,1
1212,67,64,75.23,48.75,19.27,88.59,649,2.62,1,3,O,B,Routine,1
1213,51,50,98.9,26.09,48.18,77.79,684,1.548,4,1,A,O,Urgent,1
1214,23,45,41.1,31.61,94.02,49.52,760,4.142,1,22,B,O,Urgent,0
1215,67,22,37.89,28.9,36.3,78.11,586,2.822,1,45,B,O,Critical,0
1216,62,62,35.39,18.24,6.42,65.74,978,4.996,2,0,A,A,Normal,1
1217,27,77,91.84,57.42,18.75,78.68,840,5.373,3,50,A,A,Critical,0
1218,30,58,57.3,79.23,14.67,50.61,779,3.993,2,28,B,A,Critical,0
1219,19,38,28.47,18.89,8.87,88.63,995,2.585,0,19,O,A,Urgent,1
1220,36,36,50.02,7.43,28.86,45.51,741,3.633,2,0,A,O,Urgent,0
1221,54,52,99.63,30.21,75.94,49.6,777,2.872,0,2,A,O,Urgent,1
1222,43,62,92.99,26.39,37.56,71.26,496,4.622,1,19,A,A,Urgent,1
1223,68,33,57.58,91.22,17.62,86.5,745,3.118,4,35,A,B,Normal,0
1224,55,45,98.33,54.64,66.89,53.36,551,2.469,1,10,O,O,Routine,1
1225,26,23,81.23,76.62,75.9,91.56,4,2.464,0,3,O,A,Normal,0
1226,19,26,55.33,38.0,64.53,98.34,843,2.364,2,7,B,B,Routine,1
1227,56,22,35.25,57.62,73.23,64.27,414,2.541,0,34,A,B,Normal,0
1228,24,35,99.73,25.15,35.75,92.69,441,3.284,1,11,B,O,Normal,1
1229,64,,69.85,39.29,28.48,58.71,788,2.555,0,13,O,O,Urgent,1
1230,39,46,60.96,97.7,62.75,59.27,430,0.5,0,7,O,O,Critical,1
1231,34,70,44.55,47.19,55.67,46.58,54,3.712,0,36,B,O,Urgent,0
1232,38,41,80.71,95.51,87.93,74.5,89,3.117,0,3,A,AB,Urgent,0
1233,66,45,74.28,79.98,67.07,85.83,783,2.967,5,21,O,A,Normal,1
1234,59,20,37.36,19.63,18.38,95.01,785,2.089,0,39,O,O,Normal,0
1235,44,30,28.98,63.2,22.07,66.36,357,3.198,2,14,B,B,Normal,1
1236,66,26,89.24,81.29,15.83,48.0,831,4.161,3,40,O,O,Normal,0
1237,25,25,27.41,51.3,23.06,90.36,862,0.998,0,0,B,B,Urgent,1
1238,65,18,49.68,95.04,21.59,50.54,888,3.97,1,47,B,A,Urgent,0
1239,62,47,91.4,38.56,94.63,73.62,674,3.175,0,15,B,O,Urgent,0
1240,55,70,96.28,7.32,35.92,95.1,622,2.709,0,15,B,A,Urgent,1
1241,20,65,66.6,98.93,53.88,89.13,940,3.623,7,45,O,O,Normal,0
1242,59,69,28.47,58.38,5.1,85.96,375,2.283,0,10,O,A,Normal,1
1243,46,43,42.69,20.01,4.08,85.83,434,0.746,0,3,B,A,Critical,1
1244,38,60,82.42,79.79,70.56,62.18,342,2.863,1,22,O,O,Urgent,1
1245,31,24,72.07,81.13,34.24,71.86,69,2.324,0,7,O,O,Critical,1
1246,55,51,29.09,41.52,85.21,92.94,803,3.691,0,4,A,B,Normal,0
1247,24,70,78.07,26.98,89.55,74.13,287,1.966,0,46,O,B,Normal,0
1248,20,67,89.83,11.24,54.2,71.88,91,1.269,1,47,O,B,Routine,1
1249,32,67,65.81,16.86,29.77,53.29,172,1.725,0,35,O,O,Normal,0
1250,45,58,29.08,85.3,98.8,64.18,772,1.761,0,13,A,AB,Critical,0
1251,55,53,57.82,0.17,80.73,75.92,570,2.611,4,2,A,B,Urgent,1
1252,44,21,30.08,18.3,11.5,89.99,616,3.501,0,23,O,A,Urgent,0
1253,24,33,66.8,62.58,39.1,83.85,781,3.732,1,9,O,A,Urgent,1
1254,69,44,33.62,39.86,21.48,55.23,211,2.632,0,25,O,A,Urgent,1
1255,66,30,82.41,22.34,87.37,69.36,360,1.618,0,36,O,A,Normal,1
1256,35,48,70.28,,23.53,61.95,53,2.805,0,13,O,A,Normal,1
1257,49,65,95.37,55.42,57.13,74.53,132,2.279,2,16,O,A,Normal,0
1258,37,58,41.67,86.78,29.89,85.49,551,2.322,3,21,B,A,Normal,0
1259,34,18,67.43,82.38,38.37,99.19,194,2.897,0,16,O,B,Normal,1
1260,68,69,54.76,63.19,14.22,64.56,714,1.668,0,1,O,AB,Urgent,1
1261,35,29,93.13,15.56,73.15,72.08,60,2.26,7,6,B,A,Urgent,0
1262,57,73,62.93,41.26,21.62,77.13,860,2.424,0,16,B,AB,Critical,1
1263,31,76,70.67,55.03,73.18,77.42,7,2.246,3,45,O,O,Routine,0
1264,55,41,99.68,19.97,88.87,47.76,593,3.743,0,14,A,B,Critical,0
1265,35,69,56.56,61.48,79.82,86.84,539,2.957,5,34,A,O,Normal,0
1266,40,70,82.04,94.02,86.99,83.68,969,2.186,0,30,A,A,Routine,0
1267,50,70,30.5,56.44,27.59,50.8,444,1.047,6,20,O,O,Critical,0
1268,47,34,87.65,52.58,21.98,47.06,816,3.907,8,13,A,O,Normal,0
1269,41,61,44.55,29.9,0.93,83.73,140,2.3,2,20,A,O,Critical,0
1270,49,58,32.21,58.87,24.36,79.13,194,2.278,1,9,O,O,Urgent,1
1271,32,66,85.21,75.1,75.58,89.57,585,4.124,0,34,O,A,Urgent,0
1272,61,62,56.4,58.19,58.58,46.44,839,3.429,1,1,AB,O,Normal,0
1273,56,41,54.08,,86.1,69.09,717,3.318,3,15,O,B,Routine,0
1274,45,74,59.41,66.82,23.17,81.25,401,3.829,1,29,O,B,Urgent,0
1275,22,41,67.94,92.84,75.97,88.11,958,0.806,0,19,A,O,Urgent,0
1276,63,25,79.69,37.23,65.93,57.05,4,2.91,1,38,O,A,Routine,0
1277,27,44,62.24,20.89,64.1,69.89,793,3.4,2,17,A,O,Routine,0
1278,21,23,95.45,51.9,16.57,46.34,526,1.459,3,2,B,O,Normal,1
1279,45,57,54.59,93.69,69.59,59.44,501,0.85,1,12,B,B,Urgent,1
1280,57,59,66.37,62.87,47.45,73.48,314,1.409,2,2,B,A,Urgent,0
1281,63,28,99.32,79.03,13.79,58.78,445,3.78,0,35,B,AB,Routine,1
1282,40,73,75.17,26.34,70.42,57.45,608,1.996,0,33,B,O,Routine,0
1283,65,70,77.8,90.34,55.18,70.85,280,3.22,0,5,O,O,Normal,0
1284,67,42,96.08,44.73,88.77,51.11,254,3.623,1,25,O,O,Urgent,1
1285,64,37,64.78,,93.19,74.79,144,4.08,2,27,O,B,Critical,0
1286,34,18,76.42,92.4,74.04,95.77,997,1.829,1,16,O,A,Critical,1
1287,38,30,72.6,1.72,45.7,66.14,831,2.32,3,8,O,O,Normal,1
1288,40,48,88.7,9.71,15.13,73.16,815,2.196,8,8,O,A,Critical,1
1289,33,47,79.38,24.14,96.73,54.09,389,1.777,2,14,O,B,Routine,0
1290,69,55,62.8,98.31,64.97,62.77,828,2.593,8,14,B,B,Urgent,0
1291,18,57,50.44,74.07,48.41,75.73,808,4.408,2,39,B,B,Urgent,0
1292,68,61,68.24,69.5,81.6,88.65,797,4.153,3,7,A,O,Normal,0
1293,59,59,81.24,66.5,56.71,71.38,272,2.821,4,0,B,O,Routine,0
1294,51,30,44.95,78.6,15.2,55.36,513,2.791,0,21,B,O,Urgent,0
1295,67,27,51.58,35.55,72.34,95.95,602,1.462,0,40,O,A,Normal,0
1296,46,55,34.66,44.96,21.72,57.11,411,2.627,2,9,B,O,Urgent,0
1297,35,49,57.79,89.29,37.51,92.7,456,2.781,0,14,AB,B,Urgent,0
1298,30,46,75.96,44.52,84.53,68.09,709,3.277,4,16,O,O,Routine,1
1299,69,69,33.26,94.65,23.34,76.92,807,2.895,0,0,A,A,Critical,1
1300,34,23,99.42,9.41,96.19,98.43,219,1.749,1,11,O,AB,Urgent,1
1301,51,66,84.57,76.44,82.49,75.49,765,2.121,5,15,B,O,Urgent,0
1302,33,20,75.88,74.95,31.83,56.46,989,3.711,1,13,O,O,Urgent,0
1303,32,72,67.07,56.26,53.63,65.76,626,3.052,0,40,A,B,Critical,0
1304,19,33,40.59,8.71,84.29,74.76,316,1.775,1,14,A,B,Urgent,0
1305,26,42,74.91,66.26,87.39,59.1,,1.394,2,16,B,A,Critical,0
1306,35,23,80.41,80.35,25.61,88.08,900,3.126,0,12,B,A,Critical,1
1307,31,71,74.82,44.83,61.36,78.42,560,4.012,2,40,AB,AB,Urgent,1
1308,35,66,97.81,90.44,90.31,45.06,808,2.557,1,31,O,A,Urgent,0
1309,21,39,52.17,84.93,45.12,91.91,518,3.091,0,18,O,O,Normal,1
1310,30,25,74.82,49.72,88.42,78.03,283,2.494,0,5,A,A,Routine,1
1311,66,70,76.62,45.31,27.99,92.71,60,1.469,4,4,A,O,Urgent,0
1312,23,51,54.78,7.48,64.42,64.55,348,0.561,0,28,A,O,Normal,0
1313,65,76,45.47,28.12,49.74,97.31,729,2.952,2,11,O,B,Normal,0
1314,51,77,96.64,0.03,6.26,95.92,955,4.148,0,26,O,O,Urgent,1
1315,49,69,86.3,33.81,84.96,62.18,819,0.5,,20,B,O,Normal,0
1316,63,49,26.27,24.8,6.67,62.95,443,4.772,4,14,O,B,Normal,0
1317,41,30,42.95,60.37,70.5,52.16,692,2.398,4,11,B,A,Normal,0
1318,48,55,79.64,4.89,33.38,99.18,124,4.15,4,7,A,B,Urgent,1
1319,46,64,93.98,97.54,31.76,75.03,561,3.877,0,18,O,A,Normal,0
1320,43,76,76.79,63.34,47.08,55.45,133,4.434,1,33,A,A,Urgent,1
1321,59,37,46.41,82.66,71.68,75.32,99,3.007,1,22,B,O,Normal,0
1322,46,42,89.81,35.58,1.53,97.77,366,4.211,0,4,O,B,Normal,1
1323,38,24,63.2,36.87,7.95,46.81,118,2.633,2,14,B,O,Urgent,0
1324,30,38,98.49,90.25,37.34,58.45,640,2.643,3,8,O,O,Urgent,1
1325,56,31,98.38,65.9,75.1,96.17,533,2.227,3,25,B,AB,Routine,1
1326,23,28,47.53,66.85,70.41,88.54,812,4.717,3,5,A,A,Normal,1
1327,23,43,39.13,68.11,19.98,83.46,627,2.019,0,20,AB,B,Urgent,0
1328,33,61,60.1,73.49,54.29,87.02,532,4.037,1,28,O,O,Normal,0
1329,40,77,94.65,17.4,58.53,96.05,404,0.567,0,37,B,B,Normal,1
1330,66,51,83.81,63.77,49.99,69.54,645,2.817,6,15,B,O,Routine,0
1331,59,58,70.73,11.08,6.15,47.78,286,3.302,2,1,B,A,Critical,0
1332,23,62,49.55,41.4,13.07,46.83,679,1.408,3,39,O,A,Normal,0
1333,54,56,97.62,43.05,41.33,74.27,685,3.678,1,2,O,O,Urgent,1
1334,57,56,73.28,,22.96,55.21,428,2.422,0,1,B,A,Urgent,0
1335,50,73,34.62,58.06,44.28,77.43,970,1.629,0,23,B,A,Urgent,0
1336,41,61,76.12,17.3,30.16,79.49,263,2.35,2,20,A,A,Normal,1
1337,43,48,59.73,37.62,80.07,73.54,57,3.035,0,5,A,A,Critical,1
1338,67,62,38.18,13.04,6.9,97.05,890,3.871,1,5,A,AB,Urgent,1
1339,62,47,49.57,81.4,67.89,48.12,527,3.157,0,15,O,O,Normal,0
1340,,44,98.39,34.33,65.52,52.41,,2.282,0,15,B,B,Normal,1
1341,51,70,73.24,93.7,66.22,95.44,669,4.242,2,19,AB,O,Normal,0
1342,28,60,59.73,36.38,26.78,68.25,700,2.032,0,32,O,B,Urgent,0
1343,23,40,59.53,69.04,1.41,76.68,212,2.581,0,17,O,O,Urgent,0
1344,44,61,93.52,39.33,89.57,53.61,680,1.978,0,17,A,O,Routine,0
1345,69,70,39.64,81.53,49.67,95.84,711,4.46,4,1,O,A,Normal,0
1346,41,39,61.95,6.33,95.78,82.1,48,1.462,2,2,A,A,Normal,1
1347,45,18,65.48,23.92,76.62,99.7,657,3.143,1,27,A,AB,Normal,0
1348,64,61,70.25,63.44,0.87,72.73,828,0.994,3,3,O,O,Normal,1
1349,24,23,84.47,5.77,34.77,64.45,233,1.857,0,1,O,O,Normal,1
1350,55,30,74.85,64.26,53.95,63.12,27,1.569,0,25,A,B,Urgent,0
1351,51,69,34.26,43.12,64.85,62.32,689,2.865,0,18,O,B,Normal,0
1352,69,39,29.65,10.17,33.72,79.79,389,1.347,1,30,A,O,Urgent,0
1353,42,18,94.27,75.98,51.64,93.32,362,4.499,4,24,AB,O,Normal,0
1354,46,31,93.02,55.72,73.87,70.83,710,1.654,1,15,AB,A,Critical,1
1355,47,52,97.32,82.12,57.29,59.14,389,2.069,1,5,A,AB,Routine,1
1356,44,26,26.58,98.27,94.58,94.39,419,4.62,0,18,O,B,Urgent,0
1357,36,33,42.69,10.87,90.9,95.1,950,2.48,0,3,B,O,Normal,0
1358,51,39,92.52,27.42,49.81,84.45,518,3.667,2,12,O,O,Critical,1
1359,66,23,84.92,9.39,31.85,95.03,765,1.3,7,43,A,A,Normal,0
1360,35,41,55.48,16.78,89.81,86.04,589,1.367,0,6,A,AB,Critical,1
1361,63,61,64.98,8.6,10.77,51.26,101,1.719,1,2,A,B,Urgent,0
1362,39,26,26.29,64.55,76.64,50.27,318,4.124,3,13,A,A,Normal,0
1363,47,70,42.32,46.91,91.1,79.17,211,,0,23,O,B,Normal,0
1364,62,74,78.24,50.52,50.13,74.01,273,0.949,7,12,A,A,Normal,1
1365,55,46,25.97,15.68,31.53,48.81,469,3.579,2,9,O,O,Urgent,1
1366,18,51,69.09,11.2,98.4,65.56,630,1.671,1,33,O,A,Normal,1
1367,20,27,29.55,65.63,36.94,85.43,540,2.958,6,7,O,AB,Normal,0
1368,45,67,90.3,51.81,76.09,61.99,,3.093,0,22,O,B,Normal,0
1369,55,19,57.23,1.36,5.05,61.77,778,1.637,0,36,B,B,Normal,1
1370,24,58,90.84,96.2,15.55,55.67,207,3.384,2,34,AB,A,Normal,0
1371,62,53,44.11,26.6,34.42,97.55,652,2.557,3,9,AB,B,Normal,0
1372,27,56,96.14,34.18,82.32,71.91,315,2.759,7,29,O,B,Normal,0
1373,60,57,82.65,72.67,43.72,65.49,712,1.439,2,3,O,O,Normal,1
1374,57,61,88.04,12.6,40.03,69.81,199,1.167,0,4,O,O,Critical,1
1375,42,63,44.36,11.44,47.06,71.88,661,0.5,3,21,O,B,Urgent,0
1376,28,56,49.34,33.52,57.45,57.11,236,2.486,2,28,A,A,Urgent,1
1377,59,49,49.39,38.39,93.84,47.28,282,1.879,5,10,A,O,Critical,0
1378,51,43,41.99,51.24,70.48,82.02,407,3.27,0,8,O,B,Normal,0
1379,58,66,82.3,58.23,26.76,97.78,605,3.007,2,8,B,O,Normal,0
1380,67,21,63.74,64.61,22.5,84.41,53,2.158,0,46,B,B,Normal,0
1381,26,34,75.99,4.02,88.17,92.36,524,1.583,0,8,O,A,Critical,1
1382,32,49,34.17,24.6,72.18,55.51,67,3.439,1,17,O,B,Urgent,0
1383,41,45,85.79,81.25,35.01,66.0,782,3.167,0,4,A,A,Urgent,1
1384,20,62,43.59,51.17,18.78,55.14,345,1.071,1,42,O,O,Urgent,0
1385,43,36,99.07,53.14,28.63,87.96,584,2.966,0,7,O,O,Urgent,1
1386,37,73,76.66,53.16,42.8,77.91,127,1.212,1,36,A,A,Normal,0
1387,26,70,28.85,95.38,7.19,86.44,273,2.045,3,44,O,O,Normal,0
1388,62,60,95.06,59.73,15.61,77.73,691,3.921,1,2,O,B,Urgent,1
1389,38,74,36.03,33.91,74.49,79.71,737,2.766,1,36,B,B,Normal,0
1390,30,42,95.62,57.41,86.92,88.23,357,3.594,0,12,O,B,Normal,1
1391,54,74,88.56,29.6,53.73,65.05,350,1.083,4,20,B,A,Normal,0
1392,55,37,85.93,15.96,63.4,86.38,883,4.113,8,18,O,A,Urgent,1
1393,33,50,57.06,9.44,79.19,79.41,438,3.39,4,17,B,B,Normal,0
1394,52,64,44.03,74.21,15.81,50.24,575,1.861,1,12,O,O,Normal,1
1395,63,49,70.52,93.89,45.72,51.46,108,2.432,6,14,A,A,Normal,0
1396,22,68,95.46,22.66,45.55,95.66,367,2.046,0,46,B,B,Routine,1
1397,27,52,70.13,61.53,51.35,85.62,476,2.086,0,25,O,O,Normal,0
1398,27,63,25.65,50.27,72.82,58.27,337,4.445,1,36,O,A,Urgent,0
1399,34,30,50.03,58.46,48.33,47.75,159,1.975,2,4,A,O,Normal,0
1400,55,57,42.08,65.64,93.26,53.32,52,3.544,2,2,B,O,Normal,0
1401,26,64,91.94,10.21,83.39,79.49,890,5.156,4,38,B,B,Normal,1
1402,30,42,31.67,65.92,44.14,81.36,611,3.315,0,12,A,A,Critical,0
1403,20,34,91.66,12.32,49.24,55.37,764,2.413,1,14,A,O,Normal,0
1404,27,20,93.56,22.67,91.05,55.81,488,3.404,1,7,A,A,Normal,1
1405,49,45,46.76,85.89,9.44,60.69,751,2.222,1,4,A,A,Urgent,0
1406,21,51,26.12,11.18,47.94,78.99,262,5.486,2,30,AB,O,Routine,0
1407,26,76,80.48,7.57,45.53,87.3,983,1.556,2,50,B,O,Critical,0
1408,37,49,30.69,70.48,23.91,49.73,94,2.523,0,12,A,A,Normal,1
1409,55,45,32.17,50.69,55.64,84.67,739,2.985,0,10,B,B,Critical,0
1410,33,29,54.91,62.3,73.3,79.42,539,2.142,1,4,AB,A,Urgent,0
1411,,64,73.15,53.65,72.84,68.96,706,1.221,2,30,O,A,Urgent,1
1412,38,49,65.24,89.26,87.88,51.59,768,3.626,0,11,B,O,Normal,0
1413,25,19,30.39,43.72,60.14,48.47,739,3.983,1,6,O,O,Normal,0
1414,55,20,99.64,55.95,87.76,90.29,3,1.853,1,35,O,A,Normal,0
1415,29,24,79.22,94.56,84.68,92.52,621,3.771,0,5,A,O,Normal,0
1416,45,43,85.04,8.7,22.69,91.41,830,1.166,1,2,O,O,Urgent,1
1417,67,71,77.8,42.06,26.6,60.54,558,3.566,0,4,O,B,Critical,1
1418,43,33,97.81,0.08,84.85,74.58,669,1.189,5,10,B,B,Critical,1
1419,68,47,68.71,29.33,61.08,67.41,857,4.225,1,21,A,B,Urgent,0
1420,18,23,92.46,93.04,95.26,68.36,830,3.432,2,5,A,B,Urgent,0
1421,60,58,91.62,6.96,88.98,83.32,893,3.604,2,2,O,A,Critical,1
1422,45,53,67.83,21.65,97.99,78.82,312,0.765,1,8,O,A,Urgent,0
1423,36,53,27.98,63.55,7.06,45.54,603,3.838,0,17,O,B,Urgent,1
1424,31,40,87.58,51.48,51.02,97.72,913,1.526,0,9,A,O,Urgent,0
1425,46,66,87.01,82.46,85.27,56.5,710,2.114,2,20,B,B,Normal,1
1426,63,45,84.97,71.21,85.22,80.45,119,2.484,0,18,O,O,Normal,0
1427,67,60,41.12,69.49,28.93,47.66,41,2.772,5,7,O,B,Urgent,0
1428,22,54,75.61,99.45,53.61,93.99,587,3.72,1,32,O,A,Normal,0
1429,26,48,67.0,14.63,47.6,91.36,21,1.472,0,22,O,A,Normal,0
1430,69,36,90.59,27.06,5.33,86.74,555,3.423,2,33,O,A,Urgent,1
1431,40,68,34.31,7.01,20.04,63.64,351,3.614,3,28,A,B,Critical,0
1432,21,23,77.11,44.14,64.56,,718,1.89,0,2,A,B,Critical,0
1433,34,71,31.0,72.21,96.77,70.22,904,4.721,0,37,O,B,Critical,0
1434,23,19,70.07,50.9,28.63,75.88,990,1.412,2,4,A,B,Critical,0
1435,57,73,82.57,42.38,15.42,88.26,208,3.327,1,16,O,O,Urgent,1
1436,24,58,28.38,79.87,86.62,81.59,819,1.815,0,34,B,A,Urgent,0
1437,33,54,57.08,30.1,59.45,85.07,610,3.299,2,21,B,B,Urgent,1
1438,30,20,45.85,67.31,15.5,51.61,168,1.983,1,10,B,O,Normal,0
1439,69,53,78.34,20.23,15.62,79.66,506,2.261,2,16,A,A,Normal,1
1440,43,36,77.27,28.31,80.04,56.82,573,2.194,0,7,O,AB,Urgent,0
1441,65,21,69.51,57.79,69.28,89.35,164,1.85,,44,B,O,Urgent,0
1442,40,52,83.38,25.54,24.17,92.83,246,1.598,3,12,A,O,Normal,1
1443,59,67,81.85,97.69,48.51,69.38,198,2.951,0,8,B,B,Normal,1
1444,64,60,79.66,63.0,89.43,92.88,316,3.118,1,4,AB,O,Urgent,0
1445,56,41,68.57,63.63,69.58,87.26,267,3.336,2,15,O,AB,Normal,0
1446,59,40,30.92,8.73,30.92,70.49,419,1.016,4,19,O,O,Critical,0
1447,57,37,99.06,59.02,23.21,92.74,183,3.278,5,20,B,A,Critical,0
1448,64,64,87.73,28.33,60.76,48.36,654,2.966,1,0,O,O,Urgent,1
1449,18,45,75.19,30.66,12.33,87.47,531,2.598,4,27,O,O,Urgent,1
1450,62,36,82.83,76.35,78.23,76.66,140,3.125,1,26,B,O,Urgent,0
1451,36,34,26.76,47.32,83.79,98.53,615,4.131,0,2,O,O,Routine,1
1452,28,23,26.86,10.72,36.2,72.04,725,1.412,1,5,O,AB,Normal,0
1453,69,67,69.36,19.03,84.43,79.27,54,2.187,0,2,B,A,Urgent,0
1454,59,22,82.66,31.78,3.47,79.5,995,2.936,0,37,B,O,Urgent,0
1455,54,74,35.76,56.54,2.35,88.13,196,3.537,0,20,B,O,Normal,0
1456,52,68,54.66,29.29,14.15,63.86,625,3.083,1,16,A,B,Critical,1
1457,65,65,70.17,69.89,71.55,65.59,366,4.016,2,0,B,B,Urgent,1
1458,31,77,52.83,38.38,61.74,65.71,576,2.438,0,46,A,A,Urgent,0
1459,23,41,45.53,60.77,16.42,65.09,764,3.622,2,18,O,B,Urgent,0
1460,67,38,68.7,88.11,0.45,52.55,72,1.525,4,29,B,O,Normal,0
1461,28,52,26.13,44.11,68.9,83.8,208,3.798,0,24,O,O,Critical,0
1462,55,18,77.43,33.6,41.86,71.81,15,4.46,4,37,A,B,Critical,1
1463,65,43,87.24,9.73,17.78,72.21,144,2.356,0,22,A,O,Normal,1
1464,23,29,72.37,98.86,67.8,78.69,464,2.648,0,6,O,O,Normal,1
1465,44,74,33.89,17.16,50.2,61.62,879,3.614,3,30,B,O,Normal,0
1466,46,33,27.66,74.91,76.83,54.87,64,2.863,8,13,B,AB,Normal,0
1467,25,36,51.83,59.74,58.43,74.82,287,3.17,0,11,O,O,Normal,0
1468,18,64,42.59,77.03,88.88,80.45,267,2.999,5,46,B,B,Critical,0
1469,41,29,86.5,25.25,38.07,69.91,798,3.763,0,12,O,O,Urgent,1
1470,21,71,31.1,69.94,51.64,80.13,893,4.061,,50,O,A,Normal,0
1471,61,35,83.6,10.31,48.33,51.28,284,2.146,1,26,A,A,Routine,1
1472,38,21,60.21,24.09,17.03,51.99,28,2.169,1,17,O,O,Normal,1
1473,26,70,75.62,3.01,65.16,89.44,10,3.485,0,44,A,O,Critical,0
1474,31,65,32.25,90.61,10.31,80.9,276,1.522,4,34,O,B,Routine,0
1475,58,47,60.99,78.34,64.31,45.58,463,2.412,5,11,A,O,Normal,0
1476,24,19,75.77,42.46,76.02,68.11,360,1.92,0,5,A,B,Critical,0
1477,35,63,64.65,83.01,2.92,95.78,153,2.259,0,28,A,A,Normal,1
1478,51,36,99.17,17.12,95.3,73.52,565,2.918,1,15,O,O,Urgent,1
1479,53,32,48.7,71.72,25.84,92.8,564,3.798,0,21,B,O,Routine,0
1480,36,67,86.02,56.07,78.28,76.81,310,1.969,0,31,O,A,Normal,0
1481,45,28,87.21,60.38,45.09,70.45,66,1.657,7,17,A,O,Urgent,0
1482,20,47,33.96,2.38,51.54,83.65,215,3.536,0,27,O,B,Normal,0
1483,27,48,56.95,23.13,67.55,58.58,393,3.306,,21,O,B,Routine,0
1484,63,49,56.48,43.62,49.36,66.11,101,2.589,0,14,A,A,Normal,0
1485,19,42,68.54,41.76,18.95,84.34,379,1.753,3,23,O,A,Urgent,0
1486,32,57,62.58,97.0,42.78,68.35,1000,2.192,1,25,A,B,Normal,0
1487,65,65,73.14,64.42,7.68,57.99,484,1.219,6,0,AB,A,Normal,0
1488,60,25,86.51,87.08,67.27,85.48,318,4.433,4,35,O,B,Critical,0
1489,61,24,98.25,44.98,64.68,80.62,147,3.085,0,37,O,A,Normal,0
1490,32,27,81.61,44.65,8.83,98.03,690,3.286,6,5,O,A,Urgent,1
1491,39,31,35.56,64.59,45.31,70.24,509,3.36,5,8,O,AB,Critical,0
1492,45,51,47.77,67.99,73.73,89.42,284,2.534,2,6,B,B,Urgent,0
1493,55,37,79.86,16.86,66.87,79.91,159,2.773,4,18,O,A,Urgent,0
1494,18,34,98.78,97.42,76.8,62.38,425,1.66,2,16,B,O,Critical,0
1495,52,28,90.66,11.47,86.74,75.07,539,3.583,4,24,A,O,Critical,0
1496,25,66,30.27,29.05,25.63,76.41,174,1.142,0,41,B,B,Normal,0
1497,50,29,51.89,47.11,24.48,93.62,453,1.028,4,21,A,AB,Normal,0
1498,46,53,29.37,72.44,89.5,69.0,34,3.929,0,7,A,O,Critical,0
1499,18,66,54.47,64.79,18.63,64.14,495,3.005,0,48,B,O,Normal,0
1500,43,46,91.75,82.14,3.12,51.25,932,4.633,2,3,O,O,Urgent,1
1501,69,28,65.31,4.25,16.78,82.04,43,3.386,0,41,O,O,Urgent,1
1502,44,61,74.57,22.5,77.35,74.54,252,1.211,0,17,O,B,Urgent,1
1503,53,61,57.87,21.61,93.41,98.79,35,4.193,1,8,A,B,Normal,0
1504,62,55,45.39,15.65,,67.0,2,1.995,1,7,B,A,Normal,0
1505,43,18,58.49,7.62,0.21,95.63,604,2.926,0,25,O,B,Critical,1
1506,41,24,69.08,34.58,21.89,69.34,575,0.5,2,17,B,A,Normal,0
1507,45,19,42.66,86.53,81.47,95.13,570,3.268,2,26,A,B,Urgent,0
1508,38,66,95.33,48.5,44.99,76.51,572,1.847,0,28,A,O,Routine,0
1509,59,41,50.98,49.02,27.22,49.56,437,2.784,4,18,O,B,Normal,1
1510,43,57,49.96,98.78,27.5,90.87,705,0.5,1,14,A,A,Normal,1
1511,45,28,54.07,32.89,99.54,71.46,937,3.836,0,17,O,A,Normal,0
1512,28,25,28.67,99.98,30.64,52.02,909,3.078,0,3,O,AB,Routine,0
1513,19,40,51.49,70.93,36.74,90.25,619,3.616,0,21,A,B,Critical,0
1514,50,47,91.87,31.43,64.1,91.43,434,5.369,6,3,B,O,Normal,0
1515,55,31,74.09,70.29,0.7,60.87,166,3.9,6,24,A,B,Urgent,0
1516,44,62,86.58,52.1,30.26,90.69,53,2.93,1,18,O,O,Urgent,0
1517,41,51,28.04,8.0,71.0,46.46,331,3.172,0,10,A,O,Routine,0
1518,31,37,63.76,10.37,46.18,93.06,798,4.286,0,6,O,A,Routine,1
1519,58,36,77.96,24.14,47.69,64.72,453,4.064,1,22,B,B,Urgent,1
1520,31,72,47.01,3.06,83.04,76.43,825,1.301,0,41,B,A,Urgent,0
1521,60,30,97.29,91.51,18.13,50.8,972,2.274,3,30,O,O,Urgent,1
1522,46,61,71.94,55.48,5.08,56.45,361,3.521,0,15,O,O,Urgent,1
1523,55,68,39.45,9.01,71.2,56.52,137,0.5,7,13,B,B,Normal,0
1524,37,28,84.24,33.0,76.65,64.12,946,1.776,3,9,A,O,Urgent,0
1525,43,19,55.16,49.79,41.89,67.82,829,2.15,4,24,O,O,Critical,1
1526,67,47,58.39,89.52,89.67,68.14,741,1.766,0,20,O,B,Normal,1
1527,34,58,46.97,80.61,33.43,46.08,612,1.525,5,24,O,O,Critical,0
1528,61,38,41.96,62.05,71.85,55.48,927,2.119,1,23,A,O,Critical,0
1529,48,62,55.62,21.71,22.58,62.45,456,3.821,0,14,O,A,Urgent,1
1530,25,53,81.64,71.0,46.62,91.32,545,1.609,1,28,A,B,Normal,0
1531,63,74,62.1,6.59,47.74,77.17,233,3.628,0,11,A,O,Normal,0
1532,65,62,85.59,2.73,19.84,61.33,874,0.5,5,3,O,O,Urgent,1
1533,57,49,52.01,58.82,92.32,82.9,343,4.287,1,8,AB,AB,Urgent,1
1534,38,30,61.96,88.89,8.14,75.27,744,2.305,1,8,A,B,Urgent,1
1535,53,64,65.41,22.71,62.13,99.46,652,2.782,0,11,O,O,Critical,1
1536,49,30,53.72,62.7,7.9,49.7,66,1.753,1,19,A,B,Normal,0
1537,32,75,58.87,14.01,51.23,55.96,883,2.614,4,43,O,O,Urgent,1
1538,21,52,86.35,8.59,36.79,54.66,574,2.018,0,31,O,A,Urgent,1
1539,31,75,76.93,8.01,34.07,80.63,724,2.571,0,44,O,A,Normal,0
1540,37,64,81.55,44.47,54.8,81.05,656,3.436,1,27,A,O,Normal,0
1541,41,35,83.1,31.14,73.5,69.02,444,3.913,0,6,O,O,Normal,1
1542,64,47,91.56,55.03,32.03,79.7,429,4.027,2,17,B,A,Critical,0
1543,21,42,36.07,76.41,95.71,69.52,293,3.542,0,21,O,B,Routine,0
1544,32,25,26.55,73.58,32.68,59.54,553,3.939,2,7,A,B,Normal,0
1545,41,72,56.14,28.19,13.93,54.61,241,2.358,1,31,O,A,Urgent,1
1546,21,42,47.79,95.25,81.88,84.86,33,3.653,0,21,O,O,Normal,0
1547,20,37,75.96,34.74,92.35,93.6,116,2.098,0,17,A,A,Normal,1
1548,30,41,37.36,67.86,93.19,94.26,969,3.678,1,11,B,B,Critical,0
1549,40,25,76.49,78.98,23.61,86.75,139,3.162,0,15,O,B,Critical,1
1550,18,21,72.21,79.7,46.65,68.81,541,2.556,0,3,O,O,Routine,1
1551,53,71,30.3,20.2,51.32,46.18,140,2.097,2,18,O,AB,Normal,0
1552,23,41,35.45,10.32,47.52,84.02,767,1.602,0,18,O,O,Urgent,1
1553,69,63,51.04,70.49,10.31,99.24,467,5.261,7,6,O,O,Routine,0
1554,63,22,71.49,40.07,33.82,83.66,450,4.047,2,41,O,A,Normal,0
1555,69,61,45.58,38.49,74.82,57.92,451,4.573,6,8,A,B,Urgent,0
1556,20,71,59.97,94.2,36.0,80.64,86,1.382,0,51,A,B,Normal,0
1557,63,72,90.95,26.44,91.19,86.78,860,1.884,2,9,B,A,Normal,1
1558,62,49,82.32,30.21,79.15,47.01,66,1.78,0,13,O,O,Normal,1
1559,69,32,73.42,36.02,4.96,78.65,368,2.861,2,37,B,O,Urgent,0
1560,64,45,74.91,15.01,22.95,88.63,723,4.317,3,19,O,AB,Normal,0
1561,33,23,46.84,26.17,8.9,55.35,328,2.76,0,10,A,O,Routine,1
1562,38,42,41.34,54.62,29.03,61.33,607,2.222,1,4,O,O,Urgent,1
1563,63,20,96.52,20.02,8.24,84.0,590,3.944,0,43,A,A,Critical,1
1564,51,41,47.63,12.29,31.61,58.16,413,2.442,0,10,O,O,Critical,1
1565,52,60,42.01,56.69,64.18,92.01,995,4.13,1,8,A,A,Critical,1
1566,49,74,85.93,88.18,12.42,72.33,413,1.627,1,25,A,O,Urgent,0
1567,35,66,62.76,33.1,40.35,54.6,182,1.23,2,31,AB,B,Urgent,0
1568,19,41,81.21,20.43,82.63,81.79,684,1.861,2,22,O,A,Normal,0
1569,27,49,41.54,35.47,79.26,83.92,421,1.963,1,22,O,A,Routine,0
1570,44,27,69.21,17.49,60.47,61.61,76,0.972,2,17,O,O,Routine,1
1571,65,30,61.19,52.03,43.53,89.49,142,2.601,3,35,A,B,Urgent,0
1572,43,65,51.77,28.09,96.2,55.82,947,5.04,0,22,O,O,Normal,0
1573,21,58,41.87,41.63,68.47,61.31,427,3.047,0,37,A,AB,Normal,0
1574,52,75,46.94,44.55,94.93,68.71,275,,4,23,AB,B,Normal,0
1575,63,51,47.84,13.63,70.26,59.64,511,2.065,0,12,O,O,Critical,1
1576,20,34,72.7,14.31,51.64,55.32,766,2.513,1,14,A,O,Critical,1
1577,60,38,90.7,17.0,83.92,74.28,885,2.294,0,22,B,A,Routine,0
1578,61,47,25.03,6.87,20.31,51.15,506,3.008,4,14,O,B,Critical,0
1579,42,44,65.82,47.53,63.89,47.85,487,3.373,0,2,O,B,Normal,0
1580,25,73,37.94,,22.27,60.64,122,3.259,1,48,A,AB,Normal,0
1581,54,53,75.02,40.74,51.07,91.13,116,2.534,0,1,O,A,Normal,0
1582,61,48,92.63,54.71,22.55,51.28,713,2.062,0,13,A,A,Urgent,1
1583,58,37,28.95,61.7,65.22,93.17,731,0.985,2,21,O,O,Urgent,0
1584,22,57,68.15,31.96,99.49,98.21,609,3.428,1,35,O,O,Urgent,1
1585,41,23,87.3,96.42,94.3,48.98,50,0.515,4,18,AB,O,Urgent,0
1586,67,56,62.67,51.71,71.33,67.48,365,2.746,0,11,O,O,Urgent,1
1587,50,37,61.04,68.13,33.57,64.19,190,1.725,1,13,A,A,Urgent,1
1588,61,43,91.9,85.29,3.35,94.06,629,3.939,0,18,A,AB,Normal,1
1589,22,41,93.0,25.73,3.99,64.43,644,2.692,2,19,O,B,Urgent,1
1590,46,61,29.22,58.92,25.85,51.56,946,2.023,0,15,B,B,Normal,1
1591,46,60,25.08,91.04,78.89,57.42,986,0.608,5,14,A,O,Normal,0
1592,20,59,38.59,27.87,22.41,46.63,260,1.323,4,39,B,A,Normal,0
1593,20,62,36.78,55.93,68.14,91.64,99,2.254,0,42,O,A,Routine,0
1594,36,75,25.36,67.71,81.92,69.86,655,2.931,8,39,O,O,Urgent,0
1595,58,50,42.87,42.32,70.39,73.37,682,1.856,1,8,A,O,Critical,0
1596,31,73,53.27,29.92,74.55,59.7,636,2.895,5,42,O,O,Urgent,0
1597,51,43,49.14,16.6,97.77,96.77,523,1.624,4,8,O,A,Urgent,0
1598,34,69,84.34,0.11,8.35,61.96,785,3.073,0,35,A,B,Urgent,0
1599,33,63,78.13,33.25,65.89,96.61,351,2.613,8,30,O,B,Normal,1
1600,54,42,71.71,99.09,90.73,62.86,781,2.068,0,12,O,O,Urgent,0
1601,32,38,91.35,20.38,7.34,76.21,600,4.299,1,6,B,O,Critical,1
1602,52,42,28.87,98.03,25.56,99.91,513,1.686,1,10,O,B,Routine,0
1603,34,59,62.9,,27.78,78.16,757,3.303,8,25,AB,AB,Normal,1
1604,53,72,45.5,25.89,62.41,68.17,386,2.275,0,19,O,A,Urgent,0
1605,62,39,38.08,59.0,93.46,53.48,247,2.642,1,23,A,B,Normal,0
1606,34,51,27.47,74.12,93.75,74.48,913,1.66,3,17,A,B,Critical,0
1607,60,37,43.45,69.61,13.05,51.58,226,2.966,0,23,O,O,Urgent,1
1608,19,25,65.07,72.0,3.65,81.46,874,3.298,0,6,O,O,Urgent,1
1609,41,68,42.31,59.54,94.88,76.11,23,2.561,3,27,B,O,Normal,0
1610,42,29,52.15,64.77,43.39,57.96,296,2.014,2,13,O,O,Urgent,1
1611,49,45,62.87,97.57,55.41,54.72,368,3.51,0,4,O,O,Urgent,0
1612,52,22,40.46,28.26,86.89,47.88,890,2.411,0,30,O,B,Urgent,0
1613,30,66,40.26,1.73,45.06,84.26,325,1.754,3,36,A,AB,Urgent,0
1614,35,36,88.17,96.56,26.67,58.49,354,2.058,1,1,O,A,Normal,1
1615,55,43,31.54,81.46,83.78,65.27,980,2.83,0,12,O,B,Normal,0
1616,27,65,87.5,89.23,67.48,46.9,190,2.571,2,38,B,A,Normal,0
1617,28,43,70.51,51.24,40.03,58.33,663,2.184,3,15,B,B,Critical,1
1618,31,18,27.21,61.97,82.97,66.11,484,2.313,0,13,A,B,Normal,0
1619,54,27,88.59,46.69,44.75,96.45,664,0.5,0,27,O,B,Normal,1
1620,33,35,83.91,22.98,21.1,92.84,889,3.743,3,2,A,AB,Critical,1
1621,35,43,29.78,4.21,38.99,74.27,415,2.259,0,8,O,B,Critical,0
1622,26,62,45.1,75.49,8.96,87.03,372,3.044,4,36,B,B,Normal,0
1623,59,50,68.56,32.1,80.09,79.81,438,2.353,2,9,O,AB,Urgent,0
1624,33,45,63.99,49.87,51.78,77.05,988,2.268,1,12,O,O,Urgent,1
1625,50,28,51.62,23.18,39.49,48.71,874,2.06,3,22,O,B,Urgent,1
1626,58,25,82.96,71.07,6.84,86.94,999,1.717,1,33,B,A,Urgent,0
1627,59,70,44.27,24.41,22.04,82.76,519,3.318,1,11,A,O,Critical,0
1628,27,49,27.42,22.99,70.17,67.07,9,1.781,0,22,O,O,Urgent,0
1629,53,61,78.49,15.79,71.46,65.19,426,2.354,1,8,O,O,Normal,1
1630,25,61,79.49,73.11,49.7,88.92,736,1.63,,36,O,B,Critical,0
1631,29,63,64.22,85.92,28.35,91.57,828,2.797,3,34,A,B,Normal,0
1632,35,52,49.07,96.42,86.86,54.35,966,2.939,0,17,B,O,Normal,0
1633,18,59,47.48,72.65,11.18,86.83,951,3.962,0,41,O,B,Urgent,0
1634,39,61,91.72,58.81,30.24,61.65,787,1.517,0,22,B,O,Normal,1
1635,50,37,98.94,26.86,42.98,70.54,503,3.612,0,13,B,A,Urgent,1
1636,66,56,46.62,85.9,86.37,61.42,860,1.703,1,10,O,O,Urgent,0
1637,34,36,78.13,8.02,35.29,95.6,525,0.921,0,2,A,O,Normal,1
1638,21,53,49.64,17.27,62.64,70.96,223,4.414,0,32,O,B,Normal,0
1639,68,33,96.69,9.16,11.46,69.49,662,2.282,0,35,O,O,Normal,1
1640,55,69,71.72,97.33,85.02,58.78,871,2.553,6,14,B,B,Routine,0
1641,52,35,27.85,81.06,56.2,86.76,137,1.465,0,17,O,B,Routine,0
1642,63,62,81.95,80.21,69.26,64.84,591,1.827,3,1,A,O,Critical,0
1643,31,55,59.05,40.18,71.15,50.79,867,2.017,0,24,O,A,Urgent,0
1644,62,39,77.85,11.08,39.03,99.84,869,3.178,4,23,O,AB,Normal,1
1645,29,77,75.92,91.27,27.64,99.22,834,2.819,0,48,AB,B,Urgent,0
1646,57,43,74.15,51.62,6.56,49.98,272,2.649,3,14,B,AB,Routine,1
1647,20,33,51.49,41.79,43.99,96.91,297,0.5,1,13,B,O,Urgent,0
1648,54,31,34.8,41.97,74.17,94.19,81,2.216,0,23,B,AB,Urgent,0
1649,68,59,76.47,80.24,24.78,90.92,891,3.435,2,9,O,O,Normal,1
1650,28,25,68.22,41.63,42.02,95.34,813,1.254,2,3,O,A,Urgent,1
1651,30,34,84.5,22.94,59.54,75.31,117,1.52,2,4,A,O,Urgent,0
1652,23,65,67.78,16.27,43.92,62.06,80,4.848,1,42,O,A,Urgent,1
1653,44,58,40.28,83.63,72.6,47.4,915,1.561,0,14,O,O,Urgent,1
1654,31,34,57.33,35.25,25.1,48.31,695,5.884,0,3,B,O,Normal,0
1655,56,77,67.55,18.65,58.94,74.02,668,1.877,0,21,O,A,Critical,1
1656,46,61,27.83,91.05,16.74,58.18,365,2.893,1,15,O,AB,Normal,0
1657,38,23,35.42,10.05,55.21,97.71,921,2.281,4,15,AB,B,Urgent,0
1658,40,20,29.96,91.62,57.02,62.66,110,1.35,0,20,A,O,Routine,0
1659,34,24,86.39,23.91,39.84,69.2,825,1.277,0,10,O,A,Normal,1
1660,35,37,84.97,86.01,22.93,90.2,414,1.703,0,2,O,A,Normal,1
1661,30,31,33.91,89.03,73.87,92.8,330,1.892,3,1,A,A,Normal,0
1662,38,77,92.23,78.93,79.68,90.63,589,1.257,3,39,O,O,Normal,1
1663,22,28,72.5,49.85,69.7,47.38,996,4.372,1,6,A,O,Normal,0
1664,18,32,87.19,72.36,27.84,97.86,767,3.78,0,14,O,A,Critical,1
1665,48,64,65.16,84.91,48.12,64.96,947,0.5,5,16,O,O,Urgent,0
1666,65,22,60.05,57.85,0.59,52.66,63,2.74,0,43,A,O,Critical,0
1667,41,50,30.25,31.67,51.21,53.46,803,2.491,0,9,O,O,Urgent,1
1668,31,20,80.4,63.17,64.25,50.29,177,4.09,0,11,O,A,Urgent,0
1669,49,51,92.38,81.18,1.12,66.6,168,0.571,4,2,B,B,Normal,1
1670,66,39,84.9,97.15,100.0,94.84,380,1.93,0,27,O,A,Critical,0
1671,62,49,45.1,56.59,0.69,51.49,517,3.701,5,13,O,O,Normal,0
1672,41,70,51.41,67.36,16.06,57.4,692,2.434,0,29,O,A,Urgent,0
1673,49,43,57.81,2.76,12.75,87.36,422,3.572,1,6,O,O,Critical,1
1674,59,73,47.71,79.55,88.99,56.42,228,3.405,0,14,O,B,Urgent,0
1675,65,62,86.65,92.43,75.06,84.13,310,2.335,1,3,O,O,Urgent,1
1676,46,59,58.6,45.12,63.35,98.73,472,4.494,0,13,AB,O,Urgent,0
1677,38,18,71.23,52.47,54.64,58.81,841,0.835,1,20,A,O,Urgent,0
1678,22,26,81.13,27.28,97.83,67.81,293,4.644,2,4,AB,O,Normal,0
1679,23,40,39.28,72.2,78.83,78.57,224,1.978,0,17,B,O,Normal,0
1680,22,49,45.57,88.13,13.61,55.5,312,3.836,0,27,A,O,Routine,0
1681,29,60,37.51,41.1,51.68,52.42,985,2.954,2,31,O,A,Urgent,0
1682,42,61,32.06,48.12,13.58,86.19,501,3.591,1,19,A,O,Urgent,0
1683,37,61,72.14,44.93,2.52,62.45,55,2.583,0,24,O,A,Routine,0
1684,40,56,41.6,57.68,23.48,79.14,356,4.17,0,16,B,O,Urgent,0
1685,68,45,42.64,2.05,18.95,79.13,630,2.546,4,23,O,B,Urgent,1
1686,34,70,70.04,34.16,11.36,85.27,688,4.399,0,36,B,O,Critical,0
1687,37,68,75.26,75.7,42.7,60.76,946,3.618,1,31,AB,O,Urgent,0
1688,32,65,40.72,12.36,57.9,72.29,514,2.427,1,33,O,A,Normal,0
1689,51,18,62.88,3.16,8.64,51.45,866,0.5,1,,B,O,Urgent,0
1690,45,54,74.32,65.36,99.45,54.05,67,2.148,1,9,O,A,Urgent,0
1691,64,30,69.47,50.05,58.92,73.46,135,4.628,0,34,AB,O,Routine,0
1692,25,49,94.23,65.99,78.81,57.84,36,0.5,0,24,A,A,Normal,0
1693,47,18,53.77,59.11,81.86,69.16,743,3.081,2,29,A,B,Critical,0
1694,33,76,71.78,15.47,83.33,63.93,293,2.31,1,43,O,O,Normal,0
1695,61,68,59.71,88.66,81.53,57.81,696,4.373,0,7,A,B,Urgent,0
1696,26,70,43.41,90.1,80.62,63.6,178,3.504,0,44,B,O,Urgent,0
1697,57,74,92.51,10.57,96.73,73.19,566,1.561,0,17,O,B,Critical,1
1698,51,63,46.44,49.65,58.32,88.81,128,2.785,1,12,O,O,Normal,0
1699,47,71,35.28,53.67,80.24,63.77,513,0.578,1,24,O,B,Urgent,0
1700,69,58,92.06,19.33,5.54,77.8,649,4.096,4,11,A,O,Normal,0
1701,42,20,71.83,67.12,5.04,75.2,972,4.258,4,22,O,O,Normal,1
1702,63,64,82.53,43.8,96.96,81.48,232,4.67,0,1,O,B,Normal,0
1703,34,32,50.47,1.38,12.76,76.6,50,4.93,5,2,O,O,Normal,1
1704,57,71,62.07,25.7,75.91,72.47,732,3.234,0,14,B,B,Normal,0
1705,18,33,45.07,76.65,51.64,68.82,792,0.5,0,15,B,O,Urgent,0
1706,36,53,74.27,58.6,16.2,88.87,682,3.691,0,17,O,O,Normal,1
1707,69,73,98.22,53.53,3.45,75.93,854,2.039,3,4,O,O,Routine,1
1708,27,27,38.1,21.13,93.59,96.94,102,3.494,2,0,A,O,Normal,0
1709,57,77,82.83,81.24,27.26,63.96,703,2.255,0,20,B,O,Normal,0
1710,20,48,93.52,23.37,12.6,70.77,54,0.76,1,28,A,B,Normal,0
1711,33,75,53.21,97.81,2.93,65.92,775,1.084,1,42,B,A,Normal,0
1712,40,70,26.87,94.62,32.58,48.64,872,4.161,2,30,O,A,Urgent,0
1713,49,32,54.08,2.56,99.24,57.64,149,1.706,2,17,A,A,Urgent,0
1714,63,24,99.18,25.72,34.49,74.79,983,2.472,0,39,B,O,Normal,1
1715,18,29,50.69,94.86,9.35,67.82,981,1.777,1,11,O,A,Normal,0
1716,53,19,30.37,80.21,36.99,92.21,221,4.56,0,34,A,B,Normal,0
1717,43,39,30.56,90.0,85.7,52.02,165,1.291,5,4,A,A,Normal,0
1718,,42,43.53,0.87,45.34,54.17,532,3.381,3,21,A,O,Normal,0
1719,46,32,38.02,10.03,36.56,97.1,364,2.505,1,14,B,O,Normal,0
1720,66,39,46.67,99.96,67.88,67.74,104,2.297,0,27,O,A,Normal,0
1721,62,20,53.85,9.68,90.36,49.6,212,2.36,3,42,O,O,Critical,0
1722,48,66,72.48,88.91,65.77,45.38,327,3.465,0,18,O,A,Routine,0
1723,47,39,63.37,64.12,5.3,48.12,703,2.819,5,8,A,O,Routine,0
1724,66,51,73.68,83.73,63.22,95.9,728,2.268,0,15,AB,A,Urgent,0
1725,30,56,82.11,51.62,40.85,48.87,688,2.371,3,26,O,A,Urgent,1
1726,18,34,53.17,78.33,57.7,65.04,967,1.04,0,16,B,O,Normal,0
1727,65,63,60.91,98.54,89.83,85.96,56,5.147,1,2,O,A,Critical,0
1728,61,50,98.08,69.71,90.06,62.2,843,4.722,0,11,O,O,Normal,1
1729,28,28,61.56,25.87,52.09,56.23,672,3.974,3,0,O,B,Urgent,0
1730,39,44,56.75,78.18,32.41,56.38,292,1.768,0,5,O,O,Routine,1
1731,33,64,48.01,85.38,58.92,59.08,29,0.721,1,31,B,O,Normal,0
1732,41,50,25.97,70.72,25.56,73.92,294,3.1,7,9,A,O,Urgent,0
1733,35,75,98.93,55.71,67.31,83.69,301,2.326,1,40,A,O,Urgent,0
1734,35,26,71.74,10.18,49.72,93.93,718,2.75,0,9,A,A,Urgent,1
1735,53,30,66.19,63.25,53.24,85.09,300,3.807,2,23,B,A,Normal,0
1736,58,26,75.43,79.89,3.25,89.43,4,1.377,4,32,O,A,Urgent,1
1737,43,57,76.2,39.41,91.36,64.16,461,1.814,0,14,O,A,Normal,1
1738,64,62,87.44,22.87,82.65,71.75,180,2.112,0,2,AB,B,Urgent,0
1739,26,26,83.31,32.47,17.84,65.9,404,3.739,3,0,O,A,Normal,1
1740,30,49,30.47,74.33,84.13,96.25,468,2.733,0,19,A,O,Urgent,0
1741,21,68,53.94,79.09,44.0,56.43,911,1.48,1,47,O,O,Urgent,0
1742,46,68,31.19,49.36,53.42,69.53,217,2.126,1,22,A,B,Critical,0
1743,53,50,89.24,73.8,19.75,55.05,840,3.754,0,3,A,O,Normal,1
1744,68,19,54.65,11.2,60.4,66.08,75,2.082,0,49,B,A,Critical,0
1745,47,33,42.01,97.16,46.62,82.89,323,1.299,0,14,O,O,Urgent,1
1746,60,75,64.36,88.3,29.47,50.78,948,2.265,0,15,O,O,Normal,1
1747,,38,46.1,83.51,57.38,63.77,86,5.119,0,17,A,A,Normal,0
1748,21,19,32.22,4.97,21.03,63.83,254,1.178,0,2,B,B,Urgent,1
1749,25,67,54.3,96.95,34.56,53.58,483,3.521,1,42,A,O,Routine,0
1750,56,77,77.04,2.3,84.09,83.5,570,2.882,0,21,O,A,Urgent,1
1751,58,43,31.89,93.71,52.87,60.68,118,2.663,5,15,O,O,Critical,0
1752,40,33,78.11,52.28,86.82,46.96,462,3.399,0,7,B,B,Routine,0
1753,32,56,92.6,23.43,43.78,70.68,638,3.629,0,24,B,O,Urgent,1
1754,42,49,32.16,87.6,76.81,70.39,351,2.494,1,7,A,O,Routine,0
1755,64,36,60.08,49.59,40.9,53.44,751,2.079,1,28,A,O,Normal,0
1756,41,46,84.89,94.11,66.36,96.32,34,3.036,0,5,AB,A,Urgent,0
1757,40,68,79.85,16.63,3.59,86.33,952,3.087,0,28,O,O,Critical,1
1758,64,53,55.53,62.99,92.85,91.52,193,3.187,0,11,O,A,Urgent,0
1759,26,74,58.61,44.87,28.61,52.49,88,2.132,2,48,AB,O,Normal,0
1760,43,74,77.34,0.62,15.8,53.97,585,4.602,1,31,A,A,Critical,1
1761,50,20,86.99,95.64,33.89,61.5,618,1.449,0,30,A,A,Normal,1
1762,32,62,37.32,35.76,22.31,70.11,354,1.795,3,30,A,O,Normal,0
1763,34,29,74.96,99.13,72.51,53.32,462,1.705,1,5,O,O,Normal,0
1764,62,47,91.43,23.48,56.66,91.81,744,2.106,0,15,O,O,Critical,1
1765,,31,49.09,1.08,54.63,79.87,896,1.508,0,23,O,AB,Normal,0
1766,27,21,58.3,51.57,64.31,58.59,263,2.482,2,6,O,A,Critical,1
1767,62,69,81.25,73.77,95.02,65.73,163,1.178,0,7,O,O,Critical,1
1768,61,26,36.43,93.27,21.78,84.87,928,4.49,8,35,O,O,Urgent,0
1769,54,46,68.24,19.08,86.23,55.59,683,3.015,1,8,O,O,Urgent,1
1770,57,72,80.04,12.79,24.87,81.66,44,2.438,3,15,B,B,Urgent,1
1771,25,72,57.15,76.58,61.71,97.67,858,2.981,1,47,AB,A,Urgent,0
1772,62,41,28.41,96.19,2.93,60.16,8,0.797,1,21,O,O,Normal,0
1773,31,26,75.71,96.39,1.83,73.92,181,1.078,2,5,B,A,Urgent,0
1774,20,61,77.49,14.25,64.39,74.28,95,3.411,1,41,O,B,Routine,0
1775,36,26,91.95,35.6,43.34,54.13,963,4.162,0,10,B,O,Normal,1
1776,65,62,39.15,72.76,50.0,62.12,459,4.502,2,3,B,B,Critical,0
1777,20,66,82.03,40.96,46.88,54.26,284,2.533,1,46,AB,O,Urgent,0
1778,42,64,57.53,77.86,26.8,67.53,548,2.296,0,22,AB,O,Normal,0
1779,26,40,25.59,72.83,7.77,70.77,270,2.445,1,14,A,B,Normal,0
1780,22,56,37.6,46.76,19.87,45.31,613,2.076,2,34,O,A,Urgent,0
1781,54,63,59.45,73.67,93.15,60.19,704,3.484,0,9,O,O,Normal,0
1782,57,38,34.01,15.32,71.78,45.76,342,2.901,5,19,A,B,Critical,0
1783,37,21,39.4,99.65,24.15,89.3,412,2.899,7,16,O,O,Routine,0
1784,35,66,52.1,64.12,48.65,76.86,438,2.831,1,31,O,AB,Normal,0
1785,62,34,84.18,16.84,40.13,83.49,460,3.414,2,28,O,B,Normal,1
1786,68,64,83.85,31.03,43.7,45.86,443,1.096,0,4,A,O,Normal,0
1787,48,50,41.16,47.77,8.45,86.78,802,3.294,1,2,O,O,Routine,1
1788,25,59,34.7,16.18,81.9,52.53,511,3.287,0,34,A,A,Normal,0
1789,57,25,42.42,41.23,73.7,68.11,517,3.876,0,32,O,B,Normal,0
1790,34,45,64.69,58.3,37.59,86.51,702,3.193,8,11,A,A,Urgent,1
1791,39,45,84.37,50.75,39.51,83.13,648,2.497,1,6,A,B,Normal,1
1792,55,63,34.52,88.27,29.86,80.68,642,1.999,2,8,O,A,Routine,0
1793,53,30,35.44,69.39,7.2,87.97,669,3.107,3,23,B,O,Normal,0
1794,35,71,,25.22,85.04,59.73,669,2.31,0,36,A,O,Normal,0
1795,33,46,98.47,23.98,9.6,52.9,826,1.3,0,13,A,B,Critical,1
1796,24,39,41.89,21.36,20.79,46.51,318,4.374,4,15,B,O,Routine,0
1797,33,68,76.83,22.27,67.38,48.94,309,2.566,2,35,A,A,Normal,0
1798,58,33,81.23,75.64,35.86,56.92,280,2.399,1,25,B,A,Urgent,0
1799,26,66,93.28,53.19,88.99,71.68,59,2.529,4,40,O,O,Routine,0
1800,20,64,43.22,96.84,1.59,89.62,361,3.547,0,44,A,A,Urgent,0
1801,29,74,84.7,24.46,85.15,49.97,403,0.5,0,45,A,B,Urgent,0
1802,64,72,35.63,46.89,26.86,58.34,874,3.876,5,8,O,O,Urgent,1
1803,43,37,78.67,96.16,61.74,75.68,223,3.712,0,6,O,O,Normal,1
1804,36,42,36.52,31.78,55.35,62.21,112,1.898,1,6,B,B,Normal,0
1805,65,22,64.26,22.45,74.31,52.09,245,3.643,1,43,O,A,Normal,0
1806,58,50,98.18,31.7,12.27,59.17,294,3.034,0,8,A,O,Routine,0
1807,48,33,47.06,65.32,83.92,59.87,396,3.03,0,15,O,O,Normal,0
1808,68,45,43.7,44.34,22.5,79.38,836,2.113,2,23,B,O,Urgent,0
1809,39,25,86.79,13.05,88.62,98.65,967,3.361,1,14,A,B,Normal,0
1810,60,19,35.14,83.03,34.49,84.35,93,1.834,2,41,O,A,Normal,0
1811,59,33,91.43,62.96,98.47,74.23,137,2.34,2,26,O,B,Critical,1
1812,21,61,45.76,59.93,79.35,48.08,858,2.945,3,40,AB,A,Normal,0
1813,36,66,82.32,32.3,52.34,45.42,605,2.753,0,30,O,B,Critical,1
1814,26,29,33.11,0.89,83.79,78.07,422,2.021,1,3,A,A,Urgent,1
1815,32,55,46.44,19.38,3.54,55.69,876,2.299,1,23,O,O,Normal,1
1816,27,61,63.25,88.81,97.98,99.33,332,2.976,1,34,B,O,Normal,0
1817,40,56,56.0,82.76,18.5,82.6,790,2.966,1,16,O,B,Critical,1
1818,56,18,47.31,79.39,23.51,54.36,387,2.438,0,38,O,O,Routine,0
1819,49,62,58.73,71.56,0.46,52.48,506,1.905,2,13,O,O,Critical,1
1820,52,38,35.27,86.16,77.35,93.65,551,2.436,1,14,O,O,Urgent,0
1821,33,21,66.57,52.11,28.28,98.15,19,3.997,3,12,O,O,Routine,0
1822,40,24,43.62,71.99,13.65,81.04,640,2.743,5,16,A,O,Urgent,0
1823,56,23,53.29,56.32,6.19,46.13,421,2.799,1,33,O,A,Urgent,1
1824,62,37,41.63,19.48,53.66,65.74,851,1.702,0,25,A,A,Urgent,0
1825,57,62,53.41,48.76,69.98,74.32,345,1.874,2,5,O,O,Urgent,0
1826,26,27,73.01,6.07,33.01,77.21,195,2.373,2,1,A,O,Normal,1
1827,21,69,83.73,96.47,40.73,59.38,507,0.5,0,48,B,A,Normal,0
1828,56,51,72.86,22.86,44.66,54.71,849,2.857,1,5,B,A,Urgent,0
1829,29,62,80.46,73.39,81.9,45.58,86,2.49,1,33,O,A,Normal,0
1830,42,50,38.58,49.2,1.22,87.76,503,3.975,1,8,O,A,Normal,1
1831,64,36,35.7,63.73,78.66,89.68,153,0.871,2,28,O,O,Urgent,0
1832,32,26,42.06,55.87,77.79,52.26,309,2.938,0,6,B,O,Normal,0
1833,54,62,26.59,92.32,82.94,95.82,542,2.986,3,8,B,A,Urgent,0
1834,37,38,59.94,38.49,14.28,90.73,999,2.405,5,1,O,B,Urgent,1
1835,62,55,73.46,81.88,36.34,82.92,281,5.078,4,7,O,O,Urgent,0
1836,35,35,37.51,90.56,24.71,97.3,805,1.564,2,0,O,A,Normal,1
1837,37,54,81.39,26.93,69.31,61.37,671,3.639,8,17,O,B,Normal,1
1838,61,77,39.25,23.97,83.98,51.64,113,2.426,0,16,O,B,Normal,0
1839,54,57,67.64,63.12,41.25,68.16,963,2.281,0,3,O,A,Urgent,1
1840,32,33,56.01,9.53,90.02,94.43,890,2.73,0,1,O,A,Urgent,0
1841,25,54,33.66,16.65,72.76,83.54,971,3.785,2,29,O,O,Urgent,1
1842,25,74,67.04,8.39,52.98,89.27,454,3.647,1,49,A,A,Normal,1
1843,39,74,40.66,63.08,21.18,74.53,513,1.106,0,35,A,O,Normal,0
1844,26,32,72.68,49.53,25.25,67.82,780,2.475,2,6,A,B,Normal,0
1845,49,43,59.67,3.05,72.19,,970,1.661,2,6,O,A,Critical,1
1846,32,32,82.61,79.17,41.19,89.13,212,1.902,2,0,O,O,Normal,1
1847,40,19,92.99,36.75,91.68,62.64,177,2.855,1,21,AB,AB,Urgent,0
1848,37,59,61.67,58.69,92.75,92.12,677,2.721,0,22,O,B,Urgent,0
1849,56,48,51.91,37.76,68.06,96.86,697,2.001,2,8,O,O,Normal,1
1850,23,45,76.11,14.92,21.27,51.98,563,1.209,5,22,O,O,Normal,1
1851,59,27,49.68,39.57,39.63,70.36,253,0.94,0,32,AB,A,Normal,0
1852,25,52,43.85,47.02,17.96,93.4,731,4.778,1,27,O,B,Normal,0
1853,56,34,96.9,35.85,10.85,63.46,453,5.291,0,22,O,A,Normal,1
1854,53,23,87.26,87.38,34.43,74.93,78,3.871,0,30,A,A,Normal,0
1855,33,23,41.3,84.48,24.85,48.03,502,3.158,2,10,A,O,Normal,0
1856,33,51,77.94,90.33,74.43,71.58,707,3.026,0,18,A,A,Urgent,1
1857,28,71,66.51,1.13,93.57,64.43,771,1.894,0,43,O,O,Normal,0
1858,56,59,28.21,77.61,60.2,81.37,145,4.507,3,3,A,A,Normal,0
1859,20,72,60.66,63.48,43.6,56.93,64,2.314,1,52,O,B,Normal,0
1860,19,32,97.44,39.25,77.5,80.18,525,3.972,1,,B,B,Urgent,1
1861,24,47,85.04,65.77,37.35,86.71,602,2.258,2,23,B,A,Normal,0
1862,58,25,98.61,65.38,38.73,79.06,689,4.448,0,33,O,B,Critical,1
1863,64,41,87.85,73.82,16.6,72.14,,3.58,5,23,O,A,Urgent,0
1864,62,39,76.8,39.36,47.68,93.07,539,2.241,2,23,B,O,Normal,0
1865,51,29,68.42,76.16,44.7,77.86,148,2.149,3,22,O,A,Urgent,0
1866,43,70,81.78,81.09,27.18,75.81,598,2.303,0,27,A,A,Urgent,1
1867,31,30,37.63,30.01,77.61,73.52,17,1.105,1,1,B,O,Normal,0
1868,57,73,46.02,77.99,4.15,63.18,78,1.977,4,16,A,A,Urgent,0
1869,38,61,77.44,96.76,62.74,87.29,612,2.332,0,23,A,O,Normal,0
1870,65,60,81.91,74.9,82.66,45.7,907,4.125,0,5,O,B,Critical,0
1871,59,73,84.25,10.8,33.33,58.5,379,4.156,3,14,A,O,Normal,0
1872,50,64,73.91,51.48,7.9,79.33,999,4.169,1,14,B,O,Critical,0
1873,27,22,85.66,74.5,77.01,86.99,698,3.209,1,5,O,B,Urgent,1
1874,45,61,61.98,22.57,59.45,54.74,304,2.097,0,16,A,O,Normal,0
1875,39,51,87.55,95.07,25.74,87.25,969,,1,12,A,A,Normal,1
1876,22,70,97.01,34.43,62.16,72.72,448,1.117,0,48,AB,O,Normal,0
1877,25,67,55.7,15.86,74.71,98.66,621,2.892,2,42,A,O,Normal,0
1878,47,47,79.93,48.01,3.75,77.75,791,2.751,1,0,B,A,Critical,1
1879,61,69,32.39,45.38,44.06,98.36,323,2.506,0,8,O,B,Normal,0
1880,43,57,96.32,90.9,96.14,60.76,559,1.562,,14,B,O,Critical,0
1881,22,23,90.55,24.0,38.54,86.31,124,1.27,1,1,A,O,Normal,1
1882,41,36,63.67,22.74,2.48,47.49,57,2.946,0,5,B,A,Urgent,0
1883,59,47,38.2,74.34,97.45,69.58,225,0.5,1,12,A,B,Normal,0
1884,58,41,,54.77,24.5,83.11,342,0.533,1,17,B,O,Normal,0
1885,30,57,58.13,98.49,14.58,86.37,512,1.383,1,27,B,O,Normal,0
1886,42,33,96.98,44.16,51.93,55.26,324,2.348,0,9,O,O,Normal,1
1887,52,72,87.01,20.45,81.35,49.11,,4.011,1,20,A,A,Normal,1
1888,55,60,99.75,59.19,9.15,94.12,180,2.968,3,5,B,O,Normal,0
1889,48,19,26.3,35.36,89.03,49.66,189,3.409,1,29,A,AB,Urgent,0
1890,58,30,43.56,31.97,83.3,79.68,398,4.048,2,28,B,O,Normal,0
1891,63,51,98.11,31.65,51.77,72.68,151,2.469,0,12,O,O,Urgent,1
1892,48,33,58.33,97.41,5.79,97.88,745,3.007,0,15,O,O,Urgent,1
1893,22,60,25.5,99.53,76.19,80.01,828,1.517,1,38,B,O,Urgent,0
1894,46,25,95.12,46.13,82.05,,347,4.276,0,21,O,O,Normal,1
1895,21,68,65.34,60.37,88.05,85.25,999,5.146,1,47,O,O,Urgent,1
1896,32,58,83.36,95.01,16.82,59.28,334,0.694,0,26,O,A,Critical,0
1897,22,77,50.61,9.76,3.83,97.44,688,1.927,1,55,O,O,Routine,0
1898,46,56,75.37,34.3,7.59,71.54,593,0.5,2,10,B,A,Normal,0
1899,69,72,84.27,43.18,71.67,45.8,324,2.982,3,3,A,B,Normal,0
1900,25,25,40.36,50.39,20.35,90.89,886,2.252,0,0,AB,A,Normal,0
1901,48,29,63.31,41.13,40.87,45.64,561,1.188,0,19,O,O,Routine,1
1902,63,46,95.29,1.4,44.85,89.62,874,3.848,3,17,O,B,Normal,1
1903,25,33,50.27,24.08,75.08,92.96,680,2.666,7,8,A,O,Normal,0
1904,23,68,36.75,35.85,38.42,74.76,1000,4.85,3,45,O,B,Normal,0
1905,53,24,60.93,17.37,1.91,80.33,622,3.181,3,29,O,O,Critical,1
1906,32,54,85.28,51.68,56.79,76.06,752,1.291,0,22,A,O,Normal,0
1907,68,77,27.91,96.49,52.11,88.9,244,3.944,0,9,O,O,Routine,0
1908,36,22,73.81,84.91,87.88,87.52,904,3.837,2,14,O,O,Normal,0
1909,45,18,55.23,61.72,70.79,87.1,784,3.449,2,27,O,A,Normal,0
1910,26,42,26.13,24.27,69.94,50.58,,4.372,2,16,O,B,Urgent,0
1911,67,47,67.52,27.13,27.86,71.15,34,0.999,1,20,O,A,Critical,1
1912,36,46,50.38,40.73,16.23,62.73,305,4.036,0,10,B,O,Normal,0
1913,35,57,69.86,21.47,66.32,66.95,779,3.9,5,22,B,B,Normal,1
1914,40,66,99.86,66.31,53.07,53.0,578,0.866,7,26,O,B,Urgent,1
1915,67,37,81.12,66.59,80.09,86.61,1000,3.432,0,30,A,A,Urgent,1
1916,69,54,90.13,44.93,68.01,92.15,14,2.927,1,15,A,A,Critical,1
1917,18,58,86.99,81.01,71.19,65.71,682,2.959,0,40,A,A,Normal,0
1918,64,49,55.19,89.57,11.11,59.71,699,2.217,2,15,A,A,Urgent,0
1919,60,28,97.04,31.25,51.97,46.79,251,2.676,1,32,B,AB,Routine,1
1920,46,40,87.91,33.45,63.97,78.9,526,3.371,3,6,O,B,Normal,1
1921,20,60,26.78,80.98,40.13,99.09,743,2.488,3,40,O,O,Normal,1
1922,35,52,82.56,90.0,54.97,58.82,737,3.343,4,17,O,A,Urgent,1
1923,19,69,35.35,47.98,25.63,58.42,320,1.596,2,50,O,O,Normal,1
1924,24,77,34.99,59.02,61.81,69.21,32,1.503,0,53,O,B,Normal,0
1925,60,69,55.36,49.86,16.7,97.13,848,3.019,1,9,A,B,Normal,0
1926,39,27,57.76,58.62,73.82,52.49,809,2.513,0,12,O,A,Urgent,0
1927,67,33,28.57,72.15,80.57,68.51,250,2.011,1,34,A,O,Urgent,0
1928,49,26,82.5,77.64,52.83,79.76,979,3.083,0,23,AB,O,Routine,0
1929,29,24,76.59,89.95,81.72,57.63,939,3.03,1,5,O,A,Normal,0
1930,28,24,51.44,36.26,93.56,90.79,853,2.444,0,4,A,O,Urgent,0
1931,23,70,26.31,1.09,2.95,90.45,290,1.896,2,47,O,B,Urgent,0
1932,60,67,84.26,56.0,94.96,78.13,846,3.584,4,7,B,O,Critical,0
1933,32,76,66.76,44.91,15.05,53.89,419,3.554,1,44,O,B,Normal,0
1934,18,41,28.81,71.8,40.81,75.54,540,1.905,2,23,O,O,Urgent,0
1935,62,36,63.78,22.52,66.93,76.63,756,3.814,1,26,O,O,Routine,0
1936,44,41,60.97,1.1,81.65,55.27,885,3.884,1,3,A,O,Urgent,1
1937,62,45,89.59,26.93,78.75,91.88,301,3.912,0,17,AB,B,Critical,1
1938,46,62,49.69,55.21,66.79,93.67,691,4.557,0,16,B,B,Routine,0
1939,27,18,96.67,20.49,28.37,58.54,237,4.504,3,9,O,A,Urgent,1
1940,52,21,98.87,23.62,12.79,62.14,124,4.892,1,31,O,A,Routine,1
1941,53,44,43.14,46.79,7.0,52.94,398,1.809,0,9,A,A,Critical,1
1942,69,39,67.47,19.71,33.23,84.92,945,1.792,2,30,O,A,Routine,1
1943,39,41,65.02,,73.2,57.24,868,1.492,0,2,A,A,Urgent,0
1944,54,64,43.41,89.87,86.18,81.07,809,0.612,0,10,AB,B,Urgent,0
1945,58,71,69.93,35.26,20.6,66.19,151,1.657,0,13,O,A,Critical,1
1946,31,64,99.74,70.13,36.49,58.11,948,2.245,4,33,O,A,Critical,0
1947,64,62,29.05,82.63,81.48,88.8,665,3.778,0,2,O,O,Normal,0
1948,38,58,50.59,71.75,71.95,85.81,331,3.33,0,20,O,B,Critical,0
1949,69,29,77.5,4.99,55.45,62.97,143,2.652,0,40,O,O,Routine,1
1950,53,38,59.82,79.91,50.81,60.45,204,1.81,1,15,O,A,Normal,0
1951,63,61,56.0,0.85,9.3,63.82,408,2.108,0,2,B,AB,Normal,1
1952,34,51,57.05,65.53,58.69,65.4,290,3.533,1,17,B,A,Routine,0
1953,38,58,36.3,2.04,65.97,94.32,459,3.518,0,20,O,A,Routine,0
1954,22,55,59.01,15.07,51.33,83.88,727,2.814,0,33,O,B,Routine,0
1955,55,25,53.2,59.88,64.22,94.23,518,3.315,0,30,A,O,Urgent,0
1956,54,64,62.74,,58.61,63.0,972,0.584,0,10,A,O,Normal,0
1957,36,20,42.67,73.41,36.13,97.23,163,3.11,8,16,O,B,Normal,0
1958,25,47,62.48,54.03,69.51,53.74,190,2.196,0,22,A,A,Critical,1
1959,19,57,90.35,22.12,9.1,77.65,933,1.521,2,38,B,B,Urgent,1
1960,40,75,87.87,9.32,47.33,55.57,304,4.224,0,35,A,O,Urgent,0
1961,36,76,73.42,18.5,10.68,73.77,851,3.4,4,40,O,B,Critical,1
1962,47,52,92.73,43.54,66.04,99.05,175,0.602,4,5,A,A,Normal,1
1963,49,20,72.29,3.49,49.8,49.45,330,2.397,1,29,A,O,Normal,0
1964,31,67,53.58,79.23,36.8,92.11,2,5.744,1,36,A,B,Urgent,0
1965,21,34,53.1,24.77,66.33,90.1,106,0.7,0,13,A,A,Routine,1
1966,21,57,33.37,51.83,9.24,52.29,340,4.147,0,36,O,A,Urgent,1
1967,19,52,50.69,90.83,56.07,99.89,477,3.569,1,33,O,B,Routine,0
1968,35,73,75.07,36.98,84.2,87.11,5,2.116,2,38,O,O,Normal,0
1969,45,60,60.63,48.55,11.66,65.66,517,1.368,0,15,A,O,Normal,0
1970,46,23,66.8,31.69,67.19,83.16,697,4.314,5,23,B,A,Normal,0
1971,20,38,57.68,3.75,94.65,48.76,141,5.187,1,18,O,O,Urgent,1
1972,38,58,25.74,25.79,55.08,89.45,859,3.244,2,20,O,O,Normal,1
1973,18,56,57.39,22.52,18.71,81.66,738,1.215,1,38,AB,B,Critical,0
1974,68,61,74.41,50.61,19.31,71.76,20,1.799,5,7,A,B,Urgent,0
1975,63,43,71.31,7.0,6.82,93.92,215,5.096,1,20,O,B,Urgent,1
1976,26,36,56.63,49.52,15.67,58.29,615,4.258,0,10,O,A,Normal,1
1977,29,50,34.41,88.79,31.12,97.31,876,4.833,3,21,O,A,Critical,0
1978,57,75,26.5,68.12,9.32,46.63,175,0.632,2,18,A,O,Critical,0
1979,58,76,56.9,52.48,17.53,87.98,576,3.002,0,18,O,O,Normal,1
1980,54,27,32.71,29.64,2.6,74.77,74,2.503,1,27,O,O,Normal,0
1981,49,70,52.83,28.3,52.27,88.04,244,3.923,1,21,B,O,Urgent,0
1982,67,43,96.62,62.62,70.8,79.37,425,3.662,1,24,A,O,Normal,1
1983,59,62,36.97,15.56,55.29,56.12,856,4.059,2,3,O,B,Normal,1
1984,47,30,43.91,67.25,25.55,91.31,526,1.395,1,17,B,A,Urgent,0
1985,34,72,94.92,55.95,70.68,56.7,762,2.507,0,38,O,O,Normal,0
1986,52,,54.58,25.29,98.42,97.7,866,3.158,1,22,O,O,Normal,0
1987,28,56,65.93,28.36,16.35,69.04,527,3.353,0,28,B,O,Normal,0
1988,44,40,54.52,42.65,11.1,69.04,94,1.721,2,4,O,B,Normal,1
1989,27,61,92.19,60.7,95.24,60.51,954,2.644,0,34,B,O,Critical,0
1990,23,29,63.53,41.4,0.03,62.49,319,1.882,5,6,O,A,Critical,1
1991,39,61,45.08,67.54,38.64,85.04,717,4.292,3,22,O,B,Normal,0
1992,53,28,94.51,51.05,82.9,85.09,525,4.544,3,25,B,O,Urgent,0
1993,54,44,89.77,86.35,45.75,52.57,502,1.109,3,10,O,O,Routine,1
1994,42,67,48.72,87.6,6.88,49.43,391,2.952,1,25,A,A,Critical,1
1995,43,55,40.28,11.12,39.04,74.59,246,2.554,1,12,B,A,Normal,0
1996,59,75,95.07,41.0,38.75,62.33,690,3.919,0,16,A,O,Normal,1
1997,45,64,79.28,52.78,73.04,91.78,673,1.568,1,19,B,B,Routine,1
1998,21,24,57.21,65.93,16.14,80.73,959,3.004,6,3,A,AB,Routine,0
1999,20,19,50.4,15.54,40.1,,603,4.393,1,1,B,A,Critical,1
2000,69,45,77.95,25.45,10.63,69.64,595,2.877,1,24,O,O,Urgent,1
2001,35,44,57.32,74.79,85.7,77.51,998,2.516,3,9,A,B,Critical,0
2002,66,45,33.32,38.47,32.28,46.92,354,2.1,5,21,O,O,Routine,1
2003,52,64,83.71,85.31,84.06,89.55,754,4.551,0,12,B,O,Urgent,1
2004,56,21,68.05,89.51,77.24,63.76,433,3.01,0,35,B,B,Normal,0
2005,68,52,77.37,40.26,44.0,91.51,74,2.487,0,16,A,B,Critical,0
2006,49,40,46.33,6.27,27.24,72.94,188,2.836,8,9,A,A,Urgent,0
2007,49,46,81.68,33.12,58.14,73.56,874,2.116,1,3,AB,O,Normal,1
2008,65,74,97.36,2.7,69.2,87.78,928,1.776,0,9,A,B,Routine,0
2009,39,56,29.52,85.58,75.45,60.24,203,2.755,3,17,B,A,Urgent,0
2010,55,35,28.75,19.32,2.02,91.06,789,2.247,2,20,AB,A,Normal,0
2011,37,37,33.75,59.69,62.41,64.12,516,3.27,1,0,AB,B,Urgent,0
2012,20,55,77.7,61.5,5.13,58.4,762,0.877,3,35,A,O,Urgent,0
2013,66,33,99.43,7.59,3.66,76.35,255,3.889,1,33,A,O,Urgent,0
2014,56,46,85.73,53.97,49.02,97.18,730,2.65,0,10,A,A,Urgent,1
2015,53,25,42.69,24.87,7.22,80.92,624,2.692,6,28,B,A,Routine,0
2016,35,64,78.3,62.61,19.47,58.61,717,3.308,3,29,O,B,Critical,1
2017,56,63,51.54,7.76,97.34,84.87,122,1.657,1,7,B,AB,Critical,0
2018,68,46,27.05,39.46,70.63,69.0,946,3.053,0,22,O,B,Urgent,1
2019,59,70,32.69,64.13,10.56,71.22,441,2.068,2,11,B,B,Normal,0
2020,44,69,38.78,47.54,73.92,59.37,308,2.523,1,25,A,A,Routine,0
2021,40,39,31.28,37.48,60.99,51.57,702,2.828,0,,B,O,Urgent,0
2022,38,35,94.26,94.49,29.79,74.24,669,2.022,1,3,B,O,Normal,0
2023,58,19,41.28,39.23,14.33,79.29,51,3.469,6,39,O,AB,Urgent,0
2024,23,37,94.52,74.26,12.06,79.45,498,1.436,1,14,A,O,Normal,0
2025,62,48,29.66,72.08,33.89,48.78,930,0.895,0,14,A,A,Routine,0
2026,64,29,85.8,83.75,75.55,49.7,522,2.75,0,35,A,A,Urgent,1
2027,69,46,74.68,37.67,76.24,92.27,130,4.559,2,23,A,B,Normal,0
2028,44,56,42.84,88.2,16.33,67.09,186,1.642,1,12,O,O,Normal,0
2029,57,37,64.38,91.84,56.58,89.02,765,1.423,7,20,O,O,Normal,0
2030,68,24,69.85,19.28,47.6,51.51,657,2.37,2,44,B,O,Urgent,0
2031,29,63,75.52,51.66,97.94,64.81,743,2.357,1,34,O,A,Normal,0
2032,42,25,57.95,13.94,9.27,58.53,356,2.6,3,17,O,O,Routine,0
2033,31,22,49.8,46.05,83.6,66.8,772,2.138,8,9,B,O,Urgent,0
2034,59,35,86.37,79.31,83.95,75.89,863,1.788,0,24,B,AB,Routine,0
2035,37,43,32.17,30.86,2.42,91.35,611,3.699,2,6,A,A,Normal,1
2036,54,32,99.23,97.02,57.01,51.07,987,0.649,2,22,O,A,Urgent,1
2037,40,39,37.93,39.02,63.8,71.74,946,1.305,0,1,B,O,Urgent,0
2038,26,18,46.16,91.01,93.98,84.69,675,3.051,0,8,A,A,Urgent,1
2039,51,50,97.77,88.64,98.0,64.55,761,2.57,0,1,B,AB,Urgent,1
2040,25,29,75.04,99.62,31.07,49.77,493,3.662,0,4,A,O,Normal,0
2041,20,50,95.77,47.36,81.03,61.69,672,2.775,0,30,O,A,Normal,0
2042,49,61,42.79,37.96,52.77,79.83,548,1.103,1,12,O,B,Normal,1
2043,24,59,66.23,15.57,34.26,92.55,928,2.811,0,35,O,A,Critical,1
2044,51,65,75.68,24.14,69.01,64.66,473,1.511,3,14,B,B,Critical,1
2045,31,69,60.9,64.17,38.33,51.76,991,3.368,6,38,A,A,Urgent,1
2046,28,27,78.07,2.5,91.36,72.53,829,3.292,0,1,A,O,Normal,1
2047,29,68,76.58,56.95,1.21,54.24,349,1.057,1,39,B,B,Urgent,1
2048,54,40,99.97,,2.99,80.63,77,1.96,0,14,O,A,Routine,1
2049,22,57,46.27,3.55,32.41,50.34,530,2.111,0,35,O,B,Critical,1
2050,68,64,38.43,80.5,58.54,69.4,777,2.827,3,4,A,A,Normal,0
2051,42,29,27.88,60.87,43.33,55.51,170,3.294,0,13,B,B,Urgent,0
2052,32,46,38.64,12.44,46.95,93.27,376,3.509,3,14,B,A,Normal,0
2053,49,42,91.84,24.97,48.57,51.53,748,2.34,2,7,A,A,Routine,1
2054,45,27,77.6,70.6,62.29,90.33,724,3.858,7,18,O,O,Routine,0
2055,47,52,92.22,57.67,24.63,73.53,734,3.883,0,5,O,O,Normal,1
2056,53,38,53.7,3.88,67.15,91.73,943,2.844,0,15,B,A,Urgent,0
2057,41,63,65.76,57.95,76.54,89.11,323,2.678,0,22,A,A,Normal,1
2058,51,24,80.39,22.42,99.37,84.13,546,4.432,5,27,A,B,Normal,0
2059,54,28,94.57,16.48,25.48,83.17,602,1.411,1,26,O,O,Routine,1
2060,65,21,86.97,17.05,31.63,65.81,656,4.148,2,44,O,A,Normal,0
2061,57,19,72.67,81.45,23.04,58.24,96,2.406,2,38,O,A,Critical,0
2062,50,72,77.71,65.45,48.45,81.81,336,2.49,0,22,O,A,Urgent,0
2063,19,75,53.84,56.91,33.01,47.75,718,4.207,0,56,A,A,Urgent,0
2064,54,20,71.21,92.7,74.79,85.03,864,1.176,2,34,B,O,Urgent,0
2065,61,49,78.09,26.26,65.18,46.28,584,3.155,0,12,O,O,Routine,0
2066,57,29,81.37,33.82,96.55,79.52,389,3.938,1,28,AB,B,Routine,0
2067,54,50,30.2,76.08,67.3,64.61,511,4.402,1,4,B,O,Normal,0
2068,61,58,50.92,62.93,84.0,92.28,539,4.539,0,3,O,AB,Urgent,0
2069,21,62,61.92,83.8,84.69,70.51,950,2.903,5,41,A,B,Normal,0
2070,39,25,63.08,50.01,45.42,54.16,266,2.984,2,14,B,B,Normal,1
2071,58,40,64.52,15.12,9.92,63.61,603,3.0,1,18,O,O,Normal,0
2072,32,70,64.07,79.62,87.62,55.19,220,4.152,7,38,O,B,Urgent,0
2073,44,52,65.32,79.98,44.59,96.46,443,4.364,2,8,B,B,Urgent,1
2074,44,24,64.34,23.86,63.92,64.17,766,2.677,,20,A,A,Critical,1
2075,45,22,45.59,35.06,63.18,83.12,943,2.751,3,23,O,AB,Normal,0
2076,45,47,43.07,85.92,73.71,52.63,947,5.459,0,2,A,O,Normal,0
2077,65,70,76.68,98.74,70.76,92.23,33,2.678,1,5,O,AB,Routine,0
2078,42,64,75.33,95.62,92.09,85.88,500,3.193,0,22,B,O,Urgent,0
2079,46,54,65.81,29.09,39.14,88.03,651,2.24,1,8,A,B,Urgent,0
2080,41,25,58.38,7.13,39.85,92.25,180,3.135,0,16,O,O,Normal,0
2081,48,68,96.59,17.79,43.34,47.12,704,2.869,3,20,A,O,Urgent,1
2082,27,59,47.53,20.61,52.72,54.91,758,2.363,1,32,O,O,Routine,1
2083,29,55,45.77,33.91,3.96,96.47,920,2.605,1,26,O,A,Normal,1
2084,55,33,70.08,21.02,46.17,64.35,123,2.924,4,22,B,B,Critical,1
2085,38,39,65.63,19.45,84.51,54.39,435,3.626,5,1,AB,A,Routine,0
2086,62,18,41.59,43.77,56.27,65.46,986,2.512,2,44,B,A,Critical,0
2087,29,40,60.14,21.47,44.99,99.72,970,1.742,4,11,O,B,Normal,0
2088,30,31,28.11,96.68,57.64,71.28,181,1.481,4,1,B,O,Urgent,0
2089,32,56,91.84,81.69,28.43,68.98,112,1.657,1,24,A,A,Urgent,1
2090,40,71,85.19,39.76,42.93,79.13,126,3.587,0,31,A,O,Routine,0
2091,67,21,26.13,18.57,47.19,95.07,195,2.064,5,46,O,A,Normal,0
2092,34,77,30.98,13.95,92.59,79.85,62,2.449,0,43,O,B,Routine,0
2093,65,71,70.07,28.05,30.53,78.43,535,4.411,4,6,AB,O,Normal,0
2094,40,64,98.14,53.6,40.73,94.25,193,2.638,0,24,O,A,Urgent,1
2095,61,29,64.63,28.73,99.64,70.15,210,1.878,2,32,O,B,Critical,0
2096,28,50,26.54,29.53,70.91,71.01,795,2.539,7,22,O,O,Critical,0
2097,37,64,71.51,62.31,91.83,54.35,291,3.1,0,27,O,AB,Routine,0
2098,40,65,33.18,66.42,72.45,86.7,384,4.213,2,25,O,O,Normal,0
2099,61,67,67.87,5.88,61.05,76.33,807,1.869,0,6,B,O,Critical,0
2100,35,37,56.44,49.18,21.24,60.5,767,2.415,0,2,O,B,Normal,1
2101,63,62,97.81,30.77,73.46,70.26,105,2.625,2,1,B,A,Normal,0
2102,37,28,76.16,39.24,95.61,49.82,184,1.33,0,9,O,AB,Critical,0
2103,34,46,77.69,90.39,56.87,65.71,62,2.32,4,12,O,B,Urgent,1
2104,50,40,45.94,40.49,30.16,54.71,421,1.885,0,10,B,B,Urgent,1
2105,30,57,91.76,15.36,14.51,72.7,14,0.5,5,27,A,A,Urgent,1
2106,21,21,71.52,25.27,10.61,99.14,482,3.268,0,0,O,O,Normal,1
2107,39,63,89.66,47.62,20.72,45.85,798,,2,24,A,O,Urgent,0
2108,42,26,85.03,29.0,90.51,75.66,81,1.363,2,,O,O,Urgent,1
2109,37,20,32.54,7.53,1.92,56.43,554,2.061,0,17,O,A,Routine,1
2110,31,74,93.58,88.29,99.39,47.58,892,4.318,1,43,A,A,Normal,0
2111,65,63,81.4,23.77,65.94,93.32,466,4.12,0,2,A,O,Urgent,1
2112,50,67,81.69,41.96,67.93,86.54,976,3.629,2,17,O,A,Normal,1
2113,58,73,93.52,10.42,14.94,51.81,61,2.06,2,15,B,O,Routine,0
2114,47,21,52.78,76.02,6.21,91.89,206,2.156,0,26,O,O,Urgent,0
2115,40,24,85.61,12.61,33.95,45.13,256,4.475,1,16,B,O,Critical,1
2116,34,20,77.7,92.27,75.76,78.77,288,2.246,3,14,AB,B,Urgent,0
2117,40,41,34.26,23.26,33.71,79.37,63,0.5,3,1,B,O,Urgent,1
2118,,36,92.58,4.85,96.88,71.53,455,2.775,0,1,O,A,Urgent,1
2119,33,45,30.66,30.73,72.78,59.26,499,4.349,4,12,O,A,Normal,0
2120,33,26,40.02,27.86,7.89,91.58,693,0.993,1,7,A,O,Normal,0
2121,55,71,52.09,88.69,72.07,80.26,978,0.854,0,16,B,A,Normal,0
2122,38,21,99.44,21.09,61.43,61.5,399,3.953,0,17,O,A,Normal,1
2123,23,21,37.97,55.35,47.63,91.02,258,2.957,4,2,O,O,Normal,0
2124,24,69,26.88,26.7,93.61,45.33,341,4.456,0,45,A,A,Urgent,0
2125,35,58,60.89,47.39,39.51,91.95,737,2.652,1,23,A,A,Urgent,1
2126,25,32,91.5,3.59,29.1,48.85,678,3.722,2,7,B,A,Normal,0
2127,60,35,93.96,49.94,10.54,94.26,141,1.698,2,25,O,O,Normal,1
2128,35,60,48.89,76.89,82.22,45.75,295,1.946,2,25,B,A,Normal,0
2129,64,70,55.83,23.12,70.03,95.8,450,2.734,1,6,O,AB,Urgent,1
2130,59,61,34.46,3.42,25.95,45.77,110,2.844,0,2,A,B,Urgent,0
2131,54,19,95.22,96.44,47.29,61.96,24,2.214,4,35,B,O,Routine,0
2132,60,68,91.65,29.33,76.98,52.69,178,1.182,0,8,A,A,Urgent,1
2133,19,32,62.81,82.65,97.93,61.56,240,2.649,0,13,A,A,Urgent,1
2134,56,63,32.0,9.93,46.82,55.35,61,2.476,0,7,AB,B,Normal,0
2135,62,61,84.67,3.94,5.53,69.57,586,3.207,0,1,O,A,Normal,1
2136,41,67,59.63,89.06,49.31,64.15,649,3.845,0,26,A,A,Normal,0
2137,36,47,73.91,78.05,56.13,65.56,160,4.219,1,11,O,AB,Critical,1
2138,67,54,62.91,52.86,60.67,79.5,368,1.937,0,13,B,B,Urgent,0
2139,45,58,30.77,36.81,10.77,62.89,339,2.08,3,13,O,O,Normal,0
2140,66,37,36.74,5.68,39.98,50.16,875,5.183,1,29,O,A,Normal,1
2141,58,62,91.43,51.98,88.03,51.06,206,2.163,1,4,O,O,Urgent,1
2142,58,35,66.16,19.2,60.65,89.45,460,2.701,0,23,B,A,Urgent,0
2143,61,25,64.99,46.4,8.25,85.18,571,1.764,2,36,O,A,Urgent,0
2144,69,22,64.53,19.66,62.3,74.13,327,3.593,2,47,O,B,Normal,0
2145,56,42,25.42,15.97,1.15,85.44,89,3.323,0,14,O,A,Urgent,0
2146,54,44,54.07,27.18,61.85,58.67,645,0.819,0,10,B,A,Normal,1
2147,36,35,72.78,19.68,,61.32,489,3.459,1,1,O,A,Normal,1
2148,66,71,72.2,79.86,68.62,65.52,692,1.816,0,5,A,O,Normal,0
2149,27,34,45.59,51.39,77.07,47.57,623,3.138,0,7,A,B,Urgent,0
2150,30,27,96.5,89.63,80.15,75.29,915,3.129,0,3,O,A,Critical,1
2151,37,46,39.88,,56.33,95.29,252,1.731,1,9,A,O,Critical,0
2152,59,76,62.92,83.25,38.13,85.05,642,3.262,,17,O,O,Urgent,1
2153,55,59,63.99,24.9,50.5,88.82,888,1.788,0,4,O,O,Normal,1
2154,40,59,50.46,33.35,70.91,72.82,146,1.675,1,19,B,A,Critical,0
2155,42,71,91.87,56.69,1.1,80.36,526,1.525,0,29,AB,A,Urgent,1
2156,34,53,64.32,82.83,2.34,84.63,944,1.363,2,19,A,B,Normal,0
2157,61,64,81.6,32.4,22.39,66.1,889,1.819,2,3,O,A,Urgent,1
2158,53,57,27.25,53.38,13.05,61.69,189,1.904,4,4,B,B,Normal,0
2159,51,29,44.7,37.16,36.24,94.9,582,1.805,3,22,O,B,Normal,1
2160,41,38,71.45,15.26,98.11,61.54,76,3.383,1,3,O,O,Urgent,1
2161,,58,77.42,30.13,99.57,76.4,636,2.286,1,27,A,O,Critical,0
2162,22,77,77.13,97.26,42.54,90.29,,2.927,0,55,B,B,Urgent,1
2163,37,72,61.07,5.74,81.29,92.78,35,3.612,3,35,B,B,Routine,0
2164,68,72,62.79,94.23,33.26,62.48,234,2.025,0,4,O,A,Urgent,0
2165,44,63,59.12,89.35,50.43,59.22,701,2.387,0,19,A,A,Critical,0
2166,21,59,98.05,90.11,39.17,61.18,645,3.575,3,38,B,A,Critical,0
2167,22,63,97.4,47.56,26.4,77.29,659,3.704,0,41,B,O,Routine,0
2168,64,73,83.24,24.18,37.97,96.26,635,3.92,1,9,A,A,Routine,1
2169,26,52,86.89,33.74,34.61,77.74,726,4.01,0,26,O,O,Critical,1
2170,32,30,28.25,91.96,99.54,75.19,698,3.383,3,2,A,O,Urgent,0
2171,46,60,92.23,62.45,71.64,73.02,55,1.34,0,14,O,A,Urgent,0
2172,58,44,41.76,4.95,27.43,85.62,,0.59,1,14,O,A,Routine,1
2173,,72,57.0,49.72,25.17,60.51,9,3.1,2,4,A,A,Normal,1
2174,19,22,57.81,68.37,23.36,80.6,363,2.667,1,3,B,B,Urgent,1
2175,62,55,97.86,70.82,24.41,51.15,124,1.411,1,7,O,O,Routine,1
2176,37,57,47.16,43.08,14.52,93.29,28,2.408,0,20,O,O,Critical,0
2177,61,29,73.35,47.78,67.05,82.48,514,2.987,1,32,O,B,Critical,1
2178,19,49,59.78,46.01,45.37,53.05,800,1.545,7,30,A,B,Urgent,0
2179,47,29,27.32,98.04,75.81,89.86,751,3.405,8,18,O,A,Urgent,0
2180,63,33,68.23,29.71,62.29,82.99,666,1.905,2,30,O,O,Critical,1
2181,62,35,81.71,47.43,35.38,76.94,860,4.236,4,27,B,O,Normal,0
2182,56,74,49.86,54.24,91.66,51.45,785,2.102,0,18,A,O,Urgent,0
2183,50,61,40.51,41.37,2.06,74.78,604,2.512,6,11,O,A,Routine,0
2184,28,31,97.87,88.92,14.71,90.05,136,4.112,1,3,A,A,Routine,1
2185,59,29,55.55,60.43,22.79,90.81,308,,0,30,A,B,Normal,0
2186,46,71,86.33,89.49,76.71,79.59,194,3.876,1,25,A,O,Normal,0
2187,26,52,98.18,97.27,39.45,75.62,450,2.633,2,26,A,O,Urgent,0
2188,38,69,61.11,67.98,53.8,91.32,54,4.005,3,31,AB,A,Urgent,0
2189,58,70,55.26,59.09,15.94,51.76,195,0.579,8,12,O,B,Normal,1
2190,32,35,33.06,8.97,44.98,92.25,763,2.883,0,3,A,A,Urgent,1
2191,21,56,45.89,7.96,68.26,96.21,763,4.751,0,35,O,B,Urgent,0
2192,25,72,33.69,56.42,8.76,99.55,300,2.611,0,47,O,O,Routine,0
2193,43,41,98.8,21.04,6.83,70.91,224,2.338,2,2,B,B,Routine,1
2194,50,56,25.65,11.14,15.89,92.59,554,2.778,1,6,O,A,Critical,1
2195,64,72,30.54,23.06,62.27,56.86,64,1.561,0,8,B,B,Urgent,0
2196,48,55,62.75,41.13,72.15,80.89,34,2.498,2,7,O,A,Normal,1
2197,22,31,30.82,82.62,21.41,90.28,898,2.45,2,9,O,O,Normal,0
2198,33,32,32.85,47.32,30.59,46.38,746,2.665,1,1,AB,B,Normal,0
2199,69,19,84.03,71.96,95.3,81.19,135,3.157,4,50,B,O,Routine,0
2200,67,29,85.29,1.93,22.56,97.66,152,1.878,4,38,B,O,Urgent,0
2201,52,44,46.78,75.27,90.17,93.6,132,0.932,0,8,O,B,Normal,0
2202,48,19,54.96,20.82,60.19,92.62,934,3.972,0,29,A,O,Urgent,1
2203,43,47,34.57,55.08,76.14,87.27,852,1.815,0,4,A,B,Normal,0
2204,36,69,47.66,1.0,88.69,80.27,490,3.963,0,33,B,O,Normal,0
2205,34,76,96.67,14.54,34.99,71.74,135,3.738,3,42,A,O,Normal,0
2206,64,30,54.55,47.73,56.48,72.4,327,1.315,4,34,O,O,Normal,0
2207,29,76,69.96,75.17,56.35,95.95,707,2.679,2,47,O,O,Critical,1
2208,47,60,33.63,46.71,98.87,96.12,851,4.009,2,13,O,B,Normal,1
2209,54,35,54.14,11.45,42.08,71.96,620,4.233,3,19,B,B,Urgent,1
2210,42,49,30.22,83.13,39.25,66.82,312,2.479,8,7,B,A,Routine,0
2211,30,74,47.03,60.22,80.1,74.18,356,2.091,3,44,A,A,Urgent,0
2212,27,40,57.93,13.43,90.61,91.26,922,2.38,5,13,O,A,Normal,0
2213,66,30,74.17,87.38,50.0,58.88,565,2.836,1,36,O,B,Routine,0
2214,64,22,35.38,49.72,74.27,61.79,147,2.137,0,42,B,O,Critical,0
2215,44,41,92.39,9.28,7.9,95.47,932,2.218,1,3,O,O,Urgent,1
2216,39,35,62.54,84.85,33.94,93.19,584,3.752,0,4,A,A,Routine,1
2217,40,35,50.14,12.83,81.49,82.96,4,2.517,0,5,A,B,Urgent,0
2218,67,39,62.19,80.66,92.28,59.43,32,3.919,1,28,B,B,Routine,0
2219,28,67,29.19,65.59,6.51,79.11,677,1.032,1,39,O,A,Normal,0
2220,30,32,34.49,58.55,15.86,70.11,15,1.599,6,2,A,B,Urgent,0
2221,67,46,77.63,41.29,31.13,63.79,19,2.906,1,21,O,O,Normal,1
2222,61,75,47.82,96.02,58.33,68.66,407,1.427,0,14,A,B,Urgent,0
2223,,69,65.7,14.69,21.9,96.24,871,2.021,1,31,A,AB,Normal,1
2224,66,19,65.94,93.03,38.1,78.68,388,3.618,4,47,O,A,Urgent,0
2225,48,66,49.55,58.29,32.13,54.19,28,1.42,0,18,B,O,Routine,0
2226,26,60,29.93,42.48,81.73,87.26,547,2.157,5,34,O,A,Critical,0
2227,45,75,42.93,74.63,47.53,58.86,293,2.272,1,30,O,B,Urgent,0
2228,65,68,52.17,45.57,23.21,61.99,753,1.474,2,3,A,O,Urgent,0
2229,49,65,59.16,69.89,37.88,82.07,144,2.293,0,16,O,B,Critical,0
2230,52,66,87.29,6.51,69.28,97.05,94,4.436,0,14,B,B,Urgent,1
2231,39,20,65.26,10.68,37.76,84.05,934,2.492,2,19,B,B,Urgent,1
2232,43,24,35.23,85.24,5.63,52.12,570,2.213,0,19,B,A,Critical,0
2233,29,25,61.64,23.26,58.72,84.17,874,2.631,2,4,AB,A,Routine,0
2234,34,35,26.65,14.91,49.08,68.4,696,2.587,2,1,A,O,Urgent,0
2235,37,65,92.16,58.64,46.02,77.04,727,3.504,0,28,B,O,Urgent,1
2236,25,60,94.46,0.06,7.17,68.44,610,1.879,0,35,O,O,Normal,1
2237,50,25,91.23,44.47,90.18,82.34,477,0.5,2,25,A,B,Routine,0
2238,54,40,58.88,97.76,22.34,95.31,286,3.531,0,14,O,O,Urgent,0
2239,42,27,81.56,32.61,71.85,67.35,178,1.171,0,15,B,A,Normal,0
2240,44,40,98.36,88.93,68.57,66.18,362,2.751,2,4,B,O,Urgent,0
2241,25,22,33.49,59.43,22.14,91.96,657,3.442,0,3,AB,B,Normal,0
2242,56,31,84.68,75.87,73.76,77.38,333,2.687,,25,O,A,Urgent,0
2243,46,68,88.98,5.77,1.02,60.4,137,3.497,1,22,A,O,Normal,1
2244,38,75,58.34,7.07,94.08,81.19,340,2.704,0,37,B,B,Normal,1
2245,43,25,98.41,58.96,76.9,93.7,123,2.26,2,18,O,O,Normal,1
2246,64,67,89.77,62.69,92.7,48.07,897,2.104,4,3,A,O,Normal,0
2247,33,25,56.37,81.23,47.73,67.35,218,2.356,1,,O,O,Normal,0
2248,47,39,54.35,25.72,90.9,69.96,721,3.1,1,8,O,A,Normal,0
2249,34,34,91.48,11.71,31.41,49.39,399,2.126,6,0,O,B,Urgent,1
2250,49,24,31.43,83.16,72.03,76.54,798,3.189,2,25,B,B,Normal,0
2251,26,53,89.77,65.53,27.46,56.45,531,4.421,1,27,B,A,Critical,0
2252,64,25,90.54,40.51,87.13,82.58,902,1.621,0,39,O,B,Normal,1
2253,43,44,51.79,63.19,17.02,75.14,654,2.415,0,1,O,O,Critical,1
2254,22,55,62.89,58.53,44.43,96.79,928,4.711,2,33,O,A,Critical,0
2255,68,26,38.64,2.46,51.99,75.32,5,,2,42,O,B,Critical,0
2256,53,56,30.6,52.41,74.77,46.26,150,0.5,3,3,O,A,Critical,0
2257,58,59,30.47,16.09,93.04,85.68,709,2.238,3,1,A,O,Urgent,0
2258,35,27,86.58,36.74,83.19,64.87,89,1.707,0,8,O,A,Normal,0
2259,30,31,85.92,60.3,56.83,61.77,85,0.692,0,1,A,O,Normal,0
2260,28,71,43.96,89.01,11.32,85.58,401,4.215,6,43,B,O,Normal,0
2261,18,48,44.36,94.41,15.12,52.28,580,1.768,0,30,A,A,Urgent,1
2262,61,23,44.13,29.75,99.09,76.39,20,2.525,0,38,O,O,Critical,0
2263,60,71,79.72,71.29,28.26,90.87,483,3.324,4,11,O,A,Urgent,1
2264,53,71,81.43,32.72,41.38,48.77,224,2.011,1,18,B,O,Urgent,0
2265,47,43,74.63,92.52,73.26,69.22,41,2.318,6,4,O,B,Normal,0
2266,69,35,35.67,83.99,63.12,81.94,612,1.476,5,34,A,A,Critical,0
2267,51,64,57.28,5.0,42.45,93.04,840,2.02,1,13,O,B,Urgent,1
2268,21,26,77.8,79.66,48.75,77.02,973,1.899,4,5,A,A,Normal,1
2269,41,45,92.37,22.93,70.35,99.27,508,2.803,0,4,A,O,Urgent,1
2270,30,49,28.05,1.62,15.9,81.45,566,4.625,6,19,AB,A,Critical,0
2271,18,61,39.7,67.79,62.23,71.36,486,1.71,1,43,O,O,Urgent,0
2272,41,44,51.31,29.47,6.62,78.23,,2.941,2,3,B,A,Normal,1
2273,38,39,75.2,96.95,28.5,49.79,787,3.363,1,1,O,AB,Normal,0
2274,21,40,88.07,31.76,78.45,94.22,189,2.802,1,19,O,O,Normal,1
2275,52,27,83.97,25.98,15.1,49.59,327,4.401,2,25,A,O,Urgent,0
2276,61,48,73.13,54.23,76.47,76.23,128,1.663,0,13,B,O,Critical,0
2277,29,31,90.49,99.94,21.87,48.78,450,2.965,2,2,A,O,Normal,0
2278,32,63,59.3,76.89,81.1,66.87,895,2.28,2,31,AB,A,Urgent,0
2279,49,61,56.74,37.28,60.98,94.37,383,1.231,3,12,B,B,Normal,1
2280,43,20,74.01,37.77,27.8,89.64,113,2.605,0,23,O,O,Urgent,1
2281,66,48,28.1,79.37,73.93,78.42,122,3.007,0,18,A,B,Urgent,0
2282,28,63,63.48,,61.59,93.78,590,2.793,3,35,O,O,Normal,1
2283,57,22,70.28,82.18,36.14,93.43,543,2.539,0,35,AB,A,Normal,0
2284,50,60,67.61,71.89,76.43,94.32,778,4.135,0,10,O,O,Normal,1
2285,39,49,47.69,71.36,39.25,71.5,278,2.334,2,10,A,O,Critical,0
2286,51,67,71.17,54.66,32.78,89.64,554,5.135,1,16,A,B,Normal,0
2287,18,46,96.24,94.41,57.77,76.77,945,3.131,3,28,O,O,Normal,0
2288,39,36,30.68,96.94,28.76,48.6,88,3.833,2,3,O,B,Urgent,0
2289,25,29,82.69,98.75,89.84,60.05,778,3.062,0,4,A,O,Normal,0
2290,36,59,26.15,90.46,25.52,98.64,652,2.948,4,23,O,O,Normal,0
2291,32,74,28.35,20.97,48.16,60.81,688,3.873,5,42,O,A,Critical,1
2292,25,26,50.44,22.09,93.01,94.59,784,2.814,1,1,B,B,Normal,0
2293,46,30,65.22,79.06,39.31,60.33,321,2.05,5,16,A,B,Urgent,0
2294,63,76,26.92,77.55,50.75,65.6,643,3.265,1,13,A,AB,Urgent,0
2295,49,56,51.26,53.67,51.55,63.46,488,4.02,0,7,O,O,Critical,1
2296,43,65,83.88,38.17,10.54,66.82,142,2.8,8,22,O,O,Urgent,1
2297,42,56,33.58,66.99,26.93,74.06,180,3.237,2,14,O,B,Routine,0
2298,27,45,79.49,52.13,76.73,68.27,356,0.626,1,18,O,A,Critical,1
2299,42,66,,22.33,20.64,92.47,653,0.5,0,24,A,A,Urgent,1
2300,32,44,35.93,38.37,70.08,66.91,329,3.238,1,12,O,B,Urgent,0
2301,24,63,42.31,25.96,49.57,56.07,974,3.353,,39,O,AB,Normal,0
2302,42,76,58.63,30.31,96.95,87.94,966,2.335,1,34,AB,B,Normal,0
2303,24,28,96.73,61.57,0.11,67.47,598,2.283,4,4,AB,A,Urgent,1
2304,52,20,74.53,24.76,66.24,82.34,183,2.237,1,32,O,A,Normal,0
2305,34,46,45.72,80.27,84.79,88.61,487,3.77,0,12,A,O,Urgent,0
2306,53,41,73.19,33.5,84.93,57.25,971,2.894,2,12,O,A,Normal,0
2307,32,45,27.99,2.69,,85.29,791,1.952,1,13,O,B,Critical,1
2308,19,40,53.41,0.52,89.73,45.4,626,2.983,0,21,O,A,Routine,0
2309,61,36,96.01,18.38,92.9,63.7,742,3.731,2,25,O,AB,Urgent,0
2310,51,73,70.09,2.26,91.87,95.29,18,2.314,2,22,A,B,Urgent,0
2311,40,39,83.86,58.05,55.14,76.74,638,2.893,2,1,O,B,Critical,1
2312,46,27,58.06,19.15,70.04,53.18,873,1.295,1,19,O,B,Urgent,0
2313,38,21,73.44,78.05,49.49,87.83,974,3.435,0,17,O,O,Urgent,1
2314,54,68,90.77,97.18,47.17,60.14,693,2.626,0,14,O,A,Normal,0
2315,43,42,46.43,44.95,70.94,52.64,566,2.255,1,1,O,A,Normal,0
2316,45,37,97.55,36.51,72.32,63.56,771,2.439,0,8,O,A,Routine,1
2317,47,24,49.2,,63.6,89.92,172,3.126,2,23,A,O,Normal,0
2318,23,38,31.26,4.41,56.61,60.25,740,3.514,,15,A,O,Urgent,0
2319,42,42,69.82,32.27,89.67,67.44,394,2.299,6,0,A,A,Urgent,1
2320,64,75,91.39,36.22,88.17,98.69,509,1.73,1,11,AB,O,Routine,0
2321,41,28,34.91,85.4,1.98,79.78,68,1.98,0,13,O,AB,Critical,0
2322,29,62,79.84,83.04,15.5,83.08,2,3.209,0,33,A,O,Normal,0
2323,39,33,80.42,17.4,49.11,69.14,463,4.307,2,6,A,A,Critical,1
2324,43,34,89.64,75.83,62.49,64.69,51,3.428,1,9,A,A,Normal,0
2325,53,57,57.97,63.49,47.97,73.45,687,2.726,0,4,B,O,Normal,0
2326,44,63,39.98,95.31,68.25,99.18,523,3.646,0,19,B,O,Normal,0
2327,56,35,26.61,47.92,60.3,82.57,429,2.947,1,21,O,O,Urgent,1
2328,19,45,84.79,0.98,,99.16,458,1.998,0,26,O,O,Urgent,1
2329,69,48,77.42,79.75,93.92,76.78,,4.2,1,21,O,B,Critical,1
2330,60,44,34.37,43.97,12.68,46.53,672,4.138,1,16,A,A,Urgent,0
2331,62,70,54.55,84.45,27.7,96.96,25,1.993,4,8,O,A,Critical,0
2332,27,26,84.08,39.33,50.96,91.91,600,4.238,5,1,A,O,Routine,0
2333,52,18,54.75,9.4,12.43,57.98,973,2.308,2,34,O,O,Routine,1
2334,32,39,88.97,27.7,58.96,82.86,728,3.201,3,7,B,A,Normal,1
2335,38,45,40.67,80.66,38.3,64.1,534,2.49,2,7,O,B,Normal,0
2336,46,38,26.28,64.82,8.34,51.59,63,,0,8,A,A,Urgent,1
2337,38,31,36.9,92.33,0.36,74.34,870,1.709,0,7,A,B,Normal,0
2338,37,53,42.02,16.48,59.69,51.15,943,2.888,5,16,A,AB,Urgent,0
2339,19,24,88.5,25.75,32.85,75.41,739,3.027,4,5,O,O,Normal,1
2340,61,75,35.66,3.65,2.44,81.91,265,4.093,1,14,A,O,Urgent,0
2341,61,54,31.41,97.06,59.24,99.79,15,1.206,1,7,B,B,Normal,0
2342,26,77,95.56,13.29,85.02,61.12,275,1.806,1,51,A,A,Critical,1
2343,29,51,81.52,51.12,84.14,75.99,215,1.381,1,22,O,O,Normal,0
2344,62,32,67.7,56.17,33.22,93.6,737,3.582,5,30,O,B,Routine,1
2345,69,28,35.63,28.59,24.86,88.83,690,1.859,0,41,A,O,Critical,0
2346,65,25,43.6,34.44,84.81,85.3,187,4.436,0,40,B,AB,Normal,0
2347,58,30,67.79,82.44,49.51,75.06,512,1.175,3,28,A,A,Urgent,1
2348,56,77,43.49,85.73,53.68,51.97,308,2.293,0,21,AB,A,Urgent,0
2349,,65,39.31,48.22,58.24,84.66,79,3.88,3,41,O,O,Routine,0
2350,26,42,69.09,52.35,7.28,94.16,76,1.516,8,16,O,A,Normal,0
2351,50,30,59.6,88.36,50.5,60.87,955,1.913,0,20,O,O,Normal,0
2352,49,71,25.25,19.87,9.09,88.48,591,2.303,0,22,A,O,Normal,0
2353,32,18,28.55,97.77,39.68,97.39,894,3.64,0,14,O,A,Normal,0
2354,64,22,46.42,28.92,63.79,57.81,84,3.863,2,42,A,A,Urgent,0
2355,63,53,57.83,52.73,10.64,46.33,520,2.316,0,10,B,B,Normal,1
2356,29,27,54.1,84.69,54.02,68.75,948,4.037,1,2,A,O,Normal,0
2357,30,77,69.47,30.87,97.05,90.98,640,2.383,0,47,AB,A,Urgent,0
2358,62,72,51.07,14.94,45.35,49.42,577,2.152,2,10,A,A,Critical,1
2359,21,57,38.04,24.56,97.84,55.6,990,3.24,1,36,O,B,Normal,0
2360,30,38,74.77,33.07,96.68,81.15,194,1.41,2,8,O,O,Normal,0
2361,57,24,36.1,96.97,35.89,52.15,333,3.813,1,33,B,B,Normal,0
2362,54,47,98.44,53.07,32.11,64.8,209,4.244,1,7,O,A,Normal,1
2363,19,35,33.41,75.85,5.8,45.42,932,3.487,4,16,O,A,Critical,0
2364,33,55,30.98,40.14,84.33,46.88,354,1.923,0,22,B,O,Urgent,0
2365,40,36,94.23,0.04,8.31,91.06,25,2.826,1,4,AB,O,Critical,1
2366,29,51,99.85,47.93,54.13,73.41,703,4.617,1,22,O,A,Normal,1
2367,67,20,32.25,5.46,82.53,90.23,896,1.256,0,47,O,A,Routine,1
2368,20,53,94.48,17.8,45.22,92.79,79,2.404,0,33,O,O,Urgent,1
2369,39,34,30.18,22.01,16.21,62.19,586,1.536,2,5,O,A,Urgent,1
2370,66,77,67.55,17.84,42.57,49.87,917,2.86,0,11,O,A,Normal,1
2371,60,24,82.78,58.03,62.51,97.75,725,3.047,5,36,B,AB,Urgent,0
2372,54,64,25.26,22.62,55.08,76.55,303,3.562,2,10,A,O,Urgent,0
2373,48,53,45.85,15.67,55.12,45.06,326,4.769,0,5,O,A,Urgent,1
2374,66,40,77.26,81.74,71.31,84.48,808,1.413,3,26,A,B,Normal,0
2375,26,44,43.63,81.1,3.45,95.55,907,1.901,2,18,B,B,Urgent,1
2376,40,19,59.62,24.24,15.12,67.69,260,2.508,0,21,A,O,Urgent,0
2377,57,58,67.34,15.77,85.91,63.71,121,3.452,0,1,O,O,Critical,1
2378,60,19,26.91,40.44,1.81,83.87,136,1.794,2,41,B,O,Urgent,0
2379,27,22,28.02,6.78,67.7,79.37,170,1.796,0,5,O,O,Urgent,1
2380,48,54,76.5,95.12,50.08,92.78,247,1.774,0,6,AB,B,Urgent,0
2381,18,50,25.25,51.85,16.34,54.95,531,1.871,0,32,O,B,Urgent,0
2382,23,69,98.57,92.21,18.03,67.99,811,4.867,1,46,O,A,Normal,1
2383,35,72,75.7,58.0,10.69,75.68,942,2.284,2,37,O,A,Critical,1
2384,50,71,35.66,55.13,25.58,50.03,537,1.9,0,21,A,O,Normal,0
2385,32,49,53.94,27.59,93.41,48.83,976,1.688,1,17,O,O,Normal,0
2386,40,75,98.47,8.94,64.22,94.56,746,3.405,0,35,O,O,Critical,1
2387,50,56,98.13,6.33,78.57,72.7,387,5.555,0,6,B,O,Normal,1
2388,55,63,80.2,67.34,84.39,90.47,796,3.568,0,8,AB,O,Routine,0
2389,18,23,27.72,53.26,15.84,77.51,8,2.772,2,5,B,O,Urgent,0
2390,38,25,30.41,73.73,13.17,51.5,932,2.893,1,13,O,AB,Urgent,0
2391,43,25,98.35,49.22,19.15,95.77,803,1.505,2,18,O,A,Normal,1
2392,69,59,25.02,26.07,10.37,46.96,502,2.901,5,10,B,B,Routine,1
2393,47,72,82.97,24.92,80.57,59.71,99,1.963,1,25,O,O,Urgent,1
2394,39,69,40.7,11.17,55.86,87.27,243,2.091,0,30,O,B,Normal,0
2395,43,33,80.3,10.27,5.73,95.26,269,3.229,6,10,O,B,Normal,1
2396,64,52,83.33,86.62,40.56,92.16,537,3.546,0,12,B,A,Normal,0
2397,46,23,85.96,8.4,44.33,66.64,695,2.342,1,23,O,B,Normal,1
2398,22,23,58.03,30.62,66.28,83.23,362,4.437,7,1,O,A,Normal,0
2399,50,64,66.58,91.64,55.89,60.82,452,1.524,8,14,O,A,Normal,0
2400,58,23,75.88,37.84,50.57,89.55,489,2.731,1,35,B,O,Urgent,0
2401,18,45,76.42,29.78,13.54,94.93,815,3.715,0,27,O,A,Critical,1
2402,41,26,93.37,98.98,28.98,75.71,768,3.492,1,15,O,O,Normal,1
2403,47,30,76.66,3.1,35.02,,396,2.839,0,17,O,A,Urgent,1
2404,67,56,62.32,19.25,83.96,69.1,888,3.6,1,11,O,O,Normal,1
2405,52,49,29.62,8.63,53.62,53.15,554,4.09,2,3,B,AB,Routine,0
2406,55,,49.9,68.88,70.63,90.32,597,2.477,2,13,O,B,Normal,0
2407,63,41,46.31,57.7,39.25,90.35,505,2.329,3,22,O,A,Normal,0
2408,28,23,75.94,90.3,97.81,52.65,922,,0,5,O,A,Urgent,0
2409,42,34,50.11,77.75,43.64,81.24,911,1.266,0,8,A,O,Urgent,0
2410,53,46,47.09,31.21,91.69,85.95,430,3.194,0,7,A,B,Normal,0
2411,60,64,,58.55,17.03,89.15,556,3.929,3,,B,A,Normal,0
2412,52,43,44.56,32.35,63.02,98.6,184,1.353,0,9,O,O,Normal,0
2413,49,32,86.99,84.45,95.15,72.28,900,4.695,7,17,A,A,Normal,0
2414,40,38,43.66,26.62,0.89,99.43,67,3.805,1,2,B,A,Routine,1
2415,55,54,42.04,35.43,20.01,69.4,284,2.655,2,1,O,O,Normal,0
2416,43,23,55.55,73.4,31.84,54.06,192,,8,20,B,A,Normal,0
2417,67,47,51.76,39.55,71.51,52.63,257,0.5,2,20,A,AB,Normal,0
2418,26,48,41.08,1.34,36.17,79.25,771,3.817,0,22,O,O,Urgent,1
2419,44,40,35.29,89.05,72.7,76.39,426,3.527,1,4,O,B,Urgent,0
2420,43,69,91.31,47.78,47.5,86.51,100,3.109,2,26,A,A,Urgent,1
2421,68,72,71.74,81.35,96.3,50.96,789,3.536,0,4,B,A,Urgent,0
2422,23,31,84.67,77.96,70.73,80.01,978,3.293,0,8,A,A,Urgent,1
2423,19,76,49.25,31.2,62.2,91.22,106,4.197,1,57,A,B,Urgent,0
2424,29,50,79.51,7.15,97.86,82.05,639,0.853,2,21,O,O,Normal,1
2425,67,61,95.28,45.25,78.75,57.27,148,2.419,0,6,O,O,Urgent,1
2426,22,30,67.17,20.57,29.39,55.88,917,4.577,1,8,B,A,Normal,0
2427,42,36,49.35,8.98,16.94,66.3,597,2.908,4,6,O,O,Normal,1
2428,32,64,40.29,89.94,0.27,93.34,844,2.121,0,32,B,O,Urgent,0
2429,33,64,27.07,94.24,40.34,62.13,620,3.449,2,31,O,B,Normal,0
2430,38,61,95.43,51.67,77.89,50.07,464,2.921,4,23,B,B,Routine,1
2431,26,35,58.79,88.61,80.26,76.79,783,2.664,1,9,O,A,Critical,0
2432,42,61,67.39,33.25,42.24,64.44,615,1.646,2,19,B,B,Urgent,1
2433,68,57,58.08,85.4,14.54,69.15,780,0.669,3,11,O,A,Normal,0
2434,60,37,94.55,75.79,88.0,61.61,741,2.955,0,23,O,A,Normal,0
2435,23,48,93.88,2.78,36.01,97.92,528,1.939,0,25,A,O,Critical,1
2436,61,68,97.52,9.26,38.53,91.46,125,1.557,0,7,O,A,Critical,1
2437,33,18,82.69,52.69,60.89,58.14,478,3.42,2,15,O,A,Urgent,0
2438,36,45,25.52,6.88,70.63,45.33,544,3.52,4,9,O,O,Urgent,0
2439,25,65,96.07,91.21,89.45,94.25,530,2.947,0,40,A,O,Normal,0
2440,68,66,44.35,80.42,87.44,58.08,293,2.501,2,2,A,O,Routine,0
2441,49,46,62.23,27.33,30.85,65.21,321,1.893,1,3,O,O,Normal,1
2442,28,48,89.44,87.28,31.79,99.1,556,1.935,0,20,B,O,Urgent,1
2443,64,61,34.91,18.76,26.29,79.29,27,3.247,1,3,O,A,Urgent,0
2444,66,20,51.11,9.82,59.66,99.08,335,3.621,0,46,O,A,Routine,0
2445,56,34,55.16,79.37,97.63,78.79,889,3.802,1,22,O,B,Critical,0
2446,37,53,87.39,83.56,43.8,96.65,649,1.379,7,16,O,B,Urgent,1
2447,29,31,49.35,8.35,94.31,88.72,183,1.557,0,2,O,O,Urgent,1
2448,67,44,88.44,68.45,64.95,76.28,734,3.314,0,23,O,B,Normal,0
2449,29,21,42.88,75.28,31.28,88.03,285,3.572,0,8,O,A,Normal,0
2450,41,66,66.36,85.63,42.75,63.88,467,2.032,2,25,A,B,Normal,0
2451,33,66,99.35,60.68,71.38,84.82,723,1.526,1,33,O,A,Normal,0
2452,37,26,58.33,72.54,16.09,57.58,106,2.832,6,11,A,O,Routine,0
2453,31,59,50.43,72.18,40.05,49.82,228,1.573,2,28,A,O,Normal,0
2454,49,72,91.82,10.56,63.48,83.43,483,2.698,0,23,O,A,Normal,0
2455,29,53,92.33,96.88,49.9,51.86,169,3.026,3,24,O,AB,Routine,0
2456,34,46,68.35,70.64,83.85,73.97,237,4.871,2,12,AB,O,Critical,0
2457,30,62,45.0,97.05,34.35,84.81,872,3.722,0,32,A,O,Urgent,0
2458,51,65,51.72,3.16,73.28,98.35,134,3.168,8,14,A,O,Urgent,0
2459,55,64,85.44,82.81,49.27,91.04,568,3.908,5,9,A,A,Critical,1
2460,40,47,82.05,75.8,,53.86,412,2.644,0,7,B,O,Critical,0
2461,55,59,58.32,0.05,91.05,47.98,99,2.929,3,4,A,AB,Normal,0
2462,28,27,94.12,12.51,1.01,89.65,960,0.5,0,1,A,A,Urgent,1
2463,38,48,41.79,56.61,16.76,56.65,176,3.06,4,10,A,B,Urgent,0
2464,23,35,84.62,74.9,81.19,68.44,172,2.227,1,12,B,O,Urgent,0
2465,39,38,90.88,79.98,12.49,93.24,69,1.938,2,1,A,A,Normal,1
2466,49,44,68.42,88.82,43.11,97.92,30,1.342,0,5,B,A,Urgent,0
2467,66,77,62.25,88.02,47.84,91.37,954,2.923,3,11,O,A,Routine,0
2468,68,69,59.06,54.76,48.7,68.69,8,2.648,3,1,O,A,Critical,0
2469,69,25,26.64,36.22,8.66,83.11,270,1.839,2,44,O,A,Urgent,0
2470,49,20,57.29,99.26,24.22,67.17,419,4.661,3,29,O,B,Normal,1
2471,53,58,50.8,23.62,34.1,88.03,210,1.812,0,5,A,O,Normal,1
2472,55,51,29.1,46.76,74.35,62.4,282,2.725,0,4,O,O,Critical,1
2473,66,24,45.56,84.26,70.61,65.25,463,3.124,0,42,B,O,Critical,0
2474,20,55,59.76,64.23,73.67,83.23,512,3.103,0,35,A,O,Routine,0
2475,41,32,86.91,54.96,80.17,63.2,63,1.524,2,9,A,B,Routine,0
2476,48,65,65.47,35.82,50.71,81.35,319,3.326,5,17,B,O,Critical,0
2477,42,53,90.3,88.48,29.33,60.55,40,2.767,6,11,A,A,Routine,0
2478,43,21,80.43,22.47,,83.68,431,5.078,1,22,B,O,Routine,0
2479,33,57,66.34,2.56,99.33,89.82,438,2.603,0,24,O,A,Normal,0
2480,54,29,68.2,20.57,17.22,73.79,67,2.101,0,25,B,B,Normal,1
2481,37,30,85.38,50.33,91.86,81.35,737,2.372,0,7,O,O,Urgent,1
2482,35,30,77.7,58.67,33.83,97.85,112,3.047,0,5,O,B,Routine,1
2483,50,44,25.56,45.22,18.44,69.56,593,2.6,0,6,O,O,Critical,1
2484,36,74,57.26,93.35,78.31,48.56,609,3.92,5,38,AB,O,Urgent,0
2485,20,38,55.31,17.94,51.46,49.09,747,2.001,1,18,O,A,Normal,0
2486,36,53,80.57,98.01,1.57,61.52,342,2.641,3,17,A,A,Urgent,0
2487,22,23,69.35,78.4,29.47,99.9,571,3.1,2,1,O,O,Urgent,1
2488,29,72,55.6,59.11,92.82,65.7,226,2.14,,43,O,O,Normal,0
2489,47,34,26.38,8.74,74.81,50.52,39,2.214,3,13,A,B,Critical,0
2490,24,77,54.17,58.8,18.93,99.33,903,2.494,1,53,A,A,Critical,1
2491,38,62,82.45,87.44,32.45,48.72,569,4.537,0,24,B,O,Routine,0
2492,21,24,40.22,45.04,75.27,65.0,425,2.01,0,3,B,O,Urgent,0
2493,47,65,81.68,,41.4,65.58,424,4.031,6,18,O,AB,Routine,1
2494,68,66,98.53,95.95,56.63,68.48,661,3.879,0,2,O,A,Urgent,1
2495,59,65,92.91,8.96,88.97,81.98,799,3.52,3,6,O,A,Normal,1
2496,40,65,29.07,40.77,96.86,45.5,821,2.169,8,25,A,O,Critical,0
2497,48,,32.87,77.9,69.29,69.13,514,1.654,4,17,O,A,Normal,0
2498,68,29,45.38,37.26,36.68,97.84,973,2.511,6,39,O,A,Routine,0
2499,39,42,27.34,60.06,90.46,87.3,33,2.496,8,3,B,O,Urgent,0
2500,34,31,60.43,61.17,28.89,70.72,126,2.713,0,3,O,O,Routine,0
2501,59,51,44.47,39.19,76.36,95.34,980,2.864,0,8,O,A,Critical,1
2502,42,23,54.99,77.2,99.6,62.36,858,4.126,5,19,B,O,Normal,0
2503,53,46,59.46,50.59,26.95,54.36,218,2.886,0,7,A,O,Normal,0
2504,32,73,76.29,49.07,66.03,77.7,314,3.077,2,41,O,B,Critical,0
2505,40,74,56.67,52.9,49.96,93.51,1000,2.069,1,34,B,O,Urgent,0
2506,64,27,46.11,27.99,81.05,85.68,351,2.503,0,37,O,AB,Normal,0
2507,29,44,33.44,88.08,28.86,92.4,290,2.247,1,15,O,A,Urgent,0
2508,45,76,41.34,4.5,39.46,64.29,403,2.152,0,31,A,AB,Critical,1
2509,34,24,82.28,78.19,38.75,51.45,255,2.154,4,10,B,O,Normal,0
2510,34,43,41.07,40.38,34.93,55.64,905,4.053,0,9,O,B,Urgent,0
2511,58,39,45.13,63.07,89.24,69.47,394,2.944,0,19,B,O,Urgent,0
2512,51,30,72.63,71.5,15.04,52.93,743,3.587,4,21,A,A,Critical,1
2513,37,37,83.24,21.18,16.61,77.88,755,2.879,1,0,A,O,Urgent,1
2514,36,44,51.62,54.68,24.17,97.41,127,2.417,0,8,O,O,Normal,0
2515,21,18,89.74,45.75,71.68,89.05,140,2.584,1,3,O,AB,Critical,1
2516,69,57,54.54,60.2,47.39,71.75,459,2.887,6,12,A,A,Critical,1
2517,51,55,54.96,9.08,84.1,97.01,469,2.125,1,4,B,O,Routine,0
2518,21,46,79.23,12.38,86.49,77.55,177,2.19,4,25,B,B,Critical,0
2519,,74,59.14,35.94,7.32,65.21,875,3.034,1,40,O,A,Urgent,1
2520,36,73,39.47,68.37,73.33,46.38,131,2.195,,37,B,A,Normal,0
2521,45,40,43.39,81.66,28.28,47.79,105,3.377,1,5,O,O,Critical,0
2522,35,46,44.05,69.55,94.95,93.45,636,3.274,1,11,A,O,Urgent,0
2523,31,38,57.13,7.67,5.11,57.19,336,2.392,3,7,O,A,Urgent,1
2524,50,50,62.42,75.05,88.35,95.84,711,1.403,3,0,A,O,Urgent,0
2525,55,22,50.96,67.68,18.07,56.06,515,4.044,1,33,B,B,Urgent,1
2526,39,20,33.41,53.97,79.38,52.4,640,3.217,2,19,O,AB,Urgent,0
2527,35,26,51.9,2.8,91.37,78.74,168,2.139,0,9,A,O,Normal,0
2528,44,70,51.44,58.77,46.21,91.16,952,0.935,2,26,O,B,Normal,0
2529,21,26,93.4,46.95,42.02,61.27,735,2.337,1,5,A,A,Normal,1
2530,49,61,66.57,87.58,50.35,78.39,176,3.315,3,12,A,A,Critical,1
2531,61,33,46.21,46.53,62.44,71.72,263,3.026,0,28,O,A,Urgent,0
2532,21,29,78.65,9.65,91.36,77.73,340,1.709,1,8,A,O,Normal,0
2533,43,42,61.75,49.97,39.04,70.75,859,3.038,1,1,A,O,Critical,1
2534,56,19,74.63,9.57,75.71,64.1,216,1.367,1,37,O,O,Routine,0
2535,38,73,93.62,6.8,46.8,65.82,504,4.033,1,35,O,O,Urgent,0
2536,44,71,62.29,30.65,52.44,66.62,737,2.3,1,27,A,B,Urgent,0
2537,20,76,54.42,75.61,61.45,66.67,456,2.747,0,56,B,A,Urgent,0
2538,56,18,73.68,78.81,81.87,85.87,624,4.709,2,38,O,B,Urgent,0
2539,21,54,49.89,82.15,74.83,81.83,493,2.876,0,33,O,O,Normal,0
2540,32,48,69.41,39.5,77.81,72.61,947,2.253,0,16,O,A,Urgent,1
2541,53,21,77.54,46.53,89.63,91.45,693,2.293,1,32,B,O,Routine,0
2542,52,64,69.95,32.36,52.12,89.97,799,3.472,0,12,AB,AB,Urgent,1
2543,38,73,87.99,58.96,39.06,97.88,357,2.638,1,35,O,O,Urgent,1
2544,26,47,65.69,26.99,24.92,71.91,245,1.976,0,21,A,A,Urgent,1
2545,18,28,27.21,50.78,63.83,68.63,516,2.568,0,10,AB,O,Critical,0
2546,39,35,71.77,28.76,32.97,95.15,991,4.586,1,4,O,A,Routine,1
2547,51,34,33.04,58.27,59.34,66.11,453,3.358,,17,A,O,Routine,0
2548,63,35,38.19,68.75,15.01,54.57,305,2.308,1,28,O,O,Critical,0
2549,58,38,47.02,87.72,37.29,74.39,233,2.34,0,20,O,O,Critical,0
2550,36,73,80.8,0.97,64.68,94.64,456,3.127,1,37,O,B,Normal,0
2551,60,34,31.07,73.64,56.4,65.55,780,3.397,1,26,O,A,Urgent,0
2552,38,64,79.19,86.98,62.34,83.52,557,1.747,5,26,O,A,Routine,1
2553,33,40,90.36,23.8,99.59,51.95,884,3.754,2,7,B,O,Urgent,0
2554,44,44,37.08,74.35,7.87,78.21,9,1.522,1,0,AB,O,Normal,0
2555,26,37,62.59,89.89,57.0,66.19,836,0.861,0,11,B,A,Urgent,0
2556,22,31,68.48,72.77,71.71,79.01,632,2.727,5,9,A,AB,Urgent,0
2557,58,75,72.69,45.42,7.81,70.05,710,2.849,1,17,O,A,Normal,1
2558,32,67,67.73,40.83,32.81,90.32,235,3.754,2,35,O,A,Normal,0
2559,53,30,28.28,84.83,96.45,64.07,303,2.471,8,23,O,B,Normal,0
2560,48,53,90.64,73.43,0.17,64.35,144,1.824,2,5,A,O,Critical,0
2561,51,26,99.3,64.93,76.61,45.13,479,3.509,1,25,B,O,Urgent,0
2562,30,34,38.86,64.38,6.17,57.06,214,1.424,1,4,O,B,Normal,1
2563,32,72,64.79,0.19,20.8,97.34,117,2.71,0,40,A,AB,Normal,1
2564,47,42,52.44,16.13,45.23,62.04,705,0.847,1,5,AB,A,Normal,0
2565,52,76,58.89,32.53,83.76,90.21,405,2.007,0,24,A,O,Urgent,0
2566,25,45,96.85,76.98,50.81,55.83,134,1.786,2,20,B,A,Urgent,0
2567,52,64,74.51,29.36,53.15,61.98,54,3.587,4,12,A,A,Normal,1
2568,33,72,66.0,5.4,96.74,81.31,473,2.991,3,39,A,O,Normal,0
2569,45,69,42.84,61.5,31.73,94.74,152,1.919,1,24,A,A,Urgent,0
2570,41,37,89.92,71.15,21.21,95.89,81,3.634,0,4,A,B,Normal,0
2571,32,33,70.01,49.73,73.12,46.44,249,1.726,0,1,A,A,Critical,1
2572,52,22,73.15,69.94,69.79,73.06,10,1.164,1,30,O,A,Urgent,0
2573,52,23,91.19,55.94,30.65,71.79,915,3.318,1,29,A,O,Critical,1
2574,68,35,74.72,56.05,15.29,57.86,763,1.582,0,33,O,B,Critical,1
2575,38,57,97.54,19.94,86.56,98.09,189,3.832,3,19,A,O,Routine,0
2576,20,57,97.98,91.67,90.77,91.93,354,3.017,0,37,O,A,Normal,0
2577,42,69,39.0,7.77,90.47,96.71,706,2.254,2,27,A,O,Normal,0
2578,18,41,50.0,47.27,57.92,87.57,677,2.4,1,23,A,O,Routine,0
2579,18,26,74.9,27.67,85.48,82.81,783,2.797,2,8,B,O,Normal,0
2580,33,56,54.45,67.61,11.65,82.69,588,3.993,1,23,O,A,Normal,0
2581,64,66,47.33,29.41,12.86,50.72,820,1.219,4,2,O,B,Normal,0
2582,19,47,77.04,39.25,2.88,48.86,768,2.816,0,28,O,B,Normal,1
2583,49,49,38.6,10.75,34.67,60.8,572,1.731,2,0,O,O,Routine,1
2584,67,74,30.2,17.92,34.8,61.69,726,2.952,2,7,O,B,Normal,1
2585,32,55,48.47,35.0,95.26,49.61,781,2.779,0,23,B,A,Urgent,0
2586,18,48,59.77,23.08,77.49,57.58,567,4.507,1,30,O,A,Critical,0
2587,35,39,97.1,18.21,89.43,75.24,153,2.366,0,4,O,B,Normal,1
2588,35,68,86.52,55.57,30.47,59.61,392,3.769,1,33,O,A,Normal,1
2589,29,48,61.26,5.55,10.57,56.28,306,3.218,0,,O,O,Urgent,0
2590,50,47,90.2,54.09,35.78,89.66,337,1.388,2,3,A,O,Normal,1
2591,53,60,54.63,46.24,3.49,55.18,665,2.592,3,7,O,O,Critical,1
2592,48,56,50.24,22.58,54.71,57.64,639,2.562,0,8,B,O,Urgent,0
2593,42,23,45.81,68.82,1.7,68.22,802,1.769,1,19,A,O,Urgent,0
2594,28,20,94.56,52.13,59.32,50.77,603,2.191,0,8,O,O,Critical,1
2595,42,60,85.75,7.22,71.1,66.18,895,2.242,1,18,B,AB,Normal,1
2596,58,75,51.85,9.47,43.19,64.68,809,3.514,0,17,A,B,Critical,0
2597,,51,26.17,97.49,57.21,68.71,59,4.586,1,4,O,A,Normal,0
2598,30,30,79.94,35.9,35.75,61.56,511,2.626,1,0,A,O,Critical,0
2599,65,72,29.47,54.35,70.91,79.85,614,2.633,2,7,B,A,Normal,0
2600,40,25,60.01,12.6,23.62,84.85,79,2.19,3,15,A,O,Routine,1
2601,64,40,69.96,65.61,90.32,91.72,433,3.939,0,24,B,O,Critical,0
2602,53,70,65.35,82.92,66.98,65.46,74,0.59,8,17,O,O,Urgent,0
2603,68,58,41.54,63.53,36.74,86.77,381,0.986,0,10,A,O,Urgent,0
2604,38,51,56.95,52.12,57.26,89.05,313,2.828,0,13,B,A,Normal,1
2605,69,62,78.31,21.16,75.89,60.51,881,2.886,0,7,O,O,Urgent,1
2606,33,71,76.81,93.48,34.64,48.54,546,3.091,1,38,O,O,Critical,0
2607,44,48,54.25,73.15,23.35,49.35,335,2.004,1,4,O,AB,Normal,0
2608,56,43,55.52,78.71,45.69,81.45,845,1.94,6,13,B,O,Normal,0
2609,49,40,64.67,79.29,17.22,89.61,945,0.5,2,9,O,B,Routine,1
2610,36,51,74.96,31.36,67.75,62.86,27,2.689,0,15,O,O,Normal,1
2611,49,77,26.09,90.31,19.97,93.63,158,5.155,0,28,A,A,Critical,0
2612,30,42,99.69,97.53,78.87,90.93,451,3.145,0,12,A,A,Urgent,1
2613,41,49,77.68,39.84,69.12,99.63,375,2.99,0,8,A,O,Urgent,0
2614,26,26,78.43,87.01,99.08,49.03,430,3.411,1,0,O,B,Urgent,0
2615,34,72,36.25,14.98,58.11,54.38,234,2.21,4,38,A,O,Normal,0
2616,66,60,41.38,78.88,17.88,83.97,874,0.5,3,6,AB,B,Normal,0
2617,26,73,50.3,43.36,87.54,87.77,40,2.241,0,47,B,A,Normal,0
2618,65,74,25.41,95.06,41.81,78.19,391,4.611,8,9,O,O,Urgent,0
2619,54,71,86.73,77.1,18.72,92.08,,2.097,1,17,A,O,Normal,0
2620,18,69,51.11,47.05,99.87,65.14,232,1.835,3,51,B,A,Urgent,0
2621,49,32,44.82,17.2,78.34,96.16,274,4.307,0,17,O,O,Urgent,1
2622,52,60,78.7,87.64,87.87,51.69,863,4.959,1,8,B,A,Urgent,0
2623,67,75,29.16,21.25,16.03,59.66,315,0.5,1,8,O,O,Normal,1
2624,30,37,52.83,5.06,5.0,49.55,386,3.797,0,7,B,A,Normal,0
2625,59,36,58.9,10.62,27.28,62.98,331,4.482,0,23,A,O,Normal,0
2626,66,72,49.47,97.93,14.15,72.36,847,2.393,8,6,B,B,Normal,1
2627,24,,36.08,94.37,48.39,90.47,146,1.977,0,37,B,B,Urgent,0
2628,57,41,50.99,76.69,75.27,61.26,225,1.888,0,16,O,B,Normal,0
2629,49,77,63.28,16.02,62.74,84.66,510,2.313,0,28,O,O,Routine,1
2630,65,18,64.25,54.67,88.88,92.98,27,4.794,0,47,B,O,Urgent,0
2631,44,69,60.68,3.24,3.96,92.74,371,4.424,2,25,O,O,Critical,1
2632,51,28,87.81,14.7,10.03,80.58,442,2.876,0,23,B,A,Normal,1
2633,35,48,61.69,96.79,49.52,52.96,862,5.431,0,13,O,O,Normal,1
2634,36,47,94.8,99.27,13.76,92.34,737,1.68,0,11,O,O,Normal,1
2635,62,39,42.34,14.03,99.25,62.33,650,1.296,2,23,O,O,Urgent,0
2636,66,44,31.58,61.35,75.27,73.76,638,1.881,0,22,B,O,Normal,0
2637,54,65,75.6,2.08,85.27,51.57,394,3.114,0,11,O,O,Critical,1
2638,69,41,29.09,39.82,89.79,86.86,673,3.341,2,28,O,O,Urgent,0
2639,64,32,48.1,49.82,72.09,95.08,488,2.925,8,32,O,B,Urgent,0
2640,46,25,60.13,15.33,7.02,98.58,435,1.669,0,21,A,O,Critical,0
2641,67,45,47.81,83.22,65.75,88.48,890,2.116,0,22,A,O,Routine,0
2642,20,25,69.77,6.73,90.35,82.07,799,1.719,1,5,O,A,Normal,1
2643,63,65,30.84,49.97,6.34,57.77,169,2.089,0,2,B,A,Critical,0
2644,32,75,32.74,7.37,67.1,83.21,629,1.669,2,43,A,AB,Normal,0
2645,61,20,83.37,90.36,35.47,68.19,576,3.609,1,41,O,O,Normal,1
2646,61,75,65.67,69.14,31.08,63.03,910,3.141,2,14,O,A,Normal,0
2647,68,53,89.65,86.96,35.98,69.16,677,2.2,0,15,A,B,Normal,1
2648,22,31,44.28,52.53,78.87,54.5,438,2.951,1,9,A,B,Normal,0
2649,36,45,88.06,63.05,22.84,96.92,939,3.076,0,9,O,A,Normal,1
2650,36,44,83.1,83.9,11.4,45.78,212,2.573,5,8,B,A,Normal,0
2651,65,24,44.4,60.66,39.78,70.01,203,3.948,1,41,O,A,Critical,0
2652,19,53,37.77,18.13,38.97,94.1,9,1.097,0,34,O,A,Routine,0
2653,59,42,32.81,92.34,75.48,76.08,748,0.99,2,17,O,O,Normal,0
2654,27,49,40.15,58.82,84.12,69.56,593,1.326,0,22,A,A,Routine,1
2655,,50,92.56,39.61,99.64,91.74,911,1.972,1,5,B,B,Routine,1
2656,51,23,43.66,55.61,30.21,55.42,394,2.732,3,28,A,B,Normal,0
2657,39,18,54.54,59.25,46.96,59.91,508,2.847,0,21,O,B,Urgent,0
2658,45,62,41.0,91.95,27.28,64.69,92,1.422,4,17,O,A,Normal,0
2659,23,42,73.14,6.41,28.14,76.91,413,3.605,0,19,O,O,Normal,1
2660,65,73,42.71,35.29,48.51,78.18,127,0.76,2,,B,O,Normal,0
2661,58,55,80.45,66.69,41.08,86.73,293,3.466,0,3,O,O,Critical,1
2662,65,28,89.42,88.35,53.32,45.51,394,3.143,0,37,B,O,Normal,0
2663,39,31,61.86,31.74,97.38,95.56,390,3.2,1,8,B,O,Normal,0
2664,24,60,28.9,2.17,34.57,47.19,58,2.617,1,36,O,O,Urgent,0
2665,52,51,70.13,49.19,83.64,70.33,504,2.333,2,1,B,B,Normal,0
2666,19,35,87.06,38.95,83.25,89.9,369,2.327,2,16,A,B,Normal,0
2667,38,39,27.32,37.64,83.25,86.9,45,2.622,5,1,B,O,Routine,0
2668,43,54,65.1,6.95,71.87,45.97,393,1.708,0,11,O,B,Urgent,1
2669,50,23,86.17,83.42,73.09,88.85,89,2.552,0,27,O,O,Urgent,0
2670,42,76,95.99,67.82,9.92,54.96,868,1.645,3,34,O,O,Normal,1
2671,40,46,62.38,88.2,73.96,67.05,29,1.29,0,6,A,O,Critical,0
2672,38,57,99.75,35.37,68.49,60.76,292,1.528,0,19,B,O,Normal,0
2673,55,18,53.55,6.87,30.81,86.36,443,2.164,0,37,O,O,Urgent,1
2674,43,65,25.81,50.2,8.56,53.17,821,3.68,2,22,O,O,Urgent,1
2675,39,62,75.14,31.36,7.77,73.67,969,1.258,0,23,A,O,Routine,1
2676,31,69,63.55,10.13,63.6,74.92,19,3.457,4,38,O,O,Critical,0
2677,36,66,55.74,14.63,10.38,56.39,287,2.575,0,30,O,B,Normal,1
2678,24,31,37.13,93.51,77.31,61.89,160,4.11,1,7,O,O,Normal,0
2679,64,73,60.57,36.65,59.46,47.24,665,2.126,2,9,A,O,Normal,0
2680,58,27,29.78,44.44,17.78,97.2,286,4.118,5,31,O,B,Routine,0
2681,60,34,53.06,95.64,18.78,70.34,155,2.898,0,26,O,A,Normal,0
2682,58,26,92.67,5.34,95.16,89.44,761,4.231,2,32,O,A,Normal,1
2683,60,58,75.57,11.58,68.3,76.38,719,0.934,0,2,B,O,Urgent,1
2684,38,21,82.83,27.79,63.77,71.09,49,2.866,0,17,O,A,Normal,0
2685,39,34,66.6,17.95,88.2,53.4,118,1.704,6,5,O,A,Critical,1
2686,69,28,34.86,14.91,86.08,78.67,294,1.383,0,41,B,B,Urgent,0
2687,53,19,87.94,11.5,19.48,80.23,221,0.5,2,34,B,B,Urgent,1
2688,22,66,63.58,25.94,95.39,69.73,867,2.417,0,44,A,A,Urgent,1
2689,37,39,95.21,70.45,47.72,58.73,407,0.585,0,2,B,O,Routine,1
2690,30,75,57.29,0.92,82.7,71.9,909,1.804,1,45,A,B,Urgent,0
2691,50,40,56.19,49.98,33.1,65.27,532,2.949,2,10,A,O,Critical,0
2692,57,42,83.47,18.21,67.45,96.0,975,4.222,2,15,B,A,Urgent,0
2693,40,24,95.56,63.53,76.27,94.25,898,2.908,0,16,A,O,Normal,0
2694,51,32,62.94,78.81,68.42,91.84,564,2.531,0,19,O,O,Urgent,1
2695,33,55,39.71,46.43,38.43,58.62,984,1.927,3,22,O,A,Normal,0
2696,26,50,65.85,77.03,4.6,73.94,470,3.419,1,24,O,O,Critical,1
2697,51,34,89.32,56.11,78.07,53.77,44,3.012,2,17,O,B,Routine,0
2698,20,34,42.44,20.74,70.14,62.45,857,3.064,0,14,B,A,Normal,0
2699,19,35,30.91,11.4,66.51,96.8,35,1.49,0,16,AB,O,Normal,0
2700,62,35,58.51,26.81,57.45,49.73,312,4.663,1,27,O,O,Urgent,0
2701,28,23,97.59,88.75,3.19,96.88,497,4.876,0,5,A,O,Normal,0
2702,58,35,90.95,71.09,22.22,52.01,371,4.679,1,23,O,A,Urgent,1
2703,48,72,90.47,38.11,51.19,75.16,177,1.68,1,24,O,O,Urgent,1
2704,52,76,38.72,96.92,65.15,81.28,998,3.172,1,24,B,B,Normal,1
2705,49,33,25.98,71.36,44.35,58.99,458,3.29,2,,B,B,Routine,0
2706,62,67,73.76,76.27,97.57,90.62,154,1.203,0,5,B,A,Urgent,0
2707,50,77,98.67,94.4,72.82,71.62,779,3.729,0,27,O,B,Urgent,0
2708,50,51,27.87,46.47,26.18,56.88,447,3.637,1,1,A,O,Normal,0
2709,50,43,98.3,53.17,2.81,60.92,713,5.585,3,7,B,B,Urgent,1
2710,20,38,28.97,95.95,5.32,63.82,598,0.683,0,18,O,B,Normal,0
2711,43,56,99.84,85.62,46.11,53.13,699,3.105,0,13,A,B,Routine,0
2712,43,64,38.3,61.3,25.21,73.8,606,4.062,6,21,B,O,Urgent,0
2713,29,44,89.88,98.97,0.14,81.85,769,3.413,5,15,O,O,Normal,1
2714,21,52,26.26,92.1,82.31,98.0,657,2.537,3,31,A,O,Normal,0
2715,25,38,99.89,70.66,96.08,54.59,302,2.695,2,13,O,B,Routine,0
2716,25,38,50.17,28.66,1.19,70.81,497,4.385,2,13,A,O,Urgent,1
2717,37,49,86.44,99.52,6.21,74.46,,3.544,0,12,A,O,Normal,1
2718,40,33,78.1,82.17,18.45,69.28,375,2.275,2,7,O,O,Critical,1
2719,32,18,86.81,35.67,4.26,92.68,565,1.713,1,14,B,O,Routine,0
2720,62,39,44.14,62.93,3.74,80.12,489,3.952,0,23,O,A,Normal,0
2721,24,65,44.13,91.76,62.72,91.36,317,4.653,2,41,O,A,Routine,0
2722,52,71,34.17,77.59,36.18,55.9,74,1.712,1,19,AB,O,Normal,0
2723,67,28,66.89,5.78,90.29,81.11,444,1.394,1,39,A,A,Normal,1
2724,54,65,73.36,16.83,52.41,96.42,451,1.82,1,11,O,O,Normal,1
2725,57,64,59.32,26.04,10.27,94.14,51,2.934,3,7,O,B,Routine,0
2726,61,19,64.57,50.32,20.54,54.42,5,3.423,1,42,AB,A,Urgent,0
2727,48,49,72.55,15.26,49.05,73.93,762,4.567,2,1,B,O,Urgent,1
2728,23,55,57.65,44.83,15.85,65.6,425,1.996,5,32,O,A,Critical,0
2729,44,32,77.89,34.16,96.39,90.36,192,2.774,4,12,O,A,Critical,0
2730,41,60,72.95,3.83,58.8,65.02,837,2.383,8,19,A,O,Normal,0
2731,59,33,57.14,79.65,95.11,72.45,529,3.049,0,26,A,O,Urgent,0
2732,68,51,98.15,59.21,50.94,73.56,562,3.072,1,17,B,A,Routine,0
2733,69,42,43.63,64.19,8.03,71.83,849,1.165,3,27,B,A,Normal,0
2734,49,48,,21.19,95.83,94.53,920,,1,1,O,O,Urgent,1
2735,57,54,39.76,36.75,19.61,75.94,141,4.455,0,3,B,A,Urgent,0
2736,42,32,27.52,88.06,53.1,90.28,289,3.675,0,10,O,O,Critical,0
2737,24,77,88.04,,16.06,60.17,761,2.261,2,53,O,A,Urgent,1
2738,65,31,75.25,26.18,8.79,84.84,885,1.933,3,34,O,O,Normal,1
2739,28,53,39.71,44.95,14.7,48.13,443,2.484,0,25,O,O,Urgent,0
2740,68,77,34.85,15.12,73.96,88.44,799,3.108,1,9,O,O,Normal,1
2741,50,21,58.56,,55.18,53.16,379,4.806,4,29,O,O,Critical,1
2742,33,31,60.08,69.38,21.11,85.16,294,2.375,5,2,A,O,Critical,0
2743,58,69,54.26,18.0,51.66,70.86,853,3.478,0,11,B,O,Urgent,0
2744,47,36,82.33,63.49,87.77,96.57,698,2.831,2,11,A,B,Normal,1
2745,33,55,60.9,62.03,4.15,94.06,936,2.332,0,22,B,O,Urgent,0
2746,65,68,26.25,89.48,10.78,59.33,130,3.68,0,3,A,B,Normal,0
2747,24,28,59.2,67.89,80.8,88.86,100,3.775,0,4,O,O,Urgent,1
2748,68,57,70.21,81.06,13.03,83.14,535,1.882,3,11,A,A,Critical,1
2749,42,25,66.67,62.78,78.36,49.96,410,3.187,3,17,O,O,Urgent,0
2750,67,64,47.03,34.14,46.54,77.98,461,3.347,0,3,O,O,Urgent,0
2751,68,29,35.78,61.05,78.77,80.2,610,1.847,1,39,O,B,Normal,0
2752,40,56,86.03,90.46,12.32,85.72,321,4.375,8,16,O,O,Urgent,1
2753,31,50,34.47,77.17,56.35,48.3,744,3.811,0,19,A,B,Normal,0
2754,61,61,63.81,42.49,27.65,51.5,41,4.062,0,0,O,O,Normal,1
2755,27,71,57.23,97.19,62.77,52.54,223,3.458,1,44,B,A,Urgent,0
2756,37,68,81.79,58.36,75.32,78.3,2,2.996,8,31,A,O,Critical,0
2757,61,44,27.52,79.77,7.63,54.01,593,4.446,1,17,A,A,Urgent,0
2758,23,49,82.53,99.59,40.87,45.55,419,2.118,2,26,B,A,Normal,0
2759,40,68,57.46,27.14,80.91,76.01,972,3.34,0,28,O,O,Critical,1
2760,28,73,31.53,52.08,27.82,74.24,43,1.429,4,45,O,B,Critical,0
2761,53,31,55.22,83.53,54.7,76.19,948,3.056,8,22,O,A,Routine,0
2762,41,39,76.49,96.1,34.48,45.02,891,1.286,4,2,B,A,Critical,0
2763,68,32,48.5,47.0,76.22,70.42,69,4.09,0,36,O,O,Normal,0
2764,20,18,34.48,34.36,45.57,84.61,592,2.455,0,2,O,A,Urgent,0
2765,26,29,65.75,76.82,52.66,47.65,209,,1,3,O,B,Normal,0
2766,40,22,48.01,98.09,92.71,47.87,553,4.152,2,18,B,B,Urgent,0
2767,41,51,99.76,57.72,98.06,74.29,186,0.876,1,10,O,A,Normal,1
2768,32,60,97.38,93.53,90.23,87.78,754,3.837,1,28,A,A,Urgent,1
2769,47,19,36.73,93.7,37.26,70.39,179,3.256,1,28,O,AB,Normal,0
2770,46,73,72.14,3.16,94.74,62.22,628,3.28,2,27,A,A,Normal,1
2771,33,26,93.38,73.0,77.95,79.81,845,4.397,1,7,O,O,Routine,0
2772,20,26,55.57,37.11,79.51,59.25,996,1.213,0,6,B,O,Urgent,0
2773,33,18,63.68,56.78,25.05,58.3,261,4.238,0,15,O,O,Urgent,1
2774,60,51,78.92,40.78,43.83,86.06,767,2.929,2,9,O,O,Urgent,1
2775,43,,28.1,22.03,16.76,97.13,766,0.5,1,7,B,O,Urgent,0
2776,43,60,54.43,42.33,85.42,70.72,696,4.437,0,17,B,O,Critical,0
2777,58,41,74.86,22.8,23.1,62.93,747,2.432,1,17,O,A,Urgent,1
2778,50,67,99.69,35.44,52.19,76.45,277,3.168,4,17,A,O,Normal,0
2779,59,33,82.12,7.06,72.76,80.24,899,0.5,2,26,A,AB,Critical,1
2780,34,48,69.24,4.13,52.2,47.06,23,4.417,1,14,AB,O,Normal,0
2781,34,63,36.08,81.57,68.84,76.55,33,3.235,3,29,O,A,Normal,0
2782,41,52,83.72,92.13,34.19,94.1,319,0.841,1,11,A,O,Urgent,1
2783,62,32,70.58,36.42,63.73,91.42,391,2.646,1,30,O,O,Routine,0
2784,42,63,90.59,62.51,7.06,86.46,928,4.478,1,21,B,B,Routine,1
2785,40,32,77.95,33.09,67.09,92.48,979,1.991,0,8,O,O,Normal,1
2786,33,42,52.89,81.24,85.29,60.97,454,2.751,1,9,AB,A,Critical,0
2787,18,56,65.63,85.45,6.34,90.24,86,4.249,0,38,O,A,Critical,1
2788,43,24,44.56,61.44,90.83,83.45,5,1.242,4,19,A,A,Urgent,0
2789,59,60,94.95,59.48,19.85,51.06,855,2.867,4,1,AB,O,Critical,1
2790,38,58,65.16,9.27,77.86,79.71,324,1.552,4,20,O,O,Urgent,0
2791,44,34,67.73,17.82,58.65,81.2,972,3.712,1,10,A,B,Urgent,0
2792,41,69,52.43,86.47,,93.53,810,3.531,0,28,O,O,Critical,1
2793,53,49,73.4,77.76,14.34,60.32,86,4.135,0,4,O,B,Urgent,1
2794,53,76,30.25,14.12,44.8,82.76,553,2.137,7,23,A,O,Normal,0
2795,63,23,80.14,58.55,40.22,95.5,317,4.227,3,40,B,A,Routine,0
2796,58,31,99.06,99.55,59.06,85.67,660,2.242,0,27,A,O,Urgent,0
2797,61,21,30.53,11.33,50.19,50.82,631,0.5,5,40,O,O,Urgent,0
2798,18,69,90.47,75.5,64.98,60.08,772,2.006,1,51,AB,A,Urgent,0
2799,48,77,64.6,93.54,8.28,49.84,950,4.382,0,29,A,A,Normal,0
2800,56,72,60.38,59.83,44.85,85.7,215,2.586,3,16,O,O,Normal,1
2801,32,75,33.57,97.2,12.22,50.47,887,4.191,4,43,O,A,Normal,0
2802,60,53,84.34,98.57,41.9,49.83,788,4.861,3,7,B,A,Normal,0
2803,54,41,27.77,97.87,2.67,,430,3.922,0,13,A,A,Urgent,0
2804,63,70,74.77,82.41,4.83,99.29,595,3.513,1,7,O,B,Normal,1
2805,52,35,94.14,66.03,,82.65,508,3.432,1,17,B,A,Routine,1
2806,57,46,26.67,77.2,49.73,99.46,805,1.408,1,11,O,O,Normal,0
2807,23,31,46.14,16.12,92.08,79.07,927,1.013,0,8,B,B,Urgent,1
2808,21,67,83.15,84.83,32.36,67.32,935,2.477,2,46,O,A,Urgent,1
2809,49,46,91.36,43.65,74.4,47.12,169,2.506,3,3,O,B,Urgent,1
2810,25,56,51.15,47.73,60.42,83.79,811,3.532,4,31,A,O,Normal,0
2811,49,39,38.72,49.7,49.89,95.75,390,3.673,0,10,A,B,Normal,0
2812,52,37,95.36,42.75,68.04,72.13,941,1.767,3,15,O,O,Normal,1
2813,28,18,34.51,99.53,56.94,70.01,961,4.885,0,10,AB,O,Critical,0
2814,33,58,43.72,20.06,25.03,89.66,757,1.345,5,25,A,O,Normal,0
2815,38,58,64.91,80.11,71.69,97.26,905,3.758,0,20,O,A,Routine,0
2816,66,66,27.75,89.84,74.55,62.14,44,2.943,5,0,AB,A,Normal,0
2817,31,57,77.62,68.03,64.65,98.42,150,3.35,3,26,B,O,Normal,0
2818,49,54,67.38,4.44,99.25,54.11,260,3.648,0,5,B,O,Normal,0
2819,67,67,62.11,11.08,28.91,82.65,841,3.202,1,0,A,B,Critical,1
2820,44,72,77.79,19.33,11.13,82.04,688,3.75,8,28,B,B,Normal,1
2821,30,56,99.56,15.72,43.94,83.29,470,1.953,0,26,B,A,Urgent,1
2822,44,68,77.64,29.81,23.25,78.56,105,1.547,0,24,A,O,Normal,0
2823,60,32,34.81,4.22,47.42,66.86,557,4.335,5,28,O,A,Critical,0
2824,47,41,46.88,18.74,78.68,69.93,554,0.806,2,6,O,A,Normal,1
2825,54,28,87.92,1.3,54.13,55.7,550,5.437,0,26,O,O,Urgent,1
2826,54,41,40.81,73.33,40.16,49.31,112,2.718,5,13,B,O,Urgent,0
2827,40,27,38.6,,11.96,78.24,,2.988,1,13,O,A,Normal,0
2828,64,39,46.21,13.77,97.52,71.71,201,3.598,1,25,A,B,Urgent,0
2829,66,36,76.39,75.47,80.82,68.79,864,3.802,5,30,B,B,Urgent,0
2830,20,59,99.88,26.6,77.81,47.94,394,3.672,1,39,O,O,Critical,1
2831,36,70,28.2,29.95,13.36,49.58,335,4.1,0,34,A,O,Critical,0
2832,63,66,48.1,15.5,4.57,77.41,106,1.725,3,3,O,A,Normal,1
2833,26,36,81.77,42.01,96.36,90.42,168,2.436,0,10,O,O,Normal,0
2834,58,34,54.74,30.59,84.72,99.68,429,1.856,0,24,O,A,Normal,1
2835,50,36,42.93,73.74,6.07,88.22,229,1.529,1,14,A,O,Critical,0
2836,35,75,46.82,14.74,57.84,64.09,555,3.972,0,40,O,O,Normal,1
2837,33,71,31.89,80.35,68.79,79.13,333,3.089,0,38,O,B,Urgent,0
2838,27,30,52.43,19.24,12.59,73.72,498,1.788,0,3,A,A,Urgent,1
2839,68,29,83.19,74.35,4.74,96.6,231,2.406,3,39,AB,O,Urgent,0
2840,24,46,48.6,89.58,90.05,54.72,481,2.06,5,22,O,A,Urgent,0
2841,39,75,25.64,79.47,87.54,75.38,925,1.677,6,36,A,A,Urgent,0
2842,69,64,36.85,58.11,64.91,68.31,896,4.654,1,5,B,O,Routine,0
2843,34,23,44.88,17.04,67.25,78.07,723,2.674,6,11,B,O,Urgent,0
2844,61,27,84.94,53.58,68.34,71.53,410,3.807,3,34,O,B,Urgent,0
2845,38,67,95.67,6.04,56.81,51.77,987,2.016,0,29,O,O,Routine,1
2846,40,36,81.67,26.86,26.53,68.63,736,1.183,2,4,O,O,Routine,1
2847,41,39,29.14,21.56,87.04,54.55,2,2.974,2,2,O,O,Urgent,1
2848,58,60,33.8,12.32,30.77,64.0,377,1.851,0,2,B,O,Critical,0
2849,35,29,96.72,65.39,98.78,76.68,753,1.215,1,6,B,O,Urgent,1
2850,18,52,94.95,76.95,44.27,54.77,660,1.873,5,34,A,O,Critical,0
2851,44,69,55.26,39.85,16.0,76.11,978,1.244,7,25,O,B,Normal,1
2852,65,32,52.08,30.98,70.24,64.15,75,1.243,2,33,AB,A,Urgent,0
2853,67,23,84.78,2.04,76.84,67.39,170,1.93,0,44,B,A,Urgent,0
2854,59,53,64.6,20.36,25.51,52.48,128,3.066,2,6,O,O,Normal,1
2855,64,76,86.92,16.71,11.32,71.34,59,0.5,0,12,AB,O,Critical,1
2856,62,54,84.82,66.4,66.67,80.54,220,2.272,3,8,A,A,Urgent,0
2857,23,25,63.12,40.75,57.48,91.0,100,2.852,1,2,B,A,Critical,0
2858,42,29,89.46,76.04,66.67,92.04,443,3.183,0,13,A,O,Urgent,0
2859,61,47,28.46,79.93,92.93,99.69,464,3.963,4,14,O,O,Normal,0
2860,39,44,75.89,3.24,42.42,67.13,909,3.206,0,5,O,B,Urgent,1
2861,59,66,69.65,91.13,90.84,54.93,47,2.019,3,7,O,B,Routine,0
2862,51,69,55.34,40.66,50.94,82.34,736,4.011,0,18,A,B,Urgent,0
2863,67,59,59.77,87.15,53.48,75.6,149,2.664,1,8,O,B,Urgent,0
2864,63,43,56.71,95.32,70.9,60.16,982,2.604,0,20,A,O,Normal,0
2865,57,46,91.55,52.57,65.28,45.49,501,3.829,8,11,B,A,Routine,0
2866,40,65,83.86,48.87,13.01,98.36,403,2.991,3,25,O,O,Critical,1
2867,27,38,57.55,55.91,43.78,65.29,911,1.484,0,11,O,O,Critical,1
2868,56,35,89.59,38.46,91.96,55.39,696,3.935,2,21,B,O,Normal,0
2869,34,58,61.98,19.17,68.09,48.93,957,2.106,4,24,O,B,Critical,0
2870,61,73,99.51,22.72,24.72,68.48,581,1.91,0,12,B,B,Normal,1
2871,53,50,31.57,71.77,75.45,83.21,831,2.251,0,3,O,B,Routine,0
2872,64,22,61.37,77.83,43.69,46.55,400,2.646,6,42,A,A,Normal,0
2873,19,47,61.42,45.69,56.22,70.52,887,1.399,6,28,A,A,Normal,1
2874,67,36,73.14,2.0,86.47,65.06,421,1.399,4,31,O,AB,Critical,1
2875,20,20,51.15,86.91,12.77,75.16,140,1.297,0,0,A,O,Normal,0
2876,61,42,74.17,38.82,42.24,59.27,660,3.442,0,19,O,O,Urgent,1
2877,49,29,61.64,4.45,86.85,99.44,26,3.797,0,20,AB,A,Urgent,0
2878,18,50,64.48,66.04,19.16,56.86,322,3.889,1,32,O,O,Normal,0
2879,62,71,30.66,79.92,91.86,88.12,788,3.719,0,9,A,A,Critical,0
2880,21,65,35.79,2.12,32.62,52.82,339,3.13,0,44,B,A,Normal,0
2881,62,21,25.76,18.2,72.69,75.29,898,3.061,2,41,A,O,Routine,0
2882,41,48,60.75,65.92,68.34,93.05,347,2.727,0,7,O,B,Urgent,0
2883,67,48,94.04,,41.26,91.53,959,1.753,0,19,O,AB,Urgent,1
2884,38,72,62.76,17.22,52.62,90.43,242,1.926,1,34,O,A,Urgent,1
2885,56,52,46.5,98.21,31.65,98.36,150,2.495,0,4,AB,O,Normal,0
2886,56,24,75.66,12.85,89.8,85.84,,1.72,2,32,B,O,Urgent,0
2887,31,48,94.3,55.5,12.21,99.81,277,1.715,3,17,O,O,Routine,1
2888,19,47,25.09,38.36,24.92,73.01,483,2.638,3,28,A,O,Urgent,0
2889,64,29,69.7,6.76,87.19,69.5,454,2.223,0,35,A,A,Routine,0
2890,66,69,58.68,4.87,75.39,56.51,961,2.544,0,3,O,B,Routine,1
2891,64,54,84.82,60.33,7.49,67.5,876,3.07,0,10,O,A,Critical,1
2892,63,58,29.76,25.25,77.26,78.58,163,1.186,0,5,O,B,Normal,1
2893,36,27,34.83,28.99,8.98,57.33,814,1.922,4,9,O,B,Normal,1
2894,21,69,96.56,62.87,19.78,86.7,250,3.939,8,48,B,O,Urgent,0
2895,25,71,35.04,40.13,32.78,91.06,733,2.238,7,46,B,B,Normal,0
2896,36,45,46.23,23.22,86.34,97.54,759,3.505,1,9,O,B,Normal,0
2897,38,74,89.8,34.5,9.63,87.63,662,3.18,0,36,B,A,Normal,1
2898,28,65,40.4,51.11,90.01,49.9,454,3.014,4,37,A,B,Normal,0
2899,67,73,40.61,60.01,79.0,70.22,832,1.646,0,6,O,O,Critical,1
2900,57,20,88.61,93.7,23.37,72.51,337,2.8,3,37,O,A,Normal,1
2901,22,70,70.93,57.28,98.42,47.35,655,2.348,3,48,AB,O,Normal,0
2902,37,68,48.88,21.98,81.86,47.16,529,0.546,6,31,O,B,Urgent,0
2903,38,51,61.31,23.31,49.74,76.71,709,2.075,0,13,A,B,Normal,0
2904,48,64,46.34,29.39,67.79,79.92,849,2.19,3,16,A,O,Critical,0
2905,45,62,44.28,64.52,7.34,62.88,902,2.609,1,17,O,A,Critical,1
2906,30,22,56.78,36.96,87.51,52.79,729,3.172,3,8,O,B,Normal,0
2907,45,55,58.03,26.15,18.03,69.46,299,3.678,2,10,O,B,Normal,0
2908,22,49,60.75,86.68,47.49,72.01,692,4.238,0,27,A,A,Urgent,0
2909,63,76,55.85,14.03,44.38,72.45,269,3.521,2,13,O,B,Urgent,0
2910,61,69,45.78,60.51,10.8,81.41,982,2.363,0,8,O,B,Urgent,0
2911,62,51,53.29,60.11,23.89,84.96,231,4.058,1,11,O,O,Normal,0
2912,50,45,44.55,21.44,70.38,46.34,907,1.72,0,5,O,O,Normal,1
2913,33,45,40.54,27.98,43.74,53.02,556,2.549,0,12,O,O,Normal,1
2914,57,38,87.97,87.08,48.81,52.0,548,3.235,2,19,A,O,Normal,0
2915,59,33,62.87,88.67,77.25,58.52,366,3.141,5,26,A,A,Urgent,0
2916,43,20,57.76,64.03,34.09,64.47,784,2.95,0,23,B,O,Normal,0
2917,58,67,28.74,42.09,47.14,66.03,396,3.435,0,9,B,O,Urgent,0
2918,18,63,60.78,90.37,32.26,71.97,615,2.229,3,45,O,B,Routine,0
2919,29,62,90.71,69.29,40.16,99.31,119,3.01,0,33,B,A,Normal,0
2920,49,59,54.32,70.03,20.23,61.73,533,3.697,0,10,O,B,Urgent,1
2921,59,46,77.43,6.34,70.11,56.91,787,3.138,1,13,O,A,Normal,1
2922,63,20,88.66,23.14,59.35,78.37,147,2.976,1,43,O,A,Urgent,0
2923,40,26,92.68,67.82,33.97,79.61,63,0.5,0,14,B,B,Urgent,0
2924,65,41,43.71,59.77,39.86,76.23,86,3.534,1,24,O,AB,Urgent,0
2925,19,26,99.23,16.71,3.69,53.3,583,0.998,1,7,AB,O,Normal,1
2926,42,40,37.31,86.18,51.52,59.04,753,3.766,2,2,B,B,Urgent,0
2927,65,56,41.04,44.46,51.16,88.42,182,3.012,0,9,A,A,Urgent,1
2928,53,26,83.75,78.65,73.9,53.2,90,4.004,0,27,O,A,Normal,0
2929,46,28,59.96,87.93,13.87,66.67,690,1.667,4,18,A,A,Critical,0
2930,25,60,52.26,60.46,46.0,55.47,252,1.951,1,35,A,B,Routine,0
2931,19,71,48.17,59.1,58.43,63.55,554,3.171,1,52,O,B,Routine,0
2932,21,77,56.42,26.02,24.75,88.03,259,3.704,0,56,B,B,Critical,1
2933,49,66,31.04,29.56,56.27,54.73,681,2.368,2,17,O,A,Normal,0
2934,31,59,57.0,20.0,60.11,64.09,496,3.118,2,28,B,O,Routine,0
2935,24,30,96.81,91.9,51.13,62.94,420,1.562,0,6,B,B,Normal,1
2936,22,53,86.58,63.56,52.92,90.68,833,2.656,0,31,A,O,Routine,0
2937,35,49,84.15,17.37,12.92,82.81,589,4.387,0,14,O,A,Urgent,1
2938,53,52,98.14,67.97,4.93,71.22,822,2.522,2,1,AB,O,Normal,1
2939,54,51,39.29,37.88,35.93,45.13,630,2.604,2,3,B,AB,Normal,0
2940,69,30,83.79,35.68,72.73,98.42,363,2.27,2,39,O,A,Normal,1
2941,57,73,53.17,83.75,80.2,88.25,909,3.42,1,16,O,A,Normal,1
2942,26,35,25.74,42.73,7.02,96.48,411,3.949,0,9,O,O,Urgent,1
2943,28,34,61.86,50.16,77.85,73.61,837,1.952,1,6,A,O,Urgent,0
2944,26,24,88.79,63.8,95.24,71.39,973,2.298,2,2,AB,A,Urgent,0
2945,46,50,90.23,46.9,75.16,78.07,300,4.976,1,4,O,AB,Normal,1
2946,54,45,62.26,18.79,32.54,55.63,587,1.731,3,9,B,O,Normal,0
2947,41,21,61.73,7.31,59.47,98.03,489,2.289,8,20,B,B,Urgent,1
2948,62,52,58.98,95.02,37.77,58.14,975,3.43,1,10,B,B,Normal,1
2949,59,73,95.1,77.68,20.19,62.02,40,2.653,0,14,O,A,Routine,0
2950,23,61,45.36,29.91,76.56,98.21,272,2.445,0,38,B,B,Normal,0
2951,51,33,31.83,5.28,51.38,91.14,24,1.657,2,18,A,B,Critical,0
2952,28,25,72.78,68.16,28.27,80.39,889,1.869,5,3,O,A,Normal,0
2953,56,73,34.89,62.37,96.93,97.32,220,2.531,1,17,O,O,Normal,0
2954,47,52,39.95,10.56,57.38,73.17,690,2.41,1,5,O,AB,Urgent,0
2955,32,37,51.74,70.35,81.22,84.79,873,2.371,7,5,A,O,Urgent,0
2956,59,71,53.9,43.38,92.43,93.38,140,4.547,0,12,A,O,Normal,0
2957,19,66,70.53,41.64,37.8,55.34,269,3.382,6,47,A,O,Normal,0
2958,68,50,55.12,99.9,59.02,62.69,322,2.519,1,18,O,B,Normal,0
2959,32,46,28.82,32.87,10.88,95.21,149,2.217,1,14,A,O,Urgent,0
2960,60,52,77.13,34.99,5.5,63.74,524,4.178,0,8,B,B,Urgent,1
2961,45,33,42.75,80.16,80.95,69.08,863,1.745,3,12,O,O,Urgent,0
2962,43,41,98.02,7.29,96.86,52.29,778,2.019,5,2,O,O,Urgent,1
2963,62,28,86.54,82.3,74.16,62.29,438,2.268,0,34,A,B,Normal,0
2964,55,63,39.62,32.33,34.38,90.28,806,3.455,2,8,A,O,Routine,0
2965,63,59,78.16,29.94,76.3,86.29,509,1.162,1,4,B,O,Routine,1
2966,64,19,91.14,87.05,71.36,49.89,460,3.446,2,45,B,O,Urgent,0
2967,53,70,96.57,5.62,97.79,47.81,181,1.133,2,17,AB,B,Normal,0
2968,41,61,53.52,80.71,90.44,84.63,759,3.62,0,20,B,A,Normal,0
2969,49,72,95.28,52.82,6.53,79.75,967,4.389,1,23,A,B,Urgent,1
2970,35,43,70.78,52.12,19.47,95.81,71,2.647,2,8,O,AB,Critical,1
2971,47,18,58.08,58.42,47.7,62.93,747,3.487,1,29,A,B,Urgent,0
2972,44,40,31.46,23.13,37.02,88.65,65,2.09,0,4,O,O,Urgent,1
2973,24,72,50.39,31.42,5.12,92.34,306,3.059,2,48,O,O,Urgent,0
2974,28,51,57.55,1.11,82.66,85.7,717,2.851,3,23,O,O,Routine,0
2975,66,59,62.62,48.34,35.88,67.97,243,3.419,1,7,AB,O,Normal,0
2976,62,27,71.17,10.07,14.75,47.61,323,3.502,0,35,O,O,Normal,1
2977,62,62,60.84,54.3,7.64,61.2,461,1.544,0,0,O,O,Critical,1
2978,69,65,59.56,89.97,11.77,70.45,386,2.812,0,4,O,O,Normal,1
2979,44,40,72.75,11.75,89.84,83.6,631,2.104,2,4,B,B,Normal,1
2980,21,43,95.41,3.47,65.41,78.9,149,2.104,1,22,B,O,Routine,0
2981,45,27,31.2,88.52,10.54,92.33,146,1.945,0,18,B,B,Urgent,0
2982,31,59,34.24,45.24,56.12,67.97,735,3.667,2,28,O,A,Normal,0
2983,54,74,81.54,57.38,16.96,95.85,501,3.268,1,20,AB,O,Critical,1
2984,51,52,37.32,18.44,31.89,92.91,665,3.738,2,1,B,AB,Critical,1
2985,37,57,34.53,83.97,36.8,82.31,886,3.594,0,20,O,B,Normal,0
2986,43,20,97.01,5.48,99.29,74.46,280,2.394,8,23,A,O,Urgent,0
2987,40,68,84.49,13.76,57.86,45.67,429,3.377,0,28,B,O,Urgent,0
2988,28,59,67.14,61.66,14.03,56.93,759,3.083,3,31,B,O,Urgent,0
2989,54,34,39.5,16.93,95.14,46.22,346,2.051,1,20,B,O,Normal,0
2990,35,18,68.04,93.25,31.16,46.59,776,2.876,1,17,AB,A,Routine,0
2991,34,68,58.53,11.48,75.57,50.59,87,2.635,0,34,O,O,Normal,0
2992,62,32,45.72,65.88,24.38,62.31,42,2.58,0,30,O,A,Normal,0
2993,33,56,43.77,46.96,25.51,48.7,109,1.537,4,23,O,O,Routine,0
2994,57,61,49.35,46.94,1.29,90.66,111,3.589,4,4,AB,B,Urgent,0
2995,23,73,51.7,34.52,17.39,63.17,978,,2,50,B,O,Critical,0
2996,64,20,52.44,64.07,32.53,68.94,561,3.467,1,44,O,O,Normal,0
2997,27,32,65.14,85.95,85.87,65.62,895,5.603,0,5,O,O,Normal,0
2998,19,39,93.9,64.56,47.33,84.91,614,4.516,2,20,AB,O,Urgent,0
2999,25,29,38.93,52.6,96.19,54.25,476,2.079,1,4,O,O,Normal,1
3000,31,65,28.22,77.51,26.06,100.0,844,1.86,3,34,O,O,Urgent,0
3001,35,52,63.52,52.13,33.92,52.9,302,1.756,1,17,A,O,Urgent,0
3002,30,,68.08,4.9,12.26,91.14,651,1.876,2,4,O,B,Critical,1
3003,41,71,74.18,31.55,84.22,46.82,763,2.274,2,30,O,A,Normal,1
3004,32,26,58.96,94.49,46.3,55.23,181,2.908,0,6,O,B,Routine,0
3005,35,60,81.7,13.32,79.7,75.26,547,3.044,2,25,B,A,Normal,0
3006,30,74,40.1,,27.68,96.33,437,1.016,2,44,O,A,Normal,0
3007,67,22,94.88,95.76,26.43,45.66,732,2.21,0,45,O,O,Critical,0
3008,41,74,62.04,92.96,88.49,51.91,743,1.715,2,33,A,B,Critical,0
3009,38,44,50.08,61.1,3.64,52.88,820,2.363,2,6,AB,O,Normal,0
3010,69,72,78.67,19.97,54.71,62.79,727,2.063,2,3,O,O,Urgent,1
3011,38,58,53.13,19.35,28.85,73.21,592,2.535,2,20,O,O,Urgent,0
3012,28,49,61.48,30.46,27.2,59.37,743,2.991,0,21,O,O,Critical,1
3013,52,51,64.53,10.43,68.2,82.59,607,2.55,0,1,AB,A,Urgent,1
3014,21,23,47.91,33.62,6.99,54.42,985,4.839,2,2,O,A,Normal,1
3015,37,25,82.37,38.11,11.06,45.62,79,3.601,0,12,O,B,Normal,1
3016,46,55,71.68,27.16,29.19,80.52,899,2.497,7,9,B,O,Normal,0
3017,23,35,32.62,33.08,24.9,83.14,51,3.862,2,12,O,B,Urgent,1
3018,45,44,50.78,37.3,12.19,61.82,735,3.547,3,1,B,O,Normal,0
3019,25,,74.25,84.67,39.65,49.8,640,2.311,0,43,A,O,Urgent,0
3020,29,74,45.75,22.6,97.52,60.69,759,2.116,0,45,A,A,Normal,0
3021,65,35,31.89,5.83,50.59,58.84,272,4.864,1,30,B,O,Normal,0
3022,44,40,89.36,78.1,97.95,58.46,155,3.763,1,4,A,O,Normal,0
3023,45,49,46.86,91.94,48.34,99.78,183,3.546,1,4,B,A,Urgent,0
3024,66,75,61.85,53.89,7.32,49.32,419,3.311,5,9,O,A,Routine,0
3025,30,50,82.33,39.68,93.42,79.95,764,3.404,1,20,B,O,Routine,0
3026,38,71,37.46,77.14,87.1,72.92,499,4.433,8,33,AB,B,Normal,0
3027,31,28,59.4,22.03,55.95,82.51,806,2.61,1,3,O,A,Urgent,1
3028,47,37,42.87,91.09,30.12,56.54,598,4.177,0,10,O,B,Normal,0
3029,48,23,89.86,37.47,90.69,76.06,765,3.157,2,25,O,B,Urgent,1
3030,51,22,74.34,21.49,20.83,81.92,487,2.762,0,29,A,B,Urgent,0
3031,47,71,44.84,,53.28,63.0,758,3.421,2,24,O,O,Urgent,0
3032,54,58,84.26,5.37,46.21,67.56,395,4.037,0,4,A,A,Normal,1
3033,23,55,72.45,43.2,64.4,57.49,41,1.378,4,32,AB,A,Urgent,0
3034,40,60,83.46,42.57,99.31,75.02,211,4.544,0,20,O,O,Routine,0
3035,37,30,96.54,2.59,66.75,99.44,770,3.455,2,7,O,O,Urgent,1
3036,65,23,27.21,20.35,68.37,53.59,571,1.456,1,42,O,B,Routine,0
3037,49,21,39.88,12.32,73.36,49.02,471,2.589,3,28,O,A,Normal,0
3038,27,69,71.33,59.74,72.62,79.08,839,5.302,5,42,A,O,Urgent,0
3039,46,24,72.32,29.55,2.6,97.44,277,2.663,4,22,B,B,Urgent,1
3040,44,26,72.99,0.57,59.81,47.88,111,2.401,1,18,O,O,Normal,1
3041,24,18,80.01,40.75,83.2,99.57,771,4.007,1,6,A,A,Urgent,1
3042,33,23,82.41,78.44,33.98,82.67,528,2.87,2,10,B,A,Normal,0
3043,24,62,25.1,8.57,92.52,47.26,861,2.449,0,38,A,A,Urgent,0
3044,37,62,84.64,32.28,83.05,98.73,412,2.956,3,25,A,O,Normal,0
3045,60,32,95.35,80.8,13.08,96.42,203,2.338,6,28,A,A,Normal,0
3046,66,67,61.24,5.5,24.62,51.29,479,3.703,1,1,O,A,Urgent,1
3047,48,47,64.61,55.09,30.88,65.45,585,3.796,0,1,A,O,Urgent,1
3048,27,60,30.07,34.59,64.45,48.84,32,1.486,1,33,O,O,Urgent,0
3049,63,43,40.6,2.86,44.12,78.04,343,2.506,0,20,O,O,Normal,1
3050,54,45,86.63,41.31,44.81,63.73,542,2.935,3,9,A,B,Normal,0
3051,48,62,36.26,1.49,43.02,66.7,626,2.797,3,14,O,A,Normal,0
3052,47,29,51.62,24.83,84.72,86.5,147,2.422,2,18,O,A,Routine,0
3053,65,74,89.61,30.21,72.89,54.25,684,3.404,0,9,B,B,Normal,1
3054,34,66,53.13,55.99,66.51,95.66,241,2.142,2,32,A,A,Normal,0
3055,25,49,85.23,78.71,47.21,81.04,909,2.978,0,24,O,A,Routine,0
3056,63,49,37.83,23.76,22.02,61.1,553,5.566,3,14,O,O,Critical,1
3057,65,64,36.52,47.14,86.4,96.43,738,3.689,0,1,A,A,Urgent,1
3058,25,41,52.14,0.32,89.03,69.78,329,3.254,4,16,B,O,Urgent,0
3059,50,47,66.6,96.33,54.07,78.13,283,3.057,1,3,O,O,Urgent,0
3060,57,38,90.92,81.68,47.54,57.0,442,3.182,2,19,O,O,Urgent,1
3061,20,59,92.12,84.94,0.26,98.37,592,2.055,2,39,B,A,Normal,0
3062,59,21,83.06,32.23,36.15,86.43,275,2.651,0,38,B,AB,Critical,1
3063,32,44,47.4,76.75,18.28,84.12,823,2.906,2,12,O,O,Routine,1
3064,46,74,26.05,42.3,36.53,62.41,457,1.144,0,28,O,O,Critical,0
3065,64,66,69.4,91.6,28.12,94.17,734,3.558,3,2,A,A,Normal,1
3066,51,71,61.6,10.52,60.27,95.54,469,3.046,3,20,A,O,Urgent,0
3067,52,29,67.77,83.26,18.28,89.67,590,2.901,0,23,O,O,Urgent,1
3068,41,69,74.58,71.21,99.15,58.59,907,4.81,4,28,O,O,Routine,1
3069,28,75,75.25,34.98,50.72,54.53,370,1.12,7,47,O,B,Normal,0
3070,23,34,25.13,95.0,66.29,88.41,580,1.136,0,11,A,B,Urgent,0
3071,46,75,93.96,35.71,94.73,55.05,91,1.809,1,29,B,B,Routine,1
3072,58,18,63.73,78.08,59.59,68.06,429,2.238,2,40,O,B,Normal,0
3073,57,35,51.02,11.36,75.27,59.57,404,1.394,0,22,A,O,Normal,0
3074,51,65,95.58,62.03,63.0,96.65,260,2.656,1,14,O,B,Normal,1
3075,35,35,65.83,60.85,,66.09,22,2.72,0,0,B,O,Critical,0
3076,69,52,62.61,9.51,73.55,96.64,775,2.597,0,17,O,AB,Normal,0
3077,56,47,35.17,16.5,37.1,99.71,935,2.585,5,9,O,A,Urgent,0
3078,28,68,76.79,7.16,88.2,80.65,72,1.677,2,40,O,B,Routine,0
3079,29,51,89.33,98.83,54.36,87.0,631,2.522,0,22,A,O,Urgent,0
3080,41,60,51.93,27.68,14.11,56.89,967,2.572,1,19,O,O,Normal,1
3081,51,61,28.88,46.47,39.59,83.25,968,4.338,1,10,O,O,Urgent,1
3082,68,69,73.13,4.48,26.22,74.51,600,1.85,4,1,B,O,Urgent,1
3083,23,44,51.51,12.13,44.67,85.37,50,3.022,1,21,A,O,Urgent,0
3084,33,47,67.89,55.93,73.53,95.27,806,3.135,5,14,O,A,Critical,0
3085,50,36,84.27,8.47,60.28,89.43,283,3.447,3,14,A,O,Routine,0
3086,20,26,39.69,79.59,91.54,69.7,785,1.887,1,6,O,B,Urgent,0
3087,51,45,59.18,14.46,94.54,69.7,488,2.029,0,6,A,A,Urgent,0
3088,26,62,82.05,18.11,22.2,94.28,249,2.702,2,36,B,AB,Critical,1
3089,30,50,34.76,40.08,71.49,83.25,780,3.448,0,20,A,O,Normal,0
3090,50,29,87.82,73.43,40.35,47.39,297,3.472,2,21,O,O,Critical,0
3091,29,60,73.16,46.21,23.13,73.02,982,2.859,2,31,O,O,Normal,0
3092,47,27,71.73,59.45,23.78,62.07,959,2.723,0,20,O,O,Critical,1
3093,36,42,34.3,79.38,47.96,84.93,726,3.038,5,6,B,B,Urgent,0
3094,32,71,51.03,78.89,18.33,76.0,654,2.649,5,39,O,O,Critical,1
3095,66,72,38.34,37.25,55.77,99.73,277,1.992,1,6,O,O,Routine,1
3096,36,50,80.31,30.42,2.54,69.19,825,2.071,0,14,A,O,Normal,0
3097,27,27,32.42,54.28,68.51,53.29,495,4.582,0,0,O,A,Urgent,0
3098,33,25,55.0,21.28,7.16,86.65,732,3.517,3,8,O,A,Normal,1
3099,30,20,52.28,39.68,30.93,96.26,,4.068,3,10,O,A,Urgent,0
3100,45,62,74.99,78.13,91.9,48.0,960,2.071,0,17,O,B,Critical,0
3101,48,47,36.44,19.1,50.4,66.12,946,3.731,7,1,O,B,Urgent,1
3102,69,33,75.62,65.62,59.41,92.4,782,1.124,8,36,B,O,Routine,0
3103,56,72,33.31,71.43,83.37,90.01,198,3.698,1,16,B,A,Normal,0
3104,26,41,25.5,41.46,70.91,47.1,763,3.13,0,15,AB,B,Urgent,0
3105,23,48,92.24,62.8,42.58,78.31,135,3.377,4,25,A,O,Urgent,0
3106,69,20,73.19,21.06,81.82,46.34,977,3.058,0,49,A,B,Critical,1
3107,42,54,54.8,87.07,98.89,91.17,143,1.453,0,12,B,O,Critical,0
3108,49,27,28.38,97.27,47.98,92.62,48,3.139,5,22,A,A,Routine,0
3109,68,36,50.25,58.18,66.12,92.76,833,2.891,0,32,B,O,Urgent,0
3110,47,41,55.57,66.73,56.49,91.94,248,3.863,5,6,A,B,Normal,0
3111,62,43,70.62,45.93,74.88,78.9,269,2.692,1,19,B,AB,Urgent,0
3112,62,42,36.04,47.02,84.45,99.66,437,3.663,0,20,B,A,Normal,0
3113,29,57,32.08,9.2,85.65,78.01,301,2.511,1,28,O,B,Critical,0
3114,63,76,39.51,21.44,3.99,81.4,716,2.468,2,13,B,A,Routine,0
3115,18,35,65.29,88.74,58.64,83.78,771,2.226,1,17,B,A,Urgent,0
3116,32,71,60.57,28.69,60.53,87.43,844,4.264,0,39,A,A,Normal,1
3117,30,55,89.4,10.91,54.5,77.39,401,3.316,3,25,O,O,Urgent,1
3118,38,70,73.73,28.21,57.75,89.21,286,0.5,1,32,O,B,Routine,0
3119,19,44,56.3,26.52,78.25,59.98,545,2.138,5,25,B,B,Critical,1
3120,61,27,73.23,69.26,24.7,68.92,707,2.907,5,34,AB,B,Urgent,0
3121,31,41,94.09,69.84,82.56,53.07,63,3.979,0,10,A,A,Normal,0
3122,19,63,96.53,0.56,78.81,85.28,396,1.944,5,44,O,A,Urgent,0
3123,41,40,31.52,54.59,35.78,79.98,101,2.421,1,1,A,O,Routine,0
3124,64,40,59.52,46.06,48.15,60.27,60,2.081,2,24,O,O,Normal,1
3125,61,42,96.57,77.56,93.25,62.46,103,0.919,0,19,O,AB,Normal,0
3126,19,64,81.13,98.2,56.5,79.25,529,1.379,1,45,B,O,Critical,0
3127,22,32,93.76,1.5,77.3,97.11,210,3.178,1,10,B,O,Normal,1
3128,34,47,70.22,67.77,21.31,69.87,718,2.417,1,13,B,A,Urgent,0
3129,33,47,60.6,39.44,41.41,90.09,991,2.189,0,14,O,B,Normal,1
3130,54,54,28.61,11.59,1.43,75.66,276,1.726,0,0,O,AB,Normal,1
3131,51,65,45.7,65.3,35.08,46.48,158,3.151,3,14,B,O,Normal,0
3132,31,55,99.36,26.51,44.34,93.06,381,2.053,0,24,A,B,Urgent,0
3133,38,24,87.44,81.7,41.48,97.85,211,3.941,1,14,A,B,Normal,0
3134,52,73,73.71,31.47,29.89,59.58,24,4.546,0,21,A,A,Urgent,1
3135,50,27,83.61,24.2,65.34,63.9,411,3.056,4,23,O,B,Normal,1
3136,,59,45.76,95.02,93.69,85.13,973,2.095,1,11,B,AB,Routine,0
3137,40,24,38.05,42.88,18.9,95.18,547,1.451,1,16,O,A,Normal,0
3138,45,30,73.04,46.6,9.08,63.94,64,1.75,0,15,A,AB,Critical,1
3139,69,45,79.18,1.51,10.22,93.04,506,1.878,8,24,A,A,Urgent,1
3140,68,73,62.69,10.94,93.73,98.64,308,1.78,4,5,O,O,Normal,0
3141,39,53,65.32,6.9,18.65,71.73,598,3.132,2,14,O,A,Critical,1
3142,33,29,95.78,1.38,60.28,74.42,887,3.309,0,4,A,A,Normal,1
3143,39,69,45.68,25.27,84.11,93.58,7,1.645,1,30,O,O,Urgent,1
3144,49,38,43.85,30.75,20.97,56.62,456,3.616,4,11,B,O,Urgent,0
3145,62,32,49.6,83.45,54.53,69.89,159,2.916,1,30,O,B,Urgent,0
3146,48,34,49.28,10.19,48.18,83.88,941,3.668,3,14,O,B,Urgent,1
3147,27,36,31.91,88.92,20.92,93.66,946,3.464,0,9,O,AB,Urgent,0
3148,27,34,92.4,98.73,82.36,63.5,983,3.28,3,7,O,B,Normal,0
3149,55,63,96.92,45.84,69.65,64.5,425,4.145,7,8,B,A,Normal,0
3150,29,42,61.79,56.56,23.54,98.99,558,2.363,4,13,O,AB,Urgent,0
3151,49,56,,5.25,65.52,63.15,336,3.41,0,7,O,A,Critical,1
3152,22,49,74.64,84.46,54.49,90.27,729,2.096,2,27,O,A,Normal,0
3153,61,59,85.06,19.52,35.55,88.61,928,2.729,0,2,O,O,Routine,1
3154,33,55,90.44,8.08,31.02,73.94,377,2.722,1,22,A,O,Urgent,1
3155,22,24,93.98,65.22,22.3,63.21,301,2.125,7,2,B,A,Normal,0
3156,62,64,98.5,15.26,56.73,48.63,25,3.319,1,2,O,O,Urgent,1
3157,65,18,96.18,39.6,22.54,92.2,298,2.278,3,47,O,B,Normal,1
3158,27,48,99.65,67.08,41.22,79.2,870,3.888,4,21,O,O,Urgent,1
3159,30,61,78.09,78.01,40.03,49.23,75,2.694,0,31,A,A,Normal,1
3160,47,54,44.04,61.91,72.25,62.9,734,2.826,0,7,A,A,Urgent,1
3161,57,20,73.21,80.07,76.42,83.73,222,2.509,0,37,O,A,Urgent,0
3162,23,62,51.17,83.37,79.78,67.2,450,3.045,0,39,O,O,Critical,1
3163,19,61,90.69,65.46,30.51,62.3,722,0.842,2,42,O,B,Routine,0
3164,48,45,61.98,21.39,17.29,88.84,164,1.798,0,3,A,O,Normal,0
3165,56,70,93.36,50.45,45.56,93.64,126,3.857,0,14,A,A,Normal,1
3166,51,75,46.26,55.94,24.09,52.78,244,1.16,0,24,O,A,Normal,1
3167,49,77,74.8,16.1,18.79,92.33,795,2.903,1,28,O,A,Urgent,1
3168,39,33,59.29,30.09,46.76,92.03,201,1.63,0,6,O,B,Normal,1
3169,64,22,75.06,15.83,70.51,53.21,865,3.017,0,42,O,A,Routine,1
3170,41,28,71.68,75.46,13.94,75.78,179,2.819,0,13,AB,A,Urgent,0
3171,61,61,57.09,73.12,58.26,56.59,757,1.699,2,0,O,B,Routine,1
3172,32,35,31.79,5.63,56.18,75.47,664,4.114,0,3,B,B,Urgent,1
3173,29,41,73.87,91.58,62.51,99.57,299,3.842,2,12,O,O,Urgent,0
3174,41,19,49.6,18.23,25.38,69.33,47,1.851,0,22,A,O,Normal,0
3175,55,53,99.37,96.88,30.74,91.12,855,1.733,1,2,O,A,Urgent,1
3176,52,49,87.28,82.96,55.02,97.64,170,3.952,1,3,A,A,Urgent,1
3177,47,34,45.65,95.09,31.98,59.86,717,3.476,4,13,B,B,Urgent,0
3178,45,53,30.01,33.66,0.43,53.64,21,2.938,1,8,O,B,Normal,0
3179,58,48,67.01,18.1,85.72,68.78,942,0.801,6,10,B,A,Normal,0
3180,24,50,99.15,82.18,64.78,59.25,113,3.375,2,26,B,AB,Routine,0
3181,36,24,79.56,96.73,62.26,51.99,578,2.74,,12,B,B,Urgent,1
3182,35,66,28.01,,49.21,51.28,762,2.528,0,31,B,B,Urgent,1
3183,28,23,76.73,1.09,52.87,90.12,354,1.973,2,5,A,O,Urgent,0
3184,19,43,28.02,98.28,36.56,99.45,620,1.757,0,24,O,AB,Normal,0
3185,42,19,34.35,48.08,40.22,79.31,761,4.422,2,23,O,O,Normal,1
3186,63,74,39.63,18.58,41.7,54.44,530,1.037,3,11,O,B,Urgent,0
3187,57,47,36.9,2.92,88.26,52.14,720,2.801,0,10,O,A,Urgent,0
3188,54,67,54.04,97.87,33.8,70.09,,4.823,2,13,O,O,Routine,0
3189,30,47,70.85,37.75,35.88,79.62,881,2.803,0,17,B,O,Urgent,1
3190,44,19,56.5,33.52,51.19,66.49,181,2.856,4,25,A,B,Critical,0
3191,38,60,30.47,26.91,73.48,79.92,821,2.879,7,22,B,O,Critical,0
3192,35,38,57.63,96.59,8.01,54.68,720,3.845,6,3,A,A,Normal,0
3193,63,56,54.44,67.02,91.9,68.61,420,3.028,2,7,A,A,Urgent,0
3194,56,70,63.13,80.11,54.91,56.16,538,2.864,0,14,B,B,Urgent,1
3195,38,23,73.97,91.5,46.2,99.41,135,2.619,0,15,O,A,Urgent,0
3196,34,40,30.83,94.34,66.3,88.89,184,2.922,3,6,O,A,Normal,0
3197,42,37,25.12,28.85,82.91,98.07,855,1.936,0,5,AB,O,Normal,0
3198,32,55,26.49,81.39,92.47,61.74,90,2.312,0,23,B,O,Normal,0
3199,31,42,82.19,32.72,57.18,57.89,372,1.524,2,11,O,A,Normal,0
3200,31,75,30.09,53.86,12.37,65.99,316,3.081,2,44,A,A,Normal,0
3201,58,66,32.68,52.81,48.77,94.42,896,1.98,0,8,O,B,Routine,0
3202,53,76,88.34,12.4,21.9,58.67,359,3.26,6,23,O,B,Normal,0
3203,65,37,80.83,40.17,94.31,54.13,750,2.165,2,28,B,B,Normal,0
3204,57,47,71.06,79.23,50.81,93.76,722,6.073,2,10,O,O,Routine,1
3205,42,62,70.46,37.1,87.4,,467,,0,20,AB,A,Urgent,0
3206,35,53,91.4,80.23,95.02,88.34,865,3.438,0,18,A,B,Critical,0
3207,50,18,61.97,1.39,63.52,85.3,1,1.623,3,32,A,A,Normal,1
3208,26,49,40.49,91.53,77.68,98.46,170,4.907,2,23,O,O,Normal,0
3209,22,18,93.02,47.55,7.39,68.99,444,2.297,2,4,A,A,Urgent,1
3210,56,32,72.47,93.15,98.75,78.4,68,2.814,1,24,O,O,Routine,0
3211,57,64,83.8,0.88,89.21,81.28,818,5.567,2,7,A,O,Urgent,0
3212,56,66,76.43,21.33,55.32,55.54,401,1.801,1,10,B,O,Normal,1
3213,63,19,27.47,63.47,32.07,63.01,366,3.702,0,44,AB,B,Urgent,0
3214,25,68,,14.57,47.0,54.37,85,1.74,0,43,O,O,Urgent,1
3215,31,72,62.62,61.37,20.67,62.93,80,4.731,0,41,AB,A,Urgent,0
3216,41,72,68.03,85.32,22.81,73.12,694,2.556,0,31,A,O,Normal,0
3217,34,56,31.06,33.81,4.43,76.13,,,0,22,O,A,Normal,0
3218,48,46,78.92,92.9,46.35,64.55,59,3.579,1,2,B,B,Critical,1
3219,47,70,68.07,70.24,4.31,83.87,301,2.68,2,23,O,O,Urgent,1
3220,48,71,33.24,61.01,23.6,73.44,846,2.178,1,23,B,O,Critical,0
3221,44,58,49.66,31.3,37.2,93.01,454,3.136,0,14,A,O,Normal,0
3222,29,45,50.8,64.09,49.31,96.12,800,2.782,2,16,O,B,Critical,0
3223,61,40,32.28,93.53,48.16,86.46,10,3.089,1,21,AB,A,Routine,0
3224,29,48,83.28,93.44,93.16,71.26,919,3.182,0,19,O,A,Urgent,0
3225,27,,26.4,49.65,78.57,75.59,587,2.197,0,14,AB,O,Normal,0
3226,28,77,25.1,14.99,32.17,56.33,361,2.807,1,49,A,A,Critical,1
3227,69,33,66.03,94.19,84.62,67.04,415,1.075,0,36,A,B,Normal,0
3228,61,55,25.09,15.23,58.46,60.38,287,2.453,3,6,B,B,Normal,0
3229,20,23,58.72,55.66,66.43,60.22,61,2.557,4,3,B,B,Urgent,1
3230,18,72,37.7,14.15,92.08,73.82,764,1.186,1,54,A,O,Normal,0
3231,53,20,86.98,87.52,98.06,61.07,369,2.732,4,33,O,B,Critical,0
3232,,61,47.76,67.94,93.16,62.09,180,3.827,5,14,A,A,Urgent,0
3233,29,49,36.22,32.0,12.99,68.04,265,2.201,4,20,O,A,Critical,0
3234,31,75,42.26,43.04,26.09,82.1,220,2.413,0,44,O,A,Critical,0
3235,51,22,61.88,54.01,61.39,67.0,670,1.701,0,29,A,B,Urgent,0
3236,58,56,84.45,64.9,96.31,88.87,683,3.798,0,2,O,O,Critical,1
3237,60,27,45.27,26.85,93.21,60.35,724,2.841,0,33,A,O,Urgent,0
3238,37,32,57.0,62.55,99.14,84.36,127,4.058,0,5,A,O,Normal,0
3239,28,75,27.38,82.94,70.33,98.22,927,2.833,2,47,B,A,Normal,0
3240,52,57,62.2,57.61,74.75,69.53,494,2.09,1,5,O,O,Critical,1
3241,58,65,58.15,9.26,45.17,69.08,105,0.928,0,7,A,AB,Normal,0
3242,53,77,57.91,54.74,50.95,91.88,271,0.759,3,24,B,O,Routine,0
3243,62,34,97.97,77.46,76.11,97.1,812,1.629,1,28,O,O,Urgent,1
3244,53,30,77.5,43.9,20.01,46.61,998,2.855,1,23,B,A,Normal,0
3245,69,24,76.07,35.34,38.69,92.84,82,1.222,0,45,O,B,Critical,1
3246,41,63,44.09,64.8,23.34,53.34,428,0.58,0,22,O,O,Critical,1
3247,64,26,83.65,18.03,52.16,66.46,133,2.437,1,38,B,O,Urgent,1
3248,40,33,44.13,61.06,51.43,45.06,217,2.394,2,7,AB,O,Normal,0
3249,54,37,81.34,21.03,16.34,59.96,709,3.772,1,17,O,O,Normal,1
3250,30,46,99.39,1.04,91.21,83.89,513,4.031,0,16,A,B,Normal,1
3251,60,67,53.88,91.81,37.4,89.86,433,3.389,1,7,O,O,Critical,0
3252,36,41,85.87,26.46,4.01,73.82,867,2.021,2,5,O,A,Urgent,1
3253,23,33,49.64,7.03,68.34,71.88,912,3.74,0,10,O,O,Critical,1
3254,68,20,93.32,78.13,89.79,70.64,108,1.391,2,48,A,A,Normal,0
3255,60,26,79.23,85.52,10.82,74.95,175,1.255,0,34,A,A,Urgent,0
3256,65,22,77.62,45.88,11.99,86.76,366,3.087,1,43,B,B,Urgent,0
3257,37,51,41.68,61.47,32.12,86.21,745,2.166,0,14,B,O,Critical,0
3258,22,69,95.73,97.06,65.63,69.67,39,0.981,0,47,A,O,Urgent,0
3259,18,53,45.11,5.34,89.97,60.44,223,0.5,2,35,O,O,Normal,0
3260,46,31,53.66,51.7,89.91,81.94,663,2.104,0,15,A,A,Urgent,1
3261,55,68,50.99,67.11,70.48,52.02,97,2.236,0,13,A,B,Critical,0
3262,49,26,39.54,73.54,19.15,87.71,971,2.835,0,23,O,A,Normal,0
3263,39,62,66.2,7.08,80.32,,619,1.726,2,23,O,O,Critical,1
3264,41,48,45.38,49.3,5.26,55.04,932,2.288,1,7,A,O,Urgent,1
3265,44,40,44.82,91.38,14.04,54.83,618,2.881,6,,A,O,Critical,0
3266,22,50,47.14,52.41,68.53,51.71,165,3.856,0,28,O,B,Normal,0
3267,56,63,37.29,1.35,0.6,62.76,273,3.148,1,7,O,O,Critical,1
3268,47,69,98.8,47.76,89.2,60.35,926,2.407,1,22,A,A,Normal,1
3269,26,57,53.08,78.13,9.17,99.65,992,3.29,0,31,O,O,Urgent,0
3270,26,71,74.14,6.13,38.77,68.24,679,4.195,1,45,O,B,Normal,0
3271,56,23,97.93,39.47,32.23,67.79,361,1.34,8,33,A,A,Critical,1
3272,47,73,69.63,54.85,32.18,47.09,879,3.014,2,26,O,O,Urgent,0
3273,27,67,53.91,52.08,45.98,90.53,313,1.699,2,40,O,O,Urgent,1
3274,37,75,76.79,92.66,41.62,50.99,121,3.009,0,38,O,O,Routine,0
3275,31,18,74.33,71.74,22.38,79.7,252,3.191,1,13,O,B,Normal,0
3276,42,76,59.55,48.74,87.67,73.84,917,2.778,2,34,B,B,Normal,0
3277,23,73,46.54,27.7,10.68,86.07,751,2.181,0,50,A,B,Routine,0
3278,49,33,81.85,19.48,99.37,48.64,940,1.425,0,16,A,A,Critical,1
3279,34,51,70.74,15.73,36.26,81.05,156,1.132,5,17,O,B,Normal,1
3280,37,29,25.39,22.32,41.95,84.28,599,1.451,0,8,O,A,Urgent,0
3281,39,67,67.26,63.8,74.32,82.19,339,3.052,3,28,O,AB,Normal,0
3282,26,55,78.27,14.15,57.64,87.83,381,3.094,4,29,A,A,Normal,1
3283,55,32,60.47,67.98,32.15,,927,2.78,2,23,O,AB,Urgent,1
3284,51,18,96.38,4.63,20.34,59.63,261,1.703,3,33,O,A,Urgent,0
3285,21,19,52.55,27.03,74.06,51.45,849,1.407,0,2,O,B,Normal,1
3286,49,29,72.53,4.25,91.97,96.47,496,4.709,0,20,O,B,Normal,1
3287,56,55,91.87,41.63,5.06,68.71,40,3.402,1,1,B,B,Urgent,1
3288,47,58,58.54,58.18,63.04,57.96,880,4.03,0,11,O,A,Critical,1
3289,32,63,63.38,60.03,68.51,48.69,862,1.849,2,31,A,O,Critical,0
3290,60,72,32.49,81.89,41.1,62.11,33,2.136,4,12,O,A,Urgent,0
3291,29,75,88.79,43.63,9.81,83.25,55,1.929,6,46,O,A,Routine,0
3292,53,28,99.66,87.89,91.3,85.08,116,2.605,0,25,B,O,Urgent,0
3293,52,71,91.05,39.35,12.81,54.01,68,2.78,0,19,A,B,Normal,0
3294,65,72,63.59,1.21,40.65,51.14,668,3.403,0,7,A,A,Critical,1
3295,35,57,39.81,84.45,16.5,66.98,706,1.408,0,22,A,A,Critical,1
3296,56,27,26.93,40.32,61.92,50.51,321,2.258,1,29,B,O,Critical,0
3297,51,65,33.3,27.37,44.56,58.81,175,2.73,0,14,O,A,Routine,0
3298,61,63,55.33,30.76,83.86,83.53,788,3.744,2,2,A,A,Normal,1
3299,48,43,70.76,3.26,14.6,94.69,436,3.47,0,5,B,O,Normal,0
3300,25,41,79.88,95.26,42.62,67.49,503,2.704,1,16,A,A,Critical,1
3301,63,57,72.6,25.98,70.03,47.73,794,3.243,0,6,B,B,Urgent,1
3302,55,58,88.61,75.9,37.18,82.25,465,2.418,0,3,A,B,Routine,0
3303,44,72,73.63,0.71,47.76,55.52,140,1.937,2,28,AB,O,Normal,0
3304,42,63,65.02,14.62,29.47,54.94,962,2.1,1,21,B,O,Urgent,0
3305,39,39,85.77,28.9,10.45,78.4,660,2.658,6,0,O,B,Routine,1
3306,,77,77.19,78.5,30.13,67.03,357,2.079,1,53,O,A,Routine,0
3307,30,69,60.06,50.94,66.27,80.75,282,2.966,7,39,O,B,Routine,0
3308,22,24,85.28,62.84,62.4,54.76,336,1.033,1,2,AB,B,Urgent,0
3309,31,34,75.7,33.42,4.27,,666,2.843,0,3,B,O,Routine,0
3310,25,44,85.25,68.48,38.22,97.54,924,1.689,0,19,B,B,Routine,1
3311,32,76,73.88,79.69,56.42,79.04,490,1.619,4,44,O,B,Urgent,0
3312,63,75,67.64,88.64,64.72,97.72,142,1.352,0,12,B,A,Critical,0
3313,22,40,49.8,24.33,82.26,79.39,75,3.883,2,18,A,B,Normal,0
3314,33,34,67.4,76.69,45.34,46.67,678,1.636,1,1,O,B,Normal,0
3315,58,22,66.88,39.57,79.61,88.93,207,2.755,0,36,O,A,Normal,0
3316,55,39,44.13,17.45,66.29,46.77,872,1.896,1,16,AB,A,Urgent,0
3317,44,33,76.37,80.9,73.53,72.76,720,2.846,2,11,B,O,Routine,0
3318,37,60,67.38,69.5,78.4,50.73,904,2.543,5,23,O,O,Urgent,0
3319,46,69,27.69,49.82,63.99,73.83,190,3.442,0,23,O,O,Normal,1
3320,59,64,96.5,76.33,16.53,54.02,948,2.761,2,5,A,B,Urgent,0
3321,19,47,57.07,8.79,93.63,60.07,122,3.97,5,28,A,O,Normal,0
3322,46,40,38.29,47.23,51.25,59.19,600,1.737,0,6,B,O,Urgent,0
3323,47,49,49.82,55.84,5.07,99.65,41,1.507,3,2,B,A,Normal,0
3324,42,43,83.04,59.28,87.71,64.02,262,3.7,3,1,B,A,Routine,0
3325,49,58,51.76,11.83,73.52,87.53,57,4.01,0,9,O,O,Urgent,1
3326,19,52,60.06,29.75,71.53,45.94,996,1.179,1,33,A,A,Normal,0
3327,61,45,42.19,95.54,31.27,48.75,,3.114,2,16,O,A,Critical,0
3328,,55,31.85,95.95,58.88,61.37,991,1.108,0,1,AB,AB,Normal,1
3329,68,64,48.12,73.35,36.14,78.64,131,2.519,2,4,A,A,Urgent,1
3330,49,47,68.71,71.52,77.57,64.47,331,2.266,1,2,AB,B,Normal,0
3331,48,29,56.09,28.35,6.31,72.41,264,1.861,1,19,O,B,Urgent,1
3332,65,76,85.42,0.69,74.84,46.63,565,3.09,3,11,A,A,Urgent,1
3333,50,51,61.44,73.27,84.5,45.69,289,3.649,1,1,A,O,Normal,0
3334,31,65,95.72,71.12,47.56,79.37,768,1.188,0,34,O,A,Normal,1
3335,50,41,64.12,80.69,59.2,74.61,857,2.866,4,9,B,O,Normal,0
3336,66,72,77.03,44.14,19.51,90.56,885,2.292,0,6,O,O,Urgent,1
3337,44,40,97.71,74.33,6.86,68.88,421,2.328,0,4,A,O,Routine,1
3338,47,40,58.47,55.28,5.03,54.26,737,3.016,0,7,A,O,Urgent,0
3339,46,62,68.27,84.41,80.27,96.82,75,2.371,,16,A,B,Normal,0
3340,53,74,49.17,58.39,59.98,84.27,648,3.39,7,21,B,O,Critical,0
3341,55,62,83.92,71.4,53.1,73.7,542,4.693,0,7,O,O,Normal,0
3342,24,26,91.31,80.45,0.06,64.47,748,0.87,1,2,A,B,Normal,1
3343,29,58,84.56,28.3,64.98,45.61,367,1.773,0,29,A,A,Normal,1
3344,23,55,74.47,37.49,20.89,69.44,839,2.936,0,32,O,B,Urgent,1
3345,29,35,51.81,93.56,13.03,65.14,511,2.341,0,6,B,A,Urgent,0
3346,51,24,94.52,94.17,4.6,56.67,114,3.023,3,27,B,A,Routine,0
3347,67,51,,94.28,21.67,88.93,614,2.128,3,16,B,B,Urgent,0
3348,41,29,48.17,97.07,63.72,79.63,222,3.72,1,12,O,A,Normal,0
3349,38,62,67.93,28.75,76.78,96.34,536,2.849,3,24,A,B,Critical,0
3350,62,51,54.88,3.11,1.3,84.78,25,4.145,0,11,B,B,Critical,1
3351,24,34,98.85,19.68,76.19,85.38,169,1.953,0,10,B,O,Normal,0
3352,34,66,54.53,66.26,37.45,89.8,353,2.786,0,32,A,A,Urgent,1
3353,34,26,36.38,28.95,68.75,64.85,760,4.598,0,8,B,B,Normal,1
3354,58,28,80.02,34.41,46.98,57.07,45,1.856,0,30,O,B,Normal,0
3355,47,54,63.76,86.79,99.41,64.21,964,2.652,5,7,B,A,Urgent,0
3356,21,31,69.44,72.68,,51.17,237,3.575,0,10,B,O,Critical,0
3357,45,47,77.07,26.45,73.06,81.29,389,2.472,1,2,B,A,Routine,0
3358,64,71,40.95,63.02,12.54,52.33,395,2.083,0,7,O,B,Urgent,0
3359,,21,42.5,22.73,31.3,69.87,795,1.96,2,13,O,A,Urgent,1
3360,62,55,99.95,12.11,33.66,46.39,434,2.729,0,7,A,O,Urgent,1
3361,46,55,58.36,47.59,95.09,77.95,304,1.097,1,9,A,O,Urgent,0
3362,36,39,74.02,3.26,3.56,76.08,281,4.111,0,3,A,O,Urgent,1
3363,22,76,35.32,85.83,25.67,91.7,185,1.651,3,54,A,A,Critical,0
3364,68,52,69.68,37.98,35.52,83.29,719,3.339,1,16,O,AB,Normal,1
3365,67,46,32.37,,56.07,91.58,233,2.961,0,21,O,AB,Critical,0
3366,33,40,80.54,21.84,47.83,78.02,508,3.399,1,7,A,O,Normal,1
3367,61,49,87.72,12.56,4.55,91.29,18,2.797,1,12,A,B,Critical,0
3368,66,46,30.7,13.72,51.99,47.41,887,3.683,1,20,B,O,Critical,0
3369,28,44,96.27,96.72,94.17,76.22,961,3.875,0,16,O,B,Critical,0
3370,66,77,55.84,98.24,34.07,85.89,772,4.733,1,11,O,O,Urgent,1
3371,40,37,81.36,57.47,35.87,45.2,551,1.126,0,3,O,B,Urgent,0
3372,68,22,82.9,87.09,55.93,53.9,119,3.468,0,46,O,O,Critical,1
3373,36,57,83.71,42.71,1.33,89.47,368,2.501,0,21,A,B,Normal,1
3374,22,71,28.34,68.42,18.11,65.71,794,2.856,2,49,A,O,Critical,0
3375,56,72,57.08,73.97,57.97,58.51,232,3.476,4,16,A,O,Normal,0
3376,43,49,76.93,64.95,82.6,58.17,282,3.28,0,6,O,B,Urgent,0
3377,23,,69.11,31.13,46.7,68.39,236,1.424,3,2,O,B,Normal,1
3378,60,25,62.25,82.55,51.17,59.26,53,2.654,0,35,B,B,Critical,0
3379,20,67,50.64,56.74,63.68,83.44,879,4.199,0,47,O,B,Normal,0
3380,42,32,85.83,64.02,85.7,85.54,776,3.602,0,10,O,A,Normal,1
3381,63,26,64.13,65.41,10.84,66.73,366,3.141,1,37,O,B,Critical,0
3382,63,41,87.2,88.72,2.19,72.16,647,2.222,0,22,B,A,Routine,0
3383,20,33,97.93,58.54,46.35,69.37,640,4.472,4,13,B,A,Urgent,0
3384,22,57,99.44,37.54,58.59,58.11,957,3.409,1,35,AB,O,Urgent,0
3385,28,27,85.34,72.84,35.41,57.79,578,2.032,0,1,O,O,Urgent,1
3386,66,77,40.06,79.88,80.58,93.39,271,2.655,1,11,O,O,Critical,0
3387,32,64,38.92,66.17,25.31,46.26,908,1.394,1,32,A,O,Routine,0
3388,53,40,49.81,49.66,3.63,95.88,510,4.029,1,13,O,O,Normal,1
3389,61,63,58.15,14.89,77.24,61.65,476,1.745,8,2,B,B,Critical,1
3390,69,66,36.89,31.0,69.58,54.94,707,4.898,3,3,O,O,Urgent,1
3391,21,20,29.22,88.0,57.73,99.22,98,5.309,2,1,A,O,Routine,0
3392,60,59,46.73,14.25,17.32,58.76,79,1.891,8,1,O,B,Normal,1
3393,58,23,84.27,79.26,20.76,61.46,10,1.591,3,35,O,AB,Normal,1
3394,59,34,42.58,38.2,19.79,60.93,217,2.124,0,25,O,O,Urgent,1
3395,57,22,54.83,98.1,99.25,76.21,638,1.88,3,35,B,O,Routine,0
3396,48,18,81.35,87.35,25.52,47.63,187,2.192,1,30,O,O,Urgent,1
3397,69,29,30.56,26.97,94.51,94.1,779,1.363,1,40,B,A,Normal,0
3398,49,75,87.17,22.8,48.26,97.46,618,1.978,1,26,B,O,Normal,0
3399,44,20,92.2,7.05,4.04,87.09,953,2.904,2,24,O,O,Normal,1
3400,51,72,57.02,28.6,32.51,55.2,985,2.457,0,21,O,AB,Urgent,1
3401,48,55,64.27,60.48,97.46,89.98,333,5.961,0,7,B,B,Urgent,0
3402,46,55,57.24,57.81,21.82,94.77,538,2.707,6,9,O,O,Critical,1
3403,38,70,62.68,63.56,70.27,54.33,435,3.613,0,32,O,O,Routine,0
3404,40,57,75.29,90.13,73.41,75.08,84,1.835,6,17,O,O,Normal,0
3405,35,70,76.18,61.64,96.43,57.82,730,3.818,1,35,O,B,Normal,0
3406,25,67,74.11,8.17,1.34,77.38,88,3.368,1,42,O,B,Normal,1
3407,62,24,95.09,71.21,99.37,58.62,728,1.819,0,38,O,O,Critical,1
3408,24,77,74.59,1.0,66.61,96.85,910,1.397,2,53,A,O,Normal,1
3409,35,63,48.3,75.21,56.42,60.49,446,3.79,1,28,A,A,Normal,0
3410,63,30,51.8,61.04,33.79,49.47,389,2.39,2,33,A,O,Critical,0
3411,64,48,55.69,0.7,84.13,81.33,818,4.286,0,16,O,O,Urgent,0
3412,61,24,41.75,93.95,14.39,66.2,16,2.102,4,37,O,B,Critical,0
3413,63,54,72.32,94.56,63.41,89.55,478,2.379,6,9,A,B,Urgent,0
3414,54,60,30.45,53.47,65.8,66.56,647,3.569,1,6,A,O,Critical,0
3415,52,74,47.4,50.4,25.01,52.23,374,4.399,1,22,O,O,Urgent,1
3416,47,46,51.6,82.4,70.56,80.5,163,1.086,0,1,A,O,Urgent,0
3417,42,58,53.89,13.05,10.85,56.58,685,1.478,0,16,A,B,Normal,1
3418,35,63,27.41,8.5,82.21,99.04,148,2.498,0,28,A,A,Critical,1
3419,27,21,58.56,45.65,58.52,63.6,366,1.842,0,6,O,A,Normal,0
3420,64,77,39.58,78.6,87.24,52.3,387,1.3,1,13,B,B,Routine,0
3421,60,56,80.61,91.51,67.91,64.28,706,3.873,1,4,O,O,Normal,1
3422,38,53,62.89,81.25,94.44,49.72,928,1.97,4,15,O,O,Urgent,0
3423,60,66,57.43,40.63,1.12,46.51,442,2.072,0,6,B,B,Normal,0
3424,25,77,28.09,2.08,38.88,96.65,286,3.814,2,52,A,O,Urgent,0
3425,22,77,57.78,51.8,1.52,92.14,193,4.159,0,55,B,B,Normal,0
3426,38,20,74.27,39.67,94.43,64.59,662,4.84,2,18,B,B,Routine,1
3427,31,39,60.75,90.79,75.3,68.99,239,1.942,0,8,O,B,Critical,0
3428,58,69,39.78,47.34,81.4,92.65,618,2.545,1,11,O,O,Urgent,0
3429,46,26,75.31,18.26,15.03,46.42,190,3.622,0,20,B,A,Urgent,1
3430,46,48,74.29,28.54,88.59,94.44,130,2.039,1,2,O,B,Normal,1
3431,40,29,66.38,72.12,73.67,87.89,873,2.666,0,11,A,A,Normal,1
3432,35,20,91.36,7.57,19.57,96.6,522,2.645,0,15,O,O,Normal,1
3433,50,59,45.63,25.96,47.47,61.53,289,1.928,0,9,A,O,Routine,0
3434,59,30,92.38,77.17,75.48,94.82,528,2.297,2,29,B,B,Normal,1
3435,25,45,93.68,44.07,94.95,87.13,167,2.99,7,20,O,O,Routine,0
3436,51,58,68.53,38.55,77.47,51.69,795,2.054,6,7,O,A,Routine,0
3437,28,69,45.56,28.49,15.7,48.1,329,2.657,2,41,B,O,Normal,0
3438,21,48,64.37,68.91,55.43,51.13,240,0.932,8,27,B,O,Normal,0
3439,55,67,75.63,14.32,60.2,78.61,887,2.546,1,12,A,B,Urgent,1
3440,32,31,44.76,59.94,59.97,72.36,667,1.718,3,1,O,B,Urgent,0
3441,59,53,95.73,49.43,0.47,50.01,497,2.877,8,6,O,AB,Normal,1
3442,50,48,39.95,52.71,6.46,61.46,286,1.271,0,2,O,B,Urgent,1
3443,21,47,81.59,51.85,57.61,66.18,875,4.602,0,26,AB,O,Urgent,0
3444,19,51,60.19,44.0,42.96,50.25,919,3.121,1,32,A,O,Urgent,0
3445,33,68,46.25,91.4,20.82,49.08,766,0.5,2,35,O,O,Urgent,0
3446,21,33,33.34,30.19,15.97,98.95,234,1.99,2,12,A,B,Critical,0
3447,35,48,32.79,14.35,88.09,94.16,283,3.066,5,13,AB,O,Critical,0
3448,41,33,35.16,18.22,64.23,95.91,593,2.323,0,8,A,O,Urgent,0
3449,46,54,95.66,50.0,88.15,84.87,420,3.429,0,8,B,B,Routine,1
3450,46,22,33.18,27.26,31.64,52.07,837,2.092,0,24,O,O,Urgent,0
3451,54,40,41.27,19.44,88.48,93.67,763,4.402,7,14,A,O,Normal,0
3452,49,61,41.24,1.44,81.58,83.14,611,2.418,0,12,O,B,Urgent,1
3453,42,19,91.55,64.89,16.9,70.87,360,2.345,2,23,O,A,Routine,0
3454,20,34,86.95,64.72,77.22,86.64,772,3.082,,14,A,O,Urgent,0
3455,40,61,53.06,46.48,81.29,58.57,785,3.159,8,21,A,O,Routine,0
3456,37,69,42.63,26.7,86.01,47.93,742,3.05,0,32,A,B,Normal,0
3457,40,42,38.4,36.87,5.18,79.5,190,4.983,1,2,A,A,Urgent,1
3458,27,38,65.3,44.41,87.59,54.8,492,3.03,0,11,O,A,Urgent,1
3459,68,66,33.71,,21.82,72.75,262,0.5,1,2,O,B,Urgent,1
3460,62,75,39.45,27.58,97.11,89.14,944,3.423,5,13,AB,AB,Urgent,1
3461,29,59,39.25,98.9,9.7,64.25,152,5.342,1,30,B,B,Normal,0
3462,37,45,41.99,89.52,83.12,77.94,574,3.177,0,8,A,O,Critical,0
3463,63,46,63.16,34.48,97.06,48.49,261,4.645,1,17,B,A,Critical,0
3464,68,75,97.39,75.91,59.87,94.62,401,2.307,1,7,O,B,Normal,1
3465,45,59,57.35,84.51,83.1,69.57,209,1.032,0,14,A,B,Urgent,0
3466,56,65,40.21,85.68,73.94,62.49,714,3.121,1,9,O,B,Normal,0
3467,58,64,54.16,48.98,49.46,62.46,624,3.405,1,6,B,B,Normal,1
3468,69,60,82.25,32.84,1.14,79.9,12,3.562,0,9,B,B,Normal,1
3469,31,63,79.96,10.27,13.45,96.69,623,2.611,1,32,O,O,Urgent,1
3470,62,57,27.65,33.69,14.51,65.44,823,2.125,0,5,A,A,Normal,0
3471,63,43,75.93,50.3,15.21,71.03,793,3.082,0,20,O,A,Routine,1
3472,51,48,51.31,37.52,2.1,54.87,754,3.377,0,3,O,B,Normal,0
3473,62,65,60.88,19.69,2.21,61.56,799,3.694,0,3,B,B,Normal,1
3474,57,68,82.41,2.6,17.62,53.81,428,1.915,0,11,O,O,Normal,1
3475,42,31,92.76,86.57,16.17,78.94,966,3.446,4,11,B,B,Normal,1
3476,27,23,33.51,55.23,94.94,70.41,248,1.703,0,4,A,B,Normal,0
3477,54,61,54.15,60.62,53.94,68.93,46,4.01,0,7,O,B,Normal,0
3478,42,49,82.71,56.05,56.86,55.8,506,3.588,0,7,O,O,Urgent,1
3479,25,25,90.34,56.53,43.18,60.69,504,1.905,2,0,B,A,Routine,0
3480,44,72,32.99,28.9,52.2,67.69,785,2.408,1,28,O,A,Normal,0
3481,44,65,55.98,99.36,3.12,87.52,422,3.503,0,21,A,B,Routine,0
3482,30,56,29.04,60.26,92.39,87.27,,5.748,1,26,B,O,Normal,0
3483,58,40,26.81,30.4,41.62,78.73,134,2.409,8,18,B,AB,Normal,0
3484,49,62,43.22,20.63,76.46,80.0,827,1.311,1,13,B,O,Routine,0
3485,61,71,38.85,25.54,60.99,86.89,388,3.458,1,10,B,O,Urgent,0
3486,23,35,44.89,76.4,33.28,95.5,308,3.307,0,12,O,A,Urgent,1
3487,26,35,85.27,43.15,8.2,47.14,874,2.006,1,9,B,A,Urgent,0
3488,18,62,51.04,28.27,15.98,54.92,945,2.916,0,44,B,B,Routine,1
3489,19,20,88.53,49.63,41.02,67.06,629,2.317,2,1,B,A,Urgent,0
3490,46,63,25.67,10.85,85.87,89.12,929,2.532,0,17,A,O,Routine,0
3491,41,33,47.18,9.72,36.83,89.49,734,1.62,2,8,A,AB,Critical,0
3492,22,35,38.59,30.17,2.57,54.81,601,1.051,1,13,O,O,Normal,1
3493,22,31,27.95,69.7,40.19,47.61,583,1.215,5,9,B,A,Critical,0
3494,67,51,96.97,94.52,50.75,94.51,190,2.139,2,16,O,B,Normal,1
3495,65,52,92.15,83.67,49.93,70.23,212,3.347,0,13,O,A,Normal,0
3496,69,42,60.89,8.61,25.52,91.71,296,3.428,2,27,O,A,Normal,1
3497,39,66,74.93,6.58,29.42,88.16,564,1.816,1,27,O,B,Urgent,1
3498,33,34,59.66,,76.78,71.64,532,2.635,2,1,B,A,Critical,0
3499,32,77,62.26,28.62,67.84,95.89,279,3.485,0,45,O,O,Urgent,0
3500,51,66,87.47,,70.74,96.98,769,3.657,0,15,B,O,Routine,0
3501,66,34,46.68,96.85,17.61,98.72,969,2.447,0,32,A,A,Routine,1
3502,42,53,78.39,63.78,83.99,75.65,428,2.566,3,11,B,AB,Urgent,0
3503,32,26,65.71,97.39,31.49,78.58,475,1.814,1,6,O,AB,Routine,0
3504,55,73,59.7,14.75,37.74,95.03,916,3.615,0,18,B,B,Urgent,1
3505,63,42,61.63,11.47,36.17,82.15,407,1.975,0,21,O,B,Urgent,1
3506,26,21,83.37,90.96,91.77,77.55,179,2.429,0,5,B,A,Normal,0
3507,42,65,98.65,61.38,99.2,45.9,351,2.852,0,23,O,B,Urgent,0
3508,29,27,82.13,39.14,57.29,45.38,672,2.493,0,2,A,B,Urgent,0
3509,47,38,81.25,87.82,97.68,61.0,509,2.304,1,9,B,B,Routine,0
3510,22,72,99.57,0.17,36.63,84.95,795,2.922,2,50,B,B,Routine,1
3511,63,49,64.22,58.29,88.0,76.04,760,1.668,0,14,AB,A,Critical,0
3512,37,76,49.65,10.94,67.36,64.64,321,0.5,0,39,O,B,Urgent,0
3513,41,70,86.37,7.98,26.74,46.88,336,3.028,,29,A,A,Urgent,1
3514,45,52,66.02,51.55,28.59,55.66,892,2.389,1,7,O,A,Urgent,1
3515,59,67,65.25,33.15,38.71,74.7,416,1.409,0,8,O,A,Urgent,1
3516,31,48,73.58,45.22,22.98,64.12,767,2.637,2,17,A,A,Normal,1
3517,40,72,43.24,1.42,95.05,64.05,811,2.979,0,32,A,A,Normal,1
3518,60,50,65.54,18.46,28.93,53.82,50,2.567,1,10,B,A,Routine,0
3519,24,24,98.31,53.45,94.35,88.0,873,2.186,3,0,A,O,Urgent,0
3520,42,47,96.49,29.33,0.4,60.12,27,1.659,0,5,O,O,Normal,1
3521,19,56,30.33,2.62,61.94,88.91,220,2.695,0,37,O,A,Urgent,0
3522,33,36,52.45,50.21,8.01,60.77,249,3.491,2,3,A,B,Critical,1
3523,37,62,37.11,22.49,19.81,92.03,22,2.806,2,25,AB,B,Critical,0
3524,50,47,25.37,77.63,0.51,96.37,290,2.341,0,3,O,B,Critical,1
3525,55,20,61.83,11.59,67.98,97.06,595,3.181,3,35,B,A,Critical,0
3526,46,43,39.5,19.57,0.54,92.24,160,2.542,3,3,O,A,Normal,1
3527,61,53,43.76,98.49,41.08,66.31,800,4.264,3,8,A,A,Critical,1
3528,64,64,34.27,99.2,3.77,57.81,686,3.147,0,0,O,O,Critical,1
3529,45,30,87.62,84.71,24.79,73.55,20,3.723,0,15,A,A,Urgent,1
3530,65,45,94.06,89.13,45.4,74.25,885,3.106,1,20,B,O,Critical,0
3531,64,74,48.7,43.1,98.72,75.3,698,3.315,2,10,O,O,Urgent,0
3532,23,28,47.18,61.67,18.07,77.42,210,2.71,3,5,A,A,Urgent,0
3533,30,44,39.36,98.85,57.17,45.35,1,4.28,1,14,O,O,Routine,0
3534,34,36,50.9,15.54,28.26,48.2,636,2.317,2,2,O,B,Routine,1
3535,41,49,52.89,45.52,9.25,83.98,839,3.372,1,8,B,B,Critical,1
3536,19,44,86.47,60.75,60.34,62.81,941,4.607,0,25,O,B,Urgent,1
3537,35,31,47.42,69.21,22.82,48.97,654,1.775,8,4,A,O,Urgent,0
3538,29,56,28.18,12.36,19.14,67.38,679,1.339,8,27,O,O,Normal,0
3539,57,63,75.99,40.5,39.64,87.4,782,3.486,0,6,B,O,Normal,1
3540,58,22,58.29,74.39,49.9,93.76,683,3.067,1,36,O,B,Critical,1
3541,37,47,87.74,72.77,40.39,90.88,267,4.863,2,10,O,A,Urgent,1
3542,35,18,95.09,8.85,99.13,59.14,51,3.415,1,17,O,A,Normal,1
3543,56,50,61.09,29.85,60.0,61.41,592,3.421,1,6,B,A,Urgent,0
3544,38,18,76.5,95.21,16.23,57.99,472,3.031,7,20,A,A,Urgent,1
3545,37,56,78.97,30.23,87.96,,584,3.058,1,19,B,B,Normal,1
3546,31,51,42.72,70.93,21.18,58.99,607,2.274,0,20,A,A,Normal,1
3547,69,52,38.58,2.43,29.47,73.59,542,1.891,0,17,O,AB,Normal,1
3548,22,65,78.18,61.7,25.94,90.61,295,4.851,1,43,B,A,Critical,0
3549,47,62,53.91,85.97,53.57,50.04,346,2.3,0,15,B,O,Critical,0
3550,23,31,97.44,68.6,9.88,73.57,968,4.596,,8,B,A,Routine,1
3551,66,52,97.01,11.34,35.88,58.15,67,3.981,0,14,O,AB,Urgent,1
3552,63,65,33.79,18.92,27.73,96.79,839,2.911,0,2,O,A,Normal,0
3553,69,19,92.5,48.19,87.48,83.38,422,3.812,1,50,B,O,Normal,0
3554,33,65,98.07,55.42,82.22,94.99,394,1.81,1,32,A,A,Normal,1
3555,44,75,72.53,97.05,21.54,65.31,483,2.607,5,31,O,O,Normal,1
3556,58,52,84.89,46.57,15.9,58.22,804,1.527,2,6,O,O,Normal,1
3557,69,45,51.88,28.38,59.46,87.54,223,2.571,1,24,O,B,Critical,1
3558,30,55,75.11,86.82,98.33,83.83,797,3.265,0,25,O,A,Normal,1
3559,22,51,27.73,32.08,39.88,48.9,320,2.812,1,29,A,B,Urgent,0
3560,21,65,97.2,81.77,63.81,92.21,883,1.911,0,44,A,O,Critical,0
3561,28,73,82.21,71.39,86.64,85.77,823,3.549,2,45,O,B,Normal,0
3562,68,26,86.74,5.82,60.04,65.69,317,1.826,5,42,O,B,Normal,0
3563,43,59,28.66,36.38,23.56,88.39,,1.785,4,16,B,B,Critical,0
3564,61,52,82.84,62.07,3.8,84.58,987,3.615,0,9,A,O,Urgent,1
3565,61,68,58.33,81.73,39.36,45.3,289,4.258,0,7,A,O,Critical,0
3566,58,19,30.4,77.17,93.87,66.9,77,1.312,0,39,O,B,Critical,0
3567,28,21,41.34,13.56,19.89,45.67,712,3.296,2,7,B,O,Critical,0
3568,58,33,54.12,83.17,56.17,88.14,642,0.5,1,25,B,B,Urgent,1
3569,66,31,86.26,44.02,73.49,53.02,852,2.055,1,35,A,O,Normal,0
3570,62,56,30.92,39.03,80.91,46.18,489,1.659,2,6,AB,B,Urgent,0
3571,32,33,47.15,85.19,84.52,80.02,125,2.697,2,1,A,B,Normal,0
3572,30,63,90.76,2.86,16.05,46.79,229,4.809,2,33,B,O,Urgent,0
3573,29,52,78.48,30.72,61.15,78.49,743,3.732,0,23,B,A,Urgent,1
3574,50,26,78.31,17.84,46.47,81.98,406,3.633,0,24,B,O,Normal,0
3575,36,74,99.37,88.9,98.66,66.45,369,3.707,0,38,O,O,Routine,0
3576,27,67,93.66,42.39,82.91,89.4,690,3.841,0,40,A,B,Normal,0
3577,60,20,99.15,69.38,2.35,79.78,845,4.084,0,40,O,O,Normal,1
3578,66,23,70.94,51.06,14.32,89.57,101,0.662,1,43,A,A,Critical,1
3579,33,33,52.14,41.27,73.24,69.29,16,0.5,1,0,A,O,Routine,0
3580,,35,59.33,60.82,39.63,57.87,425,3.153,1,7,B,A,Urgent,0
3581,63,55,58.51,29.08,20.31,97.3,156,2.802,1,8,B,O,Urgent,0
3582,53,73,48.09,62.01,4.05,94.95,19,2.956,1,20,O,A,Normal,0
3583,41,29,89.13,21.84,21.34,63.91,61,3.628,2,12,A,A,Urgent,1
3584,35,62,68.19,18.32,29.92,53.12,641,3.098,5,27,B,A,Urgent,0
3585,46,43,80.43,35.76,61.38,76.63,924,0.5,1,3,B,O,Critical,1
3586,25,75,91.39,12.88,50.02,94.39,990,3.318,4,50,A,O,Urgent,0
3587,66,33,31.41,1.56,77.8,93.83,134,1.544,4,33,O,O,Normal,0
3588,57,47,49.62,31.03,39.19,61.96,2,4.373,1,10,O,O,Normal,0
3589,20,22,86.99,46.96,75.66,86.22,283,1.04,1,2,O,A,Normal,1
3590,42,50,38.17,16.68,14.26,86.39,592,3.772,0,8,B,B,Routine,0
3591,23,62,46.19,8.2,8.44,97.43,822,0.5,1,39,AB,B,Critical,0
3592,29,58,45.15,69.08,18.76,67.57,77,2.317,1,29,A,O,Routine,0
3593,57,46,42.19,14.86,8.71,88.09,162,4.856,1,11,A,AB,Routine,0
3594,65,44,93.51,72.19,7.5,47.4,5,2.755,1,21,A,O,Critical,0
3595,27,38,56.7,63.5,39.56,68.05,830,2.909,1,11,A,A,Urgent,1
3596,50,66,89.36,92.4,44.16,66.27,201,2.492,3,16,B,B,Critical,0
3597,35,29,56.99,96.23,97.4,48.53,10,2.214,1,6,O,B,Normal,0
3598,51,62,26.37,30.8,59.23,49.7,641,3.252,2,11,O,A,Critical,0
3599,23,23,60.89,22.22,35.26,80.14,613,1.469,2,0,A,B,Routine,0
3600,32,62,51.89,76.39,94.42,78.2,619,4.005,5,30,O,A,Urgent,0
3601,57,62,67.79,11.16,80.37,65.73,581,2.929,0,5,A,B,Normal,1
3602,53,72,72.3,4.45,67.07,90.66,816,2.502,2,19,B,A,Critical,1
3603,41,24,69.78,4.73,4.68,63.59,595,2.177,4,17,A,O,Routine,0
3604,55,54,70.46,20.03,7.88,95.77,718,2.258,0,1,AB,O,Critical,1
3605,34,66,77.9,40.47,63.85,77.27,221,2.62,5,32,A,A,Routine,0
3606,35,41,36.34,0.71,93.71,48.06,796,3.093,1,6,B,O,Critical,0
3607,28,77,72.07,17.97,17.19,97.49,736,2.733,0,49,B,A,Critical,0
3608,54,49,28.06,68.61,66.88,63.9,233,1.29,2,5,O,A,Normal,0
3609,34,25,34.47,54.46,49.46,96.53,356,2.614,0,9,A,O,Urgent,0
3610,26,29,34.08,73.87,62.32,45.99,510,2.095,0,3,A,O,Normal,0
3611,56,45,58.69,47.88,2.04,72.11,336,2.961,0,11,A,O,Urgent,0
3612,20,19,51.81,16.95,25.39,50.09,113,3.7,0,1,A,A,Urgent,1
3613,60,,44.85,23.51,46.54,50.05,829,4.469,0,30,B,A,Urgent,0
3614,60,39,55.34,82.75,6.97,53.49,160,1.027,4,21,B,A,Critical,0
3615,21,20,30.41,98.87,50.97,56.48,708,2.696,0,1,O,B,Critical,0
3616,26,38,43.8,44.52,25.34,93.38,394,5.276,0,12,O,A,Critical,1
3617,54,76,92.29,89.05,8.37,91.13,899,4.097,3,22,O,O,Routine,0
3618,39,49,60.07,75.67,93.99,57.47,889,3.937,1,10,O,O,Critical,1
3619,36,53,37.52,,26.3,89.19,134,2.041,0,17,B,B,Urgent,1
3620,46,35,42.47,92.46,65.0,70.04,705,3.999,0,11,A,A,Urgent,0
3621,46,35,91.26,90.77,29.18,79.32,598,5.083,4,11,A,O,Routine,0
3622,43,36,83.4,48.88,19.79,66.48,599,3.312,1,7,O,B,Critical,1
3623,51,24,32.99,75.78,75.89,61.24,423,2.807,0,27,O,O,Urgent,0
3624,63,40,78.54,27.11,84.9,65.34,351,3.672,0,23,A,O,Urgent,0
3625,20,76,63.3,26.2,30.94,76.35,812,3.08,8,56,O,O,Normal,0
3626,50,36,57.58,46.14,23.47,75.0,281,1.56,1,14,A,O,Normal,0
3627,38,66,32.87,89.06,83.3,94.98,193,2.714,4,28,O,O,Urgent,0
3628,43,62,93.02,68.79,83.74,86.92,671,2.323,1,19,A,A,Urgent,1
3629,36,48,73.59,30.6,55.44,58.55,802,1.951,0,12,B,O,Critical,0
3630,58,31,40.48,74.6,46.27,57.08,493,5.054,0,27,O,AB,Normal,0
3631,28,21,60.12,56.45,99.4,64.03,930,3.032,2,7,B,A,Urgent,0
3632,67,64,69.64,46.9,92.36,77.67,952,3.674,1,3,A,B,Normal,1
3633,65,23,79.58,29.37,25.89,91.59,740,3.197,3,42,O,AB,Critical,1
3634,42,21,46.86,55.06,98.6,72.46,862,1.96,3,21,O,B,Urgent,0
3635,22,52,35.55,58.41,61.22,81.14,31,1.955,1,30,O,A,Routine,0
3636,66,18,31.24,34.52,30.06,99.41,986,0.5,3,48,O,O,Critical,1
3637,37,35,32.28,87.25,8.93,95.08,584,1.199,0,2,A,A,Urgent,1
3638,42,70,47.82,68.38,,76.08,480,1.769,7,28,O,A,Urgent,0
3639,64,77,81.39,71.72,82.46,78.63,531,3.647,1,13,A,O,Normal,0
3640,29,34,39.17,85.32,72.29,59.0,956,2.927,0,5,O,O,Normal,0
3641,65,40,50.05,94.64,29.17,70.31,344,3.188,0,25,B,A,Critical,0
3642,24,62,49.88,4.29,31.93,85.14,337,2.3,1,38,B,O,Normal,0
3643,67,72,74.96,32.07,13.87,94.22,205,4.445,1,5,O,A,Urgent,1
3644,57,19,49.46,4.74,21.32,71.69,567,3.943,2,38,O,O,Normal,0
3645,19,55,86.53,77.96,56.75,95.14,400,4.255,1,36,A,O,Urgent,0
3646,38,48,47.88,20.17,71.0,77.03,860,1.881,0,10,B,B,Urgent,1
3647,30,70,52.26,55.47,27.27,95.28,351,3.186,1,40,O,A,Normal,1
3648,69,18,77.98,28.77,36.83,65.67,438,2.122,0,51,A,A,Normal,1
3649,25,28,68.81,17.42,68.42,98.6,424,3.886,1,3,B,AB,Normal,0
3650,19,27,96.56,32.18,19.49,69.7,576,1.954,0,8,O,B,Critical,1
3651,65,65,42.85,58.06,39.88,60.87,321,2.975,0,0,A,O,Normal,0
3652,37,25,69.95,98.06,67.28,80.85,611,2.634,1,12,O,O,Urgent,0
3653,63,40,96.05,78.47,61.7,98.65,383,4.505,1,23,O,B,Normal,1
3654,25,64,55.43,95.83,96.14,69.84,445,4.232,4,39,A,O,Normal,0
3655,51,38,53.59,8.46,8.75,76.27,758,1.825,0,13,O,A,Urgent,1
3656,42,77,56.76,31.48,,96.22,749,2.21,1,35,A,B,Urgent,0
3657,44,53,92.01,72.05,78.52,94.51,587,1.802,0,9,O,O,Critical,1
3658,32,26,73.5,72.01,4.43,66.62,158,0.566,2,6,B,AB,Normal,1
3659,44,42,95.48,43.32,,85.63,608,3.994,0,2,O,O,Normal,1
3660,18,46,38.21,6.08,65.59,53.27,711,3.107,1,28,O,B,Normal,0
3661,20,29,25.14,17.2,39.22,60.69,553,1.611,1,9,O,O,Routine,0
3662,58,58,87.8,35.24,94.07,67.4,766,1.48,4,0,A,O,Critical,0
3663,24,76,78.88,8.77,64.05,66.16,888,3.007,0,52,A,O,Critical,0
3664,35,55,97.26,98.54,61.07,49.04,615,1.131,0,20,A,A,Normal,1
3665,29,66,68.21,38.32,68.76,48.92,570,2.56,0,37,A,A,Urgent,1
3666,28,28,67.05,14.0,29.58,83.0,882,2.489,3,0,O,A,Normal,1
3667,68,59,43.5,11.71,96.82,71.85,153,2.612,1,9,O,A,Normal,0
3668,62,37,38.21,80.24,54.65,55.17,885,4.512,2,25,O,O,Normal,0
3669,63,75,62.99,37.6,75.12,76.85,566,4.389,5,12,O,O,Urgent,0
3670,27,34,51.62,59.53,49.58,69.8,883,2.503,1,7,A,A,Normal,0
3671,41,74,46.27,52.51,68.1,71.97,375,5.372,1,33,A,O,Urgent,0
3672,26,60,35.12,75.21,42.07,68.25,753,1.609,0,34,O,B,Critical,0
3673,38,49,75.0,45.77,80.28,50.61,620,1.891,3,11,AB,B,Routine,0
3674,28,65,54.59,38.46,33.44,71.45,213,3.231,0,37,O,A,Normal,0
3675,42,77,92.75,80.3,72.66,57.82,642,3.021,0,35,O,A,Normal,1
3676,61,58,95.39,26.31,2.03,70.88,121,1.692,1,3,O,B,Critical,1
3677,59,71,33.3,92.66,65.54,87.46,20,4.405,4,12,O,A,Critical,0
3678,19,63,47.73,0.19,29.27,56.37,363,2.697,6,44,O,O,Normal,0
3679,60,54,38.32,45.85,36.02,81.83,858,3.503,0,6,O,A,Critical,0
3680,53,73,65.3,23.0,89.13,59.42,462,3.79,0,20,B,O,Normal,0
3681,39,28,38.76,21.63,38.95,69.21,195,2.489,1,11,O,A,Urgent,0
3682,35,60,26.9,41.55,47.74,93.62,550,0.928,2,25,A,O,Normal,0
3683,62,64,66.29,56.39,87.16,50.45,17,1.979,2,2,O,A,Critical,0
3684,66,19,41.18,84.97,64.0,79.81,791,4.849,0,47,O,AB,Critical,0
3685,57,66,34.95,30.32,66.67,86.37,409,2.71,1,9,O,O,Urgent,1
3686,64,26,92.51,76.86,46.31,57.91,129,3.755,1,38,B,A,Normal,1
3687,22,61,91.11,13.15,41.43,59.67,324,1.53,0,39,A,O,Normal,0
3688,66,19,59.37,39.06,53.22,56.69,396,2.818,1,47,B,A,Normal,0
3689,29,77,52.62,39.13,3.1,79.77,573,2.538,1,48,B,B,Routine,0
3690,62,46,73.75,11.1,70.75,68.29,240,4.154,0,16,A,B,Normal,0
3691,44,46,63.89,9.1,16.77,83.69,217,1.898,1,2,B,O,Normal,1
3692,39,41,64.16,26.45,86.99,61.92,878,4.409,2,2,B,AB,Normal,0
3693,25,46,29.76,18.79,93.52,57.62,325,4.193,1,21,A,B,Urgent,0
3694,36,57,66.17,81.28,39.35,70.12,559,3.626,0,21,O,A,Urgent,1
3695,62,29,72.48,41.92,88.15,89.92,88,2.045,0,33,B,A,Normal,0
3696,63,75,36.12,7.61,5.17,93.65,53,2.975,2,12,AB,A,Normal,0
3697,62,33,33.35,6.98,47.18,85.99,426,2.778,3,29,A,A,Normal,1
3698,42,72,89.79,0.55,83.04,85.23,470,1.189,0,30,O,O,Normal,1
3699,58,54,67.22,58.72,59.4,80.3,569,1.104,2,4,A,O,Routine,0
3700,18,26,57.27,64.43,70.07,57.03,847,2.866,2,8,B,A,Critical,0
3701,41,21,46.65,1.53,40.17,47.38,127,3.154,0,20,B,A,Critical,1
3702,55,20,91.29,28.01,46.62,47.34,897,2.174,0,35,O,O,Normal,1
3703,55,42,31.18,63.06,1.23,58.73,939,1.122,3,13,O,B,Normal,0
3704,62,74,99.28,48.11,0.13,51.4,959,2.68,0,12,A,O,Normal,0
3705,19,59,30.0,27.91,85.14,60.14,405,2.602,4,40,A,AB,Urgent,0
3706,24,58,58.73,3.34,12.75,74.97,65,3.214,4,34,A,O,Normal,0
3707,50,46,80.03,18.13,57.89,54.01,448,3.209,4,4,A,B,Urgent,0
3708,37,68,,32.63,85.1,79.55,63,1.011,0,31,O,O,Normal,0
3709,,75,31.95,37.23,56.99,77.33,35,2.003,6,35,O,O,Normal,0
3710,23,51,44.88,3.68,28.45,81.63,628,3.117,1,28,O,A,Normal,0
3711,66,72,44.67,32.09,22.84,88.09,289,2.479,0,6,O,AB,Critical,0
3712,24,42,87.62,14.48,25.56,72.72,513,2.972,2,18,AB,O,Normal,0
3713,31,19,37.79,42.22,85.74,69.53,625,1.623,4,12,O,O,Normal,0
3714,42,63,84.53,95.94,15.92,90.41,59,2.083,0,21,O,A,Urgent,1
3715,18,38,97.06,84.2,60.82,45.17,961,1.015,1,20,O,A,Urgent,1
3716,45,75,74.73,65.75,11.52,74.21,119,3.445,2,30,A,O,Urgent,0
3717,51,38,,21.28,58.83,87.36,926,3.242,4,13,B,A,Normal,0
3718,32,41,89.78,31.7,99.32,79.88,908,4.417,1,9,O,O,Routine,1
3719,56,18,72.93,55.02,31.19,49.99,197,3.665,2,38,O,O,Urgent,0
3720,42,63,32.17,6.06,87.82,91.65,831,4.402,2,21,B,B,Routine,1
3721,45,49,90.41,50.1,66.73,75.52,585,3.172,0,4,O,B,Normal,1
3722,19,73,81.61,43.1,92.36,58.27,43,2.865,4,54,O,O,Normal,0
3723,68,29,60.38,63.2,6.52,53.61,219,4.221,1,39,O,B,Routine,0
3724,58,18,84.7,77.85,44.02,96.93,108,2.364,0,40,B,A,Urgent,0
3725,41,23,37.6,35.86,77.93,79.81,409,4.953,1,18,B,O,Normal,0
3726,31,60,31.95,38.07,61.37,77.12,349,3.508,0,29,B,O,Normal,0
3727,66,60,82.08,65.2,81.25,62.68,605,5.177,0,6,A,B,Urgent,0
3728,64,77,49.4,45.08,20.07,54.86,519,2.741,0,13,O,O,Normal,1
3729,48,75,95.52,49.11,10.26,80.65,278,2.09,3,27,O,O,Routine,1
3730,55,68,90.33,79.85,43.18,92.92,19,1.815,0,13,A,A,Urgent,0
3731,51,44,94.64,96.97,88.53,94.16,950,2.284,1,7,O,O,Normal,1
3732,69,30,95.6,76.39,86.94,45.77,65,1.658,0,39,A,B,Normal,0
3733,25,59,99.48,74.46,92.71,49.5,147,3.391,0,34,A,O,Urgent,0
3734,53,44,35.08,5.54,61.62,78.69,551,1.778,2,9,A,B,Urgent,0
3735,55,58,68.86,3.23,2.91,91.51,751,3.935,1,3,AB,B,Routine,0
3736,50,63,46.14,10.2,52.21,82.94,836,3.714,2,13,O,O,Urgent,1
3737,36,18,51.31,53.81,29.32,56.37,960,4.031,0,18,B,B,Urgent,1
3738,52,31,53.64,38.73,29.86,63.3,687,4.426,8,21,O,O,Normal,0
3739,30,61,36.06,21.39,59.62,70.83,894,2.707,8,31,O,O,Normal,0
3740,29,62,34.39,40.79,30.22,73.01,82,3.643,0,33,A,O,Urgent,0
3741,62,22,64.12,52.05,71.86,74.58,474,2.746,0,40,O,A,Normal,0
3742,22,62,27.51,65.62,44.44,78.34,367,1.567,1,40,O,O,Urgent,0
3743,41,38,69.54,24.59,83.18,49.03,849,2.595,0,3,O,O,Urgent,1
3744,49,66,54.59,1.75,44.7,74.03,194,3.1,0,17,O,A,Urgent,1
3745,50,47,27.87,96.66,21.82,64.82,889,1.917,0,3,O,A,Routine,0
3746,51,74,84.96,75.6,57.84,62.03,373,1.493,2,23,O,A,Urgent,1
3747,68,53,27.15,13.44,20.83,92.47,988,3.929,0,15,O,B,Urgent,1
3748,32,38,55.65,43.96,9.08,48.33,186,3.503,0,6,A,A,Routine,0
3749,67,31,27.53,96.47,9.84,94.53,133,4.467,0,36,O,O,Normal,0
3750,66,32,80.77,34.58,32.48,60.05,639,1.597,2,34,A,A,Routine,1
3751,25,31,96.24,55.22,37.15,45.44,547,2.965,0,6,A,O,Urgent,0
3752,27,63,64.19,50.24,93.98,55.08,779,3.107,0,36,O,B,Urgent,1
3753,23,66,87.82,6.26,15.07,85.95,622,4.201,3,43,A,B,Normal,0
3754,59,67,52.5,0.34,44.03,51.73,267,2.336,1,8,B,O,Normal,0
3755,23,63,55.82,72.44,34.52,96.51,787,3.018,4,40,B,O,Critical,0
3756,69,50,42.49,30.39,58.36,77.73,839,2.328,1,19,B,A,Normal,0
3757,34,29,65.93,74.89,0.9,68.35,226,2.238,0,5,A,B,Normal,0
3758,35,58,56.9,1.62,68.68,65.3,844,3.241,3,23,O,B,Urgent,1
3759,36,67,91.6,72.71,53.16,63.24,549,2.324,3,31,B,A,Normal,0
3760,34,44,67.15,58.08,12.34,80.3,279,1.146,3,10,A,O,Normal,0
3761,33,53,41.64,11.08,36.51,62.92,153,1.536,0,20,O,A,Urgent,0
3762,26,34,81.75,95.58,37.42,92.29,743,4.63,0,8,O,A,Critical,1
3763,42,41,30.35,60.21,,91.18,994,2.294,0,1,B,B,Urgent,0
3764,59,40,86.34,88.59,62.31,68.29,762,4.354,4,19,A,A,Urgent,1
3765,40,39,95.75,23.87,68.89,92.36,357,3.054,0,1,B,A,Urgent,1
3766,60,61,51.07,63.51,71.6,79.92,550,1.695,4,1,O,O,Urgent,0
3767,53,38,39.09,65.66,38.74,98.46,879,4.584,3,15,O,O,Routine,1
3768,25,52,65.97,2.17,55.69,81.25,763,3.939,2,27,O,A,Urgent,1
3769,55,29,46.05,47.49,65.71,54.22,943,2.151,0,26,A,O,Normal,0
3770,60,60,91.65,51.38,20.35,67.43,707,1.156,1,0,B,B,Urgent,1
3771,56,25,60.12,86.92,6.15,91.84,69,2.416,2,31,A,A,Routine,1
3772,40,70,32.62,79.09,54.74,50.29,279,3.765,0,30,A,A,Normal,0
3773,61,40,39.93,2.39,96.38,92.69,769,2.764,0,21,O,O,Critical,1
3774,48,39,96.72,75.56,0.36,59.92,678,2.511,0,9,B,O,Routine,1
3775,34,55,88.35,17.59,10.65,90.62,85,3.016,1,21,O,O,Urgent,1
3776,47,48,33.04,31.82,80.66,95.52,197,2.885,2,1,B,O,Critical,0
3777,64,32,88.57,34.1,42.14,76.23,592,2.753,0,32,A,B,Critical,1
3778,33,40,58.0,37.15,39.7,58.07,806,0.866,0,7,O,A,Urgent,1
3779,28,37,70.55,39.97,67.85,64.81,917,2.517,1,9,O,O,Urgent,1
3780,54,22,30.64,68.52,86.53,60.27,,3.279,1,32,A,O,Routine,0
3781,33,53,99.47,61.87,8.45,54.64,811,1.284,2,20,O,B,Critical,1
3782,51,60,52.94,86.98,69.96,81.98,978,3.233,0,9,O,A,Urgent,0
3783,56,24,40.07,71.34,78.16,47.54,138,3.366,1,32,B,B,Critical,0
3784,18,36,94.4,66.4,18.45,85.59,711,1.564,0,18,A,O,Urgent,0
3785,43,55,71.59,12.98,81.16,72.48,160,3.066,4,12,O,B,Normal,0
3786,65,53,41.93,81.14,26.14,88.14,897,3.922,6,12,O,AB,Urgent,0
3787,25,65,33.07,19.36,21.18,45.27,1,1.432,1,40,O,A,Normal,0
3788,40,20,47.65,94.92,66.15,65.49,149,1.463,1,20,O,B,Urgent,0
3789,37,27,61.2,85.09,91.18,76.81,862,2.518,3,10,O,A,Routine,0
3790,39,54,87.44,61.1,95.3,90.51,495,2.346,1,15,O,O,Normal,1
3791,35,31,53.19,38.7,79.48,56.53,563,2.769,3,4,O,O,Critical,1
3792,25,63,63.16,63.06,16.34,83.04,870,3.828,1,38,O,O,Normal,1
3793,21,20,26.69,63.03,47.47,82.48,107,2.722,0,1,O,O,Normal,0
3794,58,70,85.21,30.16,62.42,94.94,609,2.729,0,12,A,O,Critical,1
3795,23,52,70.27,77.67,78.11,57.32,160,1.527,2,29,O,A,Urgent,0
3796,39,64,41.36,2.26,57.72,81.35,604,2.365,0,25,O,O,Normal,0
3797,69,68,44.81,30.23,3.62,98.44,422,4.485,0,1,O,B,Critical,1
3798,19,59,68.29,15.91,90.06,67.15,601,0.886,0,40,A,O,Normal,0
3799,47,33,49.77,67.16,14.39,89.46,800,0.655,2,14,B,O,Normal,0
3800,59,44,81.32,14.61,63.15,63.65,253,3.44,0,15,O,O,Normal,1
3801,48,68,75.28,77.77,38.32,96.6,681,1.567,0,20,O,O,Routine,1
3802,63,58,91.55,17.62,83.93,49.23,108,2.135,3,5,O,A,Critical,0
3803,54,25,52.76,88.7,26.06,79.82,354,3.068,1,29,B,A,Normal,0
3804,38,69,66.57,1.99,21.26,83.04,20,1.686,0,31,O,A,Critical,1
3805,31,72,37.34,50.95,18.18,51.46,445,2.946,0,41,O,A,Normal,0
3806,36,65,86.8,96.41,65.85,67.58,478,1.835,0,29,A,A,Normal,0
3807,26,64,61.68,32.08,84.04,69.14,924,3.044,0,38,B,A,Normal,0
3808,62,32,90.22,96.48,28.75,98.16,23,1.401,1,30,B,O,Urgent,0
3809,26,27,46.33,15.77,94.26,68.93,867,2.563,1,1,A,O,Normal,0
3810,51,50,58.87,71.9,33.89,62.7,855,0.5,4,1,A,B,Normal,0
3811,58,40,76.29,89.66,9.97,68.87,588,3.403,2,18,O,B,Urgent,1
3812,64,58,93.55,99.51,78.63,50.44,302,3.099,1,6,O,A,Urgent,0
3813,67,19,,17.02,7.85,45.22,993,1.846,3,48,A,AB,Critical,1
3814,50,20,62.55,44.54,80.78,90.74,214,2.037,1,30,A,O,Urgent,0
3815,36,52,57.75,61.4,64.29,56.36,293,1.079,0,16,B,B,Urgent,1
3816,63,65,59.18,91.91,61.43,81.2,290,4.011,2,2,O,B,Normal,0
3817,48,40,37.39,87.75,85.1,77.06,392,0.899,0,8,B,O,Normal,0
3818,30,20,25.27,27.41,22.71,72.46,992,2.473,2,10,B,O,Routine,0
3819,31,41,92.25,96.48,61.58,46.43,558,3.376,1,10,B,A,Routine,0
3820,28,44,94.91,30.42,12.6,96.11,691,2.819,3,16,AB,A,Normal,1
3821,52,41,63.74,65.81,37.52,68.93,807,2.991,2,11,B,O,Urgent,0
3822,65,49,78.66,77.19,36.89,46.62,481,1.079,2,16,O,O,Urgent,0
3823,36,56,84.18,65.79,5.34,49.67,993,1.554,1,20,O,A,Urgent,1
3824,47,69,54.77,10.63,25.45,69.18,974,3.731,2,22,A,A,Routine,1
3825,69,52,86.94,46.71,90.69,47.23,258,2.384,1,17,O,B,Urgent,0
3826,23,57,37.8,80.76,70.29,83.41,142,1.057,2,34,A,B,Urgent,0
3827,34,51,60.17,27.85,82.65,63.64,782,1.839,1,17,A,O,Urgent,0
3828,67,38,50.67,72.41,78.32,99.19,579,3.005,2,29,A,O,Urgent,0
3829,42,18,95.93,74.54,12.13,61.96,147,2.662,0,24,B,O,Critical,1
3830,19,73,45.82,38.66,76.91,48.22,287,1.158,1,54,B,B,Urgent,0
3831,65,33,53.48,70.38,88.6,81.94,84,3.107,0,32,B,B,Normal,0
3832,65,66,50.79,28.03,33.66,72.8,978,1.118,2,1,B,AB,Normal,0
3833,65,72,70.94,7.07,71.19,90.86,629,2.16,2,7,O,AB,Critical,1
3834,55,39,27.35,18.97,68.81,81.74,813,2.52,3,16,B,A,Critical,0
3835,27,29,72.07,45.1,94.83,63.39,311,1.499,1,2,A,O,Normal,0
3836,51,56,96.51,29.37,18.36,82.82,285,1.567,0,5,O,B,Critical,1
3837,59,35,28.84,62.83,90.27,51.99,437,5.011,2,24,O,AB,Critical,0
3838,29,38,76.54,62.61,91.8,97.65,863,2.245,2,9,O,A,Routine,1
3839,30,47,48.23,93.02,20.56,92.38,87,1.863,0,17,B,B,Routine,1
3840,18,25,85.97,94.03,59.65,49.23,457,2.934,1,7,O,A,Normal,1
3841,42,35,48.86,4.89,7.94,74.84,821,2.32,0,7,A,A,Normal,1
3842,18,19,35.76,98.09,33.26,50.74,960,1.949,3,1,O,O,Urgent,1
3843,49,32,68.77,23.49,34.82,64.85,623,2.35,0,17,O,O,Routine,1
3844,51,22,79.09,26.57,44.7,73.93,187,2.306,0,29,AB,O,Normal,0
3845,44,33,27.69,29.39,77.19,75.52,127,4.513,4,11,A,O,Critical,0
3846,28,36,87.21,74.55,14.95,70.12,417,3.096,3,8,A,A,Routine,1
3847,23,67,40.5,28.42,22.77,60.12,140,2.428,2,44,O,A,Normal,0
3848,20,43,79.59,54.07,41.32,45.8,498,0.902,1,23,AB,O,Normal,0
3849,36,57,76.08,67.39,21.86,89.37,278,3.964,1,21,O,A,Normal,1
3850,54,22,27.6,96.24,41.88,72.32,580,2.725,3,32,O,O,Normal,0
3851,47,41,75.38,49.45,36.34,96.77,154,1.136,2,6,A,O,Normal,0
3852,32,62,84.68,85.1,33.6,84.17,667,4.63,0,30,O,O,Critical,1
3853,65,54,76.92,48.51,64.18,55.36,49,2.43,0,11,A,O,Urgent,0
3854,66,43,67.19,59.55,62.06,79.34,784,2.349,4,23,O,B,Urgent,0
3855,28,44,66.82,2.99,5.75,75.15,760,3.073,0,16,O,A,Normal,1
3856,52,64,80.22,17.28,55.58,48.47,758,4.412,4,12,B,B,Normal,1
3857,69,45,60.84,7.95,39.24,46.15,399,2.066,1,24,A,A,Urgent,1
3858,41,67,35.87,7.27,21.51,60.1,35,1.988,4,26,AB,A,Normal,0
3859,18,30,30.31,5.59,96.07,50.06,479,2.643,1,12,O,A,Normal,0
3860,53,73,52.0,14.48,4.12,75.46,103,3.382,0,20,B,O,Normal,0
3861,47,44,41.53,72.66,3.97,48.66,424,5.031,0,3,AB,A,Urgent,0
3862,54,35,28.17,58.22,78.26,75.9,890,1.69,0,19,O,O,Normal,0
3863,63,28,87.98,42.43,60.08,75.28,135,4.943,2,35,O,A,Critical,0
3864,34,50,62.53,47.22,29.99,91.15,778,1.417,0,16,B,B,Normal,1
3865,45,67,95.65,99.93,69.79,90.21,757,1.286,0,22,O,O,Urgent,1
3866,52,65,76.4,65.69,55.4,58.36,332,2.249,7,13,O,O,Urgent,0
3867,69,66,85.06,92.59,44.28,75.25,434,4.685,4,3,O,A,Routine,0
3868,27,49,50.57,36.9,7.88,64.53,318,3.16,2,22,B,A,Normal,0
3869,54,34,91.25,75.7,12.41,59.85,817,0.5,1,20,A,O,Normal,0
3870,30,55,92.81,89.94,16.91,77.34,830,3.747,0,25,A,A,Normal,0
3871,61,44,47.15,8.24,94.96,80.14,96,3.379,0,17,O,A,Routine,0
3872,23,22,83.33,72.44,17.97,48.01,124,3.25,2,1,O,B,Urgent,1
3873,18,59,93.38,0.02,57.11,84.67,710,3.282,1,41,AB,B,Critical,0
3874,19,52,56.26,72.12,71.79,52.94,182,3.833,2,33,O,A,Normal,0
3875,41,58,58.48,23.33,23.97,82.99,657,4.201,0,17,O,AB,Normal,1
3876,52,62,61.96,26.02,61.24,68.4,582,2.953,1,10,A,A,Normal,1
3877,59,77,83.03,33.04,93.43,62.02,190,2.994,1,18,O,O,Critical,0
3878,32,61,49.31,97.87,73.76,55.95,533,1.334,3,29,A,O,Routine,0
3879,50,51,86.28,63.75,34.62,89.51,219,2.845,4,1,O,B,Normal,0
3880,43,24,65.51,32.85,54.94,49.55,493,1.094,5,19,O,AB,Normal,1
3881,18,75,42.43,87.7,9.53,62.77,726,5.582,0,57,B,O,Urgent,0
3882,69,40,82.34,53.55,86.49,52.56,190,2.947,0,29,A,B,Urgent,0
3883,43,44,61.22,10.34,42.12,90.4,705,2.156,3,1,O,O,Urgent,1
3884,27,22,52.35,51.21,9.78,87.77,958,2.707,,5,O,O,Routine,1
3885,44,75,96.52,26.9,73.99,89.9,208,3.138,1,31,A,A,Routine,1
3886,28,41,91.72,17.09,14.96,98.91,760,3.081,1,13,O,A,Urgent,1
3887,44,22,99.98,66.65,56.83,96.55,629,4.179,7,22,O,A,Critical,0
3888,50,69,35.96,64.1,77.18,77.07,537,3.17,1,19,A,A,Normal,0
3889,42,47,49.03,83.92,62.45,79.9,61,3.458,2,5,A,O,Critical,0
3890,61,68,56.15,69.8,79.87,71.77,697,1.509,2,7,O,A,Normal,0
3891,40,54,62.36,75.9,27.26,54.8,359,2.709,1,14,A,A,Normal,0
3892,54,35,82.51,26.68,34.47,74.59,237,2.168,4,19,A,B,Urgent,0
3893,68,63,51.79,60.16,47.22,97.92,883,1.759,0,5,O,B,Urgent,1
3894,26,70,98.38,71.92,66.15,61.53,644,1.043,1,44,O,A,Urgent,1
3895,25,64,57.25,48.66,20.42,70.97,969,3.471,3,39,O,O,Normal,0
3896,56,30,54.14,12.55,86.73,54.35,223,2.277,0,26,O,A,Routine,0
3897,51,51,73.97,15.85,45.0,79.15,638,3.733,5,0,O,A,Normal,1
3898,30,43,33.14,95.18,55.59,82.91,731,2.601,1,13,O,O,Routine,1
3899,54,56,45.02,8.02,92.22,60.67,454,0.5,0,2,B,AB,Critical,1
3900,68,21,28.67,47.09,52.05,73.52,739,3.856,1,47,A,O,Normal,0
3901,48,74,39.67,31.73,35.71,61.71,215,5.618,3,26,A,A,Normal,0
3902,33,69,92.54,77.9,4.22,94.2,653,2.214,2,36,O,A,Urgent,1
3903,36,69,74.14,32.36,44.18,,711,3.032,5,33,AB,B,Urgent,0
3904,63,33,96.77,70.17,39.71,66.39,751,1.475,1,30,A,O,Critical,0
3905,55,28,75.52,23.91,97.43,66.32,278,2.173,2,27,B,O,Normal,0
3906,48,23,83.49,93.75,9.81,81.39,876,3.557,5,25,B,O,Urgent,0
3907,30,49,97.51,36.32,30.53,69.47,449,3.098,2,19,O,A,Normal,1
3908,37,59,46.9,9.98,91.38,51.38,29,1.775,0,22,B,A,Normal,0
3909,20,20,70.92,77.98,29.46,84.79,729,2.294,0,0,B,A,Urgent,0
3910,62,37,30.59,13.21,80.48,76.69,629,3.773,1,25,O,A,Routine,1
3911,43,24,53.86,33.45,16.31,94.07,644,2.523,0,19,O,O,Normal,1
3912,41,39,49.37,71.72,75.22,84.57,456,2.641,1,2,O,O,Urgent,1
3913,59,64,87.05,63.83,48.88,98.87,721,2.48,5,5,B,O,Normal,0
3914,44,66,92.16,69.52,35.2,45.79,29,4.717,8,22,AB,O,Critical,0
3915,23,47,93.61,2.65,70.08,51.06,430,3.344,0,24,O,O,Normal,1
3916,45,29,73.12,10.33,96.75,92.15,628,4.037,1,16,B,O,Normal,0
3917,57,64,93.42,1.35,74.73,81.94,962,2.098,4,7,O,O,Urgent,1
3918,55,33,69.54,17.5,87.84,76.89,468,1.562,0,22,O,O,Critical,0
3919,62,66,52.27,8.32,55.87,81.23,540,0.564,1,4,A,A,Normal,1
3920,32,41,69.16,77.46,20.28,85.2,482,3.129,4,9,A,B,Normal,0
3921,57,45,63.94,3.56,85.19,87.69,83,2.915,5,12,B,A,Normal,0
3922,41,62,77.3,57.99,65.18,49.0,413,3.139,3,21,A,A,Routine,1
3923,33,74,79.37,47.81,6.74,55.53,330,1.998,0,41,O,B,Normal,1
3924,49,42,87.76,99.82,85.09,77.03,175,2.658,1,7,A,A,Normal,0
3925,19,55,94.83,86.43,26.74,63.66,370,2.575,1,36,B,O,Urgent,0
3926,51,74,,80.33,81.22,66.01,921,1.453,0,23,O,O,Normal,1
3927,63,65,87.18,91.68,48.15,92.4,94,3.021,0,2,O,A,Normal,1
3928,27,53,28.2,84.52,11.4,58.31,409,3.225,1,26,A,O,Routine,0
3929,48,34,96.23,4.61,54.88,55.55,305,3.933,0,14,O,B,Normal,1
3930,22,18,99.15,60.6,48.14,57.53,354,2.732,3,4,A,B,Critical,1
3931,53,48,51.76,10.67,52.08,46.05,36,1.959,6,5,B,B,Urgent,0
3932,68,60,33.44,58.35,36.62,74.21,697,2.349,0,8,B,O,Normal,0
3933,25,57,56.58,71.8,47.66,90.11,786,1.208,0,32,A,O,Routine,0
3934,39,53,85.72,16.21,70.07,48.17,386,3.004,0,14,A,O,Urgent,1
3935,42,23,73.3,96.62,92.62,52.44,514,2.634,0,19,O,B,Critical,1
3936,54,41,59.14,11.54,69.28,60.17,197,3.018,1,13,B,B,Normal,0
3937,53,48,51.55,43.5,17.05,72.35,484,2.66,2,5,B,O,Urgent,0
3938,23,26,75.95,55.63,8.59,47.44,738,0.5,1,3,O,A,Urgent,1
3939,46,51,53.58,63.96,95.88,82.32,860,4.214,0,5,B,O,Critical,0
3940,41,50,79.83,50.58,85.33,90.84,436,1.836,0,9,O,B,Critical,1
3941,26,70,58.09,66.55,5.61,95.63,720,4.194,1,44,B,A,Critical,1
3942,61,61,45.91,63.33,37.33,,545,2.6,1,0,A,B,Routine,0
3943,60,19,73.69,2.9,14.93,,654,4.7,0,41,A,B,Urgent,0
3944,52,63,97.92,12.25,27.53,49.65,639,1.858,0,11,O,O,Urgent,1
3945,49,22,89.09,14.5,67.7,55.19,23,1.408,6,27,A,A,Urgent,0
3946,43,67,86.24,47.63,5.68,64.83,472,4.303,1,24,O,B,Urgent,1
3947,24,74,89.26,79.12,14.34,74.87,95,3.351,4,50,O,A,Urgent,0
3948,43,77,54.91,58.74,90.3,89.62,847,3.212,2,34,B,A,Urgent,0
3949,59,34,30.19,56.1,76.91,82.85,849,2.188,1,25,O,B,Normal,0
3950,25,48,32.56,96.49,98.98,91.19,244,3.364,0,23,A,O,Normal,0
3951,65,75,79.21,15.19,80.68,76.39,482,3.214,1,10,A,O,Urgent,0
3952,67,33,81.88,12.89,83.01,96.14,203,2.857,5,34,A,B,Critical,0
3953,49,33,99.36,21.47,4.53,86.76,842,2.302,0,16,A,A,Routine,1
3954,22,73,38.56,47.29,36.49,76.08,262,,0,51,AB,O,Critical,0
3955,46,49,65.59,3.35,12.32,83.4,697,3.782,1,3,O,B,Urgent,1
3956,24,31,74.93,82.55,21.15,64.87,10,2.443,3,7,B,O,Routine,0
3957,63,61,37.07,49.13,4.04,70.37,306,3.656,2,2,A,B,Urgent,0
3958,21,58,53.22,91.44,99.24,71.66,665,2.655,1,37,B,A,Urgent,0
3959,65,,59.16,51.17,89.33,54.9,60,1.768,1,26,A,A,Urgent,1
3960,29,73,95.66,16.27,27.55,47.15,693,2.119,0,44,A,A,Normal,1
3961,35,23,54.98,89.15,58.78,71.4,513,2.25,0,12,B,O,Critical,0
3962,51,47,98.38,34.92,0.72,52.2,738,3.136,0,4,O,A,Critical,1
3963,34,69,29.31,96.88,77.54,79.72,259,3.169,3,35,O,B,Routine,0
3964,41,60,83.43,92.31,79.8,70.53,668,2.301,0,19,A,A,Urgent,1
3965,23,43,67.04,63.37,88.63,88.54,742,0.5,1,20,B,A,Critical,0
3966,27,74,73.85,96.34,19.68,98.47,975,1.458,0,47,O,A,Normal,0
3967,51,18,71.19,23.09,87.61,48.22,260,3.482,0,33,O,B,Normal,1
3968,34,76,99.24,31.87,42.1,75.58,333,2.291,8,42,B,O,Normal,0
3969,66,50,75.6,37.45,8.3,64.88,544,1.626,0,16,O,O,Urgent,1
3970,29,43,48.65,99.78,9.51,54.52,,3.84,3,14,B,A,Urgent,0
3971,49,63,71.77,55.15,57.05,92.29,43,3.4,2,14,B,A,Routine,0
3972,40,45,33.66,4.75,49.05,47.26,29,3.642,0,5,B,O,Urgent,0
3973,36,21,29.19,92.66,33.66,77.94,534,0.5,1,15,O,O,Critical,1
3974,21,44,27.33,82.43,67.97,70.92,462,1.176,1,23,B,O,Normal,0
3975,69,22,49.99,4.5,97.86,73.52,753,1.967,0,47,A,O,Urgent,0
3976,29,59,40.14,18.14,13.34,74.19,190,1.845,0,30,A,A,Routine,0
3977,55,36,41.78,51.95,27.33,65.81,592,2.018,0,19,O,O,Critical,1
3978,20,72,89.12,77.96,54.4,70.85,771,3.506,0,52,B,O,Urgent,0
3979,65,30,38.92,59.81,13.79,97.21,829,5.881,5,35,B,O,Routine,0
3980,58,48,40.12,36.74,74.98,57.23,52,1.885,2,10,O,O,Normal,0
3981,34,45,82.3,62.85,46.94,64.95,426,5.146,0,11,B,A,Urgent,0
3982,38,73,56.7,91.28,9.69,61.77,380,0.98,2,35,O,A,Normal,0
3983,69,58,65.11,42.45,46.24,55.91,13,2.459,2,11,O,B,Normal,0
3984,45,39,65.96,93.92,23.75,64.29,869,0.5,2,6,O,O,Critical,1
3985,37,68,25.66,23.12,79.23,92.23,990,1.653,1,31,O,B,Critical,0
3986,67,56,98.31,38.11,23.85,64.83,424,2.294,1,11,A,B,Normal,0
3987,,48,59.7,57.99,91.51,62.1,718,3.588,0,25,O,A,Critical,0
3988,59,52,75.92,66.0,12.47,55.63,6,3.261,0,7,O,O,Normal,0
3989,51,60,75.16,40.92,59.53,77.45,56,3.623,0,9,A,B,Critical,0
3990,44,60,91.62,21.13,54.67,89.25,652,4.147,0,16,A,O,Normal,1
3991,51,27,60.9,6.31,89.42,90.36,65,0.5,1,24,O,B,Normal,1
3992,43,28,54.76,25.66,85.28,47.04,140,2.924,1,15,O,A,Normal,0
3993,68,35,50.77,83.57,78.73,92.84,196,3.241,2,33,A,O,Normal,0
3994,39,77,78.03,5.52,22.05,86.22,469,2.21,1,38,O,O,Urgent,1
3995,56,59,88.75,60.91,23.43,59.47,147,3.596,1,3,A,O,Normal,0
3996,37,39,30.69,75.86,34.6,68.08,858,3.676,1,2,O,O,Urgent,0
3997,,32,29.92,36.57,24.23,53.6,55,2.792,0,10,O,O,Normal,0
3998,46,41,40.56,98.48,92.33,75.18,158,0.566,2,5,A,A,Critical,0
3999,46,34,60.27,51.75,60.32,78.32,959,1.158,2,12,O,A,Routine,1
4000,57,19,29.35,80.02,10.44,81.81,469,0.5,8,38,O,O,Critical,0
4001,25,20,70.65,41.73,8.43,78.3,843,1.632,0,5,O,B,Urgent,1
4002,36,36,89.12,42.93,85.6,68.93,548,3.29,3,0,O,A,Normal,0
4003,60,25,94.08,59.15,78.72,83.39,565,3.153,7,35,B,A,Normal,0
4004,37,33,97.96,63.03,9.49,64.53,407,3.254,1,4,B,O,Normal,1
4005,19,51,78.73,31.14,85.15,98.18,980,2.567,3,32,B,O,Normal,0
4006,32,60,66.08,16.7,80.38,58.75,156,1.588,0,28,A,A,Critical,0
4007,58,34,86.91,89.66,95.68,54.36,68,4.559,0,24,O,O,Normal,0
4008,45,63,37.51,24.48,68.03,60.6,203,2.927,4,18,A,B,Normal,0
4009,47,59,54.16,23.39,80.74,88.7,971,2.521,0,12,O,O,Normal,1
4010,59,38,72.3,50.12,39.52,52.81,863,1.23,3,21,A,O,Urgent,0
4011,22,60,55.24,77.83,37.72,49.97,399,3.752,0,38,B,O,Urgent,0
4012,59,35,94.07,83.18,87.3,64.72,197,2.417,3,24,O,B,Critical,0
4013,55,37,39.47,99.94,59.98,51.04,913,3.684,0,18,B,B,Critical,0
4014,44,25,32.74,98.45,17.96,79.39,48,1.692,1,19,AB,O,Urgent,0
4015,67,42,35.09,30.7,63.25,73.17,887,2.206,0,25,O,A,Urgent,1
4016,59,29,34.44,29.31,43.18,46.51,127,1.63,2,30,B,B,Urgent,0
4017,28,30,85.9,25.5,1.76,65.78,151,3.488,1,2,O,B,Critical,1
4018,43,70,51.39,5.0,31.2,48.79,600,4.523,2,27,B,O,Normal,0
4019,19,73,33.1,51.16,95.56,84.19,221,1.859,0,54,AB,B,Critical,0
4020,39,46,55.4,97.06,33.28,56.25,803,2.961,3,7,AB,A,Urgent,0
4021,56,46,81.19,59.34,96.35,93.96,657,2.559,0,10,AB,A,Urgent,0
4022,52,60,60.3,86.5,67.39,57.89,669,4.197,1,8,O,O,Urgent,0
4023,65,65,98.77,16.95,,89.94,704,3.778,4,0,O,AB,Critical,1
4024,35,74,63.06,37.75,4.24,77.96,946,3.889,1,39,A,O,Normal,0
4025,25,55,96.99,74.25,61.63,92.96,854,3.558,5,30,O,O,Urgent,1
4026,49,47,56.3,4.89,47.12,87.22,360,3.021,0,2,O,B,Normal,1
4027,32,77,94.2,54.71,11.94,84.27,631,1.349,2,45,A,B,Normal,0
4028,50,58,39.13,71.01,48.2,67.48,272,1.546,2,8,A,B,Urgent,0
4029,21,36,52.03,,20.52,73.54,91,3.031,5,15,O,A,Normal,0
4030,68,53,36.45,25.08,35.15,48.57,142,3.718,4,15,O,O,Urgent,0
4031,61,64,33.33,34.89,45.27,95.21,599,1.206,5,3,O,A,Normal,1
4032,38,32,28.76,55.07,79.27,49.35,432,2.588,0,6,A,O,Critical,0
4033,47,32,60.53,82.85,11.27,47.13,665,3.869,0,15,O,O,Normal,1
4034,20,58,62.45,47.16,63.52,68.27,362,4.489,2,38,B,B,Normal,0
4035,33,76,44.49,4.03,78.45,64.84,758,,2,43,O,O,Routine,0
4036,31,26,97.9,91.37,79.11,81.95,979,2.728,1,5,B,B,Critical,1
4037,56,33,96.69,79.09,29.81,53.93,796,1.966,2,23,A,O,Normal,0
4038,32,33,85.11,68.92,33.96,58.59,197,2.227,0,1,B,A,Normal,0
4039,26,35,51.83,16.38,26.62,77.3,541,1.325,0,9,O,O,Urgent,1
4040,60,36,82.92,16.39,6.53,63.51,5,2.203,0,24,O,B,Normal,1
4041,21,29,75.27,40.26,25.69,93.27,630,0.5,3,8,A,A,Urgent,1
4042,39,46,57.06,63.39,75.36,51.91,147,2.689,0,7,O,O,Critical,1
4043,20,61,62.96,80.6,37.73,60.93,948,1.268,1,41,O,O,Critical,1
4044,18,54,51.29,38.85,3.41,86.29,660,3.961,1,36,O,A,Urgent,1
4045,57,26,61.73,90.22,5.67,56.16,804,1.524,1,31,A,AB,Normal,0
4046,36,28,92.83,25.9,48.69,80.67,131,3.803,1,8,O,O,Critical,1
4047,65,70,42.04,8.69,3.06,82.23,912,1.423,1,5,B,A,Urgent,1
4048,24,62,50.9,21.83,71.14,79.81,225,1.587,2,38,O,A,Urgent,1
4049,64,22,31.02,27.01,77.72,82.72,37,2.48,3,42,B,O,Critical,0
4050,67,31,59.38,64.33,84.96,86.43,168,2.146,0,36,O,B,Normal,0
4051,24,44,70.86,85.2,53.51,82.61,32,2.964,1,20,B,O,Routine,0
4052,50,25,75.0,20.8,28.13,71.21,523,3.375,0,25,B,A,Normal,0
4053,47,66,75.85,72.24,61.86,46.28,568,3.148,0,19,A,O,Urgent,0
4054,68,43,60.63,17.05,34.73,45.09,689,1.352,3,25,B,O,Routine,0
4055,27,32,97.96,21.95,50.98,72.4,303,3.48,0,5,A,O,Critical,1
4056,68,51,48.75,1.02,88.65,80.65,859,2.43,0,17,A,B,Urgent,1
4057,54,65,28.49,69.58,58.53,74.82,275,4.466,1,11,B,B,Normal,0
4058,56,60,78.14,98.1,20.81,84.91,491,2.362,4,4,AB,O,Critical,0
4059,36,52,54.52,94.27,90.04,51.18,695,4.857,2,16,A,O,Critical,0
4060,39,69,37.82,39.12,92.12,79.03,481,4.764,2,30,B,A,Critical,0
4061,52,53,87.34,34.82,2.54,81.9,820,2.993,0,1,A,O,Routine,1
4062,48,57,77.18,34.34,74.3,74.75,880,1.472,0,9,O,O,Critical,1
4063,23,19,49.74,14.75,34.63,76.54,245,3.618,1,4,B,A,Urgent,0
4064,60,65,46.49,36.57,36.08,77.23,416,3.514,3,5,O,O,Normal,1
4065,52,45,39.54,47.5,12.98,46.35,796,2.585,1,7,A,B,Urgent,0
4066,55,57,44.01,9.54,38.7,77.87,285,2.476,1,2,A,AB,Routine,0
4067,38,25,95.44,35.82,8.16,67.86,588,3.893,0,13,O,A,Critical,1
4068,29,38,68.85,6.19,9.14,47.45,333,3.51,1,9,O,A,Routine,1
4069,36,50,43.29,80.65,97.99,62.61,453,4.818,5,14,A,O,Normal,0
4070,34,29,42.74,17.46,75.24,58.96,880,4.313,0,5,B,AB,Urgent,1
4071,67,55,41.64,71.24,24.92,98.77,934,2.326,2,12,O,A,Normal,1
4072,19,59,30.83,94.21,28.74,54.73,213,1.926,0,40,O,O,Normal,0
4073,54,31,49.9,94.28,52.34,71.84,534,3.166,0,23,A,O,Routine,0
4074,55,49,28.53,42.17,28.74,71.08,604,3.274,0,6,B,B,Normal,0
4075,60,18,92.04,31.22,14.06,48.16,42,2.806,3,42,O,O,Normal,0
4076,18,56,91.61,93.56,98.57,86.22,248,2.999,2,38,O,O,Urgent,0
4077,29,64,32.67,36.49,99.63,61.57,38,3.206,3,35,A,O,Urgent,0
4078,68,19,81.14,39.55,83.99,57.89,918,2.746,3,49,A,B,Normal,0
4079,39,73,74.62,89.92,16.29,46.98,299,5.228,1,34,O,B,Critical,0
4080,46,68,96.49,57.56,25.09,95.25,919,3.244,6,22,O,O,Routine,1
4081,33,47,70.14,24.44,76.38,85.04,238,3.58,1,14,O,A,Critical,1
4082,37,25,37.43,6.74,87.71,93.61,936,2.321,5,12,O,A,Urgent,1
4083,52,37,62.69,71.93,64.29,48.91,670,2.631,0,15,A,A,Urgent,1
4084,43,45,97.53,30.81,61.86,54.1,484,2.316,1,2,A,B,Normal,0
4085,20,66,96.14,64.75,68.32,70.13,260,4.343,0,46,O,B,Normal,0
4086,31,45,95.89,17.39,68.76,81.43,407,2.767,0,14,O,B,Normal,1
4087,33,34,79.47,63.27,57.4,57.45,494,2.843,0,1,O,A,Critical,1
4088,50,65,37.53,65.21,88.83,66.06,773,2.572,7,15,O,O,Normal,0
4089,30,50,99.13,0.09,43.6,65.69,847,0.702,0,20,O,O,Routine,1
4090,66,39,53.36,26.97,55.39,75.53,343,2.945,2,27,O,A,Normal,0
4091,26,37,61.33,74.7,9.41,81.02,95,3.244,5,11,O,B,Urgent,0
4092,24,49,79.78,34.83,49.77,67.1,739,2.881,0,25,B,A,Normal,0
4093,45,33,56.7,66.77,21.04,46.35,518,1.996,0,12,O,A,Critical,1
4094,50,59,48.12,21.7,75.89,67.82,21,1.953,0,9,O,A,Normal,0
4095,37,50,74.64,30.59,92.58,85.39,288,5.065,1,13,B,B,Critical,1
4096,60,76,74.9,62.71,10.65,90.07,835,4.09,1,16,B,B,Normal,1
4097,39,35,92.84,15.72,7.7,63.52,202,3.61,3,4,O,O,Routine,1
4098,46,53,99.13,72.4,95.08,68.82,975,3.168,0,7,A,B,Urgent,0
4099,26,64,39.42,87.71,79.38,68.58,914,2.288,0,38,A,A,Urgent,0
4100,63,34,53.84,61.84,71.14,51.46,205,2.596,0,29,AB,O,Routine,0
4101,52,30,30.87,94.83,57.83,88.12,49,1.839,0,22,A,O,Normal,0
4102,42,47,90.23,92.4,45.74,95.57,303,3.667,2,5,O,B,Normal,1
4103,34,27,60.83,39.89,20.36,53.51,708,2.774,0,7,A,A,Urgent,1
4104,27,57,50.44,92.49,11.77,94.52,170,4.012,1,30,O,B,Normal,0
4105,45,55,50.45,15.03,56.87,94.29,791,1.759,0,10,A,O,Normal,0
4106,55,63,65.59,83.61,5.95,83.2,69,3.548,1,8,O,B,Critical,1
4107,66,30,33.69,46.32,51.88,63.82,635,3.066,0,36,A,O,Urgent,0
4108,65,47,74.79,78.36,75.08,58.48,242,4.221,1,18,O,O,Routine,0
4109,47,77,43.29,81.41,55.63,55.43,12,4.615,0,30,A,A,Urgent,0
4110,40,70,95.53,70.11,96.07,78.51,414,3.415,6,30,A,B,Routine,0
4111,53,70,51.53,23.33,65.92,52.39,895,1.082,0,17,A,O,Urgent,0
4112,41,40,93.44,98.73,26.56,49.24,811,3.243,0,1,AB,O,Urgent,0
4113,57,56,95.3,35.63,74.93,77.94,611,2.444,3,1,O,O,Normal,1
4114,43,76,83.6,26.01,72.05,73.03,388,1.018,0,33,B,O,Critical,0
4115,63,69,85.05,71.97,58.86,52.57,504,1.542,0,6,O,A,Critical,1
4116,27,70,34.08,24.74,85.78,55.05,741,3.136,1,43,AB,O,Urgent,0
4117,52,71,87.36,12.05,56.3,59.33,816,1.835,4,19,B,A,Routine,0
4118,24,31,53.76,4.4,56.78,96.96,510,1.985,1,7,B,A,Normal,1
4119,21,65,82.44,82.36,40.09,48.26,921,3.54,2,44,O,A,Normal,1
4120,40,22,73.11,44.28,96.88,52.36,329,2.22,0,18,A,B,Normal,0
4121,38,28,45.38,93.07,39.19,85.45,469,3.016,0,10,A,O,Urgent,0
4122,67,41,50.14,37.6,68.87,50.96,714,3.251,0,26,B,O,Routine,0
4123,68,68,62.55,23.63,67.89,55.48,553,1.274,1,0,A,O,Normal,0
4124,22,33,26.65,66.96,99.01,57.56,898,3.345,0,11,O,O,Normal,0
4125,22,24,68.6,75.23,5.04,56.91,128,2.762,0,2,O,B,Normal,1
4126,66,19,62.06,72.87,87.87,76.71,178,2.682,0,47,A,A,Normal,0
4127,28,34,99.11,2.58,55.81,53.45,983,2.267,0,6,A,B,Normal,1
4128,32,73,54.18,23.73,28.31,60.03,359,3.058,0,41,B,O,Urgent,0
4129,38,35,89.01,58.72,7.24,79.45,798,3.976,2,3,O,A,Routine,1
4130,39,23,56.59,11.24,82.12,51.78,686,3.169,6,16,O,O,Normal,1
4131,50,21,85.36,91.96,33.98,85.19,856,2.678,4,29,B,O,Critical,0
4132,68,19,78.99,38.7,10.31,96.37,186,2.311,1,49,A,O,Normal,0
4133,42,61,81.72,44.96,77.58,94.65,403,3.109,1,19,O,A,Normal,0
4134,59,76,71.76,47.67,34.67,48.79,258,4.282,0,17,O,A,Urgent,0
4135,34,27,88.77,64.3,56.38,65.69,942,4.271,1,7,A,B,Routine,1
4136,42,22,99.07,9.13,43.75,93.33,30,2.624,8,20,O,O,Normal,1
4137,55,57,60.62,82.63,51.38,87.68,641,2.164,0,2,A,O,Urgent,0
4138,40,62,31.2,97.95,41.73,80.65,181,2.666,1,22,O,O,Critical,0
4139,66,26,28.41,63.67,16.55,95.39,493,2.562,1,40,O,O,Urgent,0
4140,42,77,93.79,79.62,90.01,47.0,205,3.225,0,35,B,A,Urgent,0
4141,66,76,77.26,92.38,24.3,74.43,582,3.735,1,10,B,B,Critical,1
4142,23,38,79.15,2.71,99.93,65.44,207,3.434,1,15,A,O,Urgent,0
4143,56,61,55.75,6.23,31.56,80.86,634,2.8,2,5,O,O,Urgent,1
4144,68,26,46.18,80.2,52.26,88.45,185,0.589,1,42,A,B,Routine,0
4145,18,40,68.4,12.09,77.41,84.11,79,0.642,0,22,A,A,Critical,1
4146,65,30,76.64,46.65,92.0,95.83,219,3.469,1,35,O,A,Critical,0
4147,50,46,47.75,47.37,46.9,65.24,200,3.07,1,4,B,A,Urgent,0
4148,32,71,33.24,57.25,4.61,84.93,70,1.154,0,39,O,O,Normal,1
4149,25,46,29.32,71.15,67.49,50.8,713,2.638,0,21,O,A,Routine,0
4150,54,59,71.37,24.14,74.41,66.49,668,3.237,6,5,O,A,Urgent,0
4151,54,30,51.46,82.8,73.77,98.04,968,0.5,7,,O,O,Critical,0
4152,52,22,49.14,61.93,42.94,77.73,626,4.203,1,30,O,O,Routine,0
4153,33,51,34.38,35.84,96.69,98.56,751,2.706,5,18,O,A,Normal,1
4154,26,37,45.81,98.37,7.88,82.7,955,2.13,3,11,B,O,Normal,0
4155,66,62,80.0,79.79,86.69,82.21,485,3.146,1,4,AB,O,Normal,0
4156,60,76,75.07,5.78,23.58,81.17,72,2.903,2,16,A,B,Urgent,1
4157,19,34,30.0,95.54,90.74,50.7,34,4.025,1,15,O,O,Critical,0
4158,39,65,41.64,19.67,50.84,65.93,680,2.5,0,26,A,O,Urgent,0
4159,68,53,84.56,56.13,62.64,91.44,24,2.82,1,15,A,B,Normal,0
4160,26,49,50.02,58.93,66.13,57.59,139,2.702,2,23,AB,A,Normal,0
4161,59,31,70.93,9.27,65.11,73.99,449,3.212,0,28,AB,A,Normal,0
4162,57,45,99.45,75.95,3.02,86.68,837,2.703,3,12,B,B,Normal,1
4163,58,54,49.4,36.41,62.24,78.05,431,4.683,2,4,A,B,Normal,0
4164,29,22,60.7,28.28,15.53,52.2,355,4.033,1,7,A,B,Normal,0
4165,41,19,57.23,95.73,34.81,69.24,2,2.858,2,22,O,B,Urgent,0
4166,39,49,56.97,72.65,41.23,78.34,452,0.5,1,10,A,O,Normal,0
4167,58,45,93.85,49.47,20.09,54.98,433,2.642,1,13,B,O,Routine,1
4168,33,36,77.3,2.82,73.38,85.79,864,1.91,5,3,B,O,Normal,0
4169,40,56,94.8,55.3,81.15,73.5,744,2.368,0,16,B,O,Urgent,0
4170,25,56,85.14,74.01,1.07,97.93,960,4.157,1,31,A,O,Urgent,1
4171,40,37,88.31,79.55,30.3,85.15,983,3.214,0,3,A,O,Urgent,0
4172,53,49,50.93,9.63,18.8,69.14,749,1.154,0,4,O,B,Urgent,1
4173,39,44,94.98,76.56,73.77,66.39,81,3.157,0,5,A,B,Critical,0
4174,45,25,97.33,48.73,70.39,47.18,117,3.058,7,20,O,AB,Normal,0
4175,66,64,72.9,1.41,27.47,61.18,234,1.867,0,2,O,AB,Normal,1
4176,69,25,88.48,81.7,77.16,97.88,894,3.363,0,44,AB,O,Urgent,1
4177,38,46,54.2,24.97,63.24,54.28,10,3.887,0,8,O,B,Normal,0
4178,43,67,47.05,89.41,74.3,82.34,469,1.705,0,24,A,B,Routine,0
4179,28,20,91.58,60.17,50.29,64.45,921,3.558,0,8,O,B,Urgent,1
4180,54,71,70.6,71.02,46.83,72.78,198,1.068,6,17,A,A,Critical,1
4181,49,28,93.03,82.61,28.2,46.8,168,3.004,0,21,AB,O,Urgent,0
4182,63,25,37.76,53.17,0.37,57.3,90,4.245,1,38,O,B,Normal,0
4183,26,69,97.46,88.01,86.96,89.57,,2.131,0,43,O,O,Critical,0
4184,23,23,39.41,33.32,89.77,62.02,169,1.336,0,0,O,A,Normal,0
4185,44,38,35.54,15.4,95.31,87.09,851,2.459,4,6,AB,A,Urgent,0
4186,32,21,86.91,5.95,90.67,70.3,923,2.199,0,11,B,A,Urgent,1
4187,24,29,68.75,66.91,67.06,91.76,339,1.935,0,5,O,A,Normal,1
4188,29,36,62.2,6.92,34.19,72.37,248,1.206,1,7,O,A,Normal,1
4189,50,49,54.14,97.77,9.48,87.13,916,2.494,0,1,O,O,Normal,1
4190,19,64,67.84,50.82,71.15,54.35,570,2.012,3,45,O,O,Normal,0
4191,42,30,91.73,86.01,21.57,90.0,305,1.681,5,12,O,B,Normal,0
4192,18,38,42.35,27.81,85.86,69.69,312,4.129,0,20,AB,B,Urgent,0
4193,18,43,28.19,82.86,60.93,75.43,785,1.932,1,25,O,A,Urgent,0
4194,25,56,43.16,60.13,26.62,58.54,155,2.43,2,31,O,O,Urgent,0
4195,61,29,34.41,20.9,83.56,57.92,511,3.637,1,32,A,O,Routine,0
4196,45,68,38.18,81.72,25.87,50.72,647,3.08,0,23,B,B,Normal,0
4197,24,45,28.99,6.28,39.55,71.46,74,1.92,0,21,O,AB,Routine,0
4198,28,59,25.82,29.81,0.22,78.93,179,2.381,0,31,O,B,Routine,0
4199,41,41,53.09,46.26,38.82,65.67,493,4.476,2,0,O,A,Critical,0
4200,54,46,58.24,9.92,51.68,75.18,583,2.718,3,8,O,B,Routine,1
4201,57,29,27.14,98.57,70.99,49.12,689,0.5,1,28,O,O,Urgent,0
4202,46,41,99.0,19.28,56.28,64.05,610,1.862,1,5,B,AB,Normal,1
4203,47,23,51.72,16.57,39.81,84.11,293,2.441,3,24,AB,A,Routine,0
4204,36,56,53.68,48.77,19.47,45.57,841,1.768,0,20,A,B,Critical,0
4205,57,76,36.23,61.55,30.35,71.91,195,4.382,0,19,O,A,Normal,0
4206,67,25,69.65,48.07,66.79,59.41,815,3.333,0,42,A,O,Urgent,0
4207,42,68,91.3,86.76,88.48,85.82,941,3.153,7,26,A,O,Normal,0
4208,37,69,79.95,40.16,48.19,52.46,799,3.105,0,32,O,AB,Routine,1
4209,40,31,33.49,62.29,96.38,83.45,677,3.99,3,9,O,A,Routine,0
4210,26,46,26.14,7.55,77.72,51.43,285,4.072,0,20,A,B,Urgent,0
4211,18,49,60.41,72.9,25.37,94.99,153,1.645,3,31,A,A,Urgent,1
4212,36,49,66.35,89.28,64.04,63.01,194,3.678,3,13,A,O,Urgent,0
4213,51,18,74.04,16.97,17.52,70.23,989,4.147,0,33,A,A,Urgent,1
4214,53,50,83.41,5.74,48.12,57.59,441,2.527,1,3,A,B,Normal,0
4215,23,77,65.21,76.02,13.09,88.1,657,2.292,0,54,B,B,Normal,0
4216,41,35,58.73,51.98,12.59,75.91,198,0.588,0,6,O,O,Routine,1
4217,29,76,64.24,85.69,79.01,48.11,961,2.664,2,47,B,AB,Urgent,0
4218,20,55,74.17,84.67,3.74,94.32,938,0.51,7,35,B,O,Urgent,0
4219,67,46,96.08,92.64,56.46,98.85,777,4.268,1,21,B,O,Critical,0
4220,56,77,99.79,96.16,64.66,90.22,426,2.68,3,21,O,B,Normal,1
4221,69,41,85.56,48.42,88.1,51.16,987,1.749,0,28,A,AB,Urgent,0
4222,26,29,44.12,22.47,34.54,70.99,841,2.477,2,3,A,B,Normal,0
4223,66,61,68.66,72.45,27.63,45.82,667,2.706,8,5,A,B,Critical,0
4224,26,53,68.58,83.96,28.85,51.84,129,1.925,2,27,B,O,Normal,0
4225,46,59,82.67,93.67,46.48,79.22,939,4.888,0,13,A,B,Critical,0
4226,21,34,93.78,20.27,82.88,56.04,771,4.48,0,13,A,O,Normal,0
4227,35,77,96.78,78.33,92.14,71.8,356,2.648,3,42,O,B,Critical,0
4228,49,20,28.18,4.38,38.03,48.28,189,4.196,2,29,A,A,Normal,0
4229,24,69,55.19,94.12,77.93,59.32,486,4.252,1,45,B,A,Normal,0
4230,51,75,61.74,43.89,90.93,70.53,569,1.843,2,24,A,O,Normal,0
4231,61,59,84.18,29.41,83.07,83.85,148,1.483,5,2,O,AB,Critical,1
4232,28,48,54.75,61.51,58.58,60.13,222,3.492,1,20,O,O,Routine,0
4233,39,23,50.77,70.14,65.08,81.51,342,4.469,0,16,B,A,Normal,0
4234,28,57,65.98,9.05,95.29,92.82,129,2.71,6,29,O,B,Urgent,0
4235,61,59,44.79,72.74,86.88,66.58,749,4.429,0,2,O,O,Normal,0
4236,45,70,26.84,18.79,24.75,66.03,565,1.448,1,25,AB,A,Normal,0
4237,29,27,27.68,51.91,55.48,96.87,855,2.032,0,2,A,A,Critical,0
4238,40,26,81.1,83.39,95.9,98.18,136,1.625,0,14,O,A,Critical,1
4239,42,36,83.91,5.53,93.38,49.1,754,1.564,1,,AB,B,Normal,0
4240,47,36,66.39,54.02,63.86,85.98,955,2.946,2,11,O,AB,Normal,0
4241,18,77,52.84,74.19,9.85,51.84,35,1.156,1,59,B,A,Urgent,0
4242,53,51,86.13,43.72,14.31,87.59,772,4.005,3,2,B,O,Urgent,1
4243,59,69,79.14,76.58,21.14,80.0,851,1.869,0,10,O,A,Normal,1
4244,41,36,28.41,13.03,42.37,55.51,851,2.811,2,5,B,O,Normal,0
4245,66,60,80.73,26.18,23.25,75.88,242,2.854,4,6,B,O,Routine,0
4246,27,40,98.16,97.63,0.01,46.5,205,1.392,3,13,A,O,Normal,0
4247,41,31,90.64,72.58,56.01,48.38,322,4.546,8,10,O,AB,Urgent,0
4248,65,37,70.77,33.15,52.94,70.43,235,4.895,1,28,B,B,Normal,1
4249,62,47,69.69,58.5,52.47,59.3,478,2.92,0,15,A,O,Normal,0
4250,56,74,57.69,29.65,0.8,95.6,395,3.355,2,18,A,A,Urgent,1
4251,27,66,60.71,85.72,69.61,46.35,529,1.267,5,39,B,A,Normal,0
4252,41,48,79.97,79.07,37.62,98.03,845,3.271,0,7,O,B,Routine,0
4253,31,32,28.31,41.16,24.63,99.46,810,3.084,1,1,A,A,Critical,1
4254,46,23,27.2,88.22,84.5,97.27,685,3.37,0,23,O,A,Urgent,0
4255,47,34,34.28,19.63,87.28,48.69,118,2.271,6,13,B,A,Normal,0
4256,69,60,51.89,6.99,79.72,93.54,454,3.253,0,9,B,A,Normal,0
4257,56,43,85.58,63.37,26.76,55.89,610,2.463,0,13,A,B,Urgent,0
4258,68,74,32.84,21.95,99.64,50.53,567,2.619,0,6,A,A,Urgent,0
4259,42,23,53.14,92.78,66.39,45.4,611,3.544,0,19,B,B,Urgent,1
4260,68,60,44.39,59.42,96.24,71.4,490,3.333,1,8,B,B,Critical,0
4261,49,57,30.83,29.52,3.03,47.5,76,4.02,1,8,O,A,Critical,1
4262,47,65,81.38,96.19,95.94,50.0,817,3.219,0,18,A,O,Normal,0
4263,58,51,86.59,71.57,12.83,71.4,879,2.939,2,7,O,A,Urgent,1
4264,33,59,41.71,98.54,19.41,45.31,606,2.542,1,26,O,O,Critical,0
4265,22,67,44.53,64.13,98.57,48.55,682,1.035,1,45,A,B,Critical,0
4266,34,51,66.92,57.79,91.79,87.31,332,2.449,3,17,A,O,Normal,0
4267,67,27,70.35,87.72,20.11,74.43,263,4.552,0,40,O,O,Urgent,0
4268,19,31,75.83,83.17,51.73,81.28,961,1.159,1,12,B,A,Urgent,0
4269,49,56,83.5,31.24,29.42,71.54,942,3.187,1,7,O,AB,Routine,1
4270,28,55,28.9,80.41,81.93,88.81,783,3.446,2,27,O,B,Urgent,0
4271,54,48,70.11,57.44,34.39,85.29,959,0.878,2,6,A,A,Routine,1
4272,48,33,64.08,90.78,18.71,51.74,368,2.439,3,15,O,B,Critical,0
4273,21,50,66.84,73.95,80.77,95.04,808,3.683,0,29,B,O,Urgent,0
4274,36,52,53.7,32.62,15.19,84.93,51,4.131,0,16,O,O,Routine,0
4275,23,48,64.4,0.06,66.51,82.16,207,2.522,2,25,O,A,Normal,1
4276,33,22,96.52,22.2,73.81,77.08,302,2.499,2,11,AB,B,Normal,1
4277,28,59,60.07,83.08,76.67,82.05,400,2.811,0,31,B,O,Urgent,0
4278,56,64,61.32,97.54,87.1,48.59,344,3.126,0,8,A,B,Normal,0
4279,22,29,44.43,57.4,99.09,57.3,292,3.642,1,7,A,B,Normal,0
4280,49,20,53.29,12.89,73.84,78.39,478,1.449,0,29,O,A,Urgent,1
4281,54,74,94.36,71.95,19.66,47.81,537,3.383,0,20,O,A,Urgent,1
4282,67,25,94.37,34.83,66.47,79.09,900,2.914,3,42,B,A,Critical,1
4283,49,63,31.33,29.81,71.45,52.65,6,1.901,0,14,A,A,Normal,0
4284,22,68,56.3,22.18,39.44,95.73,949,1.86,1,46,A,AB,Normal,1
4285,56,32,81.17,77.04,95.98,70.36,290,2.327,2,24,B,O,Normal,0
4286,34,75,27.76,44.41,40.27,70.81,162,1.828,0,41,O,B,Normal,0
4287,62,59,94.08,95.68,86.16,70.67,666,3.528,0,3,A,O,Normal,0
4288,54,48,43.73,9.22,43.86,96.75,598,3.054,4,6,A,B,Urgent,0
4289,27,42,97.82,26.45,38.81,59.74,760,1.852,1,15,A,O,Urgent,1
4290,20,31,87.41,12.92,57.85,96.91,365,3.73,5,11,A,O,Normal,0
4291,60,21,45.69,64.44,59.41,98.5,503,2.061,3,39,O,O,Urgent,0
4292,35,58,32.65,24.32,15.45,97.73,826,3.081,1,23,O,O,Normal,1
4293,56,37,66.91,84.93,73.36,48.67,755,2.221,2,19,A,A,Urgent,0
4294,49,53,81.77,14.69,0.36,91.96,869,1.911,0,4,A,AB,Urgent,1
4295,63,71,94.07,42.68,38.73,58.1,994,1.933,0,8,A,A,Normal,1
4296,65,67,81.97,14.23,24.05,57.72,74,2.618,1,2,O,O,Urgent,1
4297,20,58,27.88,92.41,87.55,91.95,866,0.826,1,38,A,O,Critical,0
4298,30,29,56.62,70.21,9.22,91.27,203,,1,1,A,A,Normal,1
4299,61,62,97.08,99.32,87.79,87.11,952,2.611,0,1,A,O,Critical,0
4300,66,51,60.28,48.39,46.67,55.65,255,0.693,7,15,O,B,Normal,0
4301,29,21,50.66,27.13,4.41,77.69,947,4.308,2,8,AB,A,Critical,1
4302,64,76,50.77,11.94,46.57,87.83,158,2.015,0,12,B,A,Normal,0
4303,54,74,45.29,56.05,36.06,89.48,802,1.736,1,20,A,A,Critical,0
4304,58,28,68.11,16.49,54.13,62.02,631,2.367,0,30,B,O,Normal,1
4305,50,62,63.94,48.68,48.86,82.96,478,2.962,0,12,A,A,Critical,1
4306,56,77,31.35,40.66,8.73,67.63,947,3.633,8,21,B,O,Critical,0
4307,54,54,30.47,18.73,27.22,57.78,118,2.364,0,0,O,A,Routine,1
4308,51,34,37.94,63.99,46.58,47.29,97,1.059,3,17,O,B,Critical,0
4309,23,24,29.0,20.75,69.2,63.52,911,2.763,1,1,B,B,Critical,1
4310,62,53,79.38,42.25,74.71,95.05,249,3.391,0,9,B,B,Normal,1
4311,18,21,64.98,1.78,97.66,91.49,475,4.472,0,3,O,O,Normal,1
4312,60,77,99.42,11.44,45.34,53.94,938,1.081,0,17,A,B,Critical,1
4313,48,72,75.29,64.05,2.67,91.57,226,1.435,2,24,O,A,Normal,1
4314,27,52,97.46,76.97,6.73,68.22,990,2.898,4,25,O,B,Normal,1
4315,36,48,34.44,21.78,68.36,77.16,781,2.641,0,12,B,A,Urgent,1
4316,61,57,47.85,49.92,8.78,53.69,995,3.825,0,4,O,O,Urgent,1
4317,57,73,58.48,48.28,32.69,56.2,203,3.49,0,16,A,A,Normal,0
4318,47,37,96.58,23.03,32.57,58.0,108,0.721,5,10,O,O,Normal,1
4319,35,44,40.13,52.1,25.27,47.12,822,0.912,3,9,B,O,Normal,0
4320,37,67,55.64,39.32,7.46,98.72,206,2.282,0,30,O,O,Urgent,1
4321,52,77,88.53,4.82,38.58,62.04,111,1.97,4,25,O,O,Normal,1
4322,55,54,56.71,64.63,7.08,49.83,990,3.141,4,1,B,B,Normal,1
4323,41,73,51.15,91.21,26.72,80.52,855,1.682,0,32,A,O,Normal,0
4324,64,30,78.65,69.43,69.12,97.74,405,3.794,2,34,A,O,Urgent,0
4325,49,74,98.96,33.86,11.04,46.91,852,2.719,0,25,AB,O,Routine,0
4326,59,23,41.95,32.17,14.85,91.77,105,3.735,4,36,O,O,Critical,0
4327,38,54,84.48,94.94,99.25,58.64,445,2.465,0,16,A,A,Critical,0
4328,42,72,66.31,41.45,84.89,89.18,586,3.421,0,30,O,O,Normal,1
4329,63,23,74.1,36.13,20.95,65.95,45,2.868,3,40,A,O,Urgent,0
4330,55,41,35.21,17.86,31.7,69.95,464,1.265,0,14,B,A,Routine,0
4331,32,51,39.35,6.75,88.23,54.48,27,0.711,0,19,O,AB,Routine,0
4332,52,67,40.04,66.33,29.2,86.32,132,2.208,1,15,B,O,Routine,0
4333,60,59,62.12,30.86,85.58,93.67,280,3.507,0,1,O,O,Normal,1
4334,38,45,72.33,38.89,78.05,90.65,81,3.942,0,7,B,B,Normal,1
4335,29,56,26.7,22.94,23.33,45.82,113,3.743,2,27,B,B,Normal,0
4336,60,45,64.15,58.96,89.31,66.76,99,3.231,1,15,O,O,Normal,1
4337,63,61,26.59,61.11,85.99,88.07,192,2.16,4,2,B,B,Normal,0
4338,30,40,38.43,9.96,54.19,71.46,268,4.333,0,10,B,B,Normal,0
4339,54,48,40.58,41.29,12.01,98.73,265,2.243,2,6,AB,O,Urgent,0
4340,28,19,69.1,62.33,38.31,93.08,682,2.082,0,9,B,O,Routine,0
4341,48,74,60.48,95.07,26.5,56.4,968,4.219,1,,AB,O,Routine,0
4342,33,56,57.72,96.79,38.56,71.94,389,1.766,3,23,O,A,Routine,0
4343,50,34,78.2,36.17,76.8,67.37,369,3.822,5,16,B,O,Urgent,0
4344,24,64,27.3,34.95,72.71,65.89,920,2.71,0,40,B,O,Normal,0
4345,34,62,41.29,11.1,26.22,99.06,416,2.493,0,28,O,A,Normal,1
4346,44,21,44.75,8.09,27.28,61.28,263,2.251,2,23,O,O,Routine,0
4347,47,44,45.93,80.99,84.24,48.98,623,1.875,5,3,O,B,Routine,0
4348,28,60,81.7,1.93,9.03,86.8,299,4.497,0,32,O,A,Normal,1
4349,31,50,94.28,19.35,98.28,66.24,987,2.761,3,19,O,O,Normal,1
4350,18,71,48.37,8.42,77.65,49.76,337,3.404,0,53,O,AB,Normal,0
4351,31,59,89.04,4.77,46.34,78.96,853,1.395,4,28,O,O,Urgent,1
4352,66,20,26.12,52.49,19.55,58.19,324,3.722,0,46,B,B,Urgent,0
4353,38,38,87.92,28.26,3.58,45.97,88,3.866,2,0,A,A,Urgent,1
4354,47,21,31.88,56.19,6.58,58.29,473,1.804,0,26,B,O,Critical,0
4355,41,33,71.3,48.42,66.71,65.7,248,2.703,4,8,B,A,Routine,0
4356,45,18,80.31,97.9,30.81,77.81,759,3.236,1,27,B,A,Normal,0
4357,34,25,63.1,33.42,10.67,65.62,583,3.684,0,9,O,O,Normal,1
4358,54,38,50.63,66.98,98.71,85.75,175,4.406,3,16,O,O,Normal,0
4359,65,62,26.04,45.26,57.77,81.28,293,2.155,2,3,O,O,Normal,0
4360,52,68,99.66,55.59,9.79,93.89,977,3.159,5,16,B,A,Critical,1
4361,30,36,36.14,38.25,31.29,89.0,390,2.721,1,6,B,O,Urgent,0
4362,18,48,50.98,43.65,59.93,92.06,718,2.629,4,30,O,O,Urgent,1
4363,22,52,25.08,1.09,84.87,85.7,346,1.456,0,30,A,B,Normal,0
4364,61,49,99.68,33.86,44.95,69.66,84,0.693,0,12,O,A,Routine,1
4365,55,49,68.92,88.33,22.47,51.05,51,3.133,0,6,O,O,Critical,0
4366,24,44,84.33,7.11,5.19,96.23,392,1.296,7,20,A,B,Urgent,0
4367,51,54,76.55,81.94,26.88,45.5,116,3.85,3,3,B,A,Normal,0
4368,29,56,65.75,17.59,42.11,59.73,257,2.415,0,27,A,O,Normal,0
4369,66,58,88.37,66.25,73.01,61.71,,2.462,8,8,O,A,Urgent,0
4370,35,55,73.56,73.76,85.5,74.48,219,1.544,1,20,O,A,Normal,0
4371,37,38,37.06,3.56,82.51,57.29,538,0.5,1,1,O,B,Urgent,0
4372,18,58,55.76,42.22,73.14,57.03,732,0.5,0,40,A,A,Urgent,0
4373,40,63,98.79,89.54,15.74,95.65,1000,3.132,2,23,AB,O,Urgent,0
4374,67,42,57.16,43.03,95.62,73.7,561,4.15,1,25,O,AB,Urgent,0
4375,30,42,63.17,40.43,38.61,65.88,883,3.166,1,12,A,B,Critical,0
4376,22,35,91.97,13.68,69.6,75.42,259,4.062,2,13,B,A,Urgent,1
4377,46,59,29.09,50.97,0.34,85.1,838,3.211,1,13,A,O,Routine,0
4378,36,56,92.66,66.71,4.34,54.51,467,3.325,3,20,O,A,Urgent,1
4379,26,27,81.26,37.55,57.07,69.88,263,1.428,2,1,B,B,Routine,0
4380,56,40,68.92,59.5,73.91,79.03,207,1.595,1,16,O,B,Urgent,0
4381,24,44,45.62,17.98,38.33,67.75,832,4.082,0,20,AB,O,Critical,1
4382,20,75,87.42,77.7,92.54,70.21,641,3.783,5,55,B,B,Normal,0
4383,68,73,54.71,50.63,60.67,80.66,819,2.932,2,5,A,AB,Urgent,0
4384,69,21,88.06,94.99,17.61,,450,2.837,4,48,A,O,Critical,0
4385,42,63,53.65,87.41,33.22,69.13,675,2.247,2,21,A,B,Critical,0
4386,56,34,41.3,74.21,17.79,73.82,123,1.442,0,22,A,A,Urgent,0
4387,23,34,35.2,37.92,80.15,62.8,850,4.116,0,11,B,O,Normal,0
4388,45,24,43.48,46.22,77.41,85.14,958,1.306,3,21,O,B,Urgent,0
4389,52,28,71.4,36.78,82.31,53.63,824,2.254,4,24,O,B,Normal,1
4390,37,62,43.87,20.75,9.12,59.04,271,1.298,0,25,O,AB,Critical,1
4391,21,34,44.1,89.91,62.01,47.7,475,4.332,3,13,AB,A,Urgent,0
4392,68,38,91.75,71.57,74.33,82.5,909,2.744,1,30,B,O,Normal,0
4393,34,61,64.36,23.78,70.54,50.84,644,1.934,0,27,O,O,Urgent,0
4394,27,,49.93,56.97,31.77,50.61,745,1.51,5,6,A,B,Normal,0
4395,62,74,94.24,48.65,48.95,90.02,45,4.528,0,12,O,AB,Urgent,1
4396,23,36,74.95,80.07,8.82,45.21,198,2.097,0,13,O,A,Normal,0
4397,67,75,52.44,16.57,71.21,76.94,576,0.5,4,8,A,A,Urgent,1
4398,33,63,83.01,83.0,16.32,93.14,347,2.716,2,30,O,A,Normal,0
4399,18,22,53.1,5.47,82.33,95.45,137,3.14,0,4,B,A,Critical,0
4400,47,27,71.34,2.76,38.68,51.99,903,1.766,0,20,A,O,Critical,0
4401,18,65,86.98,99.33,94.72,79.17,907,3.62,2,47,O,O,Urgent,0
4402,55,22,39.14,12.23,15.01,86.03,132,2.51,0,33,O,O,Normal,0
4403,52,57,97.86,68.03,2.32,97.45,302,2.81,0,5,A,B,Normal,1
4404,44,65,44.99,89.0,91.23,60.02,778,2.275,8,21,O,O,Normal,0
4405,18,33,25.49,62.42,5.61,79.37,407,3.976,1,15,O,A,Normal,0
4406,68,58,26.55,35.62,92.34,46.19,441,2.22,4,10,A,B,Urgent,0
4407,56,32,69.44,58.33,33.89,49.0,130,2.368,0,24,A,O,Routine,0
4408,68,34,28.13,82.97,28.28,77.74,552,1.693,2,34,A,O,Normal,0
4409,21,77,32.51,97.01,51.08,56.01,89,2.069,0,56,A,O,Normal,0
4410,28,30,63.37,78.79,0.76,89.5,127,2.283,4,2,A,A,Urgent,1
4411,42,24,99.62,10.4,43.4,49.08,176,4.721,0,18,O,O,Urgent,1
4412,63,64,53.23,85.81,22.81,93.92,45,4.071,1,1,O,AB,Routine,0
4413,25,50,72.58,42.2,40.76,82.67,404,1.553,0,25,B,A,Normal,0
4414,48,67,97.43,61.79,27.56,73.79,484,1.527,1,19,O,B,Normal,1
4415,59,62,92.86,66.33,84.81,99.55,1000,3.237,0,3,AB,O,Normal,0
4416,60,55,93.12,52.71,2.9,95.78,247,1.186,4,5,A,A,Critical,1
4417,57,22,88.06,45.07,6.01,60.37,992,3.022,6,35,B,O,Normal,0
4418,35,72,90.8,75.83,30.51,66.75,21,4.732,0,37,A,O,Urgent,0
4419,45,66,70.43,80.56,67.52,91.71,996,1.794,1,21,B,A,Urgent,0
4420,46,18,26.92,96.63,44.92,89.44,622,1.887,0,28,O,A,Critical,0
4421,38,44,28.08,17.16,5.44,91.24,442,3.274,0,6,O,O,Urgent,1
4422,51,70,72.44,97.8,16.03,90.58,210,3.017,0,19,A,O,Critical,0
4423,31,61,45.89,66.73,70.95,98.58,670,2.147,2,30,B,A,Normal,0
4424,19,53,40.98,75.46,29.44,95.45,458,2.702,0,34,O,A,Normal,0
4425,39,34,86.02,25.35,21.98,50.6,190,1.386,1,5,O,O,Routine,1
4426,51,32,88.47,0.32,70.8,56.0,427,4.334,3,19,B,O,Routine,1
4427,44,52,92.46,5.28,19.82,95.52,666,2.604,0,8,O,O,Urgent,1
4428,53,55,81.78,45.04,97.26,79.2,234,3.284,0,2,B,O,Urgent,1
4429,66,61,94.28,56.02,56.61,72.16,183,2.812,1,5,A,O,Normal,0
4430,26,65,64.11,97.95,90.56,67.94,868,0.696,1,39,O,B,Urgent,0
4431,62,54,38.41,27.67,18.51,83.8,613,2.733,0,8,B,O,Urgent,0
4432,54,77,41.33,44.88,99.74,74.49,624,3.498,1,23,B,B,Critical,0
4433,45,68,60.09,31.94,20.26,69.41,197,3.077,1,23,O,O,Normal,1
4434,54,25,26.24,46.66,51.98,75.33,752,1.217,0,29,O,O,Routine,0
4435,57,28,41.1,72.64,21.17,59.78,917,3.088,3,29,B,O,Normal,0
4436,41,36,33.44,47.01,21.57,89.48,187,2.689,3,5,A,O,Normal,0
4437,19,19,67.49,32.52,13.28,50.5,890,2.105,0,0,A,B,Normal,0
4438,43,45,82.08,36.03,67.55,48.42,899,3.974,1,2,B,A,Urgent,0
4439,49,71,90.81,15.21,87.52,87.54,862,2.742,3,22,A,O,Urgent,1
4440,50,58,37.94,62.88,62.37,47.97,843,0.836,1,8,O,B,Critical,1
4441,55,30,46.78,5.89,88.37,56.7,990,3.422,2,25,O,B,Urgent,1
4442,61,75,93.47,4.17,62.02,68.49,871,2.762,0,14,O,O,Urgent,1
4443,36,47,48.33,23.32,96.57,58.92,313,2.593,0,11,B,A,Normal,0
4444,27,56,88.41,28.33,38.89,76.38,431,0.91,3,29,O,O,Urgent,1
4445,46,21,48.4,30.46,12.4,75.7,861,2.654,1,25,A,O,Routine,0
4446,27,76,39.39,34.35,,79.87,646,4.416,0,49,B,O,Normal,0
4447,46,54,76.46,88.7,76.66,61.29,433,2.806,0,8,B,O,Critical,0
4448,37,47,53.35,8.39,17.31,80.02,521,1.104,5,10,B,A,Urgent,0
4449,38,39,42.64,37.07,23.25,99.76,270,5.994,4,1,O,O,Normal,1
4450,42,45,66.76,8.28,66.72,78.41,788,4.394,0,3,A,A,Urgent,1
4451,39,54,62.82,22.29,34.55,62.76,150,3.752,0,15,A,B,Urgent,1
4452,21,22,86.31,83.23,34.4,75.72,272,2.354,1,1,O,A,Critical,0
4453,45,26,65.91,19.71,76.29,67.57,280,3.938,3,19,A,O,Normal,0
4454,27,23,79.58,38.07,28.5,88.43,552,1.35,1,4,A,A,Urgent,1
4455,29,40,47.0,90.06,94.16,77.72,506,2.088,0,11,O,O,Critical,1
4456,48,38,39.2,58.4,92.03,81.81,916,1.406,0,10,A,O,Urgent,0
4457,36,28,26.45,30.64,89.76,96.19,310,3.713,0,8,O,O,Routine,0
4458,21,46,79.78,9.01,23.08,86.1,867,2.304,7,25,AB,O,Critical,1
4459,66,67,74.98,41.29,35.0,78.28,405,2.018,0,1,A,O,Critical,1
4460,34,72,32.7,26.74,56.35,89.91,4,2.738,3,38,O,O,Urgent,0
4461,24,44,41.07,2.46,64.39,49.37,712,3.137,0,20,O,O,Urgent,1
4462,28,48,86.82,93.14,55.71,59.72,775,2.088,3,20,A,AB,Urgent,0
4463,31,66,96.96,65.23,15.15,85.78,189,1.804,0,35,B,B,Urgent,1
4464,19,77,31.48,13.1,5.46,60.19,414,1.246,8,58,O,AB,Urgent,0
4465,53,30,42.75,35.04,23.97,61.3,934,1.599,0,23,A,B,Normal,0
4466,37,56,52.24,25.12,90.49,83.02,611,5.571,0,19,O,O,Routine,0
4467,29,65,85.09,39.2,69.33,82.32,673,3.161,1,36,O,A,Urgent,0
4468,65,39,93.35,0.97,51.6,94.62,960,2.403,2,26,A,O,Critical,1
4469,60,45,66.24,94.7,70.93,84.71,199,2.331,0,15,O,A,Critical,0
4470,62,40,64.46,8.17,64.53,85.84,567,3.351,0,22,O,B,Urgent,1
4471,43,73,37.93,59.94,23.78,60.6,640,5.421,6,30,B,AB,Critical,0
4472,67,58,30.3,72.34,32.1,81.74,474,4.793,1,9,O,O,Urgent,0
4473,51,,71.09,13.13,68.76,46.75,306,3.947,1,5,B,A,Urgent,0
4474,69,53,55.58,70.1,98.38,89.28,521,3.219,3,16,O,A,Normal,0
4475,65,36,97.93,96.04,24.35,74.97,856,1.734,0,29,O,A,Routine,1
4476,51,55,41.0,35.67,38.71,46.12,863,3.165,1,4,O,O,Normal,1
4477,30,31,86.81,42.88,59.79,45.84,517,4.866,4,1,A,O,Urgent,0
4478,30,62,57.03,93.45,3.71,61.76,657,4.073,1,32,A,A,Urgent,1
4479,57,53,83.76,7.24,89.34,95.23,347,3.251,1,4,O,B,Urgent,1
4480,35,33,32.55,1.24,19.69,45.56,698,5.7,1,2,O,A,Critical,1
4481,48,41,85.22,52.24,42.55,81.71,478,2.976,4,7,A,A,Urgent,1
4482,65,77,73.7,98.39,53.9,73.16,783,1.989,1,12,A,B,Normal,0
4483,28,31,67.44,67.54,1.53,95.09,5,3.353,0,3,A,B,Critical,0
4484,67,55,65.67,23.84,51.65,91.25,232,4.261,0,12,A,O,Urgent,0
4485,57,22,51.24,59.47,41.18,48.39,883,2.723,2,35,O,O,Critical,0
4486,67,48,61.09,90.14,79.57,87.43,292,2.964,2,19,O,O,Normal,0
4487,45,19,71.21,86.46,76.03,85.62,632,2.794,3,26,O,B,Urgent,0
4488,54,26,44.87,76.81,14.04,93.5,659,4.407,0,28,O,O,Critical,0
4489,57,61,33.52,22.83,35.45,65.34,114,2.608,0,4,O,B,Routine,1
4490,55,22,32.56,44.18,92.4,69.62,697,2.28,0,33,O,A,Normal,0
4491,20,40,32.61,45.16,56.32,59.07,682,3.4,0,20,B,A,Urgent,0
4492,24,51,42.96,20.06,19.14,81.22,109,0.91,0,27,B,B,Routine,1
4493,21,22,42.15,49.82,9.1,92.3,690,3.151,1,1,B,A,Critical,0
4494,42,60,27.83,59.23,22.54,68.06,285,2.117,1,18,O,O,Routine,0
4495,32,19,82.7,27.53,6.94,85.95,709,3.621,1,13,B,B,Normal,1
4496,59,73,88.62,99.56,92.33,85.86,375,2.775,0,14,O,O,Normal,0
4497,21,29,99.05,42.35,36.02,98.11,231,3.233,3,8,A,O,Normal,1
4498,56,47,31.84,33.32,22.14,59.66,818,2.847,0,9,O,AB,Critical,1
4499,51,34,33.41,6.2,44.17,94.86,865,3.24,6,17,O,AB,Routine,1
4500,37,22,35.5,74.18,66.26,98.94,437,1.834,0,15,B,O,Critical,0
4501,45,28,60.03,5.76,67.16,88.46,973,4.379,0,17,O,A,Normal,0
4502,30,61,30.35,89.89,70.23,88.12,841,1.544,1,31,A,A,Normal,0
4503,65,24,95.5,38.81,,73.43,662,1.609,6,41,O,A,Normal,0
4504,44,61,57.2,83.98,21.17,74.29,466,1.96,3,17,A,O,Urgent,0
4505,19,62,75.41,79.33,25.79,88.54,429,2.327,1,43,O,O,Routine,0
4506,52,29,73.01,4.15,91.62,92.61,469,1.689,3,,A,O,Normal,0
4507,29,47,52.74,78.76,89.0,78.52,158,3.917,5,18,B,O,Critical,0
4508,65,73,57.41,32.42,11.46,53.82,873,2.087,0,8,O,A,Urgent,1
4509,45,58,68.9,36.02,58.68,70.57,881,1.991,2,13,O,O,Normal,1
4510,47,40,67.1,41.01,83.27,49.24,828,4.312,0,7,A,B,Critical,0
4511,32,75,75.38,12.27,60.53,57.47,4,1.945,1,43,A,AB,Urgent,0
4512,68,19,90.21,58.24,89.45,94.75,126,2.88,1,49,AB,O,Normal,0
4513,46,25,45.59,21.72,49.13,91.92,278,0.5,1,21,O,A,Critical,1
4514,54,47,92.93,73.23,72.81,67.08,93,3.734,5,7,O,A,Normal,0
4515,28,67,97.33,19.28,36.73,45.13,485,2.5,1,39,A,A,Normal,0
4516,49,57,91.16,6.26,24.49,85.69,727,0.883,0,8,B,B,Urgent,1
4517,39,24,35.56,1.08,20.04,64.94,390,3.665,2,15,O,O,Routine,1
4518,56,32,89.86,23.35,92.57,68.13,306,2.78,1,24,A,B,Urgent,1
4519,52,28,25.19,98.14,39.62,50.28,212,3.467,2,24,O,A,Normal,0
4520,49,26,68.73,7.55,53.55,63.54,652,4.161,3,23,O,B,Urgent,0
4521,36,27,84.7,19.28,45.99,86.83,466,2.982,1,9,O,A,Urgent,1
4522,37,54,29.71,28.2,39.23,57.87,928,2.479,2,17,B,O,Routine,0
4523,19,77,43.36,2.12,85.46,73.67,615,2.69,8,58,AB,O,Urgent,0
4524,50,49,68.25,38.13,90.03,78.19,324,1.796,0,1,O,B,Normal,1
4525,23,64,38.56,55.02,52.81,97.99,977,3.374,1,41,B,O,Normal,0
4526,31,33,94.28,8.59,43.83,98.23,648,4.998,0,2,AB,B,Routine,1
4527,53,36,56.48,74.09,75.06,85.71,675,4.72,1,17,O,B,Critical,0
4528,43,36,27.86,55.79,4.51,70.96,529,4.005,0,7,O,B,Urgent,0
4529,19,50,61.87,68.43,15.28,87.72,840,3.013,0,31,B,O,Urgent,1
4530,48,25,34.63,70.18,31.92,84.92,913,1.506,0,23,A,O,Critical,0
4531,51,49,39.33,29.22,51.47,78.9,822,2.665,0,2,A,A,Normal,1
4532,32,53,34.97,15.6,9.62,53.07,473,4.192,2,21,O,O,Urgent,1
4533,38,30,87.69,69.08,93.17,71.36,871,2.611,2,8,A,AB,Normal,1
4534,20,43,64.69,83.68,55.58,94.16,177,5.008,0,23,O,O,Critical,0
4535,46,68,57.33,24.1,88.47,79.69,656,5.259,0,22,B,B,Critical,1
4536,57,26,46.18,9.56,30.42,72.05,6,3.347,2,31,O,A,Normal,0
4537,48,69,72.53,20.87,86.89,57.73,778,3.341,0,21,B,A,Routine,0
4538,66,64,30.22,43.7,84.06,88.92,98,3.026,1,2,B,A,Normal,0
4539,30,36,84.8,78.95,75.77,71.78,59,1.979,1,6,O,B,Urgent,0
4540,61,19,62.5,59.1,18.1,72.51,164,3.108,1,42,O,A,Normal,0
4541,45,47,70.26,33.37,26.29,94.51,158,2.3,2,2,B,A,Urgent,0
4542,66,58,52.74,82.68,77.09,91.0,711,4.535,0,8,O,B,Urgent,0
4543,27,47,94.52,36.92,51.95,92.81,14,0.5,0,20,A,O,Normal,0
4544,52,61,58.24,7.68,96.61,92.64,588,2.153,0,9,A,B,Critical,0
4545,61,40,68.55,23.49,20.14,90.66,43,1.407,1,21,O,O,Urgent,1
4546,33,62,38.83,83.62,21.56,61.2,376,3.719,0,29,O,A,Urgent,0
4547,37,53,40.47,3.0,66.41,72.88,299,0.83,0,16,A,O,Urgent,0
4548,29,68,27.04,95.9,56.01,88.93,587,2.161,0,39,O,B,Urgent,0
4549,58,66,26.83,46.46,,47.77,501,3.708,1,8,A,A,Normal,0
4550,55,26,41.08,8.36,72.63,58.47,566,5.072,2,29,B,O,Urgent,0
4551,36,67,74.39,70.28,52.48,86.79,388,4.919,0,31,A,B,Normal,0
4552,23,30,71.03,16.76,3.38,72.19,762,4.058,0,7,A,A,Normal,1
4553,33,68,75.82,92.67,54.66,53.18,433,3.487,0,35,O,B,Urgent,0
4554,34,56,26.97,20.96,90.84,92.37,626,3.505,2,22,O,A,Normal,0
4555,21,39,56.71,19.63,41.65,,322,4.309,0,18,A,B,Urgent,0
4556,28,37,81.25,24.5,16.28,59.27,647,0.725,3,9,O,B,Normal,1
4557,61,45,48.32,58.04,4.25,84.79,917,3.578,0,16,B,O,Routine,0
4558,18,57,81.6,83.43,4.25,46.22,269,0.873,0,39,A,B,Normal,0
4559,64,21,28.38,32.49,68.92,86.81,29,0.695,0,43,O,O,Urgent,0
4560,67,26,47.52,14.0,95.21,88.67,359,2.951,0,41,A,A,Critical,0
4561,42,30,54.56,83.01,88.45,69.43,655,2.546,5,12,B,B,Normal,1
4562,54,39,39.5,43.16,33.97,74.94,549,3.432,1,15,O,O,Critical,1
4563,30,42,35.27,14.89,84.99,69.76,960,0.936,0,12,A,O,Routine,0
4564,52,65,80.61,24.05,42.64,90.91,406,2.363,1,13,O,A,Normal,0
4565,24,57,56.8,23.31,91.67,70.11,879,,1,33,O,A,Urgent,0
4566,55,58,72.32,48.63,55.3,47.93,633,0.895,0,3,B,A,Urgent,1
4567,21,28,45.41,69.53,77.6,58.03,826,2.443,2,7,O,O,Urgent,1
4568,64,31,31.78,17.47,32.32,56.12,364,3.566,3,33,A,O,Urgent,0
4569,43,66,71.57,71.64,40.6,66.27,562,2.576,0,23,A,A,Critical,0
4570,68,47,43.22,64.42,5.41,99.34,411,1.652,0,21,A,O,Routine,0
4571,24,21,44.33,48.36,39.39,48.98,957,1.886,2,3,O,O,Urgent,1
4572,54,63,59.28,70.15,75.79,86.35,915,2.416,0,9,O,B,Normal,0
4573,48,40,30.68,6.76,57.03,67.08,232,3.413,3,8,O,O,Normal,1
4574,42,60,74.4,2.67,16.19,89.68,806,2.29,2,18,AB,B,Critical,1
4575,60,20,52.77,74.47,89.64,88.49,667,3.282,2,40,O,O,Normal,0
4576,19,43,50.93,96.65,71.6,61.17,546,4.729,0,24,A,A,Normal,1
4577,29,36,94.89,40.71,61.97,85.81,691,3.018,0,7,O,A,Urgent,0
4578,60,77,38.76,41.62,57.44,95.9,642,2.861,2,17,A,B,Urgent,0
4579,58,35,39.93,13.05,35.54,74.29,863,1.259,0,23,O,A,Normal,1
4580,62,57,70.47,25.78,21.04,64.84,161,4.558,3,5,B,B,Normal,1
4581,41,75,66.0,92.93,15.53,94.99,129,1.319,0,34,B,B,Normal,0
4582,41,71,51.77,1.0,3.46,62.47,57,1.128,1,30,O,O,Normal,0
4583,44,29,36.52,0.29,11.78,64.68,438,2.752,8,15,A,B,Routine,0
4584,27,76,99.48,55.48,63.98,69.31,419,2.665,4,49,A,A,Urgent,0
4585,42,22,45.47,36.3,47.55,50.34,356,2.152,4,20,A,A,Normal,1
4586,27,19,45.59,57.31,16.37,95.22,262,3.509,2,8,O,AB,Normal,0
4587,46,70,66.65,76.13,71.44,75.22,180,1.97,3,24,B,O,Normal,0
4588,27,76,61.26,22.83,67.52,74.87,605,3.259,2,49,AB,A,Urgent,0
4589,20,18,70.8,19.6,49.44,85.3,847,2.498,1,2,A,O,Normal,0
4590,31,29,78.01,78.74,62.89,57.92,202,3.414,1,2,A,O,Routine,0
4591,49,39,74.95,0.04,24.71,,260,2.54,3,10,A,B,Normal,1
4592,63,44,92.8,39.76,59.33,81.45,726,3.093,3,19,O,O,Urgent,1
4593,64,49,66.6,5.11,8.72,74.36,865,2.635,0,15,AB,O,Normal,1
4594,29,35,26.29,17.03,27.26,86.78,299,5.045,1,6,O,B,Normal,0
4595,68,41,74.94,2.52,3.51,88.75,913,3.31,2,27,B,B,Normal,1
4596,68,40,53.42,2.73,89.6,48.47,823,3.481,0,28,B,A,Routine,0
4597,20,44,97.49,71.86,52.81,78.78,364,1.81,0,24,A,B,Normal,0
4598,18,68,87.51,85.98,57.22,61.0,641,2.095,1,50,O,O,Normal,0
4599,53,49,88.83,84.62,0.72,47.46,431,2.651,2,4,O,O,Urgent,1
4600,18,76,58.59,60.61,60.87,79.02,584,3.713,0,58,A,A,Routine,0
4601,29,73,85.9,63.46,88.13,97.64,857,3.637,4,44,O,O,Urgent,0
4602,54,43,45.07,91.13,47.94,58.12,578,2.234,0,11,B,O,Critical,0
4603,59,23,50.87,58.21,,83.21,839,1.734,0,36,B,B,Normal,0
4604,53,62,63.44,37.5,72.96,96.31,93,2.811,0,9,O,B,Normal,1
4605,55,60,90.5,62.45,56.11,83.89,145,2.234,0,5,A,A,Routine,1
4606,56,31,70.28,66.81,27.31,46.31,729,2.755,1,25,A,A,Routine,0
4607,47,44,30.97,42.97,41.15,83.85,314,2.295,2,3,B,A,Urgent,0
4608,19,63,76.46,47.75,43.86,55.36,124,5.678,0,44,O,A,Normal,0
4609,51,63,66.24,23.74,40.31,65.68,579,2.749,6,12,A,O,Urgent,0
4610,48,28,29.35,26.97,45.63,75.25,500,3.037,0,20,B,O,Normal,0
4611,50,49,32.77,82.54,16.49,93.3,71,3.515,0,1,B,O,Urgent,0
4612,43,49,62.7,96.59,41.12,70.67,262,5.28,0,6,B,A,Routine,0
4613,44,59,58.26,42.6,28.16,76.05,673,2.711,1,15,B,B,Urgent,1
4614,55,70,32.23,93.52,6.63,49.55,92,2.126,1,15,O,O,Urgent,1
4615,62,77,36.71,34.71,15.35,62.06,85,2.509,0,15,A,O,Critical,0
4616,60,38,45.97,49.88,92.49,57.51,501,2.475,1,22,O,A,Urgent,0
4617,37,61,90.07,83.72,54.46,45.52,455,1.806,3,24,O,O,Routine,0
4618,58,52,50.27,49.84,17.39,59.98,359,1.16,0,6,B,A,Urgent,0
4619,26,62,92.11,88.74,65.83,77.75,58,4.833,2,36,O,AB,Critical,0
4620,44,31,37.24,36.49,13.25,,253,2.973,0,13,A,O,Urgent,0
4621,40,20,61.82,,66.99,47.5,202,3.287,2,20,O,A,Critical,1
4622,51,34,54.88,91.5,52.68,92.79,548,2.86,3,17,O,O,Urgent,0
4623,34,62,78.97,82.78,20.32,77.39,204,3.389,0,28,B,A,Urgent,0
4624,26,66,80.97,56.2,2.28,94.78,130,3.812,0,40,B,O,Normal,0
4625,19,72,49.0,21.62,61.48,82.02,730,3.97,1,53,B,B,Normal,0
4626,54,69,64.94,5.36,72.9,,479,2.147,0,15,O,A,Urgent,1
4627,38,39,76.41,16.61,72.53,55.11,591,1.422,1,1,O,B,Critical,1
4628,37,25,90.52,34.07,35.96,47.85,714,0.883,4,12,A,B,Normal,1
4629,34,74,98.99,25.9,46.82,95.34,519,2.886,7,40,O,B,Normal,1
4630,20,35,84.71,75.34,27.89,98.91,309,2.361,2,15,O,A,Critical,1
4631,36,28,47.04,48.03,29.17,73.62,843,1.977,1,8,A,A,Routine,1
4632,19,29,75.92,83.09,46.0,88.27,640,2.727,5,10,O,A,Normal,0
4633,53,67,30.44,93.22,82.24,84.73,84,1.708,0,14,B,A,Urgent,0
4634,53,33,56.7,3.23,73.48,46.59,261,3.149,5,20,O,B,Critical,1
4635,34,46,,70.78,45.55,53.65,2,0.529,0,12,A,B,Critical,0
4636,23,21,31.69,11.75,39.5,45.27,419,2.937,0,2,O,A,Normal,0
4637,25,75,61.53,7.8,27.0,51.85,784,3.483,3,50,O,A,Urgent,0
4638,26,56,88.46,88.38,2.89,92.36,792,2.534,0,30,O,B,Normal,1
4639,68,33,73.01,79.58,78.51,77.61,460,1.49,0,35,O,A,Normal,1
4640,63,34,55.07,31.77,20.71,87.39,236,2.041,1,29,B,O,Urgent,1
4641,35,63,29.14,9.99,92.52,76.19,671,2.453,1,28,B,O,Normal,0
4642,57,55,95.71,50.27,35.14,61.81,264,2.796,1,2,O,O,Urgent,1
4643,18,48,32.22,34.61,81.37,53.79,841,1.643,2,30,B,AB,Normal,0
4644,63,26,52.4,1.32,48.99,50.39,685,4.683,3,37,B,A,Normal,0
4645,47,21,55.53,27.6,58.65,99.15,533,1.901,3,26,B,A,Urgent,0
4646,46,28,58.15,48.27,73.87,76.02,721,3.701,1,18,O,B,Routine,0
4647,68,41,85.73,6.8,46.64,78.3,,3.458,8,27,B,A,Routine,0
4648,65,49,53.09,87.23,30.33,81.23,810,3.237,0,16,A,O,Normal,0
4649,61,49,74.83,30.98,65.47,89.26,714,3.955,1,12,O,O,Urgent,1
4650,39,61,97.51,74.58,15.36,45.61,339,1.478,0,22,O,A,Critical,1
4651,55,54,57.05,23.74,69.65,66.4,852,0.5,0,1,O,A,Normal,0
4652,63,36,27.66,91.63,84.28,73.59,413,2.42,1,27,O,B,Normal,0
4653,29,,58.26,47.65,19.64,82.05,3,4.423,0,43,O,O,Normal,0
4654,30,56,62.2,77.4,60.61,95.87,170,2.229,4,26,A,O,Urgent,0
4655,64,67,28.49,60.97,56.01,63.11,408,0.714,1,3,A,O,Normal,0
4656,39,46,40.49,26.43,22.86,88.16,343,3.323,1,7,O,A,Normal,0
4657,32,59,65.71,24.27,50.03,75.3,272,2.199,0,27,B,A,Normal,0
4658,25,69,38.07,37.05,25.19,74.7,627,3.297,1,44,O,A,Normal,0
4659,62,77,71.74,79.56,54.06,48.0,357,2.578,0,15,B,AB,Urgent,0
4660,50,70,79.87,10.8,88.47,78.23,414,2.109,0,20,O,B,Normal,1
4661,40,23,48.31,26.41,4.97,85.65,949,3.351,1,17,B,B,Urgent,1
4662,61,24,43.41,64.68,71.16,48.69,639,1.784,2,37,O,B,Urgent,0
4663,37,76,31.51,0.81,6.45,65.23,773,3.162,5,39,O,A,Routine,0
4664,55,29,58.52,26.06,78.77,64.91,133,2.602,0,26,O,O,Urgent,0
4665,48,70,55.34,3.39,90.25,79.75,133,4.216,2,22,A,B,Urgent,0
4666,40,32,91.74,47.0,30.46,68.29,575,2.688,0,8,O,A,Normal,1
4667,60,74,79.24,46.96,91.89,70.76,135,2.772,1,,O,B,Urgent,0
4668,37,37,96.2,71.93,24.07,93.38,286,4.918,1,0,A,A,Normal,0
4669,48,26,38.63,34.0,60.1,61.11,280,4.063,3,22,A,O,Normal,0
4670,57,59,44.31,23.85,72.5,72.63,119,4.041,0,2,B,O,Urgent,0
4671,60,42,37.18,44.87,14.52,89.41,516,0.5,7,18,O,O,Urgent,0
4672,66,29,25.33,49.69,55.92,93.43,689,1.992,0,37,O,AB,Normal,0
4673,41,48,67.11,2.38,85.64,48.76,326,4.274,0,7,A,A,Urgent,1
4674,37,29,75.36,58.64,4.34,90.74,545,4.112,1,8,A,A,Urgent,1
4675,30,52,64.08,11.84,65.4,77.61,577,1.577,0,22,O,O,Normal,1
4676,33,36,96.09,92.37,55.53,92.36,939,3.998,3,3,O,A,Critical,1
4677,49,42,88.48,23.74,12.35,70.54,518,1.86,0,7,O,O,Normal,1
4678,40,65,75.27,91.98,6.4,87.24,915,2.388,1,25,O,B,Urgent,0
4679,67,65,35.44,62.12,34.69,69.84,139,4.217,1,2,O,B,Critical,0
4680,66,65,45.06,68.59,91.28,70.31,659,3.885,2,1,A,O,Normal,0
4681,20,56,53.76,49.42,85.18,89.38,74,2.909,4,36,A,B,Urgent,0
4682,36,60,51.08,51.71,37.09,46.79,829,3.664,2,24,A,O,Routine,0
4683,58,44,68.13,70.6,50.75,91.73,473,3.983,0,14,B,AB,Normal,0
4684,49,30,96.67,76.67,52.42,54.91,37,0.5,0,19,O,O,Critical,1
4685,63,65,33.67,15.11,97.07,56.66,727,1.907,2,2,A,O,Urgent,0
4686,63,28,53.7,12.79,55.62,50.94,137,3.023,1,35,O,B,Normal,0
4687,32,66,99.48,29.95,33.11,46.99,577,2.2,0,34,O,B,Normal,1
4688,36,59,61.01,59.25,55.42,51.64,587,2.785,3,23,AB,B,Normal,0
4689,59,53,59.2,86.08,14.67,93.25,127,2.462,1,6,A,B,Routine,0
4690,34,72,63.64,85.86,12.56,83.79,732,1.233,0,38,O,AB,Normal,0
4691,68,56,57.56,29.2,61.51,52.74,611,1.121,0,12,AB,A,Critical,0
4692,64,43,98.17,50.42,91.73,69.82,725,1.68,0,21,O,A,Normal,0
4693,24,45,72.55,93.73,16.29,73.93,974,0.5,2,21,B,A,Urgent,0
4694,58,73,38.19,7.13,60.26,56.09,455,2.546,0,15,A,B,Critical,0
4695,68,19,97.24,79.67,0.93,66.37,788,2.864,2,49,B,A,Normal,0
4696,51,69,77.82,32.43,2.4,78.99,65,1.839,3,18,O,O,Critical,1
4697,32,51,71.51,52.77,12.06,49.96,901,2.181,1,19,O,AB,Urgent,1
4698,38,67,35.71,55.39,83.21,68.84,890,2.891,0,29,A,B,Critical,0
4699,42,68,98.4,71.61,37.15,88.63,499,2.669,0,26,A,O,Urgent,0
4700,38,35,67.86,66.39,82.38,68.57,865,1.203,0,3,A,O,Normal,0
4701,41,77,71.61,85.98,36.6,83.88,696,2.967,2,36,O,O,Routine,0
4702,18,61,83.93,12.96,12.08,71.04,657,2.817,0,43,A,B,Normal,0
4703,55,41,86.59,17.05,93.31,83.11,594,4.022,1,14,O,B,Urgent,1
4704,61,76,60.3,67.88,29.16,97.68,484,0.999,1,15,O,A,Normal,0
4705,40,63,61.55,43.44,58.73,82.08,940,0.5,0,23,O,AB,Normal,0
4706,34,70,49.33,40.05,27.59,49.97,561,1.642,2,36,B,O,Urgent,0
4707,26,44,65.88,65.01,89.5,75.26,95,4.283,1,18,O,O,Urgent,0
4708,40,34,68.57,44.31,21.03,47.09,504,4.834,0,6,B,O,Urgent,0
4709,41,33,76.93,77.88,64.0,67.13,768,3.611,4,8,A,O,Critical,0
4710,67,68,26.56,65.3,74.91,65.52,566,2.793,0,1,O,B,Normal,0
4711,19,71,76.96,84.77,43.39,60.25,655,3.442,2,52,O,B,Urgent,0
4712,52,74,62.02,97.5,55.93,55.72,1000,2.354,0,22,A,O,Urgent,0
4713,51,25,81.29,65.48,86.58,73.03,333,2.916,0,26,O,B,Urgent,0
4714,32,60,84.59,66.38,31.66,54.92,776,2.165,2,28,A,B,Urgent,1
4715,32,25,81.28,56.41,23.7,72.72,685,3.346,3,7,B,B,Urgent,1
4716,68,66,52.4,57.56,73.91,46.06,366,5.282,0,2,O,AB,Normal,0
4717,64,28,27.83,44.62,75.45,82.5,180,2.323,4,36,AB,O,Normal,0
4718,53,49,63.34,45.87,96.76,,917,3.557,3,4,O,A,Urgent,0
4719,28,63,54.93,57.75,77.96,87.03,690,2.395,0,35,B,O,Routine,0
4720,45,32,48.63,62.17,54.59,76.97,573,3.259,0,13,A,O,Normal,0
4721,39,50,55.97,56.46,43.75,98.43,964,2.141,0,11,B,B,Urgent,1
4722,29,73,45.78,89.0,96.23,99.68,57,2.803,1,44,O,O,Normal,0
4723,53,58,37.97,81.06,9.02,87.62,961,2.398,0,5,B,O,Critical,0
4724,66,77,61.17,28.82,63.08,45.07,554,4.452,4,11,O,B,Urgent,0
4725,48,67,51.09,67.3,40.68,94.42,920,1.979,1,19,O,O,Normal,0
4726,58,29,60.88,75.97,86.19,94.28,687,3.563,4,29,AB,O,Urgent,0
4727,60,26,74.94,93.7,17.13,69.42,211,2.346,0,34,A,B,Normal,0
4728,33,76,59.24,13.64,60.12,99.7,200,1.934,7,43,A,A,Urgent,0
4729,33,48,75.65,19.88,91.17,49.58,533,2.241,0,15,B,O,Normal,0
4730,69,25,98.26,18.2,63.76,53.76,531,2.259,1,44,A,O,Urgent,0
4731,45,36,69.3,82.08,87.35,94.72,100,2.62,5,9,A,A,Normal,0
4732,68,30,94.5,74.25,66.15,71.13,672,4.82,0,38,A,A,Normal,1
4733,40,28,38.39,93.75,28.32,72.14,909,2.741,3,12,O,O,Urgent,0
4734,69,35,54.69,8.32,64.53,51.51,13,3.898,2,34,B,AB,Normal,0
4735,63,62,55.99,36.72,82.24,65.78,205,3.072,4,1,O,O,Routine,0
4736,58,57,85.87,77.14,63.53,61.06,47,2.91,2,1,A,O,Normal,0
4737,56,67,68.47,,9.57,92.34,350,5.652,0,11,A,O,Urgent,1
4738,57,70,33.24,31.34,23.46,94.35,979,2.909,0,13,B,B,Urgent,1
4739,24,70,50.27,57.48,62.6,63.94,858,3.943,0,46,O,A,Critical,0
4740,55,54,37.3,3.47,76.04,47.03,296,3.329,1,1,AB,O,Urgent,0
4741,65,64,81.69,89.55,81.64,97.15,360,3.763,1,1,O,O,Normal,1
4742,33,32,81.27,38.91,31.26,91.35,293,4.13,3,1,A,O,Urgent,0
4743,44,74,59.53,91.11,3.06,62.51,597,3.624,0,30,A,A,Routine,0
4744,48,36,49.29,90.45,64.3,70.77,83,1.051,0,12,O,B,Urgent,0
4745,20,37,37.52,39.64,9.85,49.17,560,2.109,1,17,O,O,Urgent,1
4746,32,64,55.5,84.97,84.75,90.25,857,3.765,0,32,O,O,Normal,1
4747,35,26,88.01,36.9,11.48,56.34,885,1.254,1,9,O,O,Routine,1
4748,18,52,64.33,43.09,71.89,77.7,27,2.08,2,34,O,O,Normal,0
4749,68,70,55.94,7.08,12.47,54.48,312,3.909,4,2,O,B,Normal,0
4750,68,61,29.23,5.77,71.65,45.78,152,2.837,1,7,A,O,Normal,0
4751,36,35,75.19,61.4,65.54,58.58,372,3.712,3,1,O,A,Urgent,1
4752,52,21,43.92,11.86,81.96,51.08,370,,1,31,O,O,Urgent,0
4753,21,21,48.24,42.88,33.34,81.35,650,0.883,1,0,O,O,Critical,1
4754,64,51,26.13,61.51,85.5,83.51,988,2.231,2,13,O,A,Normal,0
4755,48,35,49.57,22.46,67.38,45.36,992,2.26,1,13,O,A,Normal,0
4756,69,24,25.06,43.62,19.93,93.8,332,3.873,0,45,O,O,Critical,1
4757,68,38,60.26,67.61,71.85,87.57,837,3.346,0,30,O,A,Normal,1
4758,51,31,95.14,90.71,72.4,75.74,501,0.772,0,20,B,O,Urgent,0
4759,26,62,55.65,28.81,35.73,64.13,882,3.584,0,36,O,O,Normal,0
4760,38,71,66.13,46.8,75.61,81.88,519,1.578,2,33,O,O,Urgent,1
4761,57,77,68.35,16.51,74.39,80.05,232,2.394,2,20,B,B,Urgent,1
4762,20,65,49.46,82.77,77.34,68.18,310,2.604,1,45,B,A,Critical,0
4763,68,76,89.5,89.78,77.64,79.08,627,1.926,6,8,A,B,Urgent,0
4764,31,38,67.91,5.58,31.51,94.41,461,3.582,1,7,O,O,Urgent,1
4765,40,53,27.8,43.94,20.68,65.59,1,3.815,3,13,B,B,Normal,0
4766,55,54,72.96,60.12,73.68,93.9,759,2.684,1,1,AB,A,Critical,1
4767,55,22,88.73,27.13,66.44,48.31,452,3.294,0,33,B,O,Normal,0
4768,46,55,79.84,55.31,77.83,50.58,239,1.793,5,9,A,O,Urgent,0
4769,36,57,41.07,82.96,5.31,90.0,68,3.436,4,21,A,O,Routine,0
4770,39,61,53.46,36.59,67.77,84.43,921,3.724,1,22,O,B,Urgent,1
4771,21,75,92.77,42.27,20.57,58.42,566,1.883,1,54,O,AB,Routine,1
4772,59,51,88.6,66.21,32.36,48.59,328,1.76,0,8,A,O,Urgent,1
4773,60,68,64.4,88.46,48.79,99.89,546,1.773,0,8,A,B,Critical,0
4774,60,36,80.81,10.17,92.23,53.37,97,2.41,0,24,B,O,Urgent,0
4775,42,54,50.64,46.93,37.79,59.09,958,3.685,1,12,O,O,Urgent,1
4776,36,42,79.72,45.85,24.69,90.61,128,1.798,3,6,A,B,Urgent,0
4777,32,67,64.02,38.43,56.37,51.61,480,1.777,4,35,AB,O,Normal,0
4778,49,54,86.57,91.1,31.9,77.61,188,1.777,0,5,O,O,Normal,1
4779,57,37,85.31,15.01,30.59,76.2,140,2.729,3,20,O,B,Routine,1
4780,18,61,57.29,82.15,16.75,69.9,667,2.434,0,43,A,A,Critical,1
4781,65,61,85.52,12.22,39.07,55.42,213,2.514,0,4,B,A,Urgent,1
4782,24,67,76.62,23.27,10.07,78.0,660,2.317,0,43,A,A,Normal,1
4783,59,24,79.82,16.28,15.08,51.79,160,2.647,0,35,B,O,Routine,0
4784,41,58,34.04,90.82,20.75,46.85,306,3.496,0,17,B,O,Normal,0
4785,62,62,68.46,68.27,71.21,46.02,306,1.702,7,0,B,O,Normal,0
4786,24,27,84.3,98.72,46.66,73.53,785,2.88,1,3,B,B,Normal,1
4787,47,75,65.79,6.82,78.29,57.04,15,4.358,0,28,O,O,Critical,1
4788,37,47,29.68,25.11,60.86,54.8,155,4.046,0,10,B,A,Urgent,0
4789,64,32,83.16,37.74,87.35,84.96,205,2.311,0,32,AB,B,Urgent,0
4790,44,75,52.36,82.52,98.7,98.31,68,2.745,4,31,O,A,Routine,0
4791,55,36,54.24,47.44,90.42,47.18,302,1.516,1,,A,O,Critical,0
4792,68,50,75.08,59.2,7.96,53.77,145,3.95,0,18,A,O,Urgent,0
4793,52,39,71.27,84.67,32.84,62.0,746,2.505,1,13,B,O,Critical,0
4794,44,29,93.18,68.37,20.32,83.72,751,1.932,1,15,O,A,Routine,1
4795,63,47,74.02,65.57,56.29,63.31,59,0.756,0,16,A,A,Normal,1
4796,26,66,92.64,56.63,48.78,92.63,566,6.541,0,40,O,B,Normal,0
4797,66,74,44.69,62.86,68.08,60.35,978,3.636,6,8,O,O,Critical,1
4798,56,37,49.21,68.56,70.45,95.11,446,2.56,1,19,A,O,Urgent,0
4799,57,31,52.57,16.59,97.01,68.3,1,3.215,1,26,O,O,Normal,0
4800,56,74,79.82,83.11,14.32,72.77,862,,0,18,O,A,Normal,0
4801,60,46,38.16,63.91,33.07,82.65,856,2.736,1,14,B,A,Routine,0
4802,30,66,,88.55,45.94,83.98,596,4.59,0,36,O,O,Normal,0
4803,27,65,36.95,24.46,13.93,56.67,389,2.155,1,38,A,O,Normal,0
4804,38,38,90.09,7.76,13.28,79.1,863,2.095,0,0,O,B,Normal,1
4805,56,22,69.05,75.17,1.76,96.0,933,0.5,0,34,B,O,Urgent,1
4806,29,75,45.47,25.58,21.2,56.19,862,2.95,1,46,O,AB,Urgent,0
4807,34,71,30.69,84.35,43.24,90.0,159,3.359,8,37,B,A,Normal,0
4808,57,24,67.49,77.59,84.51,76.12,337,4.573,0,33,B,B,Normal,0
4809,20,55,97.68,39.51,45.18,49.0,888,3.28,0,35,A,A,Normal,1
4810,66,53,35.98,60.19,96.0,85.7,226,5.277,0,13,A,A,Urgent,0
4811,59,51,71.25,1.3,55.51,90.37,,2.613,0,8,O,O,Routine,1
4812,56,24,64.86,60.94,37.67,49.24,222,2.172,0,32,B,B,Normal,0
4813,66,56,,28.36,26.23,68.86,154,2.206,0,10,O,A,Normal,1
4814,47,51,76.57,53.11,8.55,66.08,181,0.542,1,4,AB,A,Normal,0
4815,61,69,74.09,96.19,,58.96,100,1.935,3,8,B,A,Critical,0
4816,43,41,87.62,49.64,6.69,90.09,465,2.419,0,2,A,A,Critical,1
4817,50,66,50.26,55.51,91.34,49.96,392,1.955,0,16,B,O,Critical,0
4818,41,28,39.61,29.88,3.78,87.57,880,3.138,0,13,O,AB,Urgent,1
4819,59,74,37.8,34.36,76.29,51.74,781,1.844,4,15,B,O,Normal,0
4820,69,75,81.73,38.25,45.72,75.01,897,1.824,1,6,O,A,Critical,1
4821,21,62,37.75,36.98,9.29,57.35,963,0.5,1,41,AB,A,Urgent,0
4822,65,36,98.47,26.92,48.52,76.59,934,0.836,1,29,O,O,Urgent,1
4823,30,61,55.15,3.97,55.85,80.72,233,4.553,1,31,A,A,Normal,0
4824,47,75,28.84,60.19,75.46,86.52,444,3.237,0,28,O,A,Urgent,0
4825,43,25,83.45,57.56,65.61,67.89,497,1.645,3,18,A,O,Urgent,0
4826,36,29,80.25,17.13,90.06,84.07,735,1.694,0,7,O,O,Urgent,1
4827,55,33,67.33,1.33,4.39,82.79,493,2.357,6,22,A,AB,Urgent,1
4828,49,72,50.4,16.41,5.32,99.8,350,1.913,2,23,A,O,Critical,0
4829,34,77,45.11,10.65,68.48,99.84,642,2.675,6,43,AB,B,Normal,0
4830,46,74,70.5,86.93,28.79,64.47,761,1.122,1,28,B,O,Critical,0
4831,40,21,71.49,37.12,78.42,64.15,187,4.002,1,19,O,A,Urgent,0
4832,25,42,85.97,24.86,23.3,88.88,886,3.002,0,17,A,O,Urgent,1
4833,33,61,97.67,37.52,95.64,66.09,380,2.296,2,28,B,B,Normal,1
4834,53,31,63.87,76.96,82.91,89.54,145,3.526,1,22,O,A,Normal,0
4835,37,63,62.9,41.91,43.95,97.81,256,2.516,4,26,B,B,Routine,0
4836,50,49,90.17,67.67,82.07,80.45,654,1.306,0,1,B,A,Critical,1
4837,54,74,35.87,27.25,58.86,51.93,921,2.634,4,20,O,A,Critical,1
4838,24,27,88.61,45.82,93.02,72.0,93,1.233,0,3,B,O,Critical,1
4839,30,30,26.09,72.17,64.09,93.92,406,2.395,1,0,O,A,Normal,0
4840,62,19,54.54,98.76,11.14,98.95,192,1.376,8,43,A,AB,Routine,0
4841,46,54,31.42,20.67,47.19,81.16,428,1.522,1,8,A,O,Critical,0
4842,23,44,64.88,77.87,34.35,65.59,975,2.795,2,21,B,O,Critical,0
4843,35,47,65.22,92.81,4.32,93.24,601,1.275,2,12,O,A,Normal,0
4844,43,33,58.39,21.43,2.61,90.13,374,1.844,1,10,O,O,Urgent,1
4845,35,70,99.86,81.23,7.34,69.38,532,1.868,4,35,O,A,Urgent,1
4846,55,26,78.62,10.43,21.11,63.05,133,3.1,0,29,O,O,Urgent,1
4847,20,77,37.66,51.33,30.63,84.49,235,2.745,0,57,A,O,Urgent,0
4848,27,37,37.76,17.09,29.46,46.61,359,3.535,0,10,AB,A,Urgent,0
4849,60,55,80.53,75.13,47.55,67.45,610,3.654,4,5,O,O,Normal,1
4850,47,28,78.64,53.95,11.2,80.89,922,1.855,0,19,O,O,Urgent,1
4851,40,57,97.31,68.36,15.29,75.02,467,1.636,0,17,O,A,Urgent,0
4852,67,28,83.25,12.74,66.18,83.07,869,3.701,1,39,A,O,Normal,0
4853,56,37,92.72,41.1,83.56,83.11,464,1.575,0,19,O,O,Urgent,1
4854,52,46,69.42,52.35,30.49,68.54,97,2.169,1,6,O,O,Urgent,1
4855,67,33,59.08,30.78,8.9,65.44,623,2.945,0,34,AB,B,Critical,0
4856,48,32,57.43,48.45,60.34,67.93,143,4.637,7,16,O,O,Normal,0
4857,20,22,29.86,60.86,67.19,69.94,569,2.946,0,2,B,A,Urgent,0
4858,23,55,82.65,89.85,87.84,56.63,255,3.109,1,32,A,A,Normal,0
4859,38,57,72.87,70.26,47.77,60.65,567,3.059,0,19,A,O,Critical,0
4860,58,37,45.16,64.62,22.86,82.51,793,2.478,2,21,O,AB,Urgent,1
4861,51,75,95.31,76.94,96.33,95.33,778,3.489,1,24,O,A,Normal,0
4862,46,34,39.19,38.59,91.14,74.82,290,2.764,1,12,O,O,Routine,0
4863,27,46,70.59,47.13,70.65,53.04,397,2.387,0,19,O,A,Normal,0
4864,59,43,89.26,36.77,2.86,83.05,131,3.217,0,16,A,B,Urgent,1
4865,42,52,83.47,39.35,91.84,53.5,464,4.358,3,10,B,O,Critical,0
4866,51,21,43.02,34.0,10.85,65.05,660,3.127,0,30,O,B,Normal,0
4867,35,67,59.7,16.8,13.48,61.78,997,1.317,2,32,A,B,Urgent,1
4868,32,69,71.26,93.39,53.86,85.84,361,0.887,1,37,O,B,Urgent,1
4869,41,55,31.93,19.08,85.73,59.07,515,3.346,0,14,O,A,Urgent,0
4870,29,47,91.4,78.71,56.9,82.55,619,2.981,0,18,O,B,Normal,1
4871,25,27,50.67,53.22,75.16,71.55,565,3.272,8,2,A,O,Normal,0
4872,63,43,55.71,55.74,43.61,80.81,202,2.577,2,20,AB,O,Critical,0
4873,38,37,60.49,62.93,90.6,70.32,33,1.469,0,1,O,B,Critical,0
4874,68,19,88.42,67.32,22.89,91.1,911,2.698,0,49,B,A,Urgent,0
4875,56,58,67.34,20.84,99.76,88.27,718,3.386,1,2,A,O,Normal,1
4876,29,67,71.97,77.02,39.03,62.39,377,1.498,2,38,B,A,Urgent,0
4877,30,19,92.18,92.09,57.78,98.68,371,5.71,0,11,AB,A,Urgent,0
4878,39,76,80.26,53.18,54.9,66.08,905,2.627,1,37,AB,O,Normal,1
4879,63,56,26.33,70.6,80.98,59.75,245,2.316,3,7,A,O,Routine,0
4880,26,64,66.2,11.8,94.15,54.47,247,1.37,1,38,B,B,Routine,0
4881,48,47,83.5,93.55,69.13,67.44,342,4.094,0,1,O,B,Normal,0
4882,53,44,43.83,55.14,81.35,90.4,992,1.371,0,9,O,B,Routine,1
4883,46,35,36.38,11.26,52.98,89.83,590,2.715,2,11,A,A,Urgent,1
4884,24,31,80.06,12.68,95.21,88.52,466,2.948,2,7,O,A,Critical,1
4885,67,47,63.9,44.1,64.24,53.17,339,2.78,0,20,O,A,Critical,0
4886,30,42,89.93,41.68,7.78,54.8,933,2.741,5,12,O,A,Normal,1
4887,47,20,81.64,23.79,93.12,88.73,913,1.437,2,27,A,O,Normal,0
4888,28,72,75.51,62.89,46.14,80.17,174,2.685,6,44,O,A,Critical,0
4889,57,62,94.47,56.09,3.49,70.17,234,2.981,4,5,B,O,Urgent,0
4890,41,68,47.04,50.31,38.69,89.35,772,1.867,1,27,AB,A,Urgent,0
4891,28,21,42.74,14.85,50.35,46.64,428,3.185,3,7,O,A,Urgent,0
4892,47,55,70.78,74.22,13.83,51.6,883,3.843,3,8,O,A,Normal,0
4893,42,35,98.12,29.52,2.96,85.38,804,3.553,0,7,O,B,Urgent,1
4894,29,66,88.91,13.06,6.11,47.16,442,0.808,0,37,A,B,Normal,1
4895,44,24,96.43,12.04,6.42,86.66,569,3.6,0,20,O,B,Routine,1
4896,36,23,66.97,56.44,56.9,94.9,764,3.728,1,13,A,B,Urgent,0
4897,19,43,69.62,78.07,7.27,91.37,349,3.658,0,24,O,O,Urgent,1
4898,68,44,42.12,59.82,96.48,62.63,502,3.974,1,24,O,O,Critical,1
4899,32,43,94.35,25.31,49.67,62.59,561,3.749,1,11,A,B,Urgent,0
4900,58,53,41.96,31.15,73.18,69.33,966,5.02,0,5,A,B,Urgent,0
4901,61,64,92.62,32.74,33.68,69.31,73,0.807,0,3,B,B,Normal,0
4902,40,21,31.65,86.2,36.91,58.63,194,1.855,2,19,O,O,Urgent,0
4903,35,55,69.7,40.09,6.47,93.69,618,4.372,8,20,O,A,Urgent,1
4904,60,58,38.61,68.29,85.92,65.74,397,3.661,0,2,B,B,Urgent,1
4905,67,67,38.02,46.13,40.26,95.06,93,2.932,1,0,B,O,Urgent,0
4906,62,62,30.23,34.59,90.19,85.67,576,2.765,2,0,O,A,Normal,0
4907,40,47,98.42,94.38,71.09,60.72,210,3.613,0,,O,O,Normal,0
4908,41,74,61.61,24.26,13.83,87.15,201,3.567,2,33,O,O,Normal,0
4909,18,41,73.67,42.11,87.13,97.0,667,1.185,1,23,AB,O,Urgent,0
4910,45,44,70.64,99.38,73.6,95.48,291,0.5,0,1,A,O,Urgent,0
4911,47,23,84.69,15.69,12.76,45.5,686,4.565,1,24,A,A,Routine,1
4912,56,41,56.8,89.62,34.66,71.56,539,2.192,2,15,O,A,Normal,0
4913,22,65,70.1,81.87,35.53,98.0,945,3.444,2,43,O,O,Critical,1
4914,22,48,87.28,31.84,90.26,64.17,280,0.886,1,26,O,O,Urgent,1
4915,38,54,41.54,69.76,5.07,83.71,251,2.0,3,16,O,O,Normal,0
4916,61,60,81.04,51.89,72.38,83.28,1,1.107,1,1,O,O,Critical,0
4917,51,74,97.26,57.23,62.84,54.33,442,3.208,1,23,O,O,Critical,0
4918,68,56,27.23,41.65,48.93,86.62,409,2.786,3,12,A,O,Normal,0
4919,21,36,61.05,24.84,52.56,56.12,716,0.948,2,15,O,O,Critical,1
4920,31,28,33.31,37.78,34.93,69.39,842,3.168,0,3,B,A,Urgent,0
4921,56,48,93.13,91.89,36.27,52.07,112,2.652,2,8,B,O,Routine,0
4922,65,63,71.05,10.99,68.1,94.0,553,2.341,0,2,AB,AB,Critical,1
4923,35,57,26.06,97.36,89.09,74.06,964,3.491,3,22,A,O,Normal,0
4924,69,62,55.58,95.29,89.03,67.19,136,2.391,2,7,A,O,Urgent,0
4925,54,50,49.47,31.0,36.53,82.59,829,1.311,3,4,A,B,Normal,0
4926,69,29,96.91,69.22,4.09,95.14,975,4.431,3,40,O,AB,Normal,1
4927,31,54,64.44,60.73,40.41,50.78,2,1.986,5,23,O,B,Normal,0
4928,27,51,68.05,95.14,6.23,56.56,286,1.998,2,24,A,O,Urgent,0
4929,28,60,99.22,98.45,29.71,49.39,262,3.758,2,32,O,O,Normal,1
4930,69,25,25.88,39.9,44.38,68.94,412,1.471,0,44,B,O,Critical,0
4931,54,41,99.49,55.67,53.24,52.14,434,1.263,6,,O,A,Urgent,0
4932,64,63,93.45,85.06,86.3,92.66,378,3.853,1,1,O,AB,Critical,0
4933,44,54,64.96,89.54,51.02,54.16,557,3.336,0,10,A,O,Urgent,0
4934,36,75,78.84,53.02,57.8,90.04,456,4.037,3,39,A,O,Normal,0
4935,22,38,48.81,13.42,80.72,54.01,204,2.113,8,16,B,B,Normal,0
4936,64,27,77.97,45.11,30.4,61.95,257,4.685,1,37,O,B,Normal,0
4937,36,61,72.31,36.63,40.82,93.66,906,1.353,1,25,A,B,Normal,1
4938,58,28,40.1,74.17,99.33,81.56,969,3.225,0,30,O,B,Normal,0
4939,25,29,62.3,90.37,99.13,58.4,568,0.67,0,4,A,A,Critical,1
4940,32,63,59.22,29.43,57.98,60.61,467,2.05,2,31,A,A,Urgent,1
4941,45,33,35.66,37.14,94.25,83.3,223,1.059,1,12,B,B,Routine,0
4942,36,67,50.64,74.61,33.09,67.76,342,3.294,1,31,A,B,Urgent,0
4943,30,30,86.22,82.04,2.22,66.67,274,1.847,0,0,A,A,Urgent,1
4944,27,26,71.63,63.47,19.0,,658,3.938,3,1,O,O,Urgent,1
4945,35,63,77.63,43.05,2.98,62.48,652,2.328,4,28,A,O,Urgent,0
4946,19,53,78.21,12.55,99.25,52.33,3,4.33,0,34,A,O,Routine,0
4947,69,68,43.47,93.51,9.44,77.3,402,3.58,3,1,O,O,Critical,0
4948,40,52,85.07,35.09,36.22,99.19,872,2.178,1,12,A,O,Normal,1
4949,66,66,86.88,83.91,79.93,63.95,940,1.506,0,0,B,O,Normal,0
4950,58,68,63.08,40.7,6.22,94.16,963,1.802,3,10,B,A,Normal,1
4951,27,58,68.85,27.51,56.82,45.22,644,0.903,0,31,AB,O,Normal,0
4952,42,23,38.36,52.13,13.32,58.06,940,2.516,0,19,B,O,Normal,0
4953,63,67,62.66,59.54,52.73,47.84,482,3.275,0,4,A,O,Normal,0
4954,33,43,37.41,71.84,75.45,65.42,779,2.798,0,10,O,O,Normal,1
4955,63,45,77.47,79.08,56.24,47.39,881,4.189,5,18,O,O,Normal,1
4956,47,63,26.3,65.76,4.16,76.24,946,3.073,3,16,O,A,Normal,0
4957,58,67,54.26,92.64,76.11,47.31,471,1.789,1,9,B,A,Normal,0
4958,53,21,55.53,8.56,13.61,99.23,861,4.142,5,32,O,O,Normal,0
4959,44,55,59.6,38.36,17.37,94.94,1,1.072,0,11,O,O,Urgent,1
4960,40,53,31.15,34.46,24.56,90.33,350,3.346,0,13,AB,A,Urgent,0
4961,66,25,78.16,62.14,37.75,51.2,13,2.994,7,41,O,O,Normal,0
4962,54,22,71.42,16.09,29.97,83.33,599,2.452,1,32,O,O,Urgent,1
4963,38,23,47.58,44.1,88.08,77.61,670,3.448,1,15,B,B,Normal,1
4964,48,49,73.66,82.15,7.16,86.52,939,2.321,3,1,O,O,Normal,1
4965,33,19,41.75,37.42,43.74,99.75,579,1.844,0,14,B,O,Critical,0
4966,60,34,61.36,76.73,29.87,66.88,628,3.378,1,26,O,A,Urgent,0
4967,46,56,36.02,67.63,91.76,45.97,974,1.81,1,10,O,B,Routine,0
4968,47,58,34.21,27.48,19.89,94.65,848,1.891,2,11,B,A,Normal,0
4969,18,57,43.41,91.6,18.19,91.3,923,2.869,0,39,O,A,Normal,0
4970,63,76,55.81,81.44,60.41,67.32,971,3.872,0,13,B,B,Urgent,1
4971,43,20,97.04,84.54,81.59,90.01,1000,1.191,1,23,O,B,Normal,1
4972,35,69,74.6,27.16,41.11,88.25,186,1.988,2,34,O,O,Urgent,1
4973,43,34,25.8,18.92,9.38,58.33,759,4.444,3,9,O,O,Normal,1
4974,35,45,55.89,75.43,15.32,89.86,854,3.267,0,10,B,O,Normal,0
4975,42,24,34.7,27.16,64.79,50.72,974,2.763,0,18,B,A,Urgent,0
4976,19,38,72.55,73.19,34.98,53.2,613,3.314,0,19,A,O,Routine,0
4977,68,72,36.91,67.19,23.55,99.84,228,1.492,0,4,O,B,Urgent,1
4978,18,32,61.96,70.09,46.92,95.1,853,4.175,0,14,B,O,Routine,0
4979,53,66,58.31,92.35,10.74,88.03,735,3.227,5,13,B,A,Normal,0
4980,27,20,73.72,84.32,41.62,76.99,466,3.941,1,7,O,AB,Normal,1
4981,49,56,87.2,6.76,37.21,94.16,331,3.649,4,7,O,O,Urgent,1
4982,34,43,51.94,12.16,87.53,96.71,559,4.108,0,9,O,O,Routine,1
4983,67,57,40.71,96.18,80.0,89.47,709,1.998,1,10,B,B,Routine,0
4984,64,45,57.27,9.59,68.92,83.8,976,3.233,0,19,O,A,Normal,0
4985,42,50,68.28,30.77,93.02,87.85,137,2.474,0,8,O,O,Normal,0
4986,38,39,30.78,40.55,56.97,59.22,432,1.235,2,1,B,A,Urgent,0
4987,53,45,70.75,59.8,93.13,48.49,179,3.115,3,8,A,O,Critical,0
4988,27,76,51.16,40.56,99.33,70.18,407,2.057,0,49,O,O,Normal,0
4989,37,76,45.53,46.54,34.24,61.44,31,0.909,0,39,B,O,Routine,0
4990,32,27,72.81,68.83,24.81,60.21,180,2.506,1,5,O,A,Critical,1
4991,59,60,53.91,69.65,29.5,69.85,646,1.905,0,1,A,A,Normal,1
4992,18,31,69.98,77.62,44.2,84.43,948,3.428,0,13,O,A,Urgent,0
4993,59,30,32.55,2.16,77.35,45.52,390,1.722,0,29,O,O,Urgent,0
4994,42,22,60.96,58.99,78.02,89.74,434,0.867,0,20,B,O,Normal,0
4995,57,72,86.91,22.57,19.96,48.66,524,1.616,0,15,AB,O,Urgent,0
4996,33,51,35.25,58.05,40.91,72.74,305,4.618,0,18,A,B,Urgent,0
4997,66,47,70.85,8.21,12.82,92.69,674,4.065,0,19,O,A,Critical,1
4998,52,40,42.95,81.47,15.88,85.53,85,2.488,0,12,O,A,Normal,0
4999,37,37,58.09,10.74,16.78,86.29,841,3.76,0,0,A,A,Critical,1
5000,44,57,31.91,36.11,84.28,57.29,717,1.583,1,13,O,O,Urgent,0
