pair_id,donor_age,recipient_age,donor_blood,recipient_blood,hla_mismatches,hla_antibody_risk,age_gap,match_class
1,26,70,B,O,8,0,44,ABO mismatch
2,22,62,AB,AB,10,0,40,Age mismatch
3,58,32,B,A,9,0,26,ABO mismatch
4,31,34,O,AB,10,0,3,Acceptable mismatch
5,70,30,B,A,9,0,40,ABO mismatch
6,52,52,O,AB,8,0,0,Acceptable mismatch
7,49,18,A,A,10,0,31,Age mismatch
8,33,62,B,B,10,0,29,Age mismatch
9,18,75,O,O,10,0,57,Age mismatch
10,48,64,O,O,8,1,16,Antibody mismatch
11,70,43,AB,O,9,0,27,ABO mismatch
12,19,67,O,A,10,0,48,Age mismatch
13,65,29,AB,A,9,0,36,ABO mismatch
14,37,19,B,AB,9,1,18,Antibody mismatch
15,26,42,AB,B,10,0,16,ABO mismatch
16,30,74,A,O,9,0,44,ABO mismatch
17,45,45,A,O,10,0,0,ABO mismatch
18,52,39,O,O,8,0,13,Acceptable mismatch
19,40,45,B,A,9,0,5,ABO mismatch
20,32,26,AB,B,8,0,6,ABO mismatch
21,35,55,B,B,10,0,20,Age mismatch
22,63,42,O,B,10,0,21,Age mismatch
23,37,43,AB,A,10,0,6,ABO mismatch
24,28,20,A,A,9,0,8,Acceptable mismatch
25,24,34,A,B,9,0,10,ABO mismatch
26,37,33,AB,AB,9,1,4,Antibody mismatch
27,68,31,AB,A,10,0,37,ABO mismatch
28,59,28,O,AB,10,0,31,Age mismatch
29,40,40,O,B,9,0,0,Acceptable mismatch
30,21,62,A,O,10,1,41,ABO mismatch
31,25,19,B,AB,10,0,6,Acceptable mismatch
32,20,69,O,B,9,0,49,Age mismatch
33,43,65,AB,B,10,0,22,ABO mismatch
34,67,24,A,O,8,0,43,ABO mismatch
35,31,28,B,O,9,0,3,ABO mismatch
36,65,24,O,A,8,1,41,Antibody mismatch
37,23,37,A,AB,10,1,14,Antibody mismatch
38,53,40,AB,B,9,0,13,ABO mismatch
39,66,64,A,O,10,0,2,ABO mismatch
40,49,54,O,O,9,0,5,Acceptable mismatch
41,55,58,O,B,9,0,3,Acceptable mismatch
42,21,60,AB,A,9,0,39,ABO mismatch
43,51,70,B,AB,9,1,19,Antibody mismatch
44,57,22,A,B,10,0,35,ABO mismatch
45,29,68,A,AB,8,0,39,Age mismatch
46,33,19,A,A,10,0,14,Acceptable mismatch
47,33,45,O,A,10,0,12,Acceptable mismatch
48,20,26,O,B,10,0,6,Acceptable mismatch
49,35,61,B,A,9,0,26,ABO mismatch
50,29,63,AB,AB,9,0,34,Age mismatch
51,66,46,A,AB,9,0,20,Age mismatch
52,20,58,A,A,10,0,38,Age mismatch
53,38,75,AB,O,9,0,37,ABO mismatch
54,33,63,A,AB,10,0,30,Age mismatch
55,65,65,A,AB,9,0,0,Acceptable mismatch
56,66,72,A,B,9,0,6,ABO mismatch
57,28,20,A,B,10,0,8,ABO mismatch
58,62,21,AB,B,10,1,41,ABO mismatch
59,66,49,A,A,10,0,17,Acceptable mismatch
60,50,55,AB,AB,10,0,5,Acceptable mismatch
61,25,48,O,A,9,0,23,Age mismatch
62,30,33,O,A,10,0,3,Acceptable mismatch
63,37,18,A,O,10,0,19,ABO mismatch
64,56,29,B,A,9,0,27,ABO mismatch
65,44,23,AB,O,8,0,21,ABO mismatch
66,20,38,O,AB,9,0,18,Acceptable mismatch
67,36,31,O,O,9,0,5,Acceptable mismatch
68,27,42,AB,AB,10,0,15,Acceptable mismatch
69,18,56,O,O,9,0,38,Age mismatch
70,54,41,B,O,10,0,13,ABO mismatch
71,34,51,B,B,10,0,17,Acceptable mismatch
72,57,56,B,A,7,0,1,ABO mismatch
73,63,57,O,O,10,0,6,Acceptable mismatch
74,61,26,B,A,9,1,35,ABO mismatch
75,62,63,B,AB,10,0,1,Acceptable mismatch
76,22,51,B,AB,9,0,29,Age mismatch
77,46,66,A,AB,7,0,20,Age mismatch
78,49,72,A,A,10,0,23,Age mismatch
79,23,33,AB,AB,10,0,10,Acceptable mismatch
80,55,22,AB,O,8,1,33,ABO mismatch
81,50,24,B,AB,8,0,26,Age mismatch
82,58,52,AB,B,7,0,6,ABO mismatch
83,24,30,AB,AB,10,0,6,Acceptable mismatch
84,58,32,AB,B,10,0,26,ABO mismatch
85,42,56,B,O,9,0,14,ABO mismatch
86,29,20,B,O,9,1,9,ABO mismatch
87,34,49,A,A,8,0,15,Acceptable mismatch
88,56,23,AB,O,9,0,33,ABO mismatch
89,39,71,AB,A,9,0,32,ABO mismatch
90,47,18,O,O,10,0,29,Age mismatch
91,67,56,AB,O,10,0,11,ABO mismatch
92,46,64,A,B,9,0,18,ABO mismatch
93,25,64,AB,O,9,0,39,ABO mismatch
94,31,71,B,A,9,1,40,ABO mismatch
95,44,21,AB,A,10,0,23,ABO mismatch
96,57,23,O,O,8,0,34,Age mismatch
97,43,62,B,O,9,0,19,ABO mismatch
98,39,26,A,B,10,0,13,ABO mismatch
99,33,28,O,A,8,0,5,Acceptable mismatch
100,43,23,A,O,8,0,20,ABO mismatch
101,34,39,A,O,10,0,5,ABO mismatch
102,18,53,AB,B,8,0,35,ABO mismatch
103,38,68,O,O,8,0,30,Age mismatch
104,55,62,A,O,9,0,7,ABO mismatch
105,26,27,B,AB,10,1,1,Antibody mismatch
106,24,42,AB,O,10,1,18,ABO mismatch
107,21,21,B,O,9,0,0,ABO mismatch
108,20,22,B,B,10,0,2,Acceptable mismatch
109,60,53,AB,A,9,0,7,ABO mismatch
110,61,46,O,B,8,0,15,Acceptable mismatch
111,58,40,A,AB,10,1,18,Antibody mismatch
112,69,23,A,A,10,0,46,Age mismatch
113,19,62,AB,O,9,1,43,ABO mismatch
114,18,25,AB,A,8,0,7,ABO mismatch
115,50,69,B,O,8,1,19,ABO mismatch
116,26,58,A,A,9,0,32,Age mismatch
117,48,58,AB,AB,8,0,10,Acceptable mismatch
118,25,42,A,AB,10,0,17,Acceptable mismatch
119,25,72,A,A,10,0,47,Age mismatch
120,59,53,AB,AB,9,0,6,Acceptable mismatch
121,67,41,A,O,10,0,26,ABO mismatch
122,65,48,O,B,9,1,17,Antibody mismatch
123,19,37,O,A,8,0,18,Acceptable mismatch
124,49,58,AB,B,10,0,9,ABO mismatch
125,33,73,AB,B,9,1,40,ABO mismatch
126,30,74,B,AB,9,0,44,Age mismatch
127,61,65,A,O,9,0,4,ABO mismatch
128,55,21,A,O,9,0,34,ABO mismatch
129,27,50,AB,AB,9,1,23,Antibody mismatch
130,25,37,A,O,9,0,12,ABO mismatch
131,19,19,A,O,9,0,0,ABO mismatch
132,44,43,O,B,9,0,1,Acceptable mismatch
133,47,58,O,AB,10,0,11,Acceptable mismatch
134,57,61,A,AB,10,0,4,Acceptable mismatch
135,45,73,B,B,9,0,28,Age mismatch
136,49,40,O,A,10,0,9,Acceptable mismatch
137,50,31,B,O,10,0,19,ABO mismatch
138,30,67,A,A,10,0,37,Age mismatch
139,22,70,AB,AB,10,0,48,Age mismatch
140,49,40,B,B,9,0,9,Acceptable mismatch
141,57,63,A,B,10,0,6,ABO mismatch
142,32,25,AB,B,8,0,7,ABO mismatch
143,66,52,A,O,9,0,14,ABO mismatch
144,28,57,O,O,9,0,29,Age mismatch
145,52,34,AB,AB,9,0,18,Acceptable mismatch
146,46,29,O,B,9,0,17,Acceptable mismatch
147,36,30,B,B,10,0,6,Acceptable mismatch
148,64,21,B,B,9,1,43,Antibody mismatch
149,59,49,AB,A,10,1,10,ABO mismatch
150,53,37,A,A,9,0,16,Acceptable mismatch
151,49,45,O,O,9,0,4,Acceptable mismatch
152,41,51,A,O,9,0,10,ABO mismatch
153,23,59,A,A,9,0,36,Age mismatch
154,18,71,B,B,10,0,53,Age mismatch
155,37,73,AB,O,10,0,36,ABO mismatch
156,36,48,B,A,9,0,12,ABO mismatch
157,44,63,AB,AB,10,0,19,Acceptable mismatch
158,67,50,B,O,9,0,17,ABO mismatch
159,47,19,A,AB,9,0,28,Age mismatch
160,55,57,A,B,10,0,2,ABO mismatch
161,21,34,AB,A,8,0,13,ABO mismatch
162,65,57,O,A,10,1,8,Acceptable mismatch
163,28,18,AB,B,10,0,10,ABO mismatch
164,40,32,O,O,10,1,8,Acceptable mismatch
165,30,48,O,AB,9,0,18,Acceptable mismatch
166,39,48,A,B,9,0,9,ABO mismatch
167,23,70,A,A,10,1,47,Antibody mismatch
168,35,53,O,A,8,1,18,Antibody mismatch
169,25,72,A,O,9,0,47,ABO mismatch
170,51,73,A,A,10,0,22,Age mismatch
171,29,31,A,AB,10,0,2,Acceptable mismatch
172,53,23,A,A,10,1,30,Antibody mismatch
173,33,33,A,AB,10,0,0,Acceptable mismatch
174,40,70,B,B,9,1,30,Antibody mismatch
175,61,67,AB,B,10,0,6,ABO mismatch
176,41,73,A,AB,9,0,32,Age mismatch
177,41,51,O,A,10,1,10,Antibody mismatch
178,41,51,B,AB,9,1,10,Antibody mismatch
179,57,62,B,A,10,0,5,ABO mismatch
180,34,70,B,B,9,0,36,Age mismatch
181,36,68,O,AB,9,0,32,Age mismatch
182,51,60,AB,O,10,0,9,ABO mismatch
183,20,40,O,A,8,0,20,Age mismatch
184,39,70,A,A,9,0,31,Age mismatch
185,51,44,B,AB,10,0,7,Acceptable mismatch
186,64,58,O,A,10,0,6,Acceptable mismatch
187,70,48,O,B,10,0,22,Age mismatch
188,46,44,AB,A,9,0,2,ABO mismatch
189,34,18,B,A,10,0,16,ABO mismatch
190,55,21,B,O,10,0,34,ABO mismatch
191,34,19,B,O,9,0,15,ABO mismatch
192,48,73,O,B,10,0,25,Age mismatch
193,55,68,A,O,10,0,13,ABO mismatch
194,65,70,O,A,9,0,5,Acceptable mismatch
195,33,57,O,AB,9,0,24,Age mismatch
196,30,32,O,O,9,1,2,Antibody mismatch
197,35,21,O,AB,10,1,14,Antibody mismatch
198,65,25,AB,O,10,1,40,ABO mismatch
199,49,21,AB,AB,10,0,28,Age mismatch
200,38,45,AB,A,9,0,7,ABO mismatch
201,29,19,AB,O,10,0,10,ABO mismatch
202,31,48,A,O,9,0,17,ABO mismatch
203,65,52,O,B,10,0,13,Acceptable mismatch
204,33,18,O,A,8,1,15,Antibody mismatch
205,60,66,O,O,7,0,6,Acceptable mismatch
206,65,44,AB,A,9,1,21,ABO mismatch
207,34,20,AB,AB,9,0,14,Acceptable mismatch
208,66,34,A,O,9,0,32,ABO mismatch
209,39,68,AB,A,10,0,29,ABO mismatch
210,19,46,O,B,10,0,27,Age mismatch
211,57,52,A,B,9,0,5,ABO mismatch
212,67,67,O,O,10,0,0,Acceptable mismatch
213,19,56,A,A,10,0,37,Age mismatch
214,42,34,A,AB,10,0,8,Acceptable mismatch
215,18,33,O,A,10,0,15,Acceptable mismatch
216,62,29,B,O,8,0,33,ABO mismatch
217,21,55,B,O,10,0,34,ABO mismatch
218,35,71,B,AB,10,0,36,Age mismatch
219,60,36,AB,B,8,0,24,ABO mismatch
220,64,37,B,O,9,1,27,ABO mismatch
221,46,29,O,A,10,0,17,Acceptable mismatch
222,54,25,B,A,9,0,29,ABO mismatch
223,52,65,A,B,10,1,13,ABO mismatch
224,59,68,AB,A,8,0,9,ABO mismatch
225,40,60,AB,A,8,0,20,ABO mismatch
226,62,35,B,A,10,0,27,ABO mismatch
227,21,47,B,AB,9,0,26,Age mismatch
228,39,71,A,B,9,0,32,ABO mismatch
229,47,22,B,B,9,0,25,Age mismatch
230,51,75,B,B,10,0,24,Age mismatch
231,20,55,AB,AB,9,0,35,Age mismatch
232,29,51,O,O,8,0,22,Age mismatch
233,70,28,A,A,8,0,42,Age mismatch
234,39,51,B,B,8,0,12,Acceptable mismatch
235,43,56,B,B,9,0,13,Acceptable mismatch
236,53,65,A,B,10,1,12,ABO mismatch
237,40,25,A,AB,9,0,15,Acceptable mismatch
238,24,69,O,AB,9,0,45,Age mismatch
239,55,48,A,AB,9,0,7,Acceptable mismatch
240,23,58,O,A,8,0,35,Age mismatch
241,55,46,AB,O,9,0,9,ABO mismatch
242,66,72,A,B,10,0,6,ABO mismatch
243,63,30,A,B,9,0,33,ABO mismatch
244,45,28,O,AB,9,0,17,Acceptable mismatch
245,50,31,B,AB,10,0,19,Acceptable mismatch
246,36,18,A,A,7,0,18,Acceptable mismatch
247,58,65,AB,A,9,1,7,ABO mismatch
248,36,67,B,A,10,0,31,ABO mismatch
249,67,20,AB,A,9,0,47,ABO mismatch
250,59,46,O,AB,10,0,13,Acceptable mismatch
251,23,18,AB,A,8,1,5,ABO mismatch
252,47,41,A,B,9,0,6,ABO mismatch
253,20,49,AB,B,10,0,29,ABO mismatch
254,30,47,B,B,10,1,17,Antibody mismatch
255,37,20,B,B,10,0,17,Acceptable mismatch
256,18,57,A,AB,10,0,39,Age mismatch
257,54,66,AB,AB,8,0,12,Acceptable mismatch
258,23,43,AB,B,10,0,20,ABO mismatch
259,69,47,B,O,10,0,22,ABO mismatch
260,48,69,O,B,10,0,21,Age mismatch
261,43,72,O,O,10,0,29,Age mismatch
262,57,28,O,A,10,0,29,Age mismatch
263,56,48,B,A,10,0,8,ABO mismatch
264,70,32,A,AB,10,0,38,Age mismatch
265,58,70,A,O,9,0,12,ABO mismatch
266,67,25,O,B,8,1,42,Antibody mismatch
267,32,26,AB,AB,10,1,6,Antibody mismatch
268,41,61,A,O,9,1,20,ABO mismatch
269,65,68,AB,B,9,1,3,ABO mismatch
270,58,73,AB,AB,8,0,15,Acceptable mismatch
271,38,56,AB,O,9,1,18,ABO mismatch
272,19,75,B,AB,9,0,56,Age mismatch
273,58,37,A,B,10,0,21,ABO mismatch
274,32,32,B,AB,8,0,0,Acceptable mismatch
275,37,22,O,B,9,0,15,Acceptable mismatch
276,52,39,B,B,10,0,13,Acceptable mismatch
277,43,75,AB,A,8,0,32,ABO mismatch
278,32,31,O,A,9,0,1,Acceptable mismatch
279,33,36,B,B,9,0,3,Acceptable mismatch
280,65,33,AB,O,10,0,32,ABO mismatch
281,19,18,O,O,10,0,1,Acceptable mismatch
282,44,66,B,A,9,0,22,ABO mismatch
283,53,43,AB,AB,7,0,10,Acceptable mismatch
284,20,24,AB,A,9,0,4,ABO mismatch
285,21,25,O,AB,10,0,4,Acceptable mismatch
286,51,41,O,A,9,0,10,Acceptable mismatch
287,51,47,O,A,10,0,4,Acceptable mismatch
288,36,24,AB,B,10,0,12,ABO mismatch
289,25,29,O,B,10,0,4,Acceptable mismatch
290,22,73,AB,A,10,1,51,ABO mismatch
291,50,28,B,B,10,0,22,Age mismatch
292,50,56,O,A,10,0,6,Acceptable mismatch
293,56,61,A,O,9,0,5,ABO mismatch
294,32,51,AB,O,10,0,19,ABO mismatch
295,40,50,AB,AB,9,0,10,Acceptable mismatch
296,69,53,A,O,10,0,16,ABO mismatch
297,56,28,A,B,10,0,28,ABO mismatch
298,32,54,A,B,10,0,22,ABO mismatch
299,60,64,AB,O,8,0,4,ABO mismatch
300,69,53,AB,O,9,0,16,ABO mismatch
301,57,51,O,A,9,0,6,Acceptable mismatch
302,27,25,A,B,10,0,2,ABO mismatch
303,50,53,O,A,9,0,3,Acceptable mismatch
304,34,21,B,A,9,0,13,ABO mismatch
305,43,73,O,A,10,0,30,Age mismatch
306,39,74,O,O,10,1,35,Antibody mismatch
307,36,61,A,O,9,0,25,ABO mismatch
308,37,20,B,A,9,0,17,ABO mismatch
309,59,65,O,O,10,0,6,Acceptable mismatch
310,60,53,O,B,10,0,7,Acceptable mismatch
311,44,48,AB,AB,9,1,4,Antibody mismatch
312,36,48,AB,A,9,0,12,ABO mismatch
313,67,37,B,B,10,1,30,Antibody mismatch
314,51,65,B,A,10,0,14,ABO mismatch
315,24,25,B,AB,9,0,1,Acceptable mismatch
316,29,30,A,B,10,0,1,ABO mismatch
317,46,19,AB,O,10,0,27,ABO mismatch
318,25,54,AB,AB,9,0,29,Age mismatch
319,46,45,A,B,10,0,1,ABO mismatch
320,49,32,O,B,9,1,17,Antibody mismatch
321,46,56,A,A,9,0,10,Acceptable mismatch
322,63,18,B,B,9,1,45,Antibody mismatch
323,27,74,B,O,10,0,47,ABO mismatch
324,39,39,AB,A,10,0,0,ABO mismatch
325,44,44,B,O,9,0,0,ABO mismatch
326,27,54,O,A,10,0,27,Age mismatch
327,59,26,A,O,8,0,33,ABO mismatch
328,61,42,AB,A,9,0,19,ABO mismatch
329,20,67,A,AB,10,0,47,Age mismatch
330,68,68,O,B,10,0,0,Acceptable mismatch
331,65,21,AB,B,10,0,44,ABO mismatch
332,20,24,AB,A,9,0,4,ABO mismatch
333,56,42,B,O,10,0,14,ABO mismatch
334,53,25,B,B,10,0,28,Age mismatch
335,23,34,A,A,10,1,11,Antibody mismatch
336,32,53,B,AB,9,1,21,Antibody mismatch
337,32,18,AB,A,9,0,14,ABO mismatch
338,38,42,AB,O,9,0,4,ABO mismatch
339,54,29,AB,AB,10,0,25,Age mismatch
340,50,26,B,O,8,1,24,ABO mismatch
341,45,19,A,O,9,0,26,ABO mismatch
342,20,26,B,AB,8,0,6,Acceptable mismatch
343,50,42,A,A,10,0,8,Acceptable mismatch
344,30,39,B,AB,7,0,9,Acceptable mismatch
345,52,21,B,A,9,1,31,ABO mismatch
346,38,60,A,A,9,0,22,Age mismatch
347,32,37,A,O,8,0,5,ABO mismatch
348,67,46,O,A,10,0,21,Age mismatch
349,25,58,O,A,8,0,33,Age mismatch
350,57,51,O,O,8,1,6,Antibody mismatch
351,70,70,AB,O,9,0,0,ABO mismatch
352,59,33,B,B,9,0,26,Age mismatch
353,30,29,AB,B,10,0,1,ABO mismatch
354,45,58,O,B,10,0,13,Acceptable mismatch
355,28,25,O,B,10,0,3,Acceptable mismatch
356,51,73,A,AB,9,0,22,Age mismatch
357,50,58,A,O,9,0,8,ABO mismatch
358,34,24,AB,B,10,0,10,ABO mismatch
359,18,26,O,A,10,0,8,Acceptable mismatch
360,60,47,A,AB,10,0,13,Acceptable mismatch
361,21,53,O,B,9,0,32,Age mismatch
362,18,74,O,AB,9,1,56,Antibody mismatch
363,27,39,B,B,10,0,12,Acceptable mismatch
364,18,26,O,O,8,1,8,Antibody mismatch
365,25,75,A,B,10,1,50,ABO mismatch
366,19,47,O,AB,10,0,28,Age mismatch
367,36,31,B,O,10,1,5,ABO mismatch
368,49,43,AB,O,9,0,6,ABO mismatch
369,67,61,A,B,10,0,6,ABO mismatch
370,53,32,B,AB,9,1,21,Antibody mismatch
371,61,60,B,A,9,1,1,ABO mismatch
372,27,67,B,B,10,0,40,Age mismatch
373,53,57,B,AB,10,0,4,Acceptable mismatch
374,57,37,AB,A,8,0,20,ABO mismatch
375,25,52,O,B,7,0,27,Age mismatch
376,64,66,A,A,9,0,2,Acceptable mismatch
377,44,52,A,O,8,0,8,ABO mismatch
378,19,34,B,B,10,1,15,Antibody mismatch
379,40,27,AB,AB,9,0,13,Acceptable mismatch
380,38,42,A,B,8,0,4,ABO mismatch
381,50,74,B,A,10,0,24,ABO mismatch
382,58,44,A,AB,9,0,14,Acceptable mismatch
383,32,52,O,A,10,0,20,Age mismatch
384,20,47,O,O,9,0,27,Age mismatch
385,51,59,A,B,10,0,8,ABO mismatch
386,43,41,O,A,9,0,2,Acceptable mismatch
387,23,24,A,B,8,0,1,ABO mismatch
388,56,18,B,AB,9,0,38,Age mismatch
389,65,69,B,O,10,0,4,ABO mismatch
390,48,59,O,B,10,0,11,Acceptable mismatch
391,34,38,B,AB,10,1,4,Antibody mismatch
392,69,24,AB,AB,10,0,45,Age mismatch
393,69,21,B,B,8,0,48,Age mismatch
394,52,65,A,B,9,0,13,ABO mismatch
395,22,34,A,AB,10,0,12,Acceptable mismatch
396,39,59,AB,A,9,0,20,ABO mismatch
397,68,40,B,AB,9,0,28,Age mismatch
398,69,49,B,B,9,0,20,Age mismatch
399,57,62,O,AB,10,0,5,Acceptable mismatch
400,38,62,AB,B,10,0,24,ABO mismatch
401,63,60,A,O,8,1,3,ABO mismatch
402,48,48,B,A,10,0,0,ABO mismatch
403,60,37,AB,O,10,1,23,ABO mismatch
404,44,54,AB,A,9,0,10,ABO mismatch
405,40,47,B,B,9,0,7,Acceptable mismatch
406,63,18,B,A,9,0,45,ABO mismatch
407,31,64,B,AB,10,0,33,Age mismatch
408,29,33,A,AB,10,0,4,Acceptable mismatch
409,62,37,O,A,9,0,25,Age mismatch
410,21,48,AB,AB,10,0,27,Age mismatch
411,64,36,O,O,9,0,28,Age mismatch
412,60,27,B,AB,9,0,33,Age mismatch
413,19,75,A,AB,10,0,56,Age mismatch
414,21,42,A,O,10,1,21,ABO mismatch
415,69,71,O,O,10,0,2,Acceptable mismatch
416,43,33,B,AB,9,1,10,Acceptable mismatch
417,70,41,O,AB,9,0,29,Age mismatch
418,67,33,O,AB,9,0,34,Age mismatch
419,23,30,O,B,10,0,7,Acceptable mismatch
420,19,44,AB,O,8,1,25,ABO mismatch
421,38,70,B,B,10,0,32,Age mismatch
422,32,67,AB,B,10,1,35,ABO mismatch
423,58,25,AB,A,10,0,33,ABO mismatch
424,51,57,AB,O,10,0,6,ABO mismatch
425,27,40,O,A,9,1,13,Antibody mismatch
426,69,71,B,B,10,0,2,Acceptable mismatch
427,28,55,O,O,10,0,27,Age mismatch
428,34,25,AB,B,10,0,9,ABO mismatch
429,55,70,AB,O,9,0,15,ABO mismatch
430,52,26,B,AB,8,0,26,Age mismatch
431,43,19,O,A,10,0,24,Age mismatch
432,36,32,O,AB,10,1,4,Antibody mismatch
433,37,66,AB,AB,10,0,29,Age mismatch
434,34,52,AB,A,8,0,18,ABO mismatch
435,56,65,B,O,9,0,9,ABO mismatch
436,56,73,A,AB,10,1,17,Antibody mismatch
437,67,63,A,A,9,0,4,Acceptable mismatch
438,31,71,AB,AB,10,0,40,Age mismatch
439,18,70,A,A,10,0,52,Age mismatch
440,53,67,B,O,9,0,14,ABO mismatch
441,64,21,AB,A,10,1,43,ABO mismatch
442,54,20,A,B,9,0,34,ABO mismatch
443,43,48,O,B,9,0,5,Acceptable mismatch
444,31,69,AB,O,8,0,38,ABO mismatch
445,50,22,A,O,9,0,28,ABO mismatch
446,69,39,B,AB,10,0,30,Age mismatch
447,45,41,AB,AB,10,0,4,Acceptable mismatch
448,21,61,B,O,8,1,40,ABO mismatch
449,70,42,AB,A,9,1,28,ABO mismatch
450,59,73,AB,B,10,0,14,ABO mismatch
451,54,65,O,AB,10,0,11,Acceptable mismatch
452,54,72,O,AB,10,0,18,Acceptable mismatch
453,32,33,A,AB,9,0,1,Acceptable mismatch
454,39,39,AB,B,8,1,0,ABO mismatch
455,70,50,A,AB,9,0,20,Age mismatch
456,58,20,A,B,7,1,38,ABO mismatch
457,66,52,B,B,10,0,14,Acceptable mismatch
458,59,44,AB,AB,10,0,15,Acceptable mismatch
459,66,42,AB,O,9,1,24,ABO mismatch
460,24,39,O,AB,10,0,15,Acceptable mismatch
461,22,62,AB,AB,10,0,40,Age mismatch
462,60,41,O,A,9,0,19,Acceptable mismatch
463,45,63,AB,AB,9,0,18,Acceptable mismatch
464,54,44,B,O,8,0,10,ABO mismatch
465,37,23,B,AB,7,0,14,Acceptable mismatch
466,18,34,AB,A,9,0,16,ABO mismatch
467,57,66,B,A,10,0,9,ABO mismatch
468,70,20,O,A,10,0,50,Age mismatch
469,22,21,AB,AB,10,0,1,Acceptable mismatch
470,27,22,B,AB,9,0,5,Acceptable mismatch
471,68,75,A,B,9,0,7,ABO mismatch
472,67,51,O,O,10,0,16,Acceptable mismatch
473,25,30,A,B,10,0,5,ABO mismatch
474,41,70,O,B,8,1,29,Antibody mismatch
475,65,59,B,AB,9,0,6,Acceptable mismatch
476,61,66,AB,O,10,0,5,ABO mismatch
477,43,67,O,AB,9,0,24,Age mismatch
478,68,34,A,O,10,0,34,ABO mismatch
479,49,31,A,A,8,0,18,Acceptable mismatch
480,35,73,O,AB,10,0,38,Age mismatch
481,19,41,AB,A,10,0,22,ABO mismatch
482,58,72,O,AB,10,1,14,Antibody mismatch
483,63,25,B,B,10,0,38,Age mismatch
484,54,53,AB,A,9,0,1,ABO mismatch
485,41,20,O,O,10,1,21,Antibody mismatch
486,28,52,O,O,10,0,24,Age mismatch
487,68,51,B,B,7,0,17,Acceptable mismatch
488,60,32,A,O,9,0,28,ABO mismatch
489,70,29,O,B,10,0,41,Age mismatch
490,54,40,B,B,9,0,14,Acceptable mismatch
491,27,49,A,AB,10,0,22,Age mismatch
492,69,39,A,O,10,0,30,ABO mismatch
493,67,29,B,B,10,0,38,Age mismatch
494,58,56,A,O,7,0,2,ABO mismatch
495,39,25,A,B,8,0,14,ABO mismatch
496,48,56,B,AB,10,1,8,Antibody mismatch
497,60,60,A,A,10,0,0,Acceptable mismatch
498,48,73,O,AB,9,0,25,Age mismatch
499,58,71,O,AB,10,0,13,Acceptable mismatch
500,68,73,O,AB,10,0,5,Acceptable mismatch
501,58,61,AB,B,9,0,3,ABO mismatch
502,22,68,B,O,10,0,46,ABO mismatch
503,33,29,O,B,9,0,4,Acceptable mismatch
504,66,38,B,AB,9,0,28,Age mismatch
505,23,57,AB,O,9,0,34,ABO mismatch
506,34,24,AB,B,8,0,10,ABO mismatch
507,32,24,A,AB,10,0,8,Acceptable mismatch
508,18,49,B,A,9,0,31,ABO mismatch
509,63,69,B,AB,9,1,6,Antibody mismatch
510,45,56,A,O,9,0,11,ABO mismatch
511,52,63,O,O,7,0,11,Acceptable mismatch
512,33,24,AB,AB,9,0,9,Acceptable mismatch
513,43,56,A,O,10,0,13,ABO mismatch
514,26,34,O,A,8,0,8,Acceptable mismatch
515,58,21,AB,O,10,0,37,ABO mismatch
516,66,19,B,A,9,0,47,ABO mismatch
517,33,73,O,AB,10,1,40,Age mismatch
518,31,58,A,O,8,1,27,ABO mismatch
519,21,28,A,B,7,0,7,ABO mismatch
520,48,59,B,O,9,0,11,ABO mismatch
521,53,70,B,B,10,0,17,Acceptable mismatch
522,18,27,B,AB,10,0,9,Acceptable mismatch
523,38,68,AB,A,10,0,30,ABO mismatch
524,52,42,B,AB,10,0,10,Acceptable mismatch
525,62,28,B,AB,9,0,34,Age mismatch
526,35,47,A,AB,10,1,12,Antibody mismatch
527,69,40,A,B,9,0,29,ABO mismatch
528,19,50,AB,B,10,0,31,ABO mismatch
529,19,38,A,A,9,0,19,Acceptable mismatch
530,41,32,B,O,10,0,9,ABO mismatch
531,42,38,A,A,10,1,4,Antibody mismatch
532,42,25,AB,AB,10,0,17,Acceptable mismatch
533,53,47,B,O,9,0,6,ABO mismatch
534,57,37,O,AB,8,0,20,Age mismatch
535,45,59,O,AB,9,1,14,Antibody mismatch
536,62,41,A,AB,10,1,21,Antibody mismatch
537,33,68,A,O,10,0,35,ABO mismatch
538,30,67,O,O,7,1,37,Antibody mismatch
539,28,49,B,O,8,0,21,ABO mismatch
540,29,62,AB,O,9,0,33,ABO mismatch
541,53,50,A,A,10,1,3,Antibody mismatch
542,18,52,B,O,9,0,34,ABO mismatch
543,69,32,A,O,9,0,37,ABO mismatch
544,26,68,O,AB,10,0,42,Age mismatch
545,25,46,A,A,9,1,21,Antibody mismatch
546,68,36,AB,B,10,0,32,ABO mismatch
547,32,47,O,B,10,1,15,Antibody mismatch
548,50,45,AB,B,10,0,5,ABO mismatch
549,49,43,O,A,9,1,6,Antibody mismatch
550,43,37,A,AB,9,0,6,Acceptable mismatch
551,26,27,AB,B,10,1,1,ABO mismatch
552,56,59,A,O,9,0,3,ABO mismatch
553,66,28,A,O,10,0,38,ABO mismatch
554,53,18,B,A,10,0,35,ABO mismatch
555,22,40,A,AB,9,1,18,Antibody mismatch
556,45,71,B,B,10,0,26,Age mismatch
557,18,35,AB,AB,9,0,17,Acceptable mismatch
558,28,75,AB,AB,9,0,47,Age mismatch
559,52,30,A,B,9,0,22,ABO mismatch
560,65,30,O,A,10,0,35,Age mismatch
561,61,44,O,AB,10,0,17,Acceptable mismatch
562,66,40,B,O,8,0,26,ABO mismatch
563,59,68,A,O,10,0,9,ABO mismatch
564,39,58,A,A,10,0,19,Acceptable mismatch
565,21,39,B,B,10,0,18,Acceptable mismatch
566,64,68,A,B,10,1,4,ABO mismatch
567,39,70,B,A,9,0,31,ABO mismatch
568,59,53,B,AB,9,0,6,Acceptable mismatch
569,42,27,AB,B,7,0,15,ABO mismatch
570,40,24,AB,A,9,1,16,ABO mismatch
571,65,75,O,O,10,0,10,Acceptable mismatch
572,52,73,A,O,9,0,21,ABO mismatch
573,48,58,A,B,9,0,10,ABO mismatch
574,27,59,B,A,7,0,32,ABO mismatch
575,39,36,A,A,9,1,3,Antibody mismatch
576,60,58,A,O,9,0,2,ABO mismatch
577,59,44,B,A,10,0,15,ABO mismatch
578,68,63,O,B,9,0,5,Acceptable mismatch
579,41,20,A,AB,9,0,21,Age mismatch
580,55,54,B,A,10,0,1,ABO mismatch
581,21,55,O,O,9,0,34,Age mismatch
582,28,69,A,O,10,0,41,ABO mismatch
583,42,71,O,B,8,0,29,Age mismatch
584,36,50,A,AB,9,1,14,Antibody mismatch
585,53,37,O,AB,9,1,16,Antibody mismatch
586,33,53,B,A,10,0,20,ABO mismatch
587,46,61,O,B,10,0,15,Acceptable mismatch
588,28,72,B,B,10,1,44,Antibody mismatch
589,38,74,A,A,10,0,36,Age mismatch
590,65,61,AB,AB,8,0,4,Acceptable mismatch
591,49,41,O,O,9,0,8,Acceptable mismatch
592,29,29,AB,AB,9,1,0,Acceptable mismatch
593,39,38,O,O,9,0,1,Acceptable mismatch
594,38,49,A,B,10,0,11,ABO mismatch
595,44,48,B,B,10,1,4,Antibody mismatch
596,33,55,AB,B,10,1,22,ABO mismatch
597,53,24,A,AB,9,1,29,Antibody mismatch
598,70,64,AB,O,9,0,6,ABO mismatch
599,60,38,A,A,9,0,22,Age mismatch
600,52,72,A,B,10,0,20,ABO mismatch
601,65,61,B,O,9,0,4,ABO mismatch
602,70,51,B,A,6,0,19,ABO mismatch
603,20,44,A,A,10,0,24,Age mismatch
604,49,33,B,O,9,0,16,ABO mismatch
605,47,24,A,B,9,0,23,ABO mismatch
606,44,23,AB,O,10,0,21,ABO mismatch
607,50,24,B,A,10,0,26,ABO mismatch
608,53,18,B,O,9,0,35,ABO mismatch
609,32,32,A,A,9,0,0,Acceptable mismatch
610,33,47,B,AB,10,0,14,Acceptable mismatch
611,60,19,B,B,10,0,41,Age mismatch
612,69,32,A,AB,10,0,37,Age mismatch
613,34,65,O,AB,10,0,31,Age mismatch
614,33,20,O,A,10,0,13,Acceptable mismatch
615,28,68,B,A,10,1,40,ABO mismatch
616,49,41,O,A,10,0,8,Acceptable mismatch
617,28,31,B,O,9,0,3,ABO mismatch
618,45,30,O,AB,7,1,15,Antibody mismatch
619,36,48,A,AB,10,0,12,Acceptable mismatch
620,67,65,O,A,9,0,2,Acceptable mismatch
621,36,31,B,B,9,0,5,Acceptable mismatch
622,68,64,AB,AB,9,0,4,Acceptable mismatch
623,37,24,O,O,8,0,13,Acceptable mismatch
624,56,20,AB,AB,9,0,36,Age mismatch
625,24,34,A,B,9,0,10,ABO mismatch
626,28,49,A,AB,10,0,21,Age mismatch
627,47,26,O,B,10,0,21,Age mismatch
628,67,24,AB,AB,10,0,43,Age mismatch
629,52,37,AB,O,10,0,15,ABO mismatch
630,29,59,A,AB,9,1,30,Antibody mismatch
631,66,23,B,O,10,0,43,ABO mismatch
632,62,68,A,A,10,0,6,Acceptable mismatch
633,28,46,O,A,9,0,18,Acceptable mismatch
634,60,66,O,B,9,0,6,Acceptable mismatch
635,32,73,A,B,10,0,41,ABO mismatch
636,37,47,AB,AB,9,1,10,Antibody mismatch
637,24,68,AB,AB,9,0,44,Age mismatch
638,27,72,O,B,10,0,45,Age mismatch
639,18,22,B,B,9,1,4,Antibody mismatch
640,35,50,AB,O,10,0,15,ABO mismatch
641,22,21,O,A,9,0,1,Acceptable mismatch
642,25,26,O,AB,7,0,1,Acceptable mismatch
643,69,28,O,O,9,1,41,Antibody mismatch
644,70,38,AB,AB,10,0,32,Age mismatch
645,59,55,A,O,10,0,4,ABO mismatch
646,18,50,O,A,10,0,32,Age mismatch
647,62,60,B,AB,10,1,2,Antibody mismatch
648,70,35,AB,B,9,0,35,ABO mismatch
649,65,36,AB,O,10,0,29,ABO mismatch
650,23,45,O,B,9,0,22,Age mismatch
651,62,75,B,A,10,0,13,ABO mismatch
652,46,67,A,O,10,0,21,ABO mismatch
653,41,53,B,O,7,0,12,ABO mismatch
654,39,74,A,AB,10,0,35,Age mismatch
655,21,67,O,B,10,1,46,Age mismatch
656,69,66,A,B,10,0,3,ABO mismatch
657,24,57,B,AB,9,0,33,Age mismatch
658,60,19,AB,A,10,1,41,ABO mismatch
659,40,62,O,O,8,0,22,Age mismatch
660,40,40,A,A,10,0,0,Acceptable mismatch
661,57,47,B,B,9,0,10,Acceptable mismatch
662,48,33,A,B,8,0,15,ABO mismatch
663,29,31,AB,O,10,1,2,ABO mismatch
664,66,33,A,A,10,0,33,Age mismatch
665,25,18,AB,AB,10,0,7,Acceptable mismatch
666,65,21,B,B,7,1,44,Antibody mismatch
667,30,54,B,O,9,0,24,ABO mismatch
668,66,27,AB,A,10,0,39,ABO mismatch
669,42,27,B,O,10,0,15,ABO mismatch
670,23,24,O,AB,10,0,1,Acceptable mismatch
671,31,45,AB,O,8,0,14,ABO mismatch
672,26,62,A,A,10,0,36,Age mismatch
673,56,66,O,A,7,0,10,Acceptable mismatch
674,29,63,AB,A,10,0,34,ABO mismatch
675,70,42,B,AB,10,0,28,Age mismatch
676,44,39,AB,A,8,0,5,ABO mismatch
677,18,63,B,O,9,1,45,ABO mismatch
678,59,75,O,B,10,0,16,Acceptable mismatch
679,28,36,AB,AB,10,0,8,Acceptable mismatch
680,56,44,A,O,10,1,12,ABO mismatch
681,53,64,O,A,10,0,11,Acceptable mismatch
682,68,58,O,O,8,1,10,Antibody mismatch
683,39,68,A,AB,10,0,29,Age mismatch
684,63,43,A,O,8,1,20,ABO mismatch
685,41,75,O,A,9,0,34,Age mismatch
686,64,40,B,B,10,0,24,Age mismatch
687,20,36,B,A,9,0,16,ABO mismatch
688,66,65,B,A,10,1,1,ABO mismatch
689,59,69,A,B,8,1,10,ABO mismatch
690,62,28,A,A,9,1,34,Antibody mismatch
691,25,21,A,AB,9,1,4,Antibody mismatch
692,18,60,AB,AB,8,0,42,Age mismatch
693,20,62,O,B,9,0,42,Age mismatch
694,58,64,A,A,9,0,6,Acceptable mismatch
695,30,54,A,B,10,1,24,ABO mismatch
696,59,74,A,AB,10,1,15,Acceptable mismatch
697,55,67,O,O,10,0,12,Acceptable mismatch
698,36,35,O,O,10,1,1,Acceptable mismatch
699,31,59,O,O,8,0,28,Age mismatch
700,42,39,A,AB,10,0,3,Acceptable mismatch
701,69,63,O,A,9,0,6,Acceptable mismatch
702,31,30,B,B,9,0,1,Acceptable mismatch
703,65,73,O,A,8,0,8,Acceptable mismatch
704,40,34,B,AB,10,1,6,Acceptable mismatch
705,39,69,B,B,9,0,30,Age mismatch
706,56,68,AB,A,10,0,12,ABO mismatch
707,30,51,AB,O,10,1,21,ABO mismatch
708,36,46,O,O,9,0,10,Acceptable mismatch
709,33,37,B,O,10,0,4,ABO mismatch
710,39,36,B,B,10,0,3,Acceptable mismatch
711,65,43,B,O,10,0,22,ABO mismatch
712,28,56,AB,O,10,0,28,ABO mismatch
713,68,39,O,AB,9,0,29,Age mismatch
714,26,64,A,A,10,0,38,Age mismatch
715,69,56,A,B,10,0,13,ABO mismatch
716,47,28,B,B,10,1,19,Antibody mismatch
717,45,25,B,AB,8,0,20,Age mismatch
718,34,33,AB,A,10,1,1,ABO mismatch
719,66,64,B,AB,10,0,2,Acceptable mismatch
720,34,41,AB,A,10,1,7,ABO mismatch
721,44,27,B,A,10,1,17,ABO mismatch
722,61,62,B,AB,10,1,1,Antibody mismatch
723,35,32,A,A,10,0,3,Acceptable mismatch
724,56,60,A,O,10,0,4,ABO mismatch
725,22,63,AB,B,10,0,41,ABO mismatch
726,56,21,A,B,8,0,35,ABO mismatch
727,45,25,O,A,10,0,20,Age mismatch
728,33,66,A,A,10,0,33,Age mismatch
729,60,67,AB,O,10,1,7,ABO mismatch
730,25,38,O,A,9,1,13,Acceptable mismatch
731,66,53,O,O,9,0,13,Acceptable mismatch
732,31,29,A,B,10,0,2,ABO mismatch
733,62,48,AB,A,10,0,14,ABO mismatch
734,47,65,B,AB,10,0,18,Acceptable mismatch
735,42,44,B,A,8,0,2,ABO mismatch
736,45,57,O,O,10,0,12,Acceptable mismatch
737,34,47,AB,B,10,0,13,ABO mismatch
738,67,24,O,AB,10,0,43,Age mismatch
739,31,47,A,O,9,1,16,ABO mismatch
740,63,32,B,O,10,0,31,ABO mismatch
741,23,46,AB,A,10,0,23,ABO mismatch
742,18,22,O,A,10,0,4,Acceptable mismatch
743,22,73,O,AB,10,0,51,Age mismatch
744,41,40,B,AB,9,0,1,Acceptable mismatch
745,66,51,B,O,9,1,15,ABO mismatch
746,19,63,AB,O,9,0,44,ABO mismatch
747,52,63,B,A,10,0,11,ABO mismatch
748,19,67,B,A,10,0,48,ABO mismatch
749,39,26,B,A,10,1,13,ABO mismatch
750,66,30,AB,B,9,1,36,ABO mismatch
751,59,42,O,A,9,1,17,Antibody mismatch
752,51,29,O,O,9,1,22,Antibody mismatch
753,64,34,B,A,9,0,30,ABO mismatch
754,19,47,AB,AB,10,0,28,Age mismatch
755,25,52,A,AB,8,0,27,Age mismatch
756,44,55,O,B,10,0,11,Acceptable mismatch
757,43,43,AB,AB,10,0,0,Acceptable mismatch
758,63,73,A,O,9,0,10,ABO mismatch
759,70,60,AB,O,10,1,10,ABO mismatch
760,59,55,B,B,10,1,4,Antibody mismatch
761,30,35,AB,AB,10,0,5,Acceptable mismatch
762,18,65,O,O,10,1,47,Antibody mismatch
763,18,67,AB,O,9,0,49,ABO mismatch
764,65,26,B,A,10,0,39,ABO mismatch
765,64,18,AB,A,10,0,46,ABO mismatch
766,26,28,A,O,10,0,2,ABO mismatch
767,61,58,O,B,9,0,3,Acceptable mismatch
768,67,60,A,B,9,0,7,ABO mismatch
769,67,32,AB,A,9,1,35,ABO mismatch
770,32,67,AB,O,10,0,35,ABO mismatch
771,28,31,AB,O,9,0,3,ABO mismatch
772,57,63,O,B,10,1,6,Antibody mismatch
773,60,66,B,AB,10,0,6,Acceptable mismatch
774,69,19,AB,O,10,0,50,ABO mismatch
775,65,65,A,AB,10,0,0,Acceptable mismatch
776,52,61,AB,B,10,0,9,ABO mismatch
777,43,54,AB,A,9,0,11,ABO mismatch
778,38,26,B,AB,10,1,12,Antibody mismatch
779,20,46,B,A,10,0,26,ABO mismatch
780,20,36,AB,O,9,1,16,ABO mismatch
781,33,24,AB,B,9,0,9,ABO mismatch
782,37,53,B,O,10,0,16,ABO mismatch
783,57,69,B,A,10,1,12,ABO mismatch
784,46,53,AB,AB,9,0,7,Acceptable mismatch
785,55,59,B,AB,10,0,4,Acceptable mismatch
786,49,26,B,AB,10,0,23,Age mismatch
787,24,36,B,O,10,0,12,ABO mismatch
788,32,75,AB,B,9,1,43,ABO mismatch
789,24,47,AB,AB,10,0,23,Age mismatch
790,39,52,O,B,9,0,13,Acceptable mismatch
791,23,40,O,B,10,0,17,Acceptable mismatch
792,51,68,O,A,10,0,17,Acceptable mismatch
793,67,67,AB,AB,9,0,0,Acceptable mismatch
794,51,24,AB,AB,9,0,27,Age mismatch
795,51,34,O,O,10,0,17,Acceptable mismatch
796,23,64,A,B,10,1,41,ABO mismatch
797,39,32,AB,B,9,0,7,ABO mismatch
798,18,36,A,B,10,0,18,ABO mismatch
799,38,59,O,AB,10,0,21,Age mismatch
800,53,22,AB,A,8,0,31,ABO mismatch
801,35,48,B,AB,10,1,13,Antibody mismatch
802,54,42,AB,O,10,1,12,ABO mismatch
803,26,26,O,B,9,0,0,Acceptable mismatch
804,33,49,A,A,10,1,16,Antibody mismatch
805,46,26,B,A,10,0,20,ABO mismatch
806,18,46,B,A,9,0,28,ABO mismatch
807,27,52,O,A,9,0,25,Age mismatch
808,23,53,AB,AB,10,0,30,Age mismatch
809,27,44,O,AB,9,0,17,Acceptable mismatch
810,30,70,AB,O,10,1,40,ABO mismatch
811,33,63,AB,O,9,0,30,ABO mismatch
812,36,48,AB,B,9,0,12,ABO mismatch
813,55,72,B,B,7,0,17,Acceptable mismatch
814,64,18,AB,O,10,0,46,ABO mismatch
815,21,33,AB,B,9,0,12,ABO mismatch
816,60,31,B,B,10,0,29,Age mismatch
817,26,31,O,O,9,1,5,Antibody mismatch
818,26,60,O,A,9,0,34,Age mismatch
819,58,64,O,A,9,0,6,Acceptable mismatch
820,21,44,A,O,9,0,23,ABO mismatch
821,31,57,B,O,10,0,26,ABO mismatch
822,44,72,O,AB,9,0,28,Age mismatch
823,46,73,AB,B,9,0,27,ABO mismatch
824,39,22,A,A,9,0,17,Acceptable mismatch
825,44,37,AB,B,10,0,7,ABO mismatch
826,55,53,A,A,10,0,2,Acceptable mismatch
827,40,45,B,A,8,0,5,ABO mismatch
828,34,60,O,B,9,0,26,Age mismatch
829,57,58,O,A,9,0,1,Acceptable mismatch
830,41,48,AB,AB,10,0,7,Acceptable mismatch
831,18,46,AB,AB,10,1,28,Antibody mismatch
832,36,56,B,A,9,0,20,ABO mismatch
833,29,21,AB,B,10,0,8,ABO mismatch
834,45,51,O,A,9,0,6,Acceptable mismatch
835,30,72,O,AB,10,0,42,Age mismatch
836,29,66,B,B,9,0,37,Age mismatch
837,34,41,O,AB,9,0,7,Acceptable mismatch
838,48,23,B,O,9,0,25,ABO mismatch
839,63,66,AB,AB,9,0,3,Acceptable mismatch
840,65,35,A,A,8,0,30,Age mismatch
841,47,49,B,A,10,0,2,ABO mismatch
842,44,47,AB,AB,10,0,3,Acceptable mismatch
843,56,68,B,AB,9,0,12,Acceptable mismatch
844,62,34,AB,O,10,0,28,ABO mismatch
845,52,21,AB,B,9,1,31,ABO mismatch
846,51,25,O,B,10,0,26,Age mismatch
847,44,20,B,O,7,0,24,ABO mismatch
848,65,69,A,AB,9,1,4,Antibody mismatch
849,38,41,B,B,7,0,3,Acceptable mismatch
850,70,69,B,A,10,0,1,ABO mismatch
851,18,60,A,A,10,0,42,Age mismatch
852,53,26,O,O,9,1,27,Antibody mismatch
853,69,22,AB,A,6,0,47,ABO mismatch
854,21,43,B,AB,9,0,22,Age mismatch
855,29,71,O,AB,9,0,42,Age mismatch
856,33,29,O,AB,10,1,4,Acceptable mismatch
857,24,22,AB,A,10,0,2,ABO mismatch
858,26,64,A,A,9,0,38,Age mismatch
859,29,42,B,AB,10,0,13,Acceptable mismatch
860,26,69,B,A,10,0,43,ABO mismatch
861,67,25,AB,A,10,0,42,ABO mismatch
862,41,54,A,O,9,0,13,ABO mismatch
863,21,49,O,B,9,0,28,Age mismatch
864,57,50,O,A,8,0,7,Acceptable mismatch
865,28,60,A,B,10,1,32,ABO mismatch
866,46,63,AB,A,10,1,17,ABO mismatch
867,36,23,O,B,10,0,13,Acceptable mismatch
868,61,72,O,O,10,0,11,Acceptable mismatch
869,37,30,A,A,9,0,7,Acceptable mismatch
870,27,60,B,A,8,0,33,ABO mismatch
871,24,26,B,O,10,1,2,ABO mismatch
872,20,47,A,A,8,1,27,Antibody mismatch
873,60,34,AB,O,10,1,26,ABO mismatch
874,56,33,AB,AB,10,0,23,Age mismatch
875,64,72,A,A,9,0,8,Acceptable mismatch
876,22,60,A,A,9,1,38,Antibody mismatch
877,22,27,O,O,10,0,5,Acceptable mismatch
878,36,44,A,A,10,0,8,Acceptable mismatch
879,70,63,A,B,9,0,7,ABO mismatch
880,41,75,A,A,9,0,34,Age mismatch
881,67,32,B,A,10,0,35,ABO mismatch
882,49,26,O,A,10,1,23,Antibody mismatch
883,21,63,O,A,10,0,42,Age mismatch
884,43,40,A,B,9,0,3,ABO mismatch
885,29,53,B,O,7,1,24,ABO mismatch
886,63,19,AB,A,8,1,44,ABO mismatch
887,37,72,O,AB,10,0,35,Age mismatch
888,69,67,AB,A,10,0,2,ABO mismatch
889,18,31,O,A,10,0,13,Acceptable mismatch
890,66,33,A,AB,9,0,33,Age mismatch
891,19,74,A,B,10,0,55,ABO mismatch
892,53,24,B,B,10,0,29,Age mismatch
893,26,39,AB,AB,10,0,13,Acceptable mismatch
894,28,22,B,AB,9,0,6,Acceptable mismatch
895,45,61,B,AB,10,0,16,Acceptable mismatch
896,27,63,O,A,10,0,36,Age mismatch
897,19,25,O,A,10,0,6,Acceptable mismatch
898,49,23,B,B,9,0,26,Age mismatch
899,23,63,O,AB,7,0,40,Age mismatch
900,26,33,B,A,8,0,7,ABO mismatch
901,39,48,O,A,9,1,9,Antibody mismatch
902,23,37,O,O,9,0,14,Acceptable mismatch
903,29,55,O,AB,8,0,26,Age mismatch
904,70,36,O,B,10,0,34,Age mismatch
905,49,35,O,B,9,0,14,Acceptable mismatch
906,68,63,AB,AB,10,1,5,Antibody mismatch
907,20,18,B,A,9,0,2,ABO mismatch
908,70,44,O,A,10,0,26,Age mismatch
909,69,72,A,AB,10,0,3,Acceptable mismatch
910,64,75,B,AB,9,0,11,Acceptable mismatch
911,35,40,AB,B,9,1,5,ABO mismatch
912,32,35,A,O,9,0,3,ABO mismatch
913,28,55,AB,B,10,0,27,ABO mismatch
914,59,56,O,B,9,0,3,Acceptable mismatch
915,70,49,A,AB,9,0,21,Age mismatch
916,59,23,AB,O,9,0,36,ABO mismatch
917,19,56,B,AB,10,0,37,Age mismatch
918,34,52,B,A,10,0,18,ABO mismatch
919,53,33,AB,O,8,0,20,ABO mismatch
920,39,19,AB,AB,9,0,20,Age mismatch
921,64,33,B,O,7,1,31,ABO mismatch
922,67,20,O,A,9,0,47,Age mismatch
923,44,61,A,AB,10,0,17,Acceptable mismatch
924,68,36,A,O,9,1,32,ABO mismatch
925,28,38,O,O,9,0,10,Acceptable mismatch
926,54,38,B,B,9,1,16,Antibody mismatch
927,42,37,B,B,9,0,5,Acceptable mismatch
928,38,57,O,B,9,0,19,Acceptable mismatch
929,53,75,B,B,10,0,22,Age mismatch
930,43,67,B,B,6,1,24,Age mismatch
931,29,70,O,B,10,0,41,Age mismatch
932,37,46,AB,O,9,1,9,ABO mismatch
933,26,33,O,O,10,0,7,Acceptable mismatch
934,52,30,O,O,10,0,22,Age mismatch
935,34,57,O,AB,9,0,23,Age mismatch
936,48,42,AB,O,10,0,6,ABO mismatch
937,45,60,O,AB,9,0,15,Acceptable mismatch
938,45,66,A,AB,9,0,21,Age mismatch
939,24,41,AB,O,10,0,17,ABO mismatch
940,42,61,B,O,10,0,19,ABO mismatch
941,48,46,B,AB,10,0,2,Acceptable mismatch
942,70,56,B,O,9,0,14,ABO mismatch
943,32,62,A,B,10,1,30,ABO mismatch
944,34,33,O,AB,10,0,1,Acceptable mismatch
945,30,67,A,O,8,0,37,ABO mismatch
946,63,66,B,AB,9,0,3,Acceptable mismatch
947,40,60,AB,O,9,0,20,ABO mismatch
948,26,33,A,O,9,0,7,ABO mismatch
949,26,71,O,B,10,0,45,Age mismatch
950,30,36,AB,A,9,1,6,ABO mismatch
951,30,64,O,A,8,0,34,Age mismatch
952,30,73,B,O,10,0,43,ABO mismatch
953,46,72,B,B,10,0,26,Age mismatch
954,20,44,B,A,10,0,24,ABO mismatch
955,44,29,B,AB,10,0,15,Acceptable mismatch
956,66,59,A,B,9,0,7,ABO mismatch
957,42,37,B,A,9,0,5,ABO mismatch
958,57,56,B,O,10,0,1,ABO mismatch
959,66,73,A,B,10,0,7,ABO mismatch
960,35,28,A,B,10,0,7,ABO mismatch
961,24,52,O,B,10,0,28,Age mismatch
962,64,23,AB,AB,9,0,41,Age mismatch
963,18,68,AB,O,8,0,50,ABO mismatch
964,22,46,A,O,9,0,24,ABO mismatch
965,54,43,AB,B,10,0,11,ABO mismatch
966,31,69,A,O,10,0,38,ABO mismatch
967,52,41,B,AB,10,0,11,Acceptable mismatch
968,56,57,O,B,10,1,1,Antibody mismatch
969,63,37,A,AB,8,0,26,Age mismatch
970,65,51,A,B,10,0,14,ABO mismatch
971,66,19,A,B,9,0,47,ABO mismatch
972,30,47,AB,B,10,0,17,ABO mismatch
973,28,32,A,O,9,0,4,ABO mismatch
974,35,73,O,O,10,0,38,Age mismatch
975,45,64,AB,A,10,0,19,ABO mismatch
976,35,38,A,AB,9,1,3,Antibody mismatch
977,60,35,B,A,7,0,25,ABO mismatch
978,19,63,AB,O,9,0,44,ABO mismatch
979,37,55,A,A,9,0,18,Acceptable mismatch
980,24,44,B,AB,10,0,20,Age mismatch
981,37,50,O,O,9,0,13,Acceptable mismatch
982,37,20,B,O,10,0,17,ABO mismatch
983,26,59,O,AB,9,0,33,Age mismatch
984,23,59,O,AB,10,0,36,Age mismatch
985,63,22,O,AB,10,0,41,Age mismatch
986,68,65,B,A,10,1,3,ABO mismatch
987,49,68,O,AB,10,1,19,Antibody mismatch
988,63,63,B,A,10,1,0,ABO mismatch
989,41,37,O,B,9,1,4,Antibody mismatch
990,64,31,AB,O,9,1,33,ABO mismatch
991,26,57,O,AB,9,0,31,Age mismatch
992,37,44,O,B,9,1,7,Antibody mismatch
993,64,49,O,B,10,0,15,Acceptable mismatch
994,59,66,A,B,10,0,7,ABO mismatch
995,19,69,B,O,9,0,50,ABO mismatch
996,36,21,O,AB,10,0,15,Acceptable mismatch
997,49,18,AB,O,10,0,31,ABO mismatch
998,60,67,B,O,9,0,7,ABO mismatch
999,25,20,O,AB,10,0,5,Acceptable mismatch
1000,65,57,A,AB,9,1,8,Antibody mismatch
1001,48,43,AB,A,9,0,5,ABO mismatch
1002,53,62,A,A,8,0,9,Acceptable mismatch
1003,52,27,B,B,9,0,25,Age mismatch
1004,58,55,O,B,8,0,3,Acceptable mismatch
1005,39,65,A,A,10,0,26,Age mismatch
1006,28,29,B,B,9,0,1,Acceptable mismatch
1007,31,64,O,A,9,0,33,Age mismatch
1008,58,36,O,A,10,0,22,Age mismatch
1009,28,61,B,O,9,0,33,ABO mismatch
1010,57,55,B,O,10,0,2,ABO mismatch
1011,26,51,A,O,10,0,25,ABO mismatch
1012,35,43,AB,B,10,0,8,ABO mismatch
1013,68,61,A,O,10,0,7,ABO mismatch
1014,27,18,O,O,9,1,9,Antibody mismatch
1015,68,74,B,AB,9,0,6,Acceptable mismatch
1016,54,49,AB,O,7,0,5,ABO mismatch
1017,43,54,A,AB,9,1,11,Antibody mismatch
1018,26,48,A,A,10,0,22,Age mismatch
1019,44,61,A,B,10,0,17,ABO mismatch
1020,64,48,AB,A,9,0,16,ABO mismatch
1021,61,28,AB,A,10,0,33,ABO mismatch
1022,50,72,AB,AB,9,0,22,Age mismatch
1023,47,52,O,A,8,0,5,Acceptable mismatch
1024,20,55,A,A,10,0,35,Age mismatch
1025,33,44,A,A,10,0,11,Acceptable mismatch
1026,68,35,O,B,9,0,33,Age mismatch
1027,33,55,O,AB,9,0,22,Age mismatch
1028,51,47,AB,A,7,0,4,ABO mismatch
1029,29,33,AB,O,9,0,4,ABO mismatch
1030,21,73,B,O,9,0,52,ABO mismatch
1031,32,29,A,A,10,1,3,Antibody mismatch
1032,20,21,B,O,9,0,1,ABO mismatch
1033,56,27,B,A,9,1,29,ABO mismatch
1034,50,22,O,A,9,0,28,Age mismatch
1035,59,68,B,AB,10,0,9,Acceptable mismatch
1036,69,71,B,A,10,1,2,ABO mismatch
1037,47,29,A,AB,10,0,18,Acceptable mismatch
1038,20,27,AB,B,9,0,7,ABO mismatch
1039,21,69,O,AB,10,0,48,Age mismatch
1040,70,73,B,B,10,0,3,Acceptable mismatch
1041,26,25,AB,AB,9,0,1,Acceptable mismatch
1042,21,27,A,B,10,0,6,ABO mismatch
1043,31,26,B,A,10,0,5,ABO mismatch
1044,20,20,B,AB,9,0,0,Acceptable mismatch
1045,69,72,O,B,9,0,3,Acceptable mismatch
1046,53,30,B,A,9,1,23,ABO mismatch
1047,29,20,AB,O,7,1,9,ABO mismatch
1048,35,23,AB,B,9,1,12,ABO mismatch
1049,64,42,A,O,10,1,22,ABO mismatch
1050,40,71,O,O,10,0,31,Age mismatch
1051,47,61,B,A,9,0,14,ABO mismatch
1052,23,23,A,O,10,0,0,ABO mismatch
1053,57,30,O,O,10,0,27,Age mismatch
1054,28,21,B,A,9,1,7,ABO mismatch
1055,61,73,AB,B,8,0,12,ABO mismatch
1056,22,64,A,A,9,1,42,Antibody mismatch
1057,21,57,AB,B,10,0,36,ABO mismatch
1058,52,41,AB,A,9,0,11,ABO mismatch
1059,32,20,AB,AB,7,0,12,Acceptable mismatch
1060,21,32,A,AB,10,0,11,Acceptable mismatch
1061,58,53,AB,A,10,0,5,ABO mismatch
1062,30,55,B,O,9,1,25,ABO mismatch
1063,48,64,A,A,9,0,16,Acceptable mismatch
1064,30,74,O,B,9,0,44,Age mismatch
1065,60,35,B,O,10,0,25,ABO mismatch
1066,55,35,O,AB,9,0,20,Age mismatch
1067,26,71,AB,AB,10,0,45,Age mismatch
1068,65,49,AB,AB,9,0,16,Acceptable mismatch
1069,52,45,A,AB,10,0,7,Acceptable mismatch
1070,44,67,B,A,9,0,23,ABO mismatch
1071,47,19,A,B,9,0,28,ABO mismatch
1072,24,28,AB,O,10,0,4,ABO mismatch
1073,53,65,O,O,9,0,12,Acceptable mismatch
1074,60,60,AB,A,10,0,0,ABO mismatch
1075,60,72,A,B,9,1,12,ABO mismatch
1076,20,37,AB,O,10,0,17,ABO mismatch
1077,24,58,A,A,10,0,34,Age mismatch
1078,44,73,B,A,8,0,29,ABO mismatch
1079,45,57,B,O,10,0,12,ABO mismatch
1080,44,28,A,A,10,0,16,Acceptable mismatch
1081,64,72,B,B,10,0,8,Acceptable mismatch
1082,32,53,O,A,10,0,21,Age mismatch
1083,23,70,AB,A,10,0,47,ABO mismatch
1084,40,62,B,A,10,0,22,ABO mismatch
1085,52,54,B,AB,10,0,2,Acceptable mismatch
1086,23,54,B,AB,10,0,31,Age mismatch
1087,67,21,A,AB,10,0,46,Age mismatch
1088,66,39,AB,AB,9,0,27,Age mismatch
1089,20,48,A,A,9,0,28,Age mismatch
1090,31,75,B,O,9,0,44,ABO mismatch
1091,22,73,A,A,10,0,51,Age mismatch
1092,47,59,AB,O,9,0,12,ABO mismatch
1093,41,27,A,O,9,0,14,ABO mismatch
1094,53,21,B,A,9,0,32,ABO mismatch
1095,19,28,O,O,10,0,9,Acceptable mismatch
1096,36,32,B,AB,10,0,4,Acceptable mismatch
1097,62,71,A,O,8,0,9,ABO mismatch
1098,50,68,B,A,9,0,18,ABO mismatch
1099,63,59,O,O,10,0,4,Acceptable mismatch
1100,22,69,AB,B,10,0,47,ABO mismatch
1101,69,63,O,O,10,0,6,Acceptable mismatch
1102,64,20,B,B,9,0,44,Age mismatch
1103,35,50,AB,AB,9,0,15,Acceptable mismatch
1104,40,18,AB,AB,9,0,22,Age mismatch
1105,52,47,B,AB,10,0,5,Acceptable mismatch
1106,49,23,A,O,7,0,26,ABO mismatch
1107,47,40,O,A,10,0,7,Acceptable mismatch
1108,52,69,B,A,10,1,17,ABO mismatch
1109,26,33,B,AB,7,0,7,Acceptable mismatch
1110,34,47,O,B,10,0,13,Acceptable mismatch
1111,54,29,O,B,10,0,25,Age mismatch
1112,55,73,AB,O,8,1,18,ABO mismatch
1113,23,51,A,B,7,0,28,ABO mismatch
1114,36,23,A,AB,10,1,13,Antibody mismatch
1115,20,69,AB,B,9,0,49,ABO mismatch
1116,70,42,AB,A,9,0,28,ABO mismatch
1117,18,38,B,A,9,0,20,ABO mismatch
1118,20,45,A,O,9,0,25,ABO mismatch
1119,20,35,A,B,9,0,15,ABO mismatch
1120,53,43,B,AB,9,1,10,Antibody mismatch
1121,40,66,O,A,10,0,26,Age mismatch
1122,37,55,AB,A,9,0,18,ABO mismatch
1123,29,69,AB,O,9,0,40,ABO mismatch
1124,67,63,O,B,10,0,4,Acceptable mismatch
1125,29,74,O,A,7,0,45,Age mismatch
1126,43,64,A,AB,10,0,21,Age mismatch
1127,64,34,AB,A,9,1,30,ABO mismatch
1128,68,21,A,O,9,0,47,ABO mismatch
1129,62,41,A,A,10,0,21,Age mismatch
1130,36,45,O,A,10,0,9,Acceptable mismatch
1131,44,21,A,B,9,1,23,ABO mismatch
1132,41,36,A,O,10,0,5,ABO mismatch
1133,26,64,A,O,9,0,38,ABO mismatch
1134,57,31,AB,B,10,1,26,ABO mismatch
1135,70,38,AB,AB,10,0,32,Age mismatch
1136,55,49,AB,B,10,1,6,ABO mismatch
1137,58,42,A,B,8,0,16,ABO mismatch
1138,55,46,B,O,8,0,9,ABO mismatch
1139,42,60,A,A,10,0,18,Acceptable mismatch
1140,69,39,A,O,10,1,30,ABO mismatch
1141,57,51,AB,O,10,0,6,ABO mismatch
1142,65,42,O,B,8,0,23,Age mismatch
1143,26,54,O,B,10,0,28,Age mismatch
1144,50,48,O,A,8,0,2,Acceptable mismatch
1145,57,22,AB,AB,7,0,35,Age mismatch
1146,26,48,AB,B,9,0,22,ABO mismatch
1147,54,75,AB,A,10,0,21,ABO mismatch
1148,18,27,AB,A,8,0,9,ABO mismatch
1149,48,50,O,AB,9,1,2,Antibody mismatch
1150,49,71,A,B,8,0,22,ABO mismatch
1151,37,70,O,AB,9,0,33,Age mismatch
1152,68,47,AB,B,10,1,21,ABO mismatch
1153,38,41,O,A,10,0,3,Acceptable mismatch
1154,51,23,AB,O,9,0,28,ABO mismatch
1155,46,21,B,AB,9,0,25,Age mismatch
1156,70,23,A,O,10,0,47,ABO mismatch
1157,45,18,A,A,10,0,27,Age mismatch
1158,65,61,A,O,10,0,4,ABO mismatch
1159,55,33,AB,O,9,0,22,ABO mismatch
1160,41,67,AB,A,10,0,26,ABO mismatch
1161,44,67,O,O,10,0,23,Age mismatch
1162,37,40,A,AB,10,0,3,Acceptable mismatch
1163,53,73,A,O,9,0,20,ABO mismatch
1164,55,56,O,B,8,0,1,Acceptable mismatch
1165,37,29,O,AB,10,0,8,Acceptable mismatch
1166,67,56,O,B,10,0,11,Acceptable mismatch
1167,42,20,O,AB,8,1,22,Antibody mismatch
1168,39,75,B,AB,9,0,36,Age mismatch
1169,53,41,B,O,10,1,12,ABO mismatch
1170,59,32,AB,O,10,0,27,ABO mismatch
1171,35,69,AB,O,10,0,34,ABO mismatch
1172,33,48,O,B,9,0,15,Acceptable mismatch
1173,66,48,B,AB,10,0,18,Acceptable mismatch
1174,52,75,A,AB,9,0,23,Age mismatch
1175,32,56,A,O,9,0,24,ABO mismatch
1176,56,25,B,A,8,0,31,ABO mismatch
1177,25,42,A,AB,8,0,17,Acceptable mismatch
1178,55,38,O,B,8,0,17,Acceptable mismatch
1179,42,24,AB,O,10,0,18,ABO mismatch
1180,32,22,A,O,10,0,10,ABO mismatch
1181,46,29,O,O,8,0,17,Acceptable mismatch
1182,19,49,B,B,9,0,30,Age mismatch
1183,29,31,A,A,10,0,2,Acceptable mismatch
1184,56,29,A,O,9,0,27,ABO mismatch
1185,23,18,O,AB,8,0,5,Acceptable mismatch
1186,48,19,O,B,10,0,29,Age mismatch
1187,46,75,AB,A,9,0,29,ABO mismatch
1188,63,70,A,O,9,0,7,ABO mismatch
1189,70,40,A,A,10,1,30,Antibody mismatch
1190,46,30,B,B,10,0,16,Acceptable mismatch
1191,64,34,A,A,9,0,30,Age mismatch
1192,30,54,O,AB,8,0,24,Age mismatch
1193,29,43,B,B,10,0,14,Acceptable mismatch
1194,62,26,B,O,9,0,36,ABO mismatch
1195,43,67,AB,A,10,0,24,ABO mismatch
1196,69,60,O,AB,10,0,9,Acceptable mismatch
1197,57,19,O,B,10,0,38,Age mismatch
1198,42,46,O,O,8,0,4,Acceptable mismatch
1199,32,38,B,AB,10,0,6,Acceptable mismatch
1200,69,73,B,B,9,0,4,Acceptable mismatch
1201,54,56,O,B,10,0,2,Acceptable mismatch
1202,66,50,B,B,10,0,16,Acceptable mismatch
1203,54,73,O,B,10,0,19,Acceptable mismatch
1204,23,53,AB,B,9,0,30,ABO mismatch
1205,60,68,O,O,9,0,8,Acceptable mismatch
1206,63,72,A,O,7,1,9,ABO mismatch
1207,61,41,O,B,10,0,20,Age mismatch
1208,59,32,B,B,9,1,27,Antibody mismatch
1209,23,29,A,B,8,0,6,ABO mismatch
1210,48,50,A,A,9,1,2,Antibody mismatch
1211,44,25,A,O,9,0,19,ABO mismatch
1212,25,22,A,A,10,0,3,Acceptable mismatch
1213,41,70,AB,A,10,1,29,ABO mismatch
1214,41,47,AB,A,8,0,6,ABO mismatch
1215,29,21,A,B,10,0,8,ABO mismatch
1216,41,40,B,B,10,0,1,Acceptable mismatch
1217,22,44,AB,AB,10,0,22,Age mismatch
1218,61,59,A,O,9,0,2,ABO mismatch
1219,64,45,A,O,9,0,19,ABO mismatch
1220,23,33,AB,B,10,0,10,ABO mismatch
1221,47,57,A,A,10,0,10,Acceptable mismatch
1222,33,44,B,B,9,0,11,Acceptable mismatch
1223,49,42,B,O,8,0,7,ABO mismatch
1224,30,51,A,B,9,0,21,ABO mismatch
1225,28,24,B,O,10,0,4,ABO mismatch
1226,50,42,AB,O,10,0,8,ABO mismatch
1227,68,51,AB,O,9,0,17,ABO mismatch
1228,18,47,A,B,9,0,29,ABO mismatch
1229,20,41,A,A,10,0,21,Age mismatch
1230,54,61,AB,A,10,0,7,ABO mismatch
1231,18,29,AB,B,8,1,11,ABO mismatch
1232,49,43,AB,B,10,0,6,ABO mismatch
1233,23,30,O,O,9,0,7,Acceptable mismatch
1234,23,54,O,A,10,0,31,Age mismatch
1235,18,38,A,AB,9,0,20,Age mismatch
1236,22,22,B,B,10,0,0,Acceptable mismatch
1237,34,66,A,AB,9,0,32,Age mismatch
1238,57,62,O,O,9,1,5,Acceptable mismatch
1239,58,33,A,AB,9,0,25,Age mismatch
1240,56,36,AB,AB,8,0,20,Age mismatch
1241,33,67,O,AB,10,1,34,Antibody mismatch
1242,20,44,A,O,8,0,24,ABO mismatch
1243,18,71,B,O,9,0,53,ABO mismatch
1244,37,68,AB,AB,10,0,31,Age mismatch
1245,63,33,AB,O,9,0,30,ABO mismatch
1246,28,60,O,B,9,0,32,Age mismatch
1247,63,46,B,B,10,0,17,Acceptable mismatch
1248,64,61,O,B,10,0,3,Acceptable mismatch
1249,34,40,AB,A,10,0,6,ABO mismatch
1250,46,34,A,A,9,0,12,Acceptable mismatch
1251,22,49,O,O,9,0,27,Age mismatch
1252,27,73,O,B,9,0,46,Age mismatch
1253,58,35,O,B,10,0,23,Age mismatch
1254,44,65,O,AB,9,0,21,Age mismatch
1255,69,35,A,B,9,0,34,ABO mismatch
1256,40,35,A,B,10,0,5,ABO mismatch
1257,69,71,A,O,10,0,2,ABO mismatch
1258,69,56,AB,A,10,0,13,ABO mismatch
1259,53,61,A,O,9,1,8,ABO mismatch
1260,20,58,O,O,9,0,38,Age mismatch
1261,29,60,O,B,9,1,31,Age mismatch
1262,39,40,A,A,10,0,1,Acceptable mismatch
1263,39,44,A,B,10,0,5,ABO mismatch
1264,23,29,A,O,9,0,6,ABO mismatch
1265,27,52,A,B,9,0,25,ABO mismatch
1266,48,56,B,B,10,0,8,Acceptable mismatch
1267,69,64,A,AB,10,0,5,Acceptable mismatch
1268,42,63,A,B,10,1,21,ABO mismatch
1269,45,26,B,AB,9,0,19,Acceptable mismatch
1270,55,44,B,AB,8,0,11,Acceptable mismatch
1271,21,23,AB,O,10,0,2,ABO mismatch
1272,68,21,A,A,10,1,47,Antibody mismatch
1273,36,57,B,B,9,0,21,Age mismatch
1274,65,54,B,AB,9,0,11,Acceptable mismatch
1275,60,50,O,A,9,0,10,Acceptable mismatch
1276,69,61,O,O,10,1,8,Acceptable mismatch
1277,57,43,B,B,9,0,14,Acceptable mismatch
1278,43,57,AB,B,10,0,14,ABO mismatch
1279,20,23,A,AB,7,0,3,Acceptable mismatch
1280,57,73,O,B,10,0,16,Acceptable mismatch
1281,25,71,AB,A,9,0,46,ABO mismatch
1282,57,21,A,B,7,1,36,ABO mismatch
1283,52,36,O,O,9,0,16,Acceptable mismatch
1284,56,60,AB,B,10,0,4,ABO mismatch
1285,18,51,O,AB,8,0,33,Age mismatch
1286,50,20,A,A,9,1,30,Antibody mismatch
1287,42,33,B,O,10,0,9,ABO mismatch
1288,27,50,AB,O,9,0,23,ABO mismatch
1289,65,30,B,B,10,0,35,Age mismatch
1290,37,28,O,O,9,0,9,Acceptable mismatch
1291,26,31,B,O,8,0,5,ABO mismatch
1292,64,34,A,AB,10,1,30,Age mismatch
1293,70,72,O,AB,10,0,2,Acceptable mismatch
1294,57,45,A,AB,10,1,12,Antibody mismatch
1295,56,31,A,AB,8,0,25,Age mismatch
1296,29,72,B,A,8,1,43,ABO mismatch
1297,63,71,A,O,10,0,8,ABO mismatch
1298,28,41,B,O,10,0,13,ABO mismatch
1299,29,31,B,B,10,0,2,Acceptable mismatch
1300,30,31,O,B,9,1,1,Antibody mismatch
1301,39,58,AB,A,10,0,19,ABO mismatch
1302,68,39,A,O,9,0,29,ABO mismatch
1303,33,70,AB,O,10,0,37,ABO mismatch
1304,54,49,O,A,10,1,5,Antibody mismatch
1305,60,48,B,A,8,0,12,ABO mismatch
1306,26,55,O,B,9,0,29,Age mismatch
1307,29,25,B,O,10,1,4,ABO mismatch
1308,18,46,A,A,10,0,28,Age mismatch
1309,53,53,AB,A,9,0,0,ABO mismatch
1310,18,41,O,O,9,1,23,Antibody mismatch
1311,56,19,AB,AB,10,0,37,Age mismatch
1312,22,51,A,O,9,0,29,ABO mismatch
1313,29,40,B,AB,10,0,11,Acceptable mismatch
1314,26,18,A,B,10,0,8,ABO mismatch
1315,63,43,A,A,10,0,20,Age mismatch
1316,23,18,B,A,9,0,5,ABO mismatch
1317,18,45,O,O,9,0,27,Age mismatch
1318,59,57,AB,A,9,0,2,ABO mismatch
1319,37,56,A,B,10,0,19,ABO mismatch
1320,62,55,A,O,9,0,7,ABO mismatch
1321,29,37,A,B,9,0,8,ABO mismatch
1322,19,65,B,B,10,0,46,Age mismatch
1323,58,27,O,O,10,0,31,Age mismatch
1324,43,49,B,AB,10,1,6,Antibody mismatch
1325,18,42,A,A,10,0,24,Age mismatch
1326,44,23,AB,B,10,0,21,ABO mismatch
1327,69,34,B,A,10,1,35,ABO mismatch
1328,29,58,O,AB,10,0,29,Age mismatch
1329,55,55,AB,A,9,0,0,ABO mismatch
1330,23,66,AB,B,10,1,43,ABO mismatch
1331,43,30,O,O,10,0,13,Acceptable mismatch
1332,64,41,O,AB,10,0,23,Age mismatch
1333,25,63,O,B,8,0,38,Age mismatch
1334,55,74,O,AB,9,1,19,Antibody mismatch
1335,64,50,A,O,8,0,14,ABO mismatch
1336,33,24,A,AB,9,0,9,Acceptable mismatch
1337,52,71,B,AB,9,1,19,Antibody mismatch
1338,34,60,AB,A,10,0,26,ABO mismatch
1339,59,67,A,A,9,0,8,Acceptable mismatch
1340,27,41,A,AB,8,0,14,Acceptable mismatch
1341,51,65,O,A,10,0,14,Acceptable mismatch
1342,28,73,A,B,10,1,45,ABO mismatch
1343,67,72,B,O,10,0,5,ABO mismatch
1344,38,31,AB,O,8,0,7,ABO mismatch
1345,58,31,A,AB,10,0,27,Age mismatch
1346,21,40,O,B,7,0,19,Acceptable mismatch
1347,22,36,AB,B,9,0,14,ABO mismatch
1348,32,62,A,O,10,0,30,ABO mismatch
1349,49,57,B,B,10,0,8,Acceptable mismatch
1350,49,40,AB,AB,9,0,9,Acceptable mismatch
1351,65,26,O,A,10,0,39,Age mismatch
1352,50,51,O,A,8,0,1,Acceptable mismatch
1353,44,74,B,A,10,0,30,ABO mismatch
1354,51,63,O,B,10,0,12,Acceptable mismatch
1355,60,35,O,B,9,0,25,Age mismatch
1356,62,57,A,AB,10,1,5,Acceptable mismatch
1357,61,29,AB,B,7,0,32,ABO mismatch
1358,22,60,A,AB,9,1,38,Age mismatch
1359,46,47,B,AB,8,0,1,Acceptable mismatch
1360,33,21,AB,A,10,0,12,ABO mismatch
1361,31,52,O,O,9,0,21,Age mismatch
1362,49,25,B,AB,10,0,24,Age mismatch
1363,28,46,O,AB,10,1,18,Acceptable mismatch
1364,44,37,A,B,9,1,7,ABO mismatch
1365,22,58,A,A,9,0,36,Age mismatch
1366,59,58,A,B,7,0,1,ABO mismatch
1367,57,51,O,B,8,0,6,Acceptable mismatch
1368,51,35,B,A,10,0,16,ABO mismatch
1369,29,54,B,AB,9,0,25,Age mismatch
1370,59,71,B,AB,9,0,12,Acceptable mismatch
1371,61,40,AB,A,9,0,21,ABO mismatch
1372,43,71,AB,O,8,1,28,ABO mismatch
1373,46,53,B,AB,9,0,7,Acceptable mismatch
1374,55,29,AB,A,10,0,26,ABO mismatch
1375,32,25,A,AB,8,0,7,Acceptable mismatch
1376,29,18,B,O,10,0,11,ABO mismatch
1377,21,35,B,AB,9,1,14,Acceptable mismatch
1378,27,58,A,A,10,0,31,Age mismatch
1379,20,45,AB,A,10,0,25,ABO mismatch
1380,52,21,AB,A,10,0,31,ABO mismatch
1381,40,62,B,O,9,0,22,ABO mismatch
1382,33,59,A,AB,9,0,26,Age mismatch
1383,32,47,B,A,9,0,15,ABO mismatch
1384,18,23,B,A,10,1,5,ABO mismatch
1385,58,55,O,B,9,1,3,Antibody mismatch
1386,34,40,O,B,10,0,6,Acceptable mismatch
1387,52,30,B,O,9,0,22,ABO mismatch
1388,41,50,B,AB,6,0,9,Acceptable mismatch
1389,38,75,O,B,9,0,37,Age mismatch
1390,23,75,A,B,8,0,52,ABO mismatch
1391,57,56,AB,AB,9,0,1,Acceptable mismatch
1392,19,37,O,AB,8,0,18,Acceptable mismatch
1393,68,56,B,A,9,0,12,ABO mismatch
1394,45,42,O,AB,9,0,3,Acceptable mismatch
1395,31,59,B,B,8,0,28,Age mismatch
1396,69,47,O,A,10,0,22,Age mismatch
1397,60,38,O,A,10,1,22,Age mismatch
1398,24,56,AB,O,9,1,32,ABO mismatch
1399,41,75,O,A,9,0,34,Age mismatch
1400,24,75,A,A,8,1,51,Age mismatch
1401,68,24,O,B,10,1,44,Age mismatch
1402,48,38,O,B,10,0,10,Acceptable mismatch
1403,64,72,O,O,8,1,8,Antibody mismatch
1404,58,46,O,AB,9,0,12,Acceptable mismatch
1405,32,67,A,B,9,0,35,ABO mismatch
1406,35,62,B,AB,10,0,27,Age mismatch
1407,30,35,AB,O,10,0,5,ABO mismatch
1408,58,57,A,B,8,0,1,ABO mismatch
1409,48,53,A,O,9,0,5,ABO mismatch
1410,56,59,O,O,10,0,3,Acceptable mismatch
1411,61,24,A,B,7,1,37,ABO mismatch
1412,60,54,AB,A,10,1,6,ABO mismatch
1413,50,61,B,A,8,0,11,ABO mismatch
1414,50,37,A,A,9,1,13,Antibody mismatch
1415,54,21,AB,AB,9,1,33,Antibody mismatch
1416,64,71,AB,B,8,0,7,ABO mismatch
1417,63,19,AB,A,8,0,44,ABO mismatch
1418,59,43,AB,O,8,1,16,ABO mismatch
1419,67,47,A,AB,9,0,20,Age mismatch
1420,25,22,A,A,8,1,3,Antibody mismatch
1421,65,28,AB,O,8,0,37,ABO mismatch
1422,52,69,O,B,10,1,17,Antibody mismatch
1423,48,49,B,AB,10,0,1,Acceptable mismatch
1424,21,31,B,A,10,0,10,ABO mismatch
1425,24,65,O,AB,9,0,41,Age mismatch
1426,45,20,A,AB,8,0,25,Age mismatch
1427,48,44,AB,O,10,0,4,ABO mismatch
1428,23,58,B,A,10,0,35,ABO mismatch
1429,67,73,B,A,8,0,6,ABO mismatch
1430,55,36,O,B,9,0,19,Acceptable mismatch
1431,62,32,A,O,9,0,30,ABO mismatch
1432,25,46,AB,A,7,0,21,ABO mismatch
1433,56,71,O,AB,10,0,15,Acceptable mismatch
1434,53,36,A,B,10,1,17,ABO mismatch
1435,40,53,O,B,10,0,13,Acceptable mismatch
1436,52,37,AB,AB,9,0,15,Acceptable mismatch
1437,39,45,O,A,9,1,6,Antibody mismatch
1438,33,26,O,A,9,0,7,Acceptable mismatch
1439,57,49,AB,O,10,0,8,ABO mismatch
1440,24,34,B,O,9,0,10,ABO mismatch
1441,48,19,AB,AB,8,1,29,Antibody mismatch
1442,61,48,O,A,8,0,13,Acceptable mismatch
1443,51,72,B,B,9,0,21,Age mismatch
1444,66,67,A,O,9,0,1,ABO mismatch
1445,42,52,O,AB,10,0,10,Acceptable mismatch
1446,64,27,O,O,10,0,37,Age mismatch
1447,49,56,O,AB,9,1,7,Antibody mismatch
1448,65,75,O,O,10,0,10,Acceptable mismatch
1449,62,34,AB,O,9,1,28,ABO mismatch
1450,65,26,O,A,9,0,39,Age mismatch
1451,32,50,AB,O,10,1,18,ABO mismatch
1452,38,22,O,O,10,0,16,Acceptable mismatch
1453,53,45,A,O,9,1,8,ABO mismatch
1454,56,59,B,B,9,0,3,Acceptable mismatch
1455,58,28,B,A,9,0,30,ABO mismatch
1456,30,59,AB,A,9,0,29,ABO mismatch
1457,48,59,AB,A,9,0,11,ABO mismatch
1458,21,27,O,AB,9,1,6,Antibody mismatch
1459,38,24,B,O,10,0,14,ABO mismatch
1460,30,41,A,AB,10,0,11,Acceptable mismatch
1461,70,39,B,B,10,1,31,Antibody mismatch
1462,62,23,AB,AB,9,0,39,Age mismatch
1463,24,38,O,B,10,0,14,Acceptable mismatch
1464,62,44,A,AB,9,0,18,Acceptable mismatch
1465,60,52,AB,O,10,0,8,ABO mismatch
1466,66,33,A,A,10,0,33,Age mismatch
1467,66,43,A,AB,10,0,23,Age mismatch
1468,70,75,B,O,10,0,5,ABO mismatch
1469,26,65,A,A,8,0,39,Age mismatch
1470,27,34,B,A,8,0,7,ABO mismatch
1471,29,34,O,B,9,0,5,Acceptable mismatch
1472,35,21,O,O,9,1,14,Antibody mismatch
1473,53,43,B,O,10,0,10,ABO mismatch
1474,20,23,AB,AB,10,0,3,Acceptable mismatch
1475,22,67,B,A,9,0,45,ABO mismatch
1476,24,38,B,AB,10,0,14,Acceptable mismatch
1477,31,69,B,B,10,0,38,Age mismatch
1478,53,52,AB,A,8,0,1,ABO mismatch
1479,68,72,B,B,10,0,4,Acceptable mismatch
1480,25,71,AB,A,10,0,46,ABO mismatch
1481,51,47,A,A,7,0,4,Acceptable mismatch
1482,54,23,AB,B,10,1,31,ABO mismatch
1483,31,26,AB,O,9,0,5,ABO mismatch
1484,47,61,A,B,10,1,14,ABO mismatch
1485,35,63,A,A,9,1,28,Antibody mismatch
1486,30,31,B,AB,10,0,1,Acceptable mismatch
1487,67,36,AB,A,10,1,31,ABO mismatch
1488,20,29,B,AB,9,0,9,Acceptable mismatch
1489,26,24,B,AB,10,0,2,Acceptable mismatch
1490,34,72,AB,B,8,0,38,ABO mismatch
1491,28,46,AB,AB,8,1,18,Antibody mismatch
1492,37,57,B,AB,9,0,20,Age mismatch
1493,29,73,A,B,9,0,44,ABO mismatch
1494,42,42,O,O,9,0,0,Acceptable mismatch
1495,21,69,AB,O,9,0,48,ABO mismatch
1496,43,71,O,AB,10,1,28,Antibody mismatch
1497,64,64,A,A,10,0,0,Acceptable mismatch
1498,66,41,AB,A,9,0,25,ABO mismatch
1499,43,59,A,O,9,0,16,ABO mismatch
1500,50,50,AB,A,9,0,0,ABO mismatch
1501,26,47,AB,O,10,0,21,ABO mismatch
1502,61,23,AB,AB,9,1,38,Antibody mismatch
1503,25,20,B,B,8,1,5,Antibody mismatch
1504,67,71,O,B,10,0,4,Acceptable mismatch
1505,40,67,O,O,9,0,27,Age mismatch
1506,66,57,AB,A,10,0,9,ABO mismatch
1507,45,70,A,O,9,0,25,ABO mismatch
1508,44,38,A,A,8,0,6,Acceptable mismatch
1509,24,69,A,B,10,0,45,ABO mismatch
1510,25,55,O,A,10,1,30,Antibody mismatch
1511,23,72,O,A,10,1,49,Antibody mismatch
1512,46,30,O,AB,10,0,16,Acceptable mismatch
1513,54,33,A,O,10,1,21,ABO mismatch
1514,41,46,B,B,8,0,5,Acceptable mismatch
1515,20,69,AB,AB,9,1,49,Antibody mismatch
1516,45,28,B,AB,9,0,17,Acceptable mismatch
1517,55,42,AB,B,9,0,13,ABO mismatch
1518,37,48,A,O,10,0,11,ABO mismatch
1519,70,27,O,B,10,0,43,Age mismatch
1520,55,29,AB,A,10,0,26,ABO mismatch
1521,47,23,O,A,10,0,24,Age mismatch
1522,57,46,AB,A,10,0,11,ABO mismatch
1523,62,28,B,AB,10,0,34,Age mismatch
1524,29,41,O,A,10,0,12,Acceptable mismatch
1525,68,49,O,B,10,0,19,Acceptable mismatch
1526,46,64,O,A,8,0,18,Acceptable mismatch
1527,30,70,O,O,10,0,40,Age mismatch
1528,62,51,B,O,10,0,11,ABO mismatch
1529,52,48,A,B,7,0,4,ABO mismatch
1530,49,27,A,B,7,1,22,ABO mismatch
1531,70,49,B,B,10,0,21,Age mismatch
1532,39,50,A,A,10,0,11,Acceptable mismatch
1533,60,43,B,B,8,0,17,Acceptable mismatch
1534,51,25,O,A,8,0,26,Age mismatch
1535,66,56,A,O,10,0,10,ABO mismatch
1536,21,63,O,B,8,0,42,Age mismatch
1537,49,69,O,A,8,0,20,Age mismatch
1538,70,64,O,O,10,0,6,Acceptable mismatch
1539,43,44,A,AB,8,0,1,Acceptable mismatch
1540,60,19,A,AB,10,1,41,Antibody mismatch
1541,49,50,AB,A,10,0,1,ABO mismatch
1542,56,72,O,B,10,1,16,Antibody mismatch
1543,70,54,A,A,9,1,16,Antibody mismatch
1544,30,45,B,A,9,1,15,ABO mismatch
1545,38,19,A,AB,10,0,19,Acceptable mismatch
1546,55,56,O,AB,8,0,1,Acceptable mismatch
1547,40,44,O,O,10,0,4,Acceptable mismatch
1548,24,68,AB,B,9,1,44,ABO mismatch
1549,40,22,AB,O,9,0,18,ABO mismatch
1550,63,59,O,O,10,0,4,Acceptable mismatch
1551,36,24,AB,B,10,0,12,ABO mismatch
1552,28,42,O,B,10,0,14,Acceptable mismatch
1553,42,74,AB,B,10,0,32,ABO mismatch
1554,40,45,O,O,9,0,5,Acceptable mismatch
1555,45,23,A,O,9,0,22,ABO mismatch
1556,49,74,AB,A,9,1,25,ABO mismatch
1557,30,60,B,AB,9,1,30,Antibody mismatch
1558,35,58,A,A,10,1,23,Antibody mismatch
1559,24,26,B,O,10,0,2,ABO mismatch
1560,38,57,O,AB,10,0,19,Acceptable mismatch
1561,39,48,A,A,10,1,9,Antibody mismatch
1562,26,40,O,O,10,1,14,Acceptable mismatch
1563,31,41,O,O,10,1,10,Antibody mismatch
1564,67,32,AB,O,10,0,35,ABO mismatch
1565,61,20,B,B,8,0,41,Age mismatch
1566,41,30,O,A,9,0,11,Acceptable mismatch
1567,59,38,AB,AB,10,0,21,Age mismatch
1568,56,68,O,O,10,0,12,Acceptable mismatch
1569,30,57,B,AB,8,0,27,Age mismatch
1570,60,22,B,O,10,0,38,ABO mismatch
1571,37,38,B,B,10,0,1,Acceptable mismatch
1572,37,58,O,O,9,0,21,Age mismatch
1573,32,32,A,O,9,0,0,ABO mismatch
1574,69,55,O,B,10,0,14,Acceptable mismatch
1575,67,22,O,AB,10,0,45,Age mismatch
1576,56,48,A,B,10,0,8,ABO mismatch
1577,51,31,A,O,9,0,20,ABO mismatch
1578,66,69,O,O,10,1,3,Antibody mismatch
1579,66,69,A,A,10,1,3,Antibody mismatch
1580,30,67,O,A,9,0,37,Age mismatch
1581,60,25,O,A,10,0,35,Age mismatch
1582,42,40,O,O,10,0,2,Acceptable mismatch
1583,21,75,AB,AB,10,0,54,Age mismatch
1584,27,64,B,B,10,0,37,Age mismatch
1585,53,27,O,B,8,0,26,Age mismatch
1586,58,18,B,O,10,0,40,ABO mismatch
1587,61,34,O,AB,8,0,27,Age mismatch
1588,28,74,O,B,7,0,46,Age mismatch
1589,53,25,O,B,10,0,28,Age mismatch
1590,40,48,O,A,10,1,8,Acceptable mismatch
1591,39,55,B,AB,9,0,16,Acceptable mismatch
1592,59,43,A,A,10,1,16,Antibody mismatch
1593,41,42,O,A,9,0,1,Acceptable mismatch
1594,32,65,A,B,9,0,33,ABO mismatch
1595,32,57,AB,B,8,0,25,ABO mismatch
1596,39,68,AB,A,10,0,29,ABO mismatch
1597,32,51,AB,B,9,0,19,ABO mismatch
1598,64,57,A,AB,10,0,7,Acceptable mismatch
1599,55,60,A,AB,8,0,5,Acceptable mismatch
1600,25,44,O,AB,9,0,19,Acceptable mismatch
1601,65,24,A,O,9,0,41,ABO mismatch
1602,34,62,A,O,10,0,28,ABO mismatch
1603,29,38,B,AB,10,0,9,Acceptable mismatch
1604,18,56,B,B,10,0,38,Age mismatch
1605,30,74,O,A,8,0,44,Age mismatch
1606,24,20,AB,A,10,0,4,ABO mismatch
1607,26,35,B,O,7,0,9,ABO mismatch
1608,27,56,A,B,9,1,29,ABO mismatch
1609,44,73,O,B,8,0,29,Age mismatch
1610,70,56,O,AB,10,0,14,Acceptable mismatch
1611,27,72,AB,B,9,0,45,ABO mismatch
1612,47,65,A,O,8,1,18,ABO mismatch
1613,56,29,AB,AB,9,1,27,Antibody mismatch
1614,26,26,B,B,9,0,0,Acceptable mismatch
1615,33,70,B,A,9,0,37,ABO mismatch
1616,44,23,A,B,8,1,21,ABO mismatch
1617,31,20,O,AB,10,0,11,Acceptable mismatch
1618,42,66,A,O,9,1,24,ABO mismatch
1619,48,49,AB,B,9,0,1,ABO mismatch
1620,53,23,O,B,9,0,30,Age mismatch
1621,56,33,O,AB,10,0,23,Age mismatch
1622,48,23,A,A,9,0,25,Age mismatch
1623,53,52,B,A,10,0,1,ABO mismatch
1624,27,74,B,B,9,0,47,Age mismatch
1625,54,66,AB,A,9,0,12,ABO mismatch
1626,50,44,B,AB,9,0,6,Acceptable mismatch
1627,31,54,B,A,10,0,23,ABO mismatch
1628,58,38,AB,B,9,0,20,ABO mismatch
1629,65,67,B,A,9,1,2,ABO mismatch
1630,60,22,B,A,10,1,38,ABO mismatch
1631,28,38,A,O,10,0,10,ABO mismatch
1632,48,48,B,AB,8,1,0,Antibody mismatch
1633,51,56,A,O,10,0,5,ABO mismatch
1634,42,40,AB,B,9,0,2,ABO mismatch
1635,18,55,AB,AB,10,0,37,Age mismatch
1636,53,63,B,A,10,0,10,ABO mismatch
1637,49,44,O,A,10,0,5,Acceptable mismatch
1638,19,35,O,AB,10,1,16,Antibody mismatch
1639,65,35,O,B,7,0,30,Age mismatch
1640,28,72,B,AB,10,0,44,Age mismatch
1641,69,53,AB,A,10,0,16,ABO mismatch
1642,40,48,O,A,10,0,8,Acceptable mismatch
1643,18,31,A,O,8,0,13,ABO mismatch
1644,70,63,B,AB,10,1,7,Antibody mismatch
1645,20,49,O,O,10,0,29,Age mismatch
1646,25,35,A,A,9,1,10,Acceptable mismatch
1647,50,48,B,AB,9,1,2,Acceptable mismatch
1648,39,73,B,A,10,0,34,ABO mismatch
1649,41,35,A,B,9,0,6,ABO mismatch
1650,41,43,B,B,10,0,2,Acceptable mismatch
1651,49,57,O,A,9,0,8,Acceptable mismatch
1652,51,40,AB,B,9,0,11,ABO mismatch
1653,70,59,O,AB,9,0,11,Acceptable mismatch
1654,18,32,AB,O,10,1,14,ABO mismatch
1655,64,48,B,B,10,0,16,Acceptable mismatch
1656,21,27,O,AB,10,0,6,Acceptable mismatch
1657,42,39,O,AB,9,0,3,Acceptable mismatch
1658,22,29,AB,A,9,0,7,ABO mismatch
1659,46,69,A,A,10,0,23,Age mismatch
1660,60,40,A,A,9,1,20,Antibody mismatch
1661,43,19,AB,B,9,0,24,ABO mismatch
1662,31,57,AB,B,9,0,26,ABO mismatch
1663,30,64,AB,O,9,0,34,ABO mismatch
1664,70,56,B,O,8,0,14,ABO mismatch
1665,43,28,AB,A,10,1,15,ABO mismatch
1666,38,37,AB,B,9,0,1,ABO mismatch
1667,60,29,B,O,10,0,31,ABO mismatch
1668,54,56,A,B,9,0,2,ABO mismatch
1669,22,27,B,A,10,0,5,ABO mismatch
1670,22,33,AB,A,9,0,11,ABO mismatch
1671,49,74,B,B,9,0,25,Age mismatch
1672,38,74,B,AB,8,1,36,Antibody mismatch
1673,19,48,A,O,9,0,29,ABO mismatch
1674,21,37,AB,O,8,0,16,ABO mismatch
1675,60,36,AB,B,9,0,24,ABO mismatch
1676,29,72,AB,AB,10,0,43,Age mismatch
1677,19,52,B,A,10,0,33,ABO mismatch
1678,23,24,B,A,9,0,1,ABO mismatch
1679,40,71,A,A,10,0,31,Age mismatch
1680,50,66,O,A,10,1,16,Antibody mismatch
1681,32,39,AB,A,8,0,7,ABO mismatch
1682,46,50,A,A,9,0,4,Acceptable mismatch
1683,38,37,B,B,10,0,1,Acceptable mismatch
1684,67,49,AB,B,9,1,18,ABO mismatch
1685,30,42,A,A,10,0,12,Acceptable mismatch
1686,36,24,O,O,10,0,12,Acceptable mismatch
1687,47,45,AB,B,7,0,2,ABO mismatch
1688,45,48,O,AB,10,1,3,Antibody mismatch
1689,51,64,O,B,9,0,13,Acceptable mismatch
1690,34,70,A,O,9,0,36,ABO mismatch
1691,31,75,AB,O,10,0,44,ABO mismatch
1692,33,42,B,AB,10,0,9,Acceptable mismatch
1693,27,58,A,B,9,0,31,ABO mismatch
1694,27,53,AB,A,9,0,26,ABO mismatch
1695,45,55,A,B,9,0,10,ABO mismatch
1696,50,24,A,O,10,0,26,ABO mismatch
1697,26,53,A,A,9,0,27,Age mismatch
1698,35,49,A,O,10,0,14,ABO mismatch
1699,29,55,O,A,10,0,26,Age mismatch
1700,42,52,A,B,9,0,10,ABO mismatch
1701,41,38,O,A,9,0,3,Acceptable mismatch
1702,50,24,A,B,8,0,26,ABO mismatch
1703,20,50,AB,AB,9,0,30,Age mismatch
1704,69,48,O,B,8,0,21,Age mismatch
1705,57,57,B,O,9,0,0,ABO mismatch
1706,33,49,A,O,9,1,16,ABO mismatch
1707,61,40,O,AB,9,0,21,Age mismatch
1708,60,19,O,O,10,0,41,Age mismatch
1709,48,41,B,A,10,1,7,ABO mismatch
1710,63,30,B,AB,9,0,33,Age mismatch
1711,41,40,O,AB,10,0,1,Acceptable mismatch
1712,64,68,O,B,10,0,4,Acceptable mismatch
1713,44,69,AB,AB,10,0,25,Age mismatch
1714,57,31,AB,A,9,1,26,ABO mismatch
1715,47,64,AB,AB,9,0,17,Acceptable mismatch
1716,35,43,AB,B,10,0,8,ABO mismatch
1717,54,50,AB,O,10,1,4,ABO mismatch
1718,39,66,B,AB,9,1,27,Antibody mismatch
1719,44,59,A,AB,10,0,15,Acceptable mismatch
1720,20,69,B,AB,10,0,49,Age mismatch
1721,25,22,A,AB,8,0,3,Acceptable mismatch
1722,70,55,AB,AB,10,0,15,Acceptable mismatch
1723,20,67,O,A,9,0,47,Age mismatch
1724,44,71,O,AB,10,0,27,Age mismatch
1725,60,50,A,AB,9,0,10,Acceptable mismatch
1726,66,26,O,A,10,0,40,Age mismatch
1727,40,41,O,A,10,0,1,Acceptable mismatch
1728,26,20,AB,A,9,0,6,ABO mismatch
1729,28,21,AB,B,10,0,7,ABO mismatch
1730,25,53,AB,B,8,0,28,ABO mismatch
1731,68,26,AB,B,10,1,42,ABO mismatch
1732,29,59,A,AB,9,0,30,Age mismatch
1733,61,55,A,O,9,0,6,ABO mismatch
1734,27,26,O,AB,9,0,1,Acceptable mismatch
1735,18,36,B,B,9,0,18,Acceptable mismatch
1736,18,31,A,AB,10,1,13,Acceptable mismatch
1737,39,59,A,B,10,0,20,ABO mismatch
1738,39,71,A,O,10,0,32,ABO mismatch
1739,41,47,O,A,9,0,6,Acceptable mismatch
1740,49,70,B,O,8,0,21,ABO mismatch
1741,41,52,B,A,8,0,11,ABO mismatch
1742,45,22,O,A,9,0,23,Age mismatch
1743,45,19,AB,A,8,0,26,ABO mismatch
1744,65,23,A,B,10,1,42,ABO mismatch
1745,69,74,AB,B,10,1,5,ABO mismatch
1746,26,44,AB,AB,8,0,18,Acceptable mismatch
1747,56,36,B,B,9,0,20,Age mismatch
1748,43,45,B,A,10,0,2,ABO mismatch
1749,65,41,AB,A,10,0,24,ABO mismatch
1750,69,72,B,A,10,0,3,ABO mismatch
1751,67,23,O,A,10,0,44,Age mismatch
1752,69,20,O,O,10,0,49,Age mismatch
1753,64,49,B,B,8,0,15,Acceptable mismatch
1754,38,65,B,O,10,0,27,ABO mismatch
1755,18,30,A,AB,10,1,12,Acceptable mismatch
1756,68,35,A,A,10,1,33,Age mismatch
1757,26,21,A,A,10,0,5,Acceptable mismatch
1758,41,62,B,AB,9,0,21,Age mismatch
1759,23,29,B,AB,10,1,6,Acceptable mismatch
1760,27,72,O,A,8,1,45,Age mismatch
1761,40,29,B,B,9,0,11,Acceptable mismatch
1762,56,32,O,AB,10,0,24,Age mismatch
1763,67,24,AB,B,9,0,43,ABO mismatch
1764,31,56,AB,B,10,1,25,ABO mismatch
1765,34,70,B,B,10,1,36,Antibody mismatch
1766,26,58,A,AB,9,0,32,Age mismatch
1767,58,65,A,A,9,0,7,Acceptable mismatch
1768,44,38,O,A,10,1,6,Acceptable mismatch
1769,38,19,A,B,9,1,19,ABO mismatch
1770,68,22,B,B,8,1,46,Antibody mismatch
1771,62,19,O,AB,10,0,43,Age mismatch
1772,54,70,A,B,10,0,16,ABO mismatch
1773,19,47,O,O,10,0,28,Age mismatch
1774,70,27,A,AB,9,0,43,Age mismatch
1775,33,26,B,A,10,0,7,ABO mismatch
1776,65,58,AB,B,8,0,7,ABO mismatch
1777,52,67,O,B,9,0,15,Acceptable mismatch
1778,54,36,B,AB,10,0,18,Acceptable mismatch
1779,29,27,AB,A,9,0,2,ABO mismatch
1780,27,39,O,AB,9,0,12,Acceptable mismatch
1781,39,33,O,A,9,0,6,Acceptable mismatch
1782,20,24,A,B,9,0,4,ABO mismatch
1783,65,34,A,A,9,1,31,Antibody mismatch
1784,37,60,AB,AB,9,0,23,Age mismatch
1785,50,64,B,B,9,0,14,Acceptable mismatch
1786,26,25,O,AB,10,0,1,Acceptable mismatch
1787,66,38,A,AB,9,0,28,Age mismatch
1788,38,31,A,B,9,1,7,ABO mismatch
1789,32,65,B,O,9,1,33,ABO mismatch
1790,44,65,AB,B,10,0,21,ABO mismatch
1791,25,48,A,A,10,0,23,Age mismatch
1792,64,49,AB,AB,10,1,15,Acceptable mismatch
1793,52,70,AB,O,10,0,18,ABO mismatch
1794,28,21,A,B,9,0,7,ABO mismatch
1795,43,42,A,O,9,0,1,ABO mismatch
1796,20,57,AB,AB,9,1,37,Antibody mismatch
1797,41,55,O,B,9,0,14,Acceptable mismatch
1798,63,18,A,B,9,0,45,ABO mismatch
1799,56,34,AB,AB,9,0,22,Age mismatch
1800,34,38,AB,O,10,0,4,ABO mismatch
1801,45,63,O,A,10,0,18,Acceptable mismatch
1802,48,55,O,B,8,0,7,Acceptable mismatch
1803,35,45,A,O,10,0,10,ABO mismatch
1804,46,57,B,AB,10,0,11,Acceptable mismatch
1805,25,53,B,AB,10,0,28,Age mismatch
1806,62,50,O,AB,10,1,12,Antibody mismatch
1807,35,31,O,B,9,0,4,Acceptable mismatch
1808,45,49,A,B,10,0,4,ABO mismatch
1809,65,26,O,O,10,0,39,Age mismatch
1810,29,70,A,O,10,1,41,ABO mismatch
1811,57,20,A,A,10,1,37,Antibody mismatch
1812,33,74,A,A,10,0,41,Age mismatch
1813,69,67,B,B,9,0,2,Acceptable mismatch
1814,35,50,B,AB,10,0,15,Acceptable mismatch
1815,58,49,A,B,10,0,9,ABO mismatch
1816,32,52,O,A,10,0,20,Age mismatch
1817,39,35,AB,A,9,0,4,ABO mismatch
1818,28,28,B,B,9,1,0,Acceptable mismatch
1819,42,26,A,AB,10,0,16,Acceptable mismatch
1820,66,62,AB,A,9,0,4,ABO mismatch
1821,31,75,A,O,10,0,44,ABO mismatch
1822,26,19,A,O,9,0,7,ABO mismatch
1823,46,53,AB,AB,9,0,7,Acceptable mismatch
1824,70,57,AB,B,10,0,13,ABO mismatch
1825,24,59,B,AB,10,0,35,Age mismatch
1826,61,34,O,B,10,0,27,Age mismatch
1827,23,68,B,B,8,1,45,Age mismatch
1828,32,19,B,A,10,1,13,ABO mismatch
1829,41,33,AB,O,10,0,8,ABO mismatch
1830,42,22,A,A,10,0,20,Age mismatch
1831,62,66,A,O,9,0,4,ABO mismatch
1832,64,74,O,A,9,0,10,Acceptable mismatch
1833,68,30,O,O,10,0,38,Age mismatch
1834,64,54,A,AB,8,0,10,Acceptable mismatch
1835,33,36,B,O,10,0,3,ABO mismatch
1836,44,20,O,A,9,0,24,Age mismatch
1837,35,30,A,O,9,0,5,ABO mismatch
1838,70,48,AB,AB,10,0,22,Age mismatch
1839,22,24,B,O,8,0,2,ABO mismatch
1840,26,42,B,AB,8,0,16,Acceptable mismatch
1841,28,75,B,B,9,0,47,Age mismatch
1842,25,65,B,A,10,0,40,ABO mismatch
1843,51,60,O,A,10,0,9,Acceptable mismatch
1844,24,23,AB,B,9,0,1,ABO mismatch
1845,19,24,O,A,9,0,5,Acceptable mismatch
1846,54,54,A,AB,9,0,0,Acceptable mismatch
1847,50,35,AB,B,10,0,15,ABO mismatch
1848,29,44,A,O,8,0,15,ABO mismatch
1849,66,63,AB,O,10,0,3,ABO mismatch
1850,33,68,O,B,8,0,35,Age mismatch
1851,59,72,B,A,9,0,13,ABO mismatch
1852,41,29,A,B,9,0,12,ABO mismatch
1853,58,59,A,B,10,0,1,ABO mismatch
1854,45,49,O,B,7,0,4,Acceptable mismatch
1855,40,70,O,A,10,0,30,Age mismatch
1856,50,56,B,O,9,0,6,ABO mismatch
1857,28,71,O,A,9,0,43,Age mismatch
1858,38,34,O,O,9,0,4,Acceptable mismatch
1859,61,33,A,A,10,0,28,Age mismatch
1860,49,41,A,O,10,0,8,ABO mismatch
1861,21,36,A,B,9,1,15,ABO mismatch
1862,51,75,A,AB,10,0,24,Age mismatch
1863,56,24,B,B,10,0,32,Age mismatch
1864,26,30,A,AB,9,0,4,Acceptable mismatch
1865,47,38,B,A,9,0,9,ABO mismatch
1866,39,28,AB,O,10,0,11,ABO mismatch
1867,26,52,O,B,9,1,26,Age mismatch
1868,40,21,O,A,10,0,19,Acceptable mismatch
1869,26,71,B,B,10,0,45,Age mismatch
1870,26,63,O,AB,7,0,37,Age mismatch
1871,59,47,O,O,10,0,12,Acceptable mismatch
1872,44,67,O,A,10,0,23,Age mismatch
1873,35,33,O,A,10,1,2,Antibody mismatch
1874,67,59,O,AB,9,1,8,Antibody mismatch
1875,46,36,O,O,10,0,10,Acceptable mismatch
1876,25,65,O,O,10,0,40,Age mismatch
1877,51,29,AB,B,9,0,22,ABO mismatch
1878,60,38,B,O,10,1,22,ABO mismatch
1879,40,70,AB,AB,10,0,30,Age mismatch
1880,69,59,AB,O,9,0,10,ABO mismatch
1881,64,42,AB,O,9,0,22,ABO mismatch
1882,66,69,B,B,10,0,3,Acceptable mismatch
1883,60,51,A,B,10,1,9,ABO mismatch
1884,22,70,AB,AB,7,0,48,Age mismatch
1885,66,70,B,AB,8,0,4,Acceptable mismatch
1886,61,56,O,O,10,0,5,Acceptable mismatch
1887,40,63,O,AB,9,0,23,Age mismatch
1888,56,20,B,A,10,0,36,ABO mismatch
1889,43,19,A,B,9,0,24,ABO mismatch
1890,55,68,B,A,10,0,13,ABO mismatch
1891,36,35,A,AB,10,0,1,Acceptable mismatch
1892,28,47,O,O,10,0,19,Acceptable mismatch
1893,33,49,AB,A,9,1,16,ABO mismatch
1894,20,36,A,O,10,0,16,ABO mismatch
1895,19,46,AB,O,10,0,27,ABO mismatch
1896,64,45,O,AB,9,0,19,Acceptable mismatch
1897,30,57,B,A,10,0,27,ABO mismatch
1898,55,40,A,AB,9,0,15,Acceptable mismatch
1899,64,73,AB,O,10,0,9,ABO mismatch
1900,27,26,A,AB,9,0,1,Acceptable mismatch
1901,44,67,O,O,9,0,23,Age mismatch
1902,53,69,O,AB,10,0,16,Acceptable mismatch
1903,58,43,AB,B,10,1,15,ABO mismatch
1904,55,34,B,AB,10,0,21,Age mismatch
1905,24,64,B,A,9,0,40,ABO mismatch
1906,35,39,B,A,10,0,4,ABO mismatch
1907,57,65,O,AB,9,1,8,Antibody mismatch
1908,67,64,AB,O,8,0,3,ABO mismatch
1909,48,27,A,AB,9,0,21,Age mismatch
1910,28,29,O,AB,9,1,1,Antibody mismatch
1911,21,64,B,AB,10,1,43,Antibody mismatch
1912,18,19,B,B,9,0,1,Acceptable mismatch
1913,62,31,O,A,10,0,31,Age mismatch
1914,20,56,AB,AB,7,0,36,Age mismatch
1915,60,42,O,O,10,0,18,Acceptable mismatch
1916,52,31,B,A,9,0,21,ABO mismatch
1917,36,27,A,AB,8,0,9,Acceptable mismatch
1918,54,64,B,O,10,0,10,ABO mismatch
1919,35,62,A,AB,9,1,27,Age mismatch
1920,60,51,AB,O,9,0,9,ABO mismatch
1921,54,67,A,B,9,1,13,ABO mismatch
1922,44,50,B,AB,10,0,6,Acceptable mismatch
1923,19,45,B,B,9,0,26,Age mismatch
1924,30,39,AB,B,9,0,9,ABO mismatch
1925,61,57,A,A,8,1,4,Antibody mismatch
1926,18,48,B,O,10,0,30,ABO mismatch
1927,30,41,B,B,10,0,11,Acceptable mismatch
1928,70,36,A,AB,10,0,34,Age mismatch
1929,31,49,AB,A,10,0,18,ABO mismatch
1930,50,36,B,O,10,0,14,ABO mismatch
1931,66,38,B,O,10,0,28,ABO mismatch
1932,62,65,A,O,10,0,3,ABO mismatch
1933,29,37,O,B,9,0,8,Acceptable mismatch
1934,52,31,AB,O,10,0,21,ABO mismatch
1935,23,51,A,B,10,0,28,ABO mismatch
1936,64,60,AB,AB,9,0,4,Acceptable mismatch
1937,55,60,AB,A,7,0,5,ABO mismatch
1938,33,40,A,O,10,0,7,ABO mismatch
1939,27,66,O,A,8,0,39,Age mismatch
1940,21,22,A,AB,8,0,1,Acceptable mismatch
1941,24,26,B,O,10,0,2,ABO mismatch
1942,66,49,AB,B,10,0,17,ABO mismatch
1943,21,33,B,B,10,0,12,Acceptable mismatch
1944,35,53,B,AB,9,0,18,Acceptable mismatch
1945,52,45,A,AB,9,0,7,Acceptable mismatch
1946,43,57,AB,A,10,0,14,ABO mismatch
1947,66,47,O,B,9,0,19,Acceptable mismatch
1948,51,31,B,AB,10,0,20,Age mismatch
1949,60,65,B,AB,9,0,5,Acceptable mismatch
1950,50,56,A,B,10,0,6,ABO mismatch
1951,55,74,A,O,10,0,19,ABO mismatch
1952,53,53,O,A,8,0,0,Acceptable mismatch
1953,37,59,O,A,9,1,22,Antibody mismatch
1954,57,60,A,B,9,0,3,ABO mismatch
1955,43,68,A,O,9,0,25,ABO mismatch
1956,49,31,A,AB,10,0,18,Acceptable mismatch
1957,27,75,AB,A,10,0,48,ABO mismatch
1958,28,39,A,AB,10,0,11,Acceptable mismatch
1959,69,29,A,A,9,0,40,Age mismatch
1960,69,44,B,AB,9,0,25,Age mismatch
1961,26,69,B,A,9,0,43,ABO mismatch
1962,37,54,B,O,10,0,17,ABO mismatch
1963,26,19,B,A,10,1,7,ABO mismatch
1964,19,35,B,A,9,0,16,ABO mismatch
1965,40,56,O,A,10,0,16,Acceptable mismatch
1966,69,70,B,A,7,0,1,ABO mismatch
1967,68,38,AB,A,8,0,30,ABO mismatch
1968,57,30,A,B,9,0,27,ABO mismatch
1969,23,52,B,B,10,0,29,Age mismatch
1970,49,53,B,B,10,0,4,Acceptable mismatch
1971,20,65,O,AB,7,1,45,Antibody mismatch
1972,65,30,A,AB,9,0,35,Age mismatch
1973,19,52,B,AB,10,1,33,Age mismatch
1974,70,60,B,A,10,0,10,ABO mismatch
1975,52,34,O,AB,9,0,18,Acceptable mismatch
1976,63,45,A,O,10,0,18,ABO mismatch
1977,34,38,AB,AB,8,0,4,Acceptable mismatch
1978,40,54,A,O,10,1,14,ABO mismatch
1979,38,25,B,A,9,1,13,ABO mismatch
1980,63,53,O,O,7,0,10,Acceptable mismatch
1981,52,48,B,AB,9,1,4,Antibody mismatch
1982,23,53,A,O,9,0,30,ABO mismatch
1983,59,70,O,B,10,0,11,Acceptable mismatch
1984,48,32,B,B,8,0,16,Acceptable mismatch
1985,69,24,AB,O,10,1,45,ABO mismatch
1986,20,26,AB,A,10,0,6,ABO mismatch
1987,55,48,A,AB,10,1,7,Antibody mismatch
1988,20,32,AB,AB,8,0,12,Acceptable mismatch
1989,46,45,O,AB,10,0,1,Acceptable mismatch
1990,70,34,A,A,10,0,36,Age mismatch
1991,18,25,O,B,10,0,7,Acceptable mismatch
1992,44,49,O,O,8,0,5,Acceptable mismatch
1993,41,34,AB,A,10,0,7,ABO mismatch
1994,28,42,B,O,10,0,14,ABO mismatch
1995,70,39,B,B,8,0,31,Age mismatch
1996,26,39,B,O,10,0,13,ABO mismatch
1997,55,21,O,O,8,0,34,Age mismatch
1998,68,55,B,AB,9,0,13,Acceptable mismatch
1999,21,31,B,A,9,0,10,ABO mismatch
2000,33,23,B,O,10,1,10,ABO mismatch
2001,45,28,AB,B,8,1,17,ABO mismatch
2002,53,55,O,B,9,0,2,Acceptable mismatch
2003,29,54,O,O,9,0,25,Age mismatch
2004,63,57,B,B,10,0,6,Acceptable mismatch
2005,25,47,B,O,10,0,22,ABO mismatch
2006,36,24,AB,O,9,0,12,ABO mismatch
2007,58,20,O,O,10,0,38,Age mismatch
2008,53,44,B,A,10,0,9,ABO mismatch
2009,35,26,B,B,8,0,9,Acceptable mismatch
2010,60,33,B,AB,10,0,27,Age mismatch
2011,27,71,A,O,9,0,44,ABO mismatch
2012,24,19,A,B,8,0,5,ABO mismatch
2013,21,65,B,A,10,0,44,ABO mismatch
2014,58,41,AB,B,9,0,17,ABO mismatch
2015,55,41,O,AB,8,0,14,Acceptable mismatch
2016,19,50,AB,O,10,1,31,ABO mismatch
2017,42,56,O,AB,10,0,14,Acceptable mismatch
2018,56,64,AB,O,10,1,8,ABO mismatch
2019,31,19,AB,AB,10,0,12,Acceptable mismatch
2020,50,69,AB,B,10,0,19,ABO mismatch
2021,64,34,O,B,8,1,30,Antibody mismatch
2022,29,52,O,B,9,0,23,Age mismatch
2023,46,65,AB,O,10,1,19,ABO mismatch
2024,40,71,B,A,10,0,31,ABO mismatch
2025,34,31,B,A,9,0,3,ABO mismatch
2026,50,67,B,B,10,0,17,Acceptable mismatch
2027,65,18,AB,AB,9,0,47,Age mismatch
2028,20,34,B,AB,9,0,14,Acceptable mismatch
2029,25,60,O,O,10,0,35,Age mismatch
2030,49,37,A,A,10,0,12,Acceptable mismatch
2031,69,35,B,O,10,0,34,ABO mismatch
2032,23,53,B,B,8,0,30,Age mismatch
2033,36,24,O,AB,10,0,12,Acceptable mismatch
2034,53,45,A,AB,9,0,8,Acceptable mismatch
2035,60,24,B,AB,9,0,36,Age mismatch
2036,61,27,AB,B,10,0,34,ABO mismatch
2037,58,74,AB,A,10,0,16,ABO mismatch
2038,62,33,O,B,9,1,29,Antibody mismatch
2039,69,38,AB,B,10,0,31,ABO mismatch
2040,19,64,A,A,9,0,45,Age mismatch
2041,40,38,A,AB,10,0,2,Acceptable mismatch
2042,33,21,AB,AB,9,0,12,Acceptable mismatch
2043,50,64,B,O,10,0,14,ABO mismatch
2044,70,68,AB,A,10,1,2,ABO mismatch
2045,22,72,O,O,10,0,50,Age mismatch
2046,69,57,A,B,9,0,12,ABO mismatch
2047,38,67,O,A,10,0,29,Age mismatch
2048,27,29,B,B,7,0,2,Acceptable mismatch
2049,48,54,A,B,10,0,6,ABO mismatch
2050,33,46,A,AB,7,1,13,Acceptable mismatch
2051,20,41,O,B,10,0,21,Age mismatch
2052,45,69,B,O,10,0,24,ABO mismatch
2053,19,42,B,B,10,0,23,Age mismatch
2054,33,61,AB,O,10,0,28,ABO mismatch
2055,50,48,O,O,10,1,2,Antibody mismatch
2056,26,19,A,O,9,1,7,ABO mismatch
2057,20,62,B,A,8,0,42,ABO mismatch
2058,23,63,A,AB,8,0,40,Age mismatch
2059,47,36,B,A,10,0,11,ABO mismatch
2060,56,49,A,A,9,0,7,Acceptable mismatch
2061,56,47,B,B,9,0,9,Acceptable mismatch
2062,46,22,O,A,9,0,24,Age mismatch
2063,38,61,A,A,9,0,23,Age mismatch
2064,36,46,O,O,8,0,10,Acceptable mismatch
2065,51,70,O,A,9,0,19,Acceptable mismatch
2066,53,62,O,AB,8,0,9,Acceptable mismatch
2067,32,66,AB,O,8,1,34,ABO mismatch
2068,64,30,A,A,10,0,34,Age mismatch
2069,66,38,A,B,9,1,28,ABO mismatch
2070,56,66,AB,A,9,0,10,ABO mismatch
2071,67,66,O,B,9,0,1,Acceptable mismatch
2072,29,45,B,B,10,0,16,Acceptable mismatch
2073,42,19,B,A,8,1,23,ABO mismatch
2074,62,42,O,B,10,0,20,Age mismatch
2075,22,49,A,O,9,1,27,ABO mismatch
2076,23,64,AB,B,10,0,41,ABO mismatch
2077,49,42,B,B,10,0,7,Acceptable mismatch
2078,55,33,A,A,10,0,22,Age mismatch
2079,68,24,O,AB,8,0,44,Age mismatch
2080,46,59,AB,O,10,1,13,ABO mismatch
2081,18,65,AB,O,9,1,47,ABO mismatch
2082,69,69,AB,B,9,1,0,ABO mismatch
2083,36,41,A,A,10,0,5,Acceptable mismatch
2084,56,19,A,B,9,0,37,ABO mismatch
2085,36,46,B,B,9,1,10,Antibody mismatch
2086,45,64,B,A,9,0,19,ABO mismatch
2087,23,28,A,A,10,0,5,Acceptable mismatch
2088,65,59,B,O,9,0,6,ABO mismatch
2089,51,68,AB,A,9,1,17,ABO mismatch
2090,67,48,B,AB,9,0,19,Acceptable mismatch
2091,55,54,O,B,9,0,1,Acceptable mismatch
2092,46,72,B,A,7,0,26,ABO mismatch
2093,21,50,A,O,8,0,29,ABO mismatch
2094,54,53,AB,A,9,0,1,ABO mismatch
2095,33,46,A,O,10,0,13,ABO mismatch
2096,45,54,A,AB,9,1,9,Acceptable mismatch
2097,57,66,AB,A,10,1,9,ABO mismatch
2098,44,28,AB,A,10,0,16,ABO mismatch
2099,20,20,AB,O,10,1,0,ABO mismatch
2100,38,69,A,O,10,0,31,ABO mismatch
2101,48,38,B,A,9,0,10,ABO mismatch
2102,48,31,A,AB,10,0,17,Acceptable mismatch
2103,38,19,B,A,9,0,19,ABO mismatch
2104,18,74,O,A,9,0,56,Age mismatch
2105,39,66,AB,O,7,1,27,ABO mismatch
2106,35,37,A,A,9,1,2,Antibody mismatch
2107,70,32,O,O,10,1,38,Antibody mismatch
2108,53,48,B,A,9,0,5,ABO mismatch
2109,57,71,AB,AB,8,0,14,Acceptable mismatch
2110,37,69,O,AB,9,0,32,Age mismatch
2111,39,48,O,O,9,0,9,Acceptable mismatch
2112,35,28,O,O,10,0,7,Acceptable mismatch
2113,34,36,O,O,9,1,2,Antibody mismatch
2114,32,66,AB,AB,10,0,34,Age mismatch
2115,48,65,A,A,9,0,17,Acceptable mismatch
2116,62,66,AB,A,10,0,4,ABO mismatch
2117,30,45,O,AB,8,0,15,Acceptable mismatch
2118,20,51,B,A,10,1,31,ABO mismatch
2119,48,34,O,B,10,0,14,Acceptable mismatch
2120,22,55,AB,AB,10,0,33,Age mismatch
2121,28,29,A,A,9,0,1,Acceptable mismatch
2122,67,19,A,O,8,0,48,ABO mismatch
2123,69,23,B,B,10,0,46,Age mismatch
2124,23,73,B,O,9,0,50,ABO mismatch
2125,25,64,A,B,10,0,39,ABO mismatch
2126,27,51,A,A,10,0,24,Age mismatch
2127,63,26,O,AB,10,1,37,Antibody mismatch
2128,21,32,O,O,8,0,11,Acceptable mismatch
2129,32,51,B,B,9,0,19,Acceptable mismatch
2130,21,60,A,AB,10,0,39,Age mismatch
2131,27,72,B,AB,8,0,45,Age mismatch
2132,22,46,AB,A,8,1,24,ABO mismatch
2133,32,48,O,A,10,0,16,Acceptable mismatch
2134,22,41,O,B,8,0,19,Acceptable mismatch
2135,22,72,AB,AB,10,0,50,Age mismatch
2136,36,19,O,O,8,0,17,Acceptable mismatch
2137,48,25,A,O,9,0,23,ABO mismatch
2138,66,22,AB,O,10,1,44,ABO mismatch
2139,70,54,A,B,8,0,16,ABO mismatch
2140,44,63,B,O,9,0,19,ABO mismatch
2141,62,51,B,B,9,0,11,Acceptable mismatch
2142,30,75,O,B,10,0,45,Age mismatch
2143,33,18,B,AB,10,0,15,Acceptable mismatch
2144,20,68,A,AB,8,0,48,Age mismatch
2145,46,33,B,A,9,0,13,ABO mismatch
2146,36,70,B,B,9,0,34,Age mismatch
2147,37,57,B,AB,10,0,20,Age mismatch
2148,27,60,AB,O,7,0,33,ABO mismatch
2149,43,36,B,A,10,0,7,ABO mismatch
2150,57,51,AB,B,9,0,6,ABO mismatch
2151,68,66,A,AB,9,1,2,Antibody mismatch
2152,68,30,A,O,10,0,38,ABO mismatch
2153,39,39,AB,AB,10,0,0,Acceptable mismatch
2154,28,41,AB,A,10,0,13,ABO mismatch
2155,34,27,A,B,9,0,7,ABO mismatch
2156,20,60,AB,O,10,1,40,ABO mismatch
2157,54,38,B,AB,10,0,16,Acceptable mismatch
2158,52,30,AB,AB,10,0,22,Age mismatch
2159,29,22,O,B,10,0,7,Acceptable mismatch
2160,64,74,B,A,10,0,10,ABO mismatch
2161,68,48,B,B,10,1,20,Antibody mismatch
2162,29,46,A,A,10,1,17,Antibody mismatch
2163,70,23,B,AB,9,0,47,Age mismatch
2164,31,59,O,AB,8,1,28,Antibody mismatch
2165,32,18,AB,B,10,0,14,ABO mismatch
2166,45,45,A,O,10,0,0,ABO mismatch
2167,37,73,A,B,10,1,36,ABO mismatch
2168,48,25,B,AB,9,0,23,Age mismatch
2169,46,20,B,A,8,1,26,ABO mismatch
2170,64,35,AB,A,10,1,29,ABO mismatch
2171,38,66,O,O,10,0,28,Age mismatch
2172,70,51,B,AB,9,1,19,Antibody mismatch
2173,42,52,A,B,10,0,10,ABO mismatch
2174,63,48,B,A,9,0,15,ABO mismatch
2175,53,46,AB,A,9,1,7,ABO mismatch
2176,43,64,AB,AB,10,1,21,Age mismatch
2177,54,49,A,B,8,1,5,ABO mismatch
2178,54,24,AB,A,9,0,30,ABO mismatch
2179,63,28,AB,O,9,0,35,ABO mismatch
2180,25,47,O,O,9,1,22,Antibody mismatch
2181,57,59,O,B,10,0,2,Acceptable mismatch
2182,41,51,O,O,9,1,10,Antibody mismatch
2183,49,36,O,AB,9,0,13,Acceptable mismatch
2184,38,51,A,B,10,0,13,ABO mismatch
2185,25,68,O,A,9,0,43,Age mismatch
2186,53,25,A,AB,9,0,28,Age mismatch
2187,51,25,O,AB,10,0,26,Age mismatch
2188,48,23,B,A,10,0,25,ABO mismatch
2189,26,52,AB,AB,8,1,26,Antibody mismatch
2190,57,74,O,O,9,0,17,Acceptable mismatch
2191,40,25,B,B,9,1,15,Antibody mismatch
2192,24,49,A,O,10,0,25,ABO mismatch
2193,58,36,AB,B,8,0,22,ABO mismatch
2194,31,56,B,O,10,0,25,ABO mismatch
2195,42,40,AB,AB,9,0,2,Acceptable mismatch
2196,62,25,O,O,10,1,37,Antibody mismatch
2197,62,47,O,A,10,0,15,Acceptable mismatch
2198,67,50,B,B,10,0,17,Acceptable mismatch
2199,62,46,O,AB,9,0,16,Acceptable mismatch
2200,48,33,A,AB,10,0,15,Acceptable mismatch
2201,34,73,A,O,9,0,39,ABO mismatch
2202,56,28,AB,O,10,0,28,ABO mismatch
2203,41,72,AB,A,10,0,31,ABO mismatch
2204,39,57,B,B,10,0,18,Acceptable mismatch
2205,37,74,O,A,10,0,37,Age mismatch
2206,57,66,O,AB,10,0,9,Acceptable mismatch
2207,68,23,O,A,10,0,45,Age mismatch
2208,39,33,AB,A,10,1,6,ABO mismatch
2209,54,33,O,A,9,0,21,Age mismatch
2210,53,60,AB,B,9,1,7,ABO mismatch
2211,34,38,A,O,10,0,4,ABO mismatch
2212,20,34,O,A,9,1,14,Antibody mismatch
2213,62,71,A,B,10,0,9,ABO mismatch
2214,24,30,AB,O,10,0,6,ABO mismatch
2215,38,61,A,A,10,0,23,Age mismatch
2216,57,29,AB,O,10,0,28,ABO mismatch
2217,68,67,O,AB,10,0,1,Acceptable mismatch
2218,59,54,A,AB,9,0,5,Acceptable mismatch
2219,28,61,AB,A,9,0,33,ABO mismatch
2220,31,68,AB,A,10,0,37,ABO mismatch
2221,26,38,AB,AB,10,0,12,Acceptable mismatch
2222,58,33,A,AB,10,0,25,Age mismatch
2223,30,48,AB,O,10,0,18,ABO mismatch
2224,56,62,AB,AB,9,0,6,Acceptable mismatch
2225,64,63,B,O,9,0,1,ABO mismatch
2226,20,37,B,O,10,0,17,ABO mismatch
2227,61,60,O,B,8,0,1,Acceptable mismatch
2228,45,38,O,B,10,0,7,Acceptable mismatch
2229,46,35,A,A,9,0,11,Acceptable mismatch
2230,26,40,AB,A,10,0,14,ABO mismatch
2231,70,59,O,A,8,0,11,Acceptable mismatch
2232,67,26,B,B,10,0,41,Age mismatch
2233,69,61,AB,O,10,0,8,ABO mismatch
2234,68,51,A,A,10,0,17,Acceptable mismatch
2235,18,74,AB,O,9,0,56,ABO mismatch
2236,21,19,O,A,9,0,2,Acceptable mismatch
2237,33,66,AB,A,10,0,33,ABO mismatch
2238,70,22,A,AB,8,1,48,Antibody mismatch
2239,61,38,AB,B,9,0,23,ABO mismatch
2240,63,56,AB,B,9,0,7,ABO mismatch
2241,29,71,A,A,9,0,42,Age mismatch
2242,43,46,AB,AB,10,1,3,Acceptable mismatch
2243,59,51,O,A,10,0,8,Acceptable mismatch
2244,62,18,A,A,9,1,44,Antibody mismatch
2245,42,33,O,O,10,0,9,Acceptable mismatch
2246,42,25,O,O,8,0,17,Acceptable mismatch
2247,70,46,AB,B,9,0,24,ABO mismatch
2248,20,18,AB,B,10,0,2,ABO mismatch
2249,63,70,O,AB,10,0,7,Acceptable mismatch
2250,38,68,B,O,9,1,30,ABO mismatch
2251,56,30,O,B,9,0,26,Age mismatch
2252,36,59,A,AB,9,0,23,Age mismatch
2253,41,52,B,B,9,0,11,Acceptable mismatch
2254,52,36,A,AB,9,0,16,Acceptable mismatch
2255,20,26,AB,A,10,1,6,ABO mismatch
2256,41,70,AB,A,8,0,29,ABO mismatch
2257,60,41,A,O,10,0,19,ABO mismatch
2258,40,44,B,AB,10,0,4,Acceptable mismatch
2259,57,70,A,O,9,1,13,ABO mismatch
2260,19,59,B,A,9,0,40,ABO mismatch
2261,70,31,AB,A,8,0,39,ABO mismatch
2262,57,60,B,O,9,0,3,ABO mismatch
2263,23,66,A,B,10,1,43,ABO mismatch
2264,70,24,B,B,9,0,46,Age mismatch
2265,23,72,AB,A,9,0,49,ABO mismatch
2266,38,71,O,AB,9,0,33,Age mismatch
2267,67,53,O,AB,9,0,14,Acceptable mismatch
2268,61,65,AB,AB,10,0,4,Acceptable mismatch
2269,27,70,AB,AB,7,0,43,Age mismatch
2270,68,67,AB,AB,10,0,1,Acceptable mismatch
2271,41,28,AB,AB,10,0,13,Acceptable mismatch
2272,31,45,AB,B,10,1,14,ABO mismatch
2273,18,51,AB,O,10,0,33,ABO mismatch
2274,47,73,A,AB,10,0,26,Age mismatch
2275,19,59,B,O,10,0,40,ABO mismatch
2276,46,73,A,A,9,1,27,Antibody mismatch
2277,64,51,AB,A,10,0,13,ABO mismatch
2278,41,51,A,O,9,0,10,ABO mismatch
2279,63,42,A,B,10,1,21,ABO mismatch
2280,35,34,A,A,7,0,1,Acceptable mismatch
2281,57,52,A,B,8,0,5,ABO mismatch
2282,34,58,A,O,10,1,24,ABO mismatch
2283,44,69,O,A,9,0,25,Age mismatch
2284,53,38,B,AB,9,0,15,Acceptable mismatch
2285,66,68,A,O,9,0,2,ABO mismatch
2286,44,33,A,A,8,0,11,Acceptable mismatch
2287,33,30,O,O,9,0,3,Acceptable mismatch
2288,40,33,A,AB,9,0,7,Acceptable mismatch
2289,61,57,AB,O,10,0,4,ABO mismatch
2290,55,31,B,B,9,0,24,Age mismatch
2291,30,54,O,O,9,0,24,Age mismatch
2292,21,63,B,AB,9,1,42,Antibody mismatch
2293,50,31,B,B,9,0,19,Acceptable mismatch
2294,54,19,A,B,10,1,35,ABO mismatch
2295,65,67,B,A,9,0,2,ABO mismatch
2296,47,71,B,AB,10,0,24,Age mismatch
2297,57,35,AB,AB,10,1,22,Antibody mismatch
2298,62,57,A,B,9,0,5,ABO mismatch
2299,58,37,AB,AB,9,0,21,Age mismatch
2300,65,74,B,A,8,1,9,ABO mismatch
2301,18,45,B,B,10,0,27,Age mismatch
2302,52,24,O,B,9,0,28,Age mismatch
2303,70,36,A,O,9,0,34,ABO mismatch
2304,50,58,B,AB,6,0,8,Acceptable mismatch
2305,30,73,B,AB,10,0,43,Age mismatch
2306,48,41,B,AB,9,0,7,Acceptable mismatch
2307,57,60,O,A,10,1,3,Antibody mismatch
2308,40,32,AB,AB,7,1,8,Antibody mismatch
2309,56,71,AB,B,9,1,15,ABO mismatch
2310,54,33,B,O,9,0,21,ABO mismatch
2311,29,37,AB,B,10,1,8,ABO mismatch
2312,26,67,O,O,10,0,41,Age mismatch
2313,43,20,O,A,7,0,23,Age mismatch
2314,34,30,O,AB,10,0,4,Acceptable mismatch
2315,51,66,B,B,8,0,15,Acceptable mismatch
2316,55,43,AB,B,10,0,12,ABO mismatch
2317,51,51,A,A,10,0,0,Acceptable mismatch
2318,66,28,A,O,9,0,38,ABO mismatch
2319,61,23,B,A,10,0,38,ABO mismatch
2320,49,67,A,B,10,1,18,ABO mismatch
2321,59,28,A,O,8,0,31,ABO mismatch
2322,58,37,A,B,8,0,21,ABO mismatch
2323,40,70,O,B,10,0,30,Age mismatch
2324,54,42,AB,AB,9,0,12,Acceptable mismatch
2325,36,66,B,O,8,0,30,ABO mismatch
2326,34,27,A,O,8,0,7,ABO mismatch
2327,57,72,O,AB,10,0,15,Acceptable mismatch
2328,58,20,AB,O,9,0,38,ABO mismatch
2329,60,56,B,AB,10,0,4,Acceptable mismatch
2330,23,45,B,AB,10,0,22,Age mismatch
2331,47,70,O,A,10,1,23,Antibody mismatch
2332,27,64,O,A,7,0,37,Age mismatch
2333,55,31,AB,AB,10,0,24,Age mismatch
2334,51,30,A,AB,8,0,21,Age mismatch
2335,19,30,A,A,8,0,11,Acceptable mismatch
2336,29,69,O,A,10,0,40,Age mismatch
2337,44,64,A,A,8,1,20,Antibody mismatch
2338,35,44,AB,B,10,0,9,ABO mismatch
2339,47,49,AB,O,10,0,2,ABO mismatch
2340,23,41,A,AB,9,0,18,Acceptable mismatch
2341,34,38,A,B,9,0,4,ABO mismatch
2342,32,61,O,B,9,1,29,Antibody mismatch
2343,68,50,AB,A,10,0,18,ABO mismatch
2344,67,66,B,O,8,0,1,ABO mismatch
2345,24,63,A,O,10,0,39,ABO mismatch
2346,50,74,AB,AB,10,0,24,Age mismatch
2347,39,64,A,O,10,0,25,ABO mismatch
2348,34,74,A,A,9,1,40,Antibody mismatch
2349,29,32,AB,A,9,0,3,ABO mismatch
2350,35,60,AB,O,9,0,25,ABO mismatch
2351,69,30,A,B,10,0,39,ABO mismatch
2352,58,55,B,A,9,1,3,ABO mismatch
2353,19,54,AB,A,9,0,35,ABO mismatch
2354,66,55,B,AB,9,0,11,Acceptable mismatch
2355,68,22,B,O,10,0,46,ABO mismatch
2356,18,60,A,B,10,0,42,ABO mismatch
2357,48,52,A,O,10,0,4,ABO mismatch
2358,21,21,AB,A,9,1,0,ABO mismatch
2359,24,47,B,O,9,1,23,ABO mismatch
2360,46,56,O,B,9,0,10,Acceptable mismatch
2361,23,59,B,A,9,0,36,ABO mismatch
2362,67,65,O,AB,9,0,2,Acceptable mismatch
2363,59,30,AB,O,9,0,29,ABO mismatch
2364,23,56,O,A,10,1,33,Antibody mismatch
2365,35,63,B,AB,7,0,28,Age mismatch
2366,68,66,A,O,9,0,2,ABO mismatch
2367,52,40,O,B,9,0,12,Acceptable mismatch
2368,33,63,B,AB,9,0,30,Age mismatch
2369,45,64,AB,AB,10,0,19,Acceptable mismatch
2370,38,43,B,O,9,0,5,ABO mismatch
2371,55,41,AB,A,9,0,14,ABO mismatch
2372,70,57,A,AB,10,0,13,Acceptable mismatch
2373,61,59,AB,AB,10,0,2,Acceptable mismatch
2374,20,24,O,AB,9,0,4,Acceptable mismatch
2375,56,46,B,O,10,0,10,ABO mismatch
2376,65,69,AB,O,7,1,4,ABO mismatch
2377,55,22,B,O,9,0,33,ABO mismatch
2378,56,50,O,A,9,0,6,Acceptable mismatch
2379,39,62,O,A,9,0,23,Age mismatch
2380,56,66,A,AB,10,0,10,Acceptable mismatch
2381,20,59,B,B,9,1,39,Antibody mismatch
2382,43,41,O,B,10,0,2,Acceptable mismatch
2383,49,48,A,O,10,0,1,ABO mismatch
2384,38,19,O,O,10,0,19,Acceptable mismatch
2385,24,19,A,B,10,0,5,ABO mismatch
2386,60,68,A,AB,10,1,8,Antibody mismatch
2387,56,67,AB,AB,10,0,11,Acceptable mismatch
2388,28,31,O,O,9,0,3,Acceptable mismatch
2389,63,28,A,AB,8,0,35,Age mismatch
2390,18,50,AB,B,10,0,32,ABO mismatch
2391,27,65,A,AB,8,0,38,Age mismatch
2392,43,53,O,O,8,0,10,Acceptable mismatch
2393,38,29,B,O,10,0,9,ABO mismatch
2394,36,50,AB,A,9,0,14,ABO mismatch
2395,45,22,B,B,9,0,23,Age mismatch
2396,37,59,AB,AB,9,0,22,Age mismatch
2397,53,22,O,AB,10,0,31,Age mismatch
2398,64,49,A,B,10,1,15,ABO mismatch
2399,45,23,AB,A,10,0,22,ABO mismatch
2400,56,22,AB,A,10,1,34,ABO mismatch
2401,43,39,B,A,7,0,4,ABO mismatch
2402,45,64,A,AB,9,1,19,Acceptable mismatch
2403,36,34,A,O,10,0,2,ABO mismatch
2404,56,49,O,O,9,1,7,Antibody mismatch
2405,43,67,O,B,9,0,24,Age mismatch
2406,32,18,B,B,10,0,14,Acceptable mismatch
2407,26,29,AB,B,10,0,3,ABO mismatch
2408,46,31,O,AB,10,0,15,Acceptable mismatch
2409,68,65,AB,O,10,0,3,ABO mismatch
2410,53,24,B,B,9,0,29,Age mismatch
2411,26,42,A,O,9,1,16,ABO mismatch
2412,64,65,O,A,10,1,1,Antibody mismatch
2413,29,40,B,B,7,0,11,Acceptable mismatch
2414,24,26,O,AB,9,0,2,Acceptable mismatch
2415,40,50,A,B,10,0,10,ABO mismatch
2416,24,18,O,O,10,0,6,Acceptable mismatch
2417,57,53,O,O,10,0,4,Acceptable mismatch
2418,69,21,O,A,10,0,48,Age mismatch
2419,19,57,AB,AB,8,1,38,Antibody mismatch
2420,55,42,O,A,9,0,13,Acceptable mismatch
2421,42,41,AB,O,10,0,1,ABO mismatch
2422,30,72,O,B,9,0,42,Age mismatch
2423,43,21,B,A,10,0,22,ABO mismatch
2424,37,58,B,AB,9,0,21,Age mismatch
2425,38,30,AB,A,8,0,8,ABO mismatch
2426,27,30,AB,B,9,0,3,ABO mismatch
2427,29,29,B,AB,8,0,0,Acceptable mismatch
2428,27,18,AB,AB,10,0,9,Acceptable mismatch
2429,36,47,O,AB,10,0,11,Acceptable mismatch
2430,51,48,B,O,9,0,3,ABO mismatch
2431,66,62,B,B,10,0,4,Acceptable mismatch
2432,68,72,B,AB,10,1,4,Antibody mismatch
2433,58,69,A,AB,8,0,11,Acceptable mismatch
2434,26,41,AB,B,10,0,15,ABO mismatch
2435,49,21,A,A,10,1,28,Antibody mismatch
2436,26,58,B,A,9,0,32,ABO mismatch
2437,43,67,B,AB,10,0,24,Age mismatch
2438,65,56,B,O,10,0,9,ABO mismatch
2439,49,40,B,A,10,0,9,ABO mismatch
2440,25,38,A,O,10,1,13,ABO mismatch
2441,53,38,O,O,8,0,15,Acceptable mismatch
2442,56,61,B,B,10,0,5,Acceptable mismatch
2443,44,32,AB,AB,9,1,12,Antibody mismatch
2444,57,74,AB,O,9,0,17,ABO mismatch
2445,28,42,B,B,7,0,14,Acceptable mismatch
2446,22,20,A,O,9,1,2,ABO mismatch
2447,20,59,B,B,10,0,39,Age mismatch
2448,52,51,B,AB,10,0,1,Acceptable mismatch
2449,37,27,AB,A,9,1,10,ABO mismatch
2450,68,75,B,A,9,0,7,ABO mismatch
2451,62,74,A,A,9,0,12,Acceptable mismatch
2452,37,38,AB,O,7,0,1,ABO mismatch
2453,65,19,O,AB,10,1,46,Antibody mismatch
2454,64,24,B,AB,10,0,40,Age mismatch
2455,64,47,B,AB,7,0,17,Acceptable mismatch
2456,34,26,B,B,10,0,8,Acceptable mismatch
2457,57,60,AB,B,10,0,3,ABO mismatch
2458,61,60,B,A,10,1,1,ABO mismatch
2459,56,52,O,B,10,0,4,Acceptable mismatch
2460,21,38,O,A,10,0,17,Acceptable mismatch
2461,48,28,AB,AB,10,0,20,Age mismatch
2462,55,36,O,A,10,0,19,Acceptable mismatch
2463,23,34,AB,B,9,1,11,ABO mismatch
2464,54,21,O,B,10,0,33,Age mismatch
2465,63,19,AB,A,10,0,44,ABO mismatch
2466,69,23,O,AB,9,0,46,Age mismatch
2467,40,36,O,AB,9,1,4,Antibody mismatch
2468,42,61,AB,B,9,0,19,ABO mismatch
2469,65,35,AB,A,8,0,30,ABO mismatch
2470,26,27,A,AB,10,1,1,Antibody mismatch
2471,68,60,B,B,9,1,8,Antibody mismatch
2472,57,31,O,A,8,0,26,Age mismatch
2473,26,29,B,O,8,0,3,ABO mismatch
2474,46,65,O,B,9,0,19,Acceptable mismatch
2475,25,71,O,O,9,0,46,Age mismatch
2476,36,44,AB,O,9,0,8,ABO mismatch
2477,32,40,O,A,10,0,8,Acceptable mismatch
2478,62,71,AB,A,9,0,9,ABO mismatch
2479,36,55,AB,B,8,0,19,ABO mismatch
2480,44,64,A,O,9,0,20,ABO mismatch
2481,62,21,O,A,9,1,41,Age mismatch
2482,48,62,A,B,8,1,14,ABO mismatch
2483,64,52,B,AB,9,1,12,Antibody mismatch
2484,46,22,B,O,9,1,24,ABO mismatch
2485,38,32,AB,AB,10,0,6,Acceptable mismatch
2486,58,49,AB,AB,10,0,9,Acceptable mismatch
2487,68,23,O,O,7,1,45,Antibody mismatch
2488,62,59,B,AB,10,0,3,Acceptable mismatch
2489,45,45,B,AB,9,0,0,Acceptable mismatch
2490,67,23,B,AB,10,0,44,Age mismatch
2491,46,52,O,AB,10,0,6,Acceptable mismatch
2492,21,71,O,A,9,0,50,Age mismatch
2493,28,31,AB,O,10,0,3,ABO mismatch
2494,28,30,O,AB,10,0,2,Acceptable mismatch
2495,61,26,O,O,7,0,35,Age mismatch
2496,18,24,B,A,9,1,6,ABO mismatch
2497,33,73,AB,O,10,0,40,ABO mismatch
2498,31,54,A,B,10,0,23,ABO mismatch
2499,35,68,AB,A,9,0,33,ABO mismatch
2500,22,45,O,B,10,0,23,Age mismatch
2501,40,34,B,A,10,0,6,ABO mismatch
2502,22,70,B,A,10,0,48,ABO mismatch
2503,66,64,B,O,9,1,2,ABO mismatch
2504,29,75,O,B,9,0,46,Age mismatch
2505,56,19,O,B,10,0,37,Age mismatch
2506,42,54,A,B,9,0,12,ABO mismatch
2507,19,25,AB,A,10,1,6,ABO mismatch
2508,35,48,B,O,8,0,13,ABO mismatch
2509,66,40,A,B,9,0,26,ABO mismatch
2510,65,19,O,A,10,0,46,Age mismatch
2511,58,72,B,B,10,0,14,Acceptable mismatch
2512,54,68,AB,B,9,1,14,ABO mismatch
2513,42,73,AB,AB,10,0,31,Age mismatch
2514,27,55,O,B,9,0,28,Age mismatch
2515,58,20,A,O,9,0,38,ABO mismatch
2516,69,48,B,A,10,0,21,ABO mismatch
2517,34,19,A,A,9,0,15,Acceptable mismatch
2518,29,43,AB,O,10,1,14,ABO mismatch
2519,48,70,A,B,10,0,22,ABO mismatch
2520,23,74,O,B,10,0,51,Age mismatch
2521,30,58,A,A,10,0,28,Age mismatch
2522,63,60,AB,O,8,0,3,ABO mismatch
2523,24,63,B,O,8,0,39,ABO mismatch
2524,66,48,AB,A,9,0,18,ABO mismatch
2525,61,25,B,A,9,0,36,ABO mismatch
2526,31,62,B,AB,8,1,31,Antibody mismatch
2527,52,20,B,B,9,0,32,Age mismatch
2528,34,48,AB,AB,9,0,14,Acceptable mismatch
2529,21,65,A,AB,10,0,44,Age mismatch
2530,36,40,A,B,9,1,4,ABO mismatch
2531,20,31,AB,B,10,0,11,ABO mismatch
2532,60,57,AB,B,9,0,3,ABO mismatch
2533,54,34,O,O,8,1,20,Antibody mismatch
2534,42,66,A,AB,9,0,24,Age mismatch
2535,41,61,AB,A,9,0,20,ABO mismatch
2536,63,25,O,B,10,0,38,Age mismatch
2537,24,55,B,O,9,1,31,ABO mismatch
2538,61,62,B,B,8,0,1,Acceptable mismatch
2539,50,51,O,AB,10,0,1,Acceptable mismatch
2540,41,23,O,A,10,0,18,Acceptable mismatch
2541,61,75,AB,AB,10,0,14,Acceptable mismatch
2542,70,41,A,A,9,0,29,Age mismatch
2543,63,35,O,B,9,0,28,Age mismatch
2544,67,36,O,O,10,0,31,Age mismatch
2545,36,51,B,AB,10,0,15,Acceptable mismatch
2546,34,51,A,AB,9,0,17,Acceptable mismatch
2547,46,41,A,A,8,0,5,Acceptable mismatch
2548,33,52,AB,A,10,0,19,ABO mismatch
2549,62,18,AB,O,10,1,44,ABO mismatch
2550,43,74,A,AB,10,0,31,Age mismatch
2551,43,72,A,B,9,1,29,ABO mismatch
2552,21,63,O,O,9,1,42,Antibody mismatch
2553,52,61,B,O,9,0,9,ABO mismatch
2554,54,48,B,AB,9,0,6,Acceptable mismatch
2555,30,63,AB,A,9,0,33,ABO mismatch
2556,48,74,O,O,9,0,26,Age mismatch
2557,65,48,A,A,10,1,17,Antibody mismatch
2558,50,64,O,AB,7,1,14,Antibody mismatch
2559,24,51,O,B,9,0,27,Age mismatch
2560,53,70,B,O,10,0,17,ABO mismatch
2561,24,59,AB,A,9,0,35,ABO mismatch
2562,50,75,O,B,9,0,25,Age mismatch
2563,28,68,B,A,8,0,40,ABO mismatch
2564,69,41,A,O,10,0,28,ABO mismatch
2565,18,70,AB,A,9,0,52,ABO mismatch
2566,62,31,AB,O,9,0,31,ABO mismatch
2567,48,73,O,O,10,0,25,Age mismatch
2568,32,68,AB,B,8,0,36,ABO mismatch
2569,26,68,AB,AB,10,0,42,Age mismatch
2570,57,40,A,B,9,0,17,ABO mismatch
2571,60,54,B,AB,10,0,6,Acceptable mismatch
2572,35,39,O,O,10,0,4,Acceptable mismatch
2573,21,25,B,AB,10,1,4,Antibody mismatch
2574,57,44,A,B,10,0,13,ABO mismatch
2575,32,25,AB,O,10,0,7,ABO mismatch
2576,30,74,B,O,9,1,44,ABO mismatch
2577,60,66,AB,O,8,0,6,ABO mismatch
2578,32,23,A,AB,10,0,9,Acceptable mismatch
2579,39,62,B,AB,9,0,23,Age mismatch
2580,58,33,O,O,10,0,25,Age mismatch
2581,68,54,A,A,9,0,14,Acceptable mismatch
2582,19,74,AB,A,10,0,55,ABO mismatch
2583,34,44,O,B,9,0,10,Acceptable mismatch
2584,48,70,A,B,8,0,22,ABO mismatch
2585,37,26,A,A,9,0,11,Acceptable mismatch
2586,58,72,O,O,10,0,14,Acceptable mismatch
2587,54,54,B,B,8,0,0,Acceptable mismatch
2588,51,23,O,A,10,0,28,Age mismatch
2589,38,37,O,A,8,0,1,Acceptable mismatch
2590,24,32,O,A,9,0,8,Acceptable mismatch
2591,61,22,AB,O,10,1,39,ABO mismatch
2592,19,38,O,A,9,1,19,Antibody mismatch
2593,53,71,B,B,10,0,18,Acceptable mismatch
2594,69,22,A,AB,10,0,47,Age mismatch
2595,32,53,B,AB,8,0,21,Age mismatch
2596,27,36,AB,O,7,0,9,ABO mismatch
2597,29,56,B,A,9,0,27,ABO mismatch
2598,32,44,AB,O,10,0,12,ABO mismatch
2599,26,47,B,A,10,0,21,ABO mismatch
2600,55,57,AB,B,8,0,2,ABO mismatch
2601,38,55,AB,O,9,0,17,ABO mismatch
2602,30,51,B,A,9,0,21,ABO mismatch
2603,32,66,B,O,9,1,34,ABO mismatch
2604,26,47,O,B,10,0,21,Age mismatch
2605,40,61,A,O,9,0,21,ABO mismatch
2606,36,46,O,AB,10,0,10,Acceptable mismatch
2607,57,54,O,AB,10,1,3,Antibody mismatch
2608,57,41,A,A,9,0,16,Acceptable mismatch
2609,38,70,B,AB,8,0,32,Age mismatch
2610,44,24,AB,O,10,0,20,ABO mismatch
2611,47,29,AB,O,10,0,18,ABO mismatch
2612,33,67,B,O,9,0,34,ABO mismatch
2613,55,71,B,AB,9,0,16,Acceptable mismatch
2614,67,22,O,A,10,0,45,Age mismatch
2615,36,55,AB,AB,8,0,19,Acceptable mismatch
2616,55,23,A,B,10,0,32,ABO mismatch
2617,18,28,B,AB,10,0,10,Acceptable mismatch
2618,69,53,AB,A,10,0,16,ABO mismatch
2619,20,75,AB,O,9,0,55,ABO mismatch
2620,21,59,B,A,10,0,38,ABO mismatch
2621,41,30,O,AB,8,0,11,Acceptable mismatch
2622,62,41,B,AB,10,0,21,Age mismatch
2623,44,53,B,AB,10,0,9,Acceptable mismatch
2624,20,58,A,A,9,0,38,Age mismatch
2625,33,46,A,A,9,0,13,Acceptable mismatch
2626,22,28,B,AB,9,0,6,Acceptable mismatch
2627,34,68,AB,A,9,0,34,ABO mismatch
2628,64,33,A,A,10,0,31,Age mismatch
2629,34,36,B,AB,9,0,2,Acceptable mismatch
2630,49,23,AB,O,10,0,26,ABO mismatch
2631,41,51,O,AB,10,0,10,Acceptable mismatch
2632,48,72,B,O,9,1,24,ABO mismatch
2633,37,44,O,O,9,1,7,Antibody mismatch
2634,48,43,A,O,9,0,5,ABO mismatch
2635,44,50,A,O,10,1,6,ABO mismatch
2636,43,39,A,A,9,0,4,Acceptable mismatch
2637,27,45,AB,B,9,1,18,ABO mismatch
2638,60,55,A,B,9,0,5,ABO mismatch
2639,48,62,AB,A,10,0,14,ABO mismatch
2640,18,26,B,B,10,0,8,Acceptable mismatch
2641,36,63,AB,O,10,0,27,ABO mismatch
2642,21,71,O,O,10,1,50,Antibody mismatch
2643,20,54,A,AB,10,0,34,Age mismatch
2644,22,26,A,O,7,0,4,ABO mismatch
2645,63,20,O,O,10,0,43,Age mismatch
2646,42,53,A,B,10,0,11,ABO mismatch
2647,19,66,B,A,9,0,47,ABO mismatch
2648,28,33,A,AB,10,0,5,Acceptable mismatch
2649,68,43,O,B,9,0,25,Age mismatch
2650,35,53,A,AB,10,1,18,Antibody mismatch
2651,23,42,O,O,8,0,19,Acceptable mismatch
2652,64,45,AB,AB,8,0,19,Acceptable mismatch
2653,36,36,A,A,10,1,0,Antibody mismatch
2654,25,46,O,O,8,0,21,Age mismatch
2655,52,55,B,A,10,0,3,ABO mismatch
2656,59,44,A,AB,9,1,15,Acceptable mismatch
2657,60,37,AB,B,9,0,23,ABO mismatch
2658,50,45,A,A,9,0,5,Acceptable mismatch
2659,38,32,O,A,8,0,6,Acceptable mismatch
2660,41,34,O,O,10,0,7,Acceptable mismatch
2661,68,42,O,A,6,0,26,Age mismatch
2662,47,22,A,A,9,0,25,Age mismatch
2663,41,72,O,O,10,0,31,Age mismatch
2664,39,39,B,O,10,0,0,ABO mismatch
2665,67,29,B,AB,9,0,38,Age mismatch
2666,23,60,O,A,10,1,37,Antibody mismatch
2667,64,46,AB,O,10,0,18,ABO mismatch
2668,53,41,O,A,10,0,12,Acceptable mismatch
2669,68,33,A,O,10,0,35,ABO mismatch
2670,42,65,O,B,9,0,23,Age mismatch
2671,42,41,A,AB,8,1,1,Antibody mismatch
2672,35,42,O,AB,7,0,7,Acceptable mismatch
2673,41,45,O,B,9,0,4,Acceptable mismatch
2674,61,66,A,B,10,0,5,ABO mismatch
2675,57,71,O,AB,10,0,14,Acceptable mismatch
2676,62,49,O,O,8,0,13,Acceptable mismatch
2677,27,32,B,AB,9,0,5,Acceptable mismatch
2678,48,31,AB,AB,10,1,17,Acceptable mismatch
2679,26,58,AB,A,10,0,32,ABO mismatch
2680,39,25,B,AB,10,0,14,Acceptable mismatch
2681,26,47,O,B,8,1,21,Antibody mismatch
2682,46,62,O,AB,10,1,16,Acceptable mismatch
2683,65,21,O,A,9,0,44,Age mismatch
2684,58,51,O,B,9,0,7,Acceptable mismatch
2685,60,69,B,O,10,1,9,ABO mismatch
2686,33,34,A,A,10,0,1,Acceptable mismatch
2687,32,22,B,AB,10,0,10,Acceptable mismatch
2688,61,43,B,AB,10,1,18,Antibody mismatch
2689,55,19,O,B,8,0,36,Age mismatch
2690,25,72,B,A,10,0,47,ABO mismatch
2691,40,52,AB,AB,9,1,12,Antibody mismatch
2692,67,30,A,A,10,0,37,Age mismatch
2693,69,28,AB,A,8,0,41,ABO mismatch
2694,41,18,A,A,9,0,23,Age mismatch
2695,24,67,O,O,9,0,43,Age mismatch
2696,52,74,A,AB,9,0,22,Age mismatch
2697,37,19,B,A,10,0,18,ABO mismatch
2698,42,61,B,O,10,0,19,ABO mismatch
2699,26,65,B,A,10,0,39,ABO mismatch
2700,51,70,AB,A,9,1,19,ABO mismatch
2701,60,22,B,A,10,0,38,ABO mismatch
2702,32,37,AB,O,10,1,5,ABO mismatch
2703,45,51,B,B,9,0,6,Acceptable mismatch
2704,58,33,O,A,8,0,25,Age mismatch
2705,32,26,AB,O,10,0,6,ABO mismatch
2706,34,26,O,A,8,0,8,Acceptable mismatch
2707,40,21,AB,O,7,0,19,ABO mismatch
2708,18,48,AB,O,8,0,30,ABO mismatch
2709,67,31,A,B,8,0,36,ABO mismatch
2710,60,31,AB,AB,10,0,29,Age mismatch
2711,58,27,O,B,9,0,31,Age mismatch
2712,70,73,O,B,8,0,3,Acceptable mismatch
2713,50,52,AB,AB,7,0,2,Acceptable mismatch
2714,32,50,B,AB,8,0,18,Acceptable mismatch
2715,19,47,A,A,10,1,28,Antibody mismatch
2716,19,40,A,A,10,0,21,Age mismatch
2717,39,29,B,AB,9,1,10,Acceptable mismatch
2718,36,28,B,AB,10,0,8,Acceptable mismatch
2719,55,37,B,B,9,0,18,Acceptable mismatch
2720,44,54,AB,A,10,1,10,ABO mismatch
2721,48,36,A,O,9,0,12,ABO mismatch
2722,29,59,A,O,10,0,30,ABO mismatch
2723,25,63,B,O,10,0,38,ABO mismatch
2724,41,48,AB,AB,9,0,7,Acceptable mismatch
2725,60,58,A,AB,8,1,2,Antibody mismatch
2726,47,21,O,B,10,0,26,Age mismatch
2727,54,22,AB,B,8,0,32,ABO mismatch
2728,42,24,AB,AB,7,0,18,Acceptable mismatch
2729,65,38,O,B,9,0,27,Age mismatch
2730,48,40,A,A,10,0,8,Acceptable mismatch
2731,37,48,O,A,9,0,11,Acceptable mismatch
2732,22,68,AB,O,10,0,46,ABO mismatch
2733,65,23,B,A,10,1,42,ABO mismatch
2734,49,26,A,B,10,1,23,ABO mismatch
2735,33,64,O,B,9,0,31,Age mismatch
2736,39,38,O,AB,10,0,1,Acceptable mismatch
2737,45,24,A,A,9,0,21,Age mismatch
2738,57,21,A,B,9,0,36,ABO mismatch
2739,55,24,B,O,9,0,31,ABO mismatch
2740,22,44,AB,AB,9,0,22,Age mismatch
2741,22,60,AB,B,10,0,38,ABO mismatch
2742,63,54,B,AB,10,0,9,Acceptable mismatch
2743,36,71,AB,A,8,0,35,ABO mismatch
2744,65,33,B,B,10,0,32,Age mismatch
2745,46,24,O,A,10,1,22,Age mismatch
2746,68,53,B,AB,8,0,15,Acceptable mismatch
2747,35,42,B,A,9,0,7,ABO mismatch
2748,39,60,AB,B,10,0,21,ABO mismatch
2749,68,19,A,AB,9,0,49,Age mismatch
2750,48,25,B,A,10,0,23,ABO mismatch
2751,32,52,B,AB,10,0,20,Age mismatch
2752,33,20,B,B,10,0,13,Acceptable mismatch
2753,52,70,B,B,9,0,18,Acceptable mismatch
2754,25,21,AB,AB,8,0,4,Acceptable mismatch
2755,28,69,A,B,9,1,41,ABO mismatch
2756,64,28,AB,O,10,0,36,ABO mismatch
2757,29,55,B,AB,10,1,26,Antibody mismatch
2758,19,38,A,B,9,0,19,ABO mismatch
2759,55,25,A,A,9,0,30,Age mismatch
2760,20,21,B,AB,10,1,1,Antibody mismatch
2761,56,36,AB,B,10,1,20,ABO mismatch
2762,50,46,AB,O,10,0,4,ABO mismatch
2763,60,73,B,AB,10,0,13,Acceptable mismatch
2764,48,23,AB,AB,9,0,25,Age mismatch
2765,28,39,A,B,8,0,11,ABO mismatch
2766,64,39,AB,O,7,1,25,ABO mismatch
2767,29,52,O,O,10,0,23,Age mismatch
2768,49,58,A,B,10,0,9,ABO mismatch
2769,32,75,O,O,9,1,43,Antibody mismatch
2770,43,28,AB,O,10,0,15,ABO mismatch
2771,24,27,AB,B,10,1,3,ABO mismatch
2772,61,51,B,O,10,0,10,ABO mismatch
2773,44,67,AB,O,9,0,23,ABO mismatch
2774,61,36,B,A,8,0,25,ABO mismatch
2775,62,36,AB,AB,10,0,26,Age mismatch
2776,46,55,A,B,9,0,9,ABO mismatch
2777,49,33,B,A,9,0,16,ABO mismatch
2778,38,35,AB,O,10,0,3,ABO mismatch
2779,38,72,O,O,10,0,34,Age mismatch
2780,42,56,A,O,10,0,14,ABO mismatch
2781,70,26,O,O,10,0,44,Age mismatch
2782,36,55,O,O,9,0,19,Acceptable mismatch
2783,64,52,AB,A,9,0,12,ABO mismatch
2784,70,51,O,AB,9,1,19,Antibody mismatch
2785,64,63,B,B,9,0,1,Acceptable mismatch
2786,37,22,B,AB,10,0,15,Acceptable mismatch
2787,19,58,A,A,10,1,39,Antibody mismatch
2788,34,62,B,B,10,0,28,Age mismatch
2789,25,60,B,B,10,0,35,Age mismatch
2790,42,52,AB,AB,9,1,10,Antibody mismatch
2791,26,66,A,O,8,0,40,ABO mismatch
2792,39,53,A,O,10,0,14,ABO mismatch
2793,33,37,AB,AB,9,0,4,Acceptable mismatch
2794,44,26,B,A,9,1,18,ABO mismatch
2795,27,54,A,O,10,0,27,ABO mismatch
2796,66,24,B,B,9,0,42,Age mismatch
2797,21,67,B,AB,9,0,46,Age mismatch
2798,66,41,B,AB,9,0,25,Age mismatch
2799,70,36,O,O,10,0,34,Age mismatch
2800,57,73,A,A,10,0,16,Acceptable mismatch
2801,49,37,AB,O,10,0,12,ABO mismatch
2802,28,75,A,O,10,0,47,ABO mismatch
2803,32,24,B,A,8,1,8,ABO mismatch
2804,69,55,O,O,8,0,14,Acceptable mismatch
2805,42,24,O,O,7,1,18,Antibody mismatch
2806,32,26,B,AB,10,0,6,Acceptable mismatch
2807,64,24,AB,B,9,0,40,ABO mismatch
2808,69,63,A,O,8,0,6,ABO mismatch
2809,53,34,A,O,9,1,19,ABO mismatch
2810,39,40,B,B,9,0,1,Acceptable mismatch
2811,18,18,AB,O,10,0,0,ABO mismatch
2812,22,42,A,O,9,0,20,ABO mismatch
2813,30,21,A,O,9,1,9,ABO mismatch
2814,26,46,AB,AB,9,1,20,Antibody mismatch
2815,25,49,AB,A,10,0,24,ABO mismatch
2816,53,41,AB,O,10,0,12,ABO mismatch
2817,35,28,A,AB,9,0,7,Acceptable mismatch
2818,66,73,O,O,9,0,7,Acceptable mismatch
2819,58,32,A,B,10,1,26,ABO mismatch
2820,21,38,O,A,9,0,17,Acceptable mismatch
2821,62,47,AB,O,9,0,15,ABO mismatch
2822,59,61,A,AB,9,1,2,Antibody mismatch
2823,47,67,A,A,10,1,20,Age mismatch
2824,39,51,AB,O,8,0,12,ABO mismatch
2825,55,35,B,B,8,0,20,Age mismatch
2826,26,72,AB,O,10,0,46,ABO mismatch
2827,63,57,B,AB,10,0,6,Acceptable mismatch
2828,55,68,B,A,9,0,13,ABO mismatch
2829,60,75,AB,A,9,0,15,ABO mismatch
2830,56,40,AB,O,8,0,16,ABO mismatch
2831,32,73,A,A,9,0,41,Age mismatch
2832,53,29,AB,AB,10,0,24,Age mismatch
2833,67,71,A,A,9,0,4,Acceptable mismatch
2834,31,18,B,A,10,0,13,ABO mismatch
2835,44,53,B,O,10,0,9,ABO mismatch
2836,54,44,A,AB,10,0,10,Acceptable mismatch
2837,62,72,O,A,9,0,10,Acceptable mismatch
2838,63,75,O,A,9,0,12,Acceptable mismatch
2839,19,52,AB,A,9,1,33,ABO mismatch
2840,22,51,A,A,10,0,29,Age mismatch
2841,68,59,B,B,8,0,9,Acceptable mismatch
2842,28,73,A,O,8,0,45,ABO mismatch
2843,66,64,AB,A,9,0,2,ABO mismatch
2844,49,19,A,B,10,0,30,ABO mismatch
2845,65,46,O,AB,9,0,19,Acceptable mismatch
2846,52,53,A,B,10,0,1,ABO mismatch
2847,42,43,AB,B,10,1,1,ABO mismatch
2848,69,23,O,O,10,0,46,Age mismatch
2849,33,66,A,AB,10,0,33,Age mismatch
2850,33,56,AB,AB,9,0,23,Age mismatch
2851,36,70,O,O,9,0,34,Age mismatch
2852,56,40,B,B,10,0,16,Acceptable mismatch
2853,66,70,AB,A,10,0,4,ABO mismatch
2854,65,74,A,O,10,1,9,ABO mismatch
2855,35,53,B,AB,9,0,18,Acceptable mismatch
2856,33,39,B,A,9,0,6,ABO mismatch
2857,57,64,B,O,10,1,7,ABO mismatch
2858,34,28,O,B,9,0,6,Acceptable mismatch
2859,18,64,B,B,8,1,46,Age mismatch
2860,41,44,B,O,9,0,3,ABO mismatch
2861,38,18,B,B,10,1,20,Antibody mismatch
2862,64,61,A,O,10,0,3,ABO mismatch
2863,62,71,A,A,10,1,9,Antibody mismatch
2864,33,47,A,B,9,0,14,ABO mismatch
2865,54,67,A,O,10,0,13,ABO mismatch
2866,45,59,B,O,10,1,14,ABO mismatch
2867,31,47,A,B,10,0,16,ABO mismatch
2868,67,42,A,AB,10,0,25,Age mismatch
2869,21,64,B,A,10,1,43,ABO mismatch
2870,65,71,B,AB,8,0,6,Acceptable mismatch
2871,51,25,A,A,9,0,26,Age mismatch
2872,65,62,AB,A,9,1,3,ABO mismatch
2873,20,46,AB,A,9,0,26,ABO mismatch
2874,65,33,B,A,9,0,32,ABO mismatch
2875,69,68,AB,O,10,0,1,ABO mismatch
2876,59,18,O,B,10,0,41,Age mismatch
2877,56,25,A,B,8,0,31,ABO mismatch
2878,26,21,O,A,10,0,5,Acceptable mismatch
2879,47,29,A,B,10,0,18,ABO mismatch
2880,30,41,A,O,10,1,11,ABO mismatch
2881,64,19,AB,B,10,0,45,ABO mismatch
2882,40,74,AB,AB,9,0,34,Age mismatch
2883,42,56,A,AB,10,0,14,Acceptable mismatch
2884,33,61,AB,AB,9,1,28,Antibody mismatch
2885,50,65,A,AB,9,0,15,Acceptable mismatch
2886,51,49,A,A,10,0,2,Acceptable mismatch
2887,62,26,O,B,10,0,36,Age mismatch
2888,69,56,B,AB,9,0,13,Acceptable mismatch
2889,42,74,B,AB,9,1,32,Antibody mismatch
2890,48,64,O,A,9,0,16,Acceptable mismatch
2891,48,57,B,AB,10,0,9,Acceptable mismatch
2892,70,36,AB,A,8,0,34,ABO mismatch
2893,31,39,AB,AB,10,0,8,Acceptable mismatch
2894,47,42,B,A,10,0,5,ABO mismatch
2895,43,32,A,O,10,1,11,ABO mismatch
2896,52,52,AB,O,9,0,0,ABO mismatch
2897,63,26,O,A,8,0,37,Age mismatch
2898,29,51,A,A,10,0,22,Age mismatch
2899,30,75,O,O,10,1,45,Antibody mismatch
2900,42,67,AB,AB,9,0,25,Age mismatch
2901,47,66,B,A,10,1,19,ABO mismatch
2902,60,33,A,O,10,0,27,ABO mismatch
2903,45,37,B,AB,8,1,8,Acceptable mismatch
2904,66,43,A,A,8,0,23,Age mismatch
2905,46,31,AB,O,8,0,15,ABO mismatch
2906,33,63,O,B,8,0,30,Age mismatch
2907,59,26,O,AB,9,0,33,Age mismatch
2908,48,36,B,A,10,1,12,ABO mismatch
2909,66,70,O,B,9,0,4,Acceptable mismatch
2910,54,72,O,B,9,1,18,Antibody mismatch
2911,65,18,O,O,10,0,47,Age mismatch
2912,44,32,A,A,10,0,12,Acceptable mismatch
2913,36,56,O,O,9,0,20,Age mismatch
2914,57,29,A,B,10,0,28,ABO mismatch
2915,65,26,AB,A,8,0,39,ABO mismatch
2916,61,61,O,A,9,0,0,Acceptable mismatch
2917,37,69,O,B,8,0,32,Age mismatch
2918,45,51,B,AB,8,1,6,Acceptable mismatch
2919,32,64,O,O,10,0,32,Age mismatch
2920,51,34,A,A,8,0,17,Acceptable mismatch
2921,21,22,B,B,9,0,1,Acceptable mismatch
2922,56,36,AB,A,10,0,20,ABO mismatch
2923,20,53,B,AB,10,0,33,Age mismatch
2924,55,53,A,O,9,1,2,ABO mismatch
2925,43,55,B,A,10,0,12,ABO mismatch
2926,18,24,B,AB,9,0,6,Acceptable mismatch
2927,22,48,O,O,9,0,26,Age mismatch
2928,35,35,O,O,10,0,0,Acceptable mismatch
2929,61,67,B,AB,9,1,6,Antibody mismatch
2930,21,36,AB,O,9,0,15,ABO mismatch
2931,48,30,O,AB,9,0,18,Acceptable mismatch
2932,38,56,O,A,10,0,18,Acceptable mismatch
2933,48,51,AB,O,10,0,3,ABO mismatch
2934,61,56,AB,B,9,0,5,ABO mismatch
2935,20,58,AB,B,10,0,38,ABO mismatch
2936,39,33,O,O,9,0,6,Acceptable mismatch
2937,60,69,AB,O,10,1,9,ABO mismatch
2938,33,61,A,B,8,0,28,ABO mismatch
2939,55,62,AB,O,9,0,7,ABO mismatch
2940,21,54,AB,A,10,1,33,ABO mismatch
2941,59,26,B,B,8,0,33,Age mismatch
2942,52,23,A,B,10,0,29,ABO mismatch
2943,54,32,B,O,10,0,22,ABO mismatch
2944,42,38,A,O,8,0,4,ABO mismatch
2945,53,70,AB,O,9,1,17,ABO mismatch
2946,18,74,O,O,10,0,56,Age mismatch
2947,27,49,A,B,10,0,22,ABO mismatch
2948,55,38,AB,AB,10,0,17,Acceptable mismatch
2949,50,22,B,AB,7,0,28,Age mismatch
2950,47,45,A,A,10,0,2,Acceptable mismatch
2951,65,36,B,O,10,0,29,ABO mismatch
2952,59,69,A,O,10,0,10,ABO mismatch
2953,32,74,AB,A,10,0,42,ABO mismatch
2954,66,32,O,AB,10,0,34,Age mismatch
2955,39,27,A,AB,10,0,12,Acceptable mismatch
2956,47,46,O,A,8,1,1,Antibody mismatch
2957,69,55,AB,AB,10,0,14,Acceptable mismatch
2958,51,29,O,O,8,0,22,Age mismatch
2959,22,42,AB,O,9,0,20,ABO mismatch
2960,56,69,O,A,9,1,13,Antibody mismatch
2961,24,54,O,B,10,0,30,Age mismatch
2962,23,61,O,B,9,0,38,Age mismatch
2963,54,72,O,O,10,0,18,Acceptable mismatch
2964,57,61,AB,B,9,0,4,ABO mismatch
2965,47,18,B,O,9,0,29,ABO mismatch
2966,61,68,O,O,10,0,7,Acceptable mismatch
2967,67,47,A,A,10,0,20,Age mismatch
2968,53,33,O,AB,9,0,20,Age mismatch
2969,33,32,AB,B,10,0,1,ABO mismatch
2970,36,35,B,B,9,1,1,Acceptable mismatch
2971,36,72,AB,A,9,0,36,ABO mismatch
2972,28,33,B,AB,10,0,5,Acceptable mismatch
2973,31,21,AB,B,9,0,10,ABO mismatch
2974,30,46,B,B,10,0,16,Acceptable mismatch
2975,31,63,A,A,10,1,32,Antibody mismatch
2976,52,32,O,AB,9,0,20,Age mismatch
2977,46,24,O,B,10,0,22,Age mismatch
2978,47,26,A,O,10,0,21,ABO mismatch
2979,41,21,AB,AB,9,0,20,Age mismatch
2980,40,30,A,O,10,0,10,ABO mismatch
2981,52,65,A,AB,9,1,13,Antibody mismatch
2982,70,26,B,AB,9,0,44,Age mismatch
2983,36,64,A,A,9,0,28,Age mismatch
2984,47,29,A,B,9,0,18,ABO mismatch
2985,35,48,O,O,9,0,13,Acceptable mismatch
2986,56,49,O,O,9,0,7,Acceptable mismatch
2987,58,44,B,O,9,1,14,ABO mismatch
2988,70,69,A,A,9,1,1,Acceptable mismatch
2989,64,40,A,A,10,0,24,Age mismatch
2990,66,41,B,A,10,0,25,ABO mismatch
2991,34,57,B,AB,10,0,23,Age mismatch
2992,37,68,B,B,10,0,31,Age mismatch
2993,65,40,B,B,10,0,25,Age mismatch
2994,61,75,B,O,10,0,14,ABO mismatch
2995,57,63,A,B,10,1,6,ABO mismatch
2996,38,33,B,A,9,0,5,ABO mismatch
2997,66,53,O,A,8,0,13,Acceptable mismatch
2998,23,67,AB,A,9,0,44,ABO mismatch
2999,29,24,O,AB,9,1,5,Acceptable mismatch
3000,39,38,AB,A,10,0,1,ABO mismatch
