pair_id,donor_age,recipient_age,hla_match,antibody_risk,medical_risk,organ_health,waiting_days,cold_ischemia_hours,comorbidity_index,age_gap,donor_blood,recipient_blood,urgency,match_status
1,45,27,60.18,66.34,1.87,67.12,896,13.047,2,18,O,O,Normal,0
2,59,19,94.39,30.44,96.19,65.55,103,13.965,6,40,O,O,Urgent,0
3,57,27,32.23,20.11,35.52,74.87,691,6.63,0,30,O,A,Critical,0
4,69,26,66.28,62.2,49.97,91.24,763,16.997,0,43,A,A,Normal,0
5,55,43,57.21,57.71,34.33,47.44,999,20.039,3,12,B,O,Routine,0
6,49,20,87.49,39.08,47.73,92.79,264,11.44,4,29,B,O,Critical,0
7,37,70,43.52,17.81,49.78,56.01,18,18.747,0,33,O,A,Routine,0
8,60,56,69.16,15.1,34.83,78.21,988,7.429,0,4,O,B,Urgent,1
9,33,18,36.55,78.16,51.44,80.16,48,17.562,0,15,B,B,Normal,0
10,53,43,32.79,92.62,19.23,72.57,355,8.694,8,10,O,B,Normal,0
11,25,57,30.52,2.69,13.29,61.94,195,17.283,3,32,A,AB,Urgent,0
12,49,60,71.64,76.81,66.88,71.32,535,17.842,3,11,O,O,Routine,0
13,53,27,79.02,63.56,36.53,60.65,991,6.967,1,26,A,B,Normal,0
14,37,73,88.11,98.43,77.3,78.69,196,5.914,0,36,O,O,Normal,0
15,31,64,80.62,16.29,87.9,69.08,942,15.212,1,33,B,B,Urgent,1
16,38,62,72.35,90.66,83.71,49.59,100,5.111,2,24,A,B,Routine,0
17,22,67,38.97,70.64,75.38,88.42,386,9.356,1,45,O,A,Normal,0
18,30,55,42.98,75.97,52.38,53.03,414,12.584,2,25,B,O,Normal,0
19,51,66,48.47,97.73,28.14,56.18,241,10.808,7,15,A,AB,Critical,0
20,68,20,84.14,19.86,78.85,49.32,734,0.5,2,48,O,O,Routine,1
21,67,18,83.91,62.18,20.31,87.58,914,9.617,3,49,A,A,Critical,1
22,58,61,62.32,7.63,97.8,89.06,481,8.571,0,3,O,B,Normal,0
23,34,51,55.88,77.64,3.51,76.52,498,11.75,0,17,A,B,Routine,0
24,31,43,78.2,16.77,58.36,90.23,568,19.604,3,12,B,B,Urgent,1
25,23,76,65.11,5.85,55.87,56.97,816,10.151,1,53,AB,O,Critical,0
26,34,67,99.66,62.75,78.41,89.67,262,15.199,2,33,O,AB,Critical,1
27,49,25,57.02,0.59,85.17,56.59,429,19.408,1,24,O,O,Normal,1
28,30,58,98.44,48.68,44.77,66.53,4,9.258,5,28,O,B,Normal,0
29,55,60,74.6,74.73,59.24,49.17,323,12.835,0,5,A,A,Normal,1
30,61,23,47.76,80.25,48.04,67.01,319,16.138,1,38,A,O,Urgent,0
31,50,52,53.74,65.79,46.19,79.25,46,4.446,0,2,A,O,Urgent,0
32,50,72,86.79,51.84,33.84,88.64,680,14.522,0,22,A,A,Routine,1
33,27,27,76.36,62.67,44.8,76.4,560,7.225,0,0,B,A,Urgent,0
34,62,59,33.52,80.85,85.46,63.3,829,9.974,1,3,O,O,Routine,0
35,26,27,56.99,9.15,53.46,80.13,348,17.502,0,1,O,B,Routine,0
36,32,39,66.63,91.08,57.81,90.0,15,10.875,1,7,A,B,Normal,0
37,67,57,81.54,31.02,59.13,99.75,233,7.731,0,10,B,AB,Urgent,1
38,42,69,46.63,9.71,68.32,67.56,722,8.685,0,27,O,O,Urgent,0
39,37,52,96.03,98.08,90.6,71.08,905,11.619,1,15,B,A,Urgent,0
40,59,39,42.37,78.81,26.13,72.04,79,18.888,1,20,A,O,Critical,0
41,63,22,79.76,3.19,81.31,73.85,807,9.911,0,41,B,O,Urgent,0
42,22,26,77.01,77.57,96.59,58.34,300,10.532,1,4,A,B,Critical,0
43,19,32,32.95,92.66,57.68,92.96,374,12.293,0,13,B,O,Urgent,0
44,37,24,65.7,1.46,13.56,45.96,837,7.075,3,13,O,O,Urgent,1
45,29,62,46.21,48.31,65.57,50.01,413,15.395,0,33,A,B,Routine,0
46,59,63,55.83,44.7,31.4,51.68,476,11.702,1,4,B,O,Critical,0
47,43,,82.9,26.79,22.31,98.14,231,16.641,3,12,O,O,Urgent,1
48,25,69,53.29,66.52,73.2,96.31,639,9.481,2,44,O,A,Urgent,0
49,68,19,28.55,86.48,39.69,99.25,301,11.963,0,49,A,A,Normal,0
50,62,33,45.18,21.92,29.08,97.55,220,6.487,7,29,O,O,Critical,0
51,54,41,87.16,97.52,75.33,78.78,576,7.845,1,13,A,AB,Routine,0
52,64,57,35.78,52.23,75.13,48.16,565,5.098,1,7,A,A,Urgent,0
53,25,55,69.51,90.92,58.17,79.7,297,13.696,0,30,O,B,Critical,1
54,23,22,87.89,22.99,82.78,86.41,464,6.16,1,1,A,B,Urgent,1
55,58,55,72.26,43.62,93.9,64.23,588,10.962,1,3,A,B,Critical,0
56,48,41,84.69,70.18,90.02,71.32,753,9.928,6,7,O,B,Normal,0
57,19,40,29.72,61.12,98.56,90.66,952,4.931,4,21,A,B,Normal,0
58,68,61,81.65,88.05,80.74,91.69,976,9.169,1,7,AB,B,Normal,0
59,19,68,90.09,65.62,,58.63,748,13.678,5,49,O,A,Critical,0
60,61,63,26.61,33.35,12.45,97.27,50,4.978,0,2,O,O,Urgent,1
61,34,34,79.79,97.93,79.84,98.07,255,17.886,1,0,AB,O,Urgent,0
62,45,50,66.15,16.44,42.09,97.23,510,6.809,0,5,A,B,Normal,0
63,61,47,77.68,85.72,22.98,86.67,476,0.5,5,14,O,O,Urgent,0
64,43,63,28.64,62.6,78.33,85.6,504,13.47,0,20,A,A,Urgent,0
65,69,39,65.47,46.7,12.56,73.98,937,9.56,3,30,AB,A,Critical,0
66,50,51,58.7,41.71,39.17,73.04,738,7.786,1,1,A,A,Critical,1
67,26,56,51.89,48.48,37.28,51.28,872,8.441,0,30,O,A,Critical,0
68,19,57,44.01,43.58,43.78,61.96,404,7.727,2,38,A,O,Critical,0
69,61,71,53.95,34.02,8.37,78.49,74,9.761,0,10,A,A,Urgent,1
70,59,26,88.33,23.27,93.78,96.3,975,12.629,0,33,O,A,Urgent,0
71,28,77,75.19,84.64,50.17,76.12,889,4.4,1,49,A,O,Normal,0
72,33,32,61.73,2.39,77.24,60.58,432,6.366,4,1,A,O,Urgent,1
73,26,67,35.35,49.5,34.59,66.51,855,13.141,2,41,A,B,Critical,0
74,41,72,53.25,36.41,48.41,73.56,716,17.301,1,31,O,B,Urgent,1
75,37,62,40.56,55.87,19.55,61.86,867,9.748,1,25,O,O,Routine,1
76,59,56,34.68,87.72,61.21,84.08,588,11.522,4,3,A,O,Normal,0
77,18,71,59.94,21.44,24.61,97.67,214,7.038,1,53,AB,A,Critical,0
78,,18,87.49,45.25,55.35,73.8,102,11.157,0,41,A,O,Urgent,0
79,26,45,58.87,65.61,68.23,86.82,364,9.764,0,19,B,O,Routine,0
80,41,23,86.92,,50.58,71.08,531,9.373,1,18,O,B,Critical,1
81,44,31,37.98,25.33,83.01,98.69,594,9.838,1,13,O,O,Critical,1
82,50,67,64.41,89.19,2.92,89.21,221,11.528,1,17,B,B,Normal,1
83,42,22,38.95,36.24,18.09,85.84,122,11.266,2,20,O,A,Normal,0
84,28,27,80.96,33.87,53.41,69.11,859,13.711,0,1,B,O,Normal,0
85,39,71,94.77,10.07,16.31,49.69,177,5.108,0,32,O,O,Critical,1
86,63,48,61.56,8.26,70.96,96.2,44,6.077,2,15,A,A,Normal,0
87,64,39,99.12,87.45,78.55,82.69,524,12.638,3,25,O,A,Urgent,0
88,38,46,45.76,51.95,17.33,51.09,992,11.59,0,8,A,A,Routine,1
89,58,34,32.21,58.24,37.64,69.1,457,11.817,2,24,O,O,Urgent,0
90,30,32,30.34,64.75,62.03,68.04,899,14.19,8,2,O,A,Urgent,0
91,35,23,60.5,58.63,52.08,78.78,352,11.848,0,12,B,A,Urgent,0
92,46,18,94.78,49.23,47.09,98.94,921,17.072,0,28,B,A,Normal,0
93,,48,71.02,59.24,40.01,82.31,462,15.51,5,6,A,A,Normal,0
94,48,50,58.59,10.73,4.54,79.06,681,18.713,0,2,O,A,Routine,1
95,21,43,50.39,71.7,66.74,64.01,703,7.381,1,22,O,A,Critical,0
96,51,63,34.37,21.8,5.58,88.43,600,9.324,4,12,O,A,Critical,0
97,31,68,29.76,95.54,5.42,75.96,603,7.286,3,37,O,A,Normal,0
98,37,35,61.29,50.47,10.43,55.48,311,16.429,4,2,O,O,Urgent,0
99,63,57,89.19,64.15,8.34,65.14,865,13.973,0,6,O,B,Routine,1
100,43,29,32.63,26.84,42.27,83.86,952,8.511,4,14,O,B,Critical,0
101,25,50,50.69,77.79,89.32,45.4,792,10.338,0,25,O,O,Normal,0
102,53,47,43.14,24.3,22.27,66.61,608,8.216,1,6,B,O,Urgent,0
103,59,32,71.89,41.48,82.44,58.84,350,8.706,1,27,A,B,Urgent,0
104,56,52,38.38,52.77,76.48,70.78,866,11.428,0,4,B,B,Urgent,1
105,20,21,31.05,74.66,86.39,60.94,720,8.796,0,1,AB,A,Urgent,0
106,66,41,73.84,66.4,48.17,64.32,656,0.5,2,25,O,O,Urgent,0
107,54,63,86.71,33.43,71.45,48.55,537,10.836,1,9,O,B,Normal,0
108,28,67,75.92,48.87,28.25,49.35,33,4.871,1,39,O,O,Normal,0
109,68,31,46.35,26.06,19.51,46.45,908,16.084,3,37,B,O,Routine,0
110,57,50,62.96,87.95,80.62,45.04,838,13.162,1,7,A,B,Routine,0
111,24,32,35.21,57.26,36.7,78.36,254,5.984,1,8,O,A,Normal,1
112,20,29,50.16,21.48,95.02,76.18,214,19.291,1,9,AB,A,Normal,0
113,40,49,75.64,61.42,2.04,69.39,484,6.105,1,9,A,B,Normal,0
114,56,61,25.92,90.3,33.42,56.99,164,14.367,0,5,O,A,Urgent,0
115,28,59,37.25,50.0,5.18,97.68,804,19.105,0,31,B,O,Routine,0
116,59,56,59.35,12.77,55.12,70.32,934,9.614,0,3,B,B,Routine,1
117,44,32,51.39,80.48,97.65,59.9,644,7.524,4,12,A,O,Normal,0
118,29,33,98.7,15.66,43.53,47.56,168,12.096,0,4,AB,B,Urgent,0
119,46,29,46.36,59.75,81.12,53.11,896,15.035,1,17,O,O,Critical,0
120,57,59,48.05,54.52,80.95,72.25,478,8.511,0,2,O,B,Critical,0
121,67,38,64.85,70.77,37.75,83.02,961,3.475,2,29,O,A,Urgent,0
122,20,63,97.41,43.1,80.45,46.61,883,3.194,0,43,B,A,Normal,0
123,28,67,44.95,64.52,29.97,59.81,784,6.029,1,39,B,A,Urgent,0
124,65,55,44.42,27.27,33.46,94.27,846,13.838,0,10,B,O,Routine,0
125,65,75,82.03,3.36,22.82,66.28,551,9.383,1,10,B,O,Urgent,1
126,25,49,87.07,43.18,39.32,66.34,351,10.279,0,24,O,B,Critical,1
127,20,20,40.05,42.9,67.35,87.24,954,13.349,2,0,A,O,Normal,0
128,54,52,55.74,11.41,48.76,63.26,541,11.3,4,2,O,B,Urgent,1
129,69,32,69.13,17.93,54.59,59.85,769,8.499,1,37,O,B,Critical,0
130,50,22,27.96,54.46,81.71,78.69,698,15.159,3,28,O,AB,Normal,0
131,53,19,32.16,63.44,,47.6,,6.162,,34,O,A,Critical,0
132,64,23,92.39,16.16,95.88,57.1,835,11.136,0,41,O,A,Routine,1
133,62,44,37.2,80.27,19.64,52.01,749,4.8,2,18,O,A,Urgent,0
134,32,50,52.07,48.88,94.04,48.66,75,12.911,4,18,B,O,Normal,0
135,58,39,93.78,38.99,16.03,95.83,314,11.939,1,19,AB,O,Normal,0
136,37,41,52.99,89.66,53.02,55.87,365,14.226,0,4,A,A,Normal,0
137,50,22,78.49,11.08,27.66,48.22,500,6.301,2,28,B,B,Critical,1
138,34,50,42.06,93.71,28.67,49.29,311,16.292,1,16,A,AB,Urgent,0
139,52,19,90.09,,69.29,84.14,605,18.149,3,33,AB,B,Normal,0
140,21,72,31.16,60.82,35.37,65.17,847,17.959,0,51,O,B,Normal,0
141,21,56,27.47,31.53,50.9,57.86,163,5.218,3,35,O,A,Urgent,0
142,43,56,55.75,84.79,52.99,69.68,396,13.333,3,13,O,O,Routine,1
143,46,20,56.21,,48.74,85.19,802,12.78,1,26,B,B,Routine,0
144,69,24,43.41,90.1,99.22,79.09,147,14.239,1,45,O,O,Normal,0
145,49,51,84.41,25.75,0.82,49.97,434,13.7,1,2,O,O,Urgent,1
146,42,49,73.81,28.54,74.18,91.82,662,8.222,1,7,O,B,Normal,1
147,29,34,33.14,4.66,86.88,77.32,709,13.7,4,5,O,A,Critical,0
148,50,73,29.84,65.78,64.12,69.99,556,10.611,1,23,A,A,Urgent,1
149,65,58,99.65,99.95,35.48,,510,14.135,0,7,A,B,Routine,0
150,43,19,32.78,77.94,56.74,56.49,346,8.099,1,24,O,A,Normal,0
151,31,47,36.12,,89.22,51.25,416,8.49,1,16,O,B,Urgent,0
152,19,21,66.32,65.54,72.47,73.66,428,12.149,4,2,A,A,Urgent,0
153,67,19,94.42,61.44,69.05,74.06,70,21.442,3,48,A,O,Urgent,0
154,50,75,25.84,98.8,23.34,62.85,483,13.687,2,25,B,B,Critical,0
155,49,40,69.07,27.4,68.9,90.97,779,15.901,0,9,O,A,Critical,0
156,60,63,26.19,54.91,79.37,47.06,910,7.081,0,3,A,O,Urgent,0
157,34,36,53.66,51.73,88.48,63.41,884,6.37,0,2,B,A,Normal,0
158,40,27,44.07,35.8,3.68,65.13,69,10.103,2,13,O,A,Urgent,0
159,21,66,76.31,1.35,63.45,48.99,219,3.507,0,45,O,B,Critical,1
160,51,49,55.72,73.04,29.77,85.09,313,19.602,1,2,O,O,Normal,0
161,24,28,86.35,35.69,59.92,65.27,616,5.266,4,4,B,O,Urgent,0
162,40,20,88.95,82.75,61.33,61.32,417,20.055,1,20,B,A,Normal,0
163,56,42,75.5,31.17,3.72,99.53,983,16.163,1,14,O,O,Normal,1
164,52,,47.39,29.23,73.53,76.48,367,9.406,2,16,A,B,Normal,0
165,26,39,53.89,49.0,45.4,74.33,816,10.901,0,13,B,O,Urgent,0
166,68,54,25.74,90.54,16.11,55.1,391,17.38,2,14,O,O,Routine,0
167,25,74,50.96,38.64,61.34,88.7,368,8.551,0,49,AB,B,Normal,0
168,32,22,88.02,35.44,0.84,50.37,87,9.435,1,10,A,O,Critical,0
169,32,72,83.64,42.71,11.68,63.95,297,7.763,0,40,O,O,Routine,0
170,55,37,42.79,49.28,44.85,95.67,315,15.395,1,18,A,O,Critical,0
171,68,23,80.85,82.54,64.52,96.37,803,5.639,0,45,O,B,Normal,0
172,68,44,91.72,59.85,96.67,98.66,896,18.045,4,24,B,O,Urgent,0
173,65,19,52.13,21.67,16.1,59.29,605,6.882,0,46,A,B,Normal,0
174,57,30,34.83,43.48,56.39,58.27,616,8.664,0,27,O,AB,Urgent,0
175,31,50,37.88,25.23,57.65,82.15,378,11.383,1,19,AB,O,Urgent,0
176,29,75,97.19,65.69,99.99,90.39,875,7.547,0,46,O,B,Normal,1
177,29,55,74.95,60.97,28.96,91.93,363,0.5,0,26,O,O,Normal,1
178,44,65,61.5,67.65,80.18,86.04,243,13.576,4,21,O,O,Normal,0
179,42,68,28.92,17.13,50.03,96.54,800,11.819,0,26,A,A,Routine,1
180,25,35,68.23,4.97,13.54,64.24,426,5.253,0,10,O,AB,Critical,1
181,52,68,34.09,86.91,6.44,96.64,537,5.598,4,16,B,O,Urgent,0
182,40,20,68.59,63.55,90.65,45.62,972,6.023,3,20,O,O,Normal,1
183,50,24,86.82,58.65,17.56,45.47,351,6.967,1,26,AB,O,Urgent,0
184,45,27,90.17,37.97,34.12,45.66,169,10.906,0,18,A,AB,Normal,0
185,23,65,32.74,65.53,17.24,85.41,803,4.211,0,42,A,B,Normal,0
186,22,63,82.76,41.9,91.57,98.48,824,0.804,0,41,A,B,Normal,0
187,67,51,31.04,34.01,98.57,53.17,43,0.5,0,16,A,O,Normal,0
188,23,42,45.21,2.19,98.85,61.7,256,8.002,2,19,A,AB,Critical,0
189,61,67,33.22,63.63,1.0,84.77,961,6.717,0,6,A,A,Normal,1
190,63,24,44.92,88.69,35.87,56.07,69,12.588,1,39,O,O,Normal,0
191,18,72,91.36,64.17,93.14,59.54,74,8.966,2,54,A,A,Urgent,0
192,24,18,43.95,72.75,29.23,51.46,883,17.183,3,6,A,A,Normal,0
193,38,62,47.34,11.63,11.27,68.41,826,16.076,4,24,A,B,Normal,0
194,23,65,66.97,21.45,10.52,45.97,542,15.71,1,42,B,A,Urgent,0
195,24,31,61.26,43.48,16.14,82.4,178,9.528,0,7,B,A,Critical,0
196,64,60,91.14,56.26,46.36,97.43,402,9.825,0,4,B,O,Normal,0
197,19,61,69.3,50.11,85.95,61.62,883,15.026,1,42,O,O,Normal,0
198,39,36,28.47,58.99,70.96,72.77,756,11.526,1,3,O,B,Urgent,0
199,54,43,71.58,23.59,96.19,65.03,760,9.638,0,11,O,O,Normal,1
200,63,53,48.96,11.2,19.2,95.23,332,10.8,8,10,O,A,Critical,0
201,46,61,89.4,90.28,73.4,99.97,501,10.54,2,15,A,B,Urgent,0
202,32,47,52.0,5.35,29.44,82.53,745,8.979,1,15,A,B,Urgent,1
203,57,74,35.55,68.07,25.99,70.93,821,10.943,1,17,A,O,Urgent,0
204,52,62,75.1,10.6,28.2,67.66,961,11.043,0,10,A,O,Critical,1
205,42,47,75.93,93.64,96.47,66.24,629,15.2,1,5,B,AB,Urgent,0
206,68,35,81.73,62.21,95.94,97.7,825,13.602,0,33,O,O,Urgent,1
207,35,47,77.04,33.68,3.85,69.28,9,8.39,0,12,B,O,Urgent,0
208,66,24,82.21,62.55,49.96,68.47,414,15.549,1,42,B,A,Normal,0
209,47,66,87.75,72.08,45.45,61.82,880,13.554,0,19,AB,AB,Urgent,1
210,33,27,27.3,97.42,29.67,87.02,308,9.116,1,6,A,O,Critical,0
211,29,42,48.59,44.43,42.83,95.0,775,8.795,8,13,B,A,Routine,0
212,62,38,95.38,66.2,1.4,48.66,743,11.387,0,24,A,A,Urgent,0
213,58,31,95.32,78.43,37.35,73.59,721,11.11,0,27,O,A,Normal,1
214,58,57,41.2,56.46,31.62,67.55,790,14.905,3,1,A,B,Normal,0
215,33,46,46.63,16.87,79.44,72.9,626,3.942,4,13,O,A,Urgent,0
216,21,42,95.68,64.32,4.01,94.24,70,3.545,2,21,O,A,Urgent,1
217,46,48,46.72,96.28,65.69,,198,6.584,0,2,B,B,Normal,0
218,63,29,67.94,30.28,33.37,89.32,782,6.977,0,34,O,O,Urgent,1
219,44,57,62.38,45.13,16.73,74.33,152,7.211,1,13,O,A,Critical,0
220,36,54,36.29,74.84,94.26,97.91,229,9.46,0,18,O,A,Routine,0
221,21,66,48.17,4.97,0.61,89.53,370,12.03,3,45,B,O,Normal,0
222,26,22,64.38,54.24,27.64,45.89,413,18.648,4,4,B,B,Urgent,1
223,56,48,47.78,10.83,48.55,53.22,245,16.897,1,8,A,O,Routine,0
224,26,62,97.59,48.29,70.81,71.11,128,0.5,5,36,AB,O,Normal,0
225,44,25,45.6,68.64,65.53,82.1,512,10.865,1,19,B,A,Normal,0
226,58,70,68.64,76.69,73.61,95.07,778,9.705,3,12,O,O,Critical,1
227,66,35,39.17,87.37,58.46,87.84,797,7.227,0,31,A,AB,Critical,0
228,26,42,29.43,56.78,53.23,89.89,630,11.963,4,16,O,O,Normal,0
229,33,43,74.4,77.21,45.32,92.56,432,5.674,0,10,B,B,Normal,1
230,54,69,36.1,12.39,7.15,49.19,94,0.5,4,15,AB,O,Normal,0
231,20,30,62.48,91.28,76.2,76.8,79,14.737,0,10,O,O,Critical,0
232,49,68,97.69,93.08,16.58,91.09,245,18.522,5,19,O,A,Routine,0
233,40,48,67.82,40.29,71.08,58.74,936,10.173,3,8,A,O,Normal,0
234,61,43,76.3,14.78,44.28,56.33,896,8.377,1,18,O,O,Urgent,1
235,53,33,96.2,66.34,57.56,96.56,472,14.481,0,20,O,AB,Normal,1
236,65,39,52.88,22.0,38.37,94.14,44,6.802,1,26,O,A,Normal,0
237,42,19,39.07,90.67,36.53,83.45,190,14.329,5,23,A,O,Normal,0
238,18,25,73.12,1.23,22.33,87.32,158,9.932,3,7,O,B,Urgent,1
239,52,23,39.16,57.65,56.97,73.09,680,11.613,1,29,A,O,Urgent,0
240,,21,71.0,71.65,79.3,50.34,929,13.9,2,20,O,O,Normal,0
241,61,33,36.57,23.66,91.93,64.74,302,8.409,1,28,A,B,Routine,0
242,40,49,44.87,48.44,59.05,79.57,754,6.292,0,9,A,O,Urgent,0
243,42,45,50.71,36.89,15.32,86.1,429,16.466,1,3,AB,A,Normal,0
244,52,51,55.14,13.83,75.62,92.8,605,15.023,2,1,O,O,Urgent,1
245,31,57,34.98,95.67,36.44,54.92,738,,2,26,B,A,Critical,0
246,39,24,28.24,80.61,86.18,71.61,14,6.102,3,15,O,B,Urgent,0
247,60,58,72.25,64.86,45.16,52.48,979,7.199,0,2,A,B,Critical,0
248,27,66,63.78,79.14,94.78,68.0,665,3.276,0,39,B,A,Routine,0
249,41,68,69.19,73.25,90.49,83.21,759,14.48,3,27,O,O,Urgent,0
250,53,72,52.51,56.9,71.4,82.08,797,9.717,1,19,A,O,Critical,0
251,18,32,84.98,38.4,95.21,47.21,744,8.314,1,14,A,O,Urgent,0
252,54,59,94.97,97.64,37.93,83.23,824,8.945,0,5,B,A,Normal,0
253,24,53,60.81,6.5,31.87,88.23,876,9.348,3,29,O,B,Normal,1
254,59,76,67.37,32.36,99.42,91.09,241,9.541,1,17,A,O,Urgent,0
255,49,25,73.57,60.79,43.76,62.08,596,14.917,0,24,A,A,Urgent,1
256,55,75,95.76,60.43,60.89,48.03,753,13.439,0,20,O,A,Normal,0
257,27,75,72.2,81.73,94.78,98.7,692,15.069,1,48,A,O,Routine,0
258,33,68,55.38,89.7,23.22,49.81,39,12.08,1,35,AB,O,Routine,0
259,29,50,55.27,71.21,8.72,74.76,494,14.913,1,21,B,B,Normal,0
260,37,43,99.83,43.57,21.08,55.21,617,10.102,1,6,B,B,Normal,1
261,27,25,99.86,88.6,93.06,90.98,403,7.662,5,2,A,B,Normal,0
262,33,38,47.07,85.97,65.69,95.65,554,9.943,0,5,O,AB,Urgent,0
263,44,24,65.1,30.22,34.61,79.2,411,11.09,0,20,O,A,Normal,0
264,62,41,76.67,57.58,95.2,67.93,248,12.74,2,21,B,O,Urgent,0
265,26,77,53.31,84.69,38.87,85.46,505,,0,51,A,O,Normal,0
266,28,50,88.57,29.9,19.18,76.79,652,4.639,4,22,B,B,Urgent,0
267,41,51,57.61,65.36,11.88,53.88,42,19.845,4,10,O,A,Critical,0
268,24,49,98.39,66.77,6.21,63.43,627,9.515,8,25,O,AB,Critical,1
269,46,69,77.78,72.45,27.65,66.46,526,10.118,0,23,O,A,Normal,0
270,55,72,25.38,47.51,38.93,92.75,945,22.075,0,17,O,A,Urgent,0
271,38,39,31.53,3.82,65.9,95.6,583,13.561,0,1,A,A,Routine,0
272,47,45,29.79,59.78,39.31,57.77,,15.299,1,2,O,B,Normal,0
273,64,59,54.07,26.35,30.73,92.51,175,8.083,0,5,A,B,Routine,1
274,28,35,54.14,8.25,99.52,63.12,702,0.898,1,7,O,B,Routine,0
275,69,48,45.39,95.29,55.83,88.0,99,7.114,3,21,A,O,Normal,0
276,57,21,82.98,56.74,77.34,57.65,185,5.614,1,36,O,A,Normal,1
277,69,66,54.76,92.46,11.66,45.53,202,14.668,0,3,AB,O,Routine,0
278,56,20,50.34,61.51,18.16,48.58,117,14.714,6,36,O,O,Normal,0
279,50,64,48.32,48.22,4.35,73.94,652,6.83,0,14,O,O,Normal,1
280,36,21,81.76,41.28,63.78,57.38,,10.721,0,15,B,O,Normal,0
281,45,23,97.13,66.1,24.02,89.56,756,8.369,6,22,B,O,Normal,0
282,61,30,55.67,64.66,22.04,70.83,465,14.691,1,31,O,A,Urgent,0
283,37,19,67.29,31.83,95.99,59.71,354,9.295,0,18,A,B,Urgent,0
284,68,32,81.63,6.96,35.48,49.38,236,,1,36,O,B,Routine,0
285,19,27,91.89,10.85,97.21,81.55,465,16.459,1,8,O,O,Normal,1
286,18,32,46.63,67.22,88.1,96.15,83,19.497,1,14,O,B,Urgent,0
287,64,44,28.9,17.08,72.43,54.73,821,11.833,1,20,A,B,Normal,0
288,22,54,28.33,51.28,58.57,45.17,213,15.582,0,32,O,B,Urgent,0
289,66,65,81.71,18.55,61.6,51.83,857,4.826,0,1,O,O,Urgent,1
290,47,33,59.52,37.4,93.05,73.14,283,9.716,0,14,A,A,Normal,0
291,56,41,89.64,39.45,64.81,83.9,530,9.92,1,15,O,B,Routine,0
292,41,29,42.75,5.37,45.8,49.67,586,12.714,0,12,O,B,Routine,0
293,44,74,89.33,31.85,80.32,89.02,835,7.25,0,30,A,A,Normal,1
294,42,18,48.55,63.43,3.31,89.58,646,15.584,0,24,O,AB,Normal,0
295,69,36,39.8,24.31,89.78,54.27,950,7.101,1,33,A,B,Routine,0
296,,77,92.85,31.84,95.33,97.72,751,10.888,0,16,A,O,Urgent,0
297,28,56,82.93,46.03,16.43,49.66,593,10.742,2,28,O,O,Urgent,1
298,59,48,37.25,30.77,12.7,72.74,960,16.034,3,11,O,B,Normal,1
299,50,26,28.06,18.64,64.31,49.1,969,7.213,0,24,A,A,Normal,0
300,36,41,77.08,52.12,1.73,82.2,536,0.992,1,5,O,O,Normal,1
301,55,63,71.83,63.24,22.81,74.5,968,11.742,3,8,O,O,Routine,1
302,23,61,93.44,14.32,42.25,98.36,480,8.574,1,38,B,B,Normal,1
303,55,36,42.1,12.43,17.93,76.06,26,12.785,7,19,O,AB,Critical,0
304,62,42,80.56,51.78,19.67,55.82,685,9.482,1,20,B,AB,Urgent,1
305,63,68,61.28,76.48,80.05,77.16,361,15.406,6,5,O,O,Normal,0
306,25,27,75.45,10.45,74.33,52.64,764,,3,2,A,O,Normal,0
307,27,21,93.73,77.63,96.66,61.42,228,7.447,1,6,O,AB,Critical,0
308,41,58,74.54,25.42,56.26,92.05,637,15.231,4,17,B,B,Urgent,1
309,51,77,47.96,30.0,50.38,54.57,30,11.168,4,26,O,A,Routine,0
310,53,51,95.69,12.45,56.51,81.11,176,10.739,1,2,AB,O,Normal,1
311,31,72,91.45,40.65,12.65,87.38,142,10.643,0,41,O,O,Urgent,1
312,43,29,77.72,1.52,63.12,49.19,64,5.449,1,14,B,O,Normal,0
313,50,70,67.07,35.48,14.21,95.47,35,9.015,0,20,A,A,Normal,1
314,18,18,79.49,89.12,71.39,57.9,460,0.788,1,0,B,B,Urgent,1
315,35,,40.17,50.27,86.72,76.98,247,6.707,2,24,A,A,Urgent,0
316,55,42,69.87,23.61,3.19,69.6,354,6.27,5,13,B,B,Critical,1
317,37,21,61.21,2.97,45.95,82.37,525,15.027,2,16,A,O,Urgent,0
318,45,25,62.41,82.36,65.13,84.07,301,14.671,4,20,B,O,Normal,0
319,67,42,74.17,26.88,45.35,67.38,432,11.923,2,25,O,O,Critical,0
320,44,26,90.48,40.29,64.51,49.54,350,10.968,0,18,A,A,Normal,0
321,23,59,60.82,10.13,13.35,45.4,472,14.05,0,36,AB,O,Normal,0
322,35,55,31.51,37.38,0.0,68.62,174,13.193,2,20,O,A,Normal,0
323,55,19,27.87,74.85,68.71,53.42,617,13.779,1,36,O,B,Critical,0
324,30,63,47.27,80.14,82.24,62.12,3,16.073,2,33,A,A,Normal,0
325,27,65,60.68,67.56,49.93,50.01,557,10.957,6,38,O,B,Normal,0
326,34,34,72.64,40.92,29.69,90.74,12,12.276,0,0,O,O,Normal,0
327,46,69,57.7,52.55,6.98,67.14,592,4.62,0,23,O,B,Normal,1
328,67,39,50.9,39.4,71.32,57.79,2,5.419,5,28,A,B,Normal,0
329,66,56,91.96,34.37,94.81,58.16,587,15.726,2,10,O,B,Normal,1
330,18,62,55.75,59.95,25.96,54.59,429,11.51,0,44,O,A,Urgent,0
331,27,61,35.93,35.57,15.44,84.74,187,5.066,2,34,O,B,Urgent,0
332,59,50,74.84,84.63,80.17,63.83,10,2.851,0,9,B,B,Critical,0
333,30,37,56.47,56.23,12.58,73.73,676,9.313,3,7,B,O,Critical,1
334,18,24,57.29,19.28,73.29,47.2,829,11.102,2,6,B,O,Urgent,0
335,56,28,42.12,79.98,96.72,52.9,352,5.875,1,28,B,A,Normal,0
336,67,30,28.86,41.05,39.44,87.69,747,9.161,0,37,O,O,Urgent,0
337,67,66,79.01,77.41,7.47,66.82,1000,18.345,0,1,A,A,Urgent,1
338,41,39,85.54,41.36,35.66,50.0,559,14.343,5,2,A,A,Urgent,1
339,48,66,67.27,74.95,51.93,77.91,186,1.991,1,18,O,O,Normal,1
340,55,29,28.48,84.94,4.92,88.36,861,12.795,0,26,A,B,Normal,0
341,53,41,87.62,42.35,19.15,88.7,862,11.994,3,12,A,O,Normal,0
342,51,37,25.27,86.44,6.5,69.78,444,14.301,0,14,B,O,Urgent,0
343,44,29,71.78,37.92,75.43,80.11,699,13.7,2,15,B,AB,Urgent,1
344,62,46,51.17,39.96,35.08,46.76,800,5.459,1,16,B,O,Urgent,0
345,62,42,82.09,89.46,93.55,87.32,676,15.376,0,20,O,B,Urgent,0
346,66,28,76.13,63.57,84.01,97.37,553,12.322,1,38,O,O,Normal,1
347,37,18,40.63,15.77,36.66,63.45,349,13.237,4,19,AB,A,Routine,0
348,55,22,75.05,5.21,15.18,65.84,347,2.481,2,33,A,O,Urgent,0
349,31,67,96.64,95.07,45.91,53.05,81,10.177,0,36,A,O,Urgent,0
350,30,53,87.39,42.36,75.84,93.42,673,12.096,3,23,O,B,Urgent,1
351,29,68,49.6,48.6,67.15,70.65,665,12.873,0,39,O,A,Routine,0
352,56,33,55.68,53.37,28.29,74.47,828,7.663,1,23,A,B,Normal,0
353,51,63,91.65,26.88,41.17,78.69,227,12.587,1,12,A,O,Critical,0
354,28,67,93.15,34.58,90.24,76.89,182,13.278,3,39,B,B,Routine,0
355,40,64,31.49,56.03,95.93,47.66,950,5.653,0,24,B,O,Normal,0
356,45,47,67.44,41.49,82.24,58.91,344,9.383,1,2,O,O,Normal,0
357,19,42,71.56,58.99,48.12,83.32,682,3.799,0,23,B,B,Urgent,1
358,37,63,37.86,86.05,43.57,98.54,847,17.398,2,26,A,B,Normal,0
359,67,29,82.89,56.2,42.31,96.43,947,13.724,2,38,O,O,Urgent,1
360,30,19,50.35,43.39,5.57,47.29,907,7.185,2,11,A,O,Critical,1
361,28,37,,76.93,9.39,96.95,315,10.126,2,9,B,B,Normal,0
362,43,50,65.72,95.71,77.19,52.9,422,15.705,3,7,O,O,Urgent,0
363,67,51,67.52,3.17,97.7,97.54,472,7.683,0,16,A,O,Normal,0
364,23,31,51.02,77.85,71.14,57.48,620,11.273,2,8,O,O,Critical,0
365,21,72,26.41,21.12,83.13,68.69,449,7.76,1,51,O,O,Normal,0
366,68,18,38.37,31.43,17.94,73.41,409,11.066,1,50,O,O,Urgent,0
367,48,63,33.98,22.72,,58.6,941,9.261,1,15,B,A,Normal,0
368,24,44,92.98,90.87,84.18,88.27,184,11.836,1,20,O,B,Urgent,0
369,69,58,38.32,51.31,36.28,51.65,963,15.91,0,11,B,A,Normal,0
370,67,35,61.68,30.9,97.7,48.95,15,5.624,4,32,A,B,Routine,0
371,34,70,90.28,89.48,71.57,89.68,241,9.279,0,36,O,B,Urgent,0
372,61,58,64.85,39.8,56.62,87.95,792,10.931,0,3,B,O,Urgent,0
373,60,37,78.43,22.8,16.67,79.63,874,8.861,0,23,O,A,Normal,1
374,32,57,66.87,63.8,56.58,66.34,881,11.233,3,25,O,O,Normal,0
375,35,39,78.26,73.99,67.28,97.6,36,7.259,3,4,O,B,Urgent,1
376,63,30,97.92,14.76,86.63,67.93,780,2.162,0,33,A,B,Normal,0
377,32,32,47.96,43.16,60.53,81.46,11,12.913,0,0,O,O,Normal,1
378,54,42,95.51,73.55,54.24,48.69,700,4.098,2,12,O,B,Routine,0
379,32,70,32.38,95.68,56.11,54.03,967,19.694,2,38,A,B,Normal,0
380,61,52,91.72,63.24,27.36,69.97,225,12.17,3,9,O,O,Urgent,0
381,21,45,80.3,99.49,43.86,60.78,111,16.171,0,24,A,O,Normal,0
382,48,77,77.84,10.09,98.73,89.49,249,5.528,0,29,O,B,Routine,1
383,51,66,93.63,6.42,91.43,76.21,581,20.111,0,15,O,O,Critical,1
384,42,26,61.65,3.42,15.35,71.42,733,10.018,7,16,A,AB,Normal,1
385,54,50,69.91,55.14,26.64,63.8,841,9.418,8,4,B,O,Urgent,0
386,44,29,79.56,4.39,59.55,64.65,76,10.204,2,15,A,AB,Normal,0
387,35,59,34.82,86.23,70.43,92.91,39,12.529,3,24,A,B,Normal,0
388,25,69,34.73,97.97,37.52,89.88,343,8.772,2,44,O,O,Routine,0
389,36,68,28.43,56.55,77.73,94.53,687,3.028,8,32,O,O,Urgent,0
390,68,54,58.25,64.63,20.59,92.8,339,10.808,1,14,B,A,Urgent,0
391,42,71,59.56,14.17,5.31,66.3,626,15.019,2,29,O,B,Critical,0
392,43,53,81.43,43.93,47.68,53.56,513,17.306,0,10,A,B,Critical,0
393,56,72,58.87,91.05,42.05,92.54,586,11.966,8,16,AB,O,Critical,0
394,35,38,86.48,43.85,41.01,99.38,372,10.704,3,3,A,A,Urgent,0
395,56,59,87.13,48.67,47.39,50.8,988,16.079,0,3,O,B,Urgent,1
396,55,76,60.72,9.67,96.77,93.69,582,8.263,1,21,O,B,Normal,0
397,62,31,92.04,21.14,95.9,89.73,837,13.248,1,31,A,AB,Critical,0
398,56,18,61.86,77.05,58.75,79.92,7,7.951,6,38,O,A,Normal,0
399,63,27,97.86,31.46,50.28,61.18,280,11.894,0,36,O,B,Normal,0
400,39,19,72.69,97.55,84.68,91.51,478,6.636,0,20,O,O,Routine,0
401,64,76,74.55,25.73,88.78,99.67,12,5.347,2,12,B,A,Normal,0
402,50,65,56.33,65.79,91.49,98.7,669,12.457,3,15,B,O,Critical,0
403,33,55,58.54,98.66,42.67,68.58,999,8.89,1,22,O,O,Routine,0
404,20,24,92.54,45.22,69.0,45.68,111,14.726,0,4,O,O,Urgent,0
405,29,71,45.07,38.14,92.98,81.27,565,13.726,2,42,A,B,Urgent,0
406,50,20,82.67,37.54,55.1,83.25,226,5.988,2,30,B,B,Urgent,0
407,65,25,39.89,27.97,98.22,69.95,755,16.353,1,40,B,A,Normal,0
408,49,63,33.93,24.09,41.11,73.16,342,6.94,3,14,O,O,Critical,0
409,45,40,79.63,44.28,28.85,94.49,862,12.326,3,5,A,A,Urgent,1
410,25,55,89.66,64.68,82.84,88.3,475,7.131,1,30,O,A,Urgent,0
411,25,62,61.77,38.5,39.06,72.43,372,11.627,0,37,O,O,Critical,0
412,53,25,63.73,41.14,63.8,46.96,504,22.758,1,28,A,O,Urgent,0
413,64,20,96.27,29.31,62.39,97.01,764,12.591,1,44,O,O,Normal,1
414,42,46,88.8,33.26,38.22,97.27,613,14.405,4,4,O,O,Urgent,1
415,19,75,65.6,76.43,89.33,81.54,551,15.881,1,56,O,A,Normal,0
416,48,65,93.59,98.83,6.31,76.39,778,14.358,0,17,O,A,Urgent,0
417,45,26,39.99,85.11,27.34,83.76,643,20.947,6,19,O,A,Urgent,0
418,41,57,81.22,9.67,25.65,80.76,417,10.276,0,16,O,O,Routine,1
419,55,32,55.55,88.98,80.37,54.53,842,10.307,5,23,A,O,Normal,0
420,31,71,47.25,2.34,92.91,82.7,918,11.229,0,40,A,O,Normal,0
421,58,74,51.82,42.57,90.63,62.16,882,17.728,8,16,O,AB,Urgent,0
422,32,36,34.54,23.14,97.3,75.27,936,15.521,0,4,O,B,Urgent,0
423,66,19,90.56,27.37,,83.52,395,15.467,1,47,B,O,Critical,0
424,34,77,94.71,55.63,59.65,55.72,81,15.704,0,43,A,O,Routine,0
425,27,36,87.82,6.23,5.42,82.24,240,6.869,2,9,A,AB,Urgent,1
426,63,37,57.32,7.86,2.17,47.57,774,11.912,0,26,A,B,Routine,1
427,18,27,95.6,23.01,25.11,74.5,413,9.26,0,9,A,O,Routine,1
428,40,26,55.0,64.15,89.5,83.79,167,14.298,1,14,AB,A,Urgent,0
429,46,55,76.45,33.52,10.75,96.5,216,20.542,,9,O,O,Normal,1
430,39,36,71.31,0.67,59.64,67.82,448,1.389,0,3,A,O,Normal,1
431,38,24,78.81,40.08,88.18,93.49,272,7.085,0,14,B,O,Urgent,0
432,69,42,34.12,0.56,7.83,61.29,111,6.096,0,27,O,A,Urgent,0
433,51,39,25.53,4.39,62.09,98.71,146,10.222,7,12,A,O,Critical,0
434,27,31,60.58,35.49,61.26,60.29,445,8.441,1,4,B,B,Routine,1
435,42,19,52.8,71.86,20.51,80.81,247,6.278,0,23,B,B,Urgent,0
436,43,26,84.91,53.66,14.54,46.64,346,7.032,8,17,B,A,Normal,0
437,52,58,47.66,92.76,46.57,65.79,562,19.171,1,6,A,B,Urgent,0
438,28,32,42.1,37.3,58.36,79.41,554,16.526,0,4,A,O,Urgent,0
439,22,64,34.28,2.74,84.99,89.75,577,9.625,0,42,O,B,Urgent,0
440,64,19,79.49,62.09,88.4,93.34,345,10.404,2,45,AB,B,Urgent,0
441,35,69,95.96,81.78,51.8,69.34,676,5.877,1,34,O,A,Critical,0
442,45,29,79.09,5.75,89.6,82.16,447,12.106,0,16,A,O,Urgent,0
443,23,45,60.2,47.13,4.21,95.03,,16.217,0,22,B,O,Urgent,0
444,31,62,49.61,77.94,80.0,89.57,325,15.754,2,31,O,A,Critical,0
445,37,76,89.95,15.68,55.12,88.29,674,11.768,5,39,O,O,Normal,1
446,22,44,34.53,90.91,28.92,90.14,772,16.8,0,22,O,O,Urgent,0
447,40,18,89.42,94.18,53.78,61.47,545,17.805,0,22,B,A,Critical,0
448,45,26,64.41,95.32,8.67,72.34,395,7.714,3,19,A,O,Urgent,0
449,69,33,75.68,73.76,71.78,69.32,381,13.059,1,36,A,B,Normal,0
450,48,29,45.41,80.83,85.34,71.94,57,18.692,8,19,A,O,Urgent,0
451,18,54,53.42,99.16,89.25,58.49,801,4.936,6,36,O,A,Urgent,0
452,67,33,95.72,26.48,42.76,68.56,473,18.078,3,34,O,A,Urgent,0
453,48,18,93.84,24.94,99.58,49.23,302,8.872,1,30,AB,O,Urgent,0
454,61,75,89.67,82.08,51.8,82.17,129,10.69,0,14,B,B,Normal,1
455,48,36,63.2,27.49,40.97,73.11,27,17.485,2,12,A,B,Normal,0
456,19,37,,50.1,0.2,68.65,572,15.467,1,18,AB,B,Urgent,0
457,65,27,45.16,66.84,59.26,55.46,172,14.414,0,38,B,O,Urgent,0
458,34,36,94.34,80.14,72.48,78.41,585,12.705,0,2,A,AB,Urgent,1
459,63,35,31.15,98.65,77.65,79.12,266,12.8,0,28,O,O,Urgent,0
460,40,40,95.42,0.32,76.25,96.46,504,16.046,2,0,O,O,Critical,1
461,42,56,81.11,52.03,11.54,59.16,396,13.984,0,14,B,O,Normal,0
462,45,19,99.67,88.92,62.85,92.57,693,7.521,0,26,B,A,Routine,0
463,25,56,75.18,83.35,80.25,70.98,334,10.852,0,31,B,O,Normal,0
464,33,68,77.22,71.97,42.66,85.92,640,8.911,4,35,A,A,Urgent,0
465,67,34,67.45,45.04,24.32,78.16,69,15.433,0,33,O,A,Critical,0
466,40,18,67.82,26.12,44.75,77.84,998,15.576,6,22,O,A,Urgent,0
467,23,49,87.54,50.87,34.76,54.8,716,4.971,0,26,B,O,Normal,1
468,,39,90.98,48.48,24.37,64.08,421,7.367,1,3,A,O,Normal,1
469,66,21,54.61,46.7,22.38,81.49,430,6.959,1,45,O,B,Normal,0
470,43,66,77.09,65.1,40.57,96.08,164,7.466,2,23,B,A,Normal,0
471,69,75,74.28,74.87,58.44,50.05,356,17.798,0,6,O,O,Routine,1
472,41,62,64.26,53.84,45.81,77.52,296,5.659,1,21,O,AB,Normal,0
473,52,58,30.4,50.16,8.15,65.43,611,13.67,0,6,A,O,Normal,0
474,32,37,84.53,32.42,49.13,89.6,960,9.753,0,5,B,B,Normal,1
475,28,52,42.06,74.44,58.18,48.92,57,5.538,0,24,O,A,Critical,0
476,51,76,39.81,60.15,68.44,74.03,818,11.938,0,25,AB,B,Urgent,0
477,39,27,37.43,92.34,25.48,80.42,154,10.693,1,12,O,A,Normal,0
478,39,21,66.21,30.43,25.96,91.44,392,12.511,1,18,A,B,Routine,0
479,45,59,95.05,22.29,78.28,63.97,499,11.517,1,14,O,A,Urgent,1
480,41,29,68.25,58.01,36.34,57.86,247,22.06,0,12,A,AB,Urgent,0
481,40,48,93.27,0.37,7.55,55.1,867,0.512,2,8,O,B,Normal,1
482,42,20,71.87,56.79,4.39,97.74,588,2.057,5,22,B,A,Routine,0
483,38,54,25.11,88.66,55.29,46.74,418,6.096,1,16,O,O,Normal,0
484,46,46,74.09,25.19,21.45,51.81,289,7.57,1,0,B,O,Normal,1
485,,18,83.75,81.45,64.1,77.98,787,13.84,3,1,A,O,Normal,0
486,27,50,95.03,93.69,60.36,84.32,16,7.865,1,23,O,B,Critical,0
487,49,67,87.05,49.13,11.95,89.73,634,8.03,0,18,A,O,Critical,1
488,50,75,54.75,45.09,66.6,65.56,521,7.972,0,25,B,O,Normal,0
489,43,52,34.66,2.95,95.45,51.48,540,11.598,0,9,O,A,Normal,0
490,57,54,30.53,46.3,3.46,66.5,782,16.792,1,3,O,O,Normal,0
491,25,66,43.69,41.15,8.78,50.04,325,7.197,0,41,A,A,Normal,0
492,61,70,43.5,98.19,0.91,73.58,892,10.591,0,9,O,O,Normal,0
493,56,40,32.83,40.89,67.08,65.64,738,13.616,0,16,B,O,Urgent,0
494,27,25,51.61,97.12,50.89,86.27,79,5.149,0,2,O,A,Normal,0
495,58,52,43.93,42.57,11.27,60.14,820,15.137,0,6,A,A,Critical,0
496,21,69,58.52,68.18,26.39,45.56,630,24.34,3,48,A,A,Urgent,0
497,44,56,36.81,34.42,71.55,89.11,726,15.684,1,12,A,O,Critical,0
498,42,,66.53,8.0,39.57,93.98,271,8.884,3,3,B,A,Normal,0
499,58,26,77.13,93.61,89.57,61.6,912,9.113,2,32,O,B,Normal,0
500,60,45,77.86,79.13,23.57,94.5,509,12.619,6,15,A,O,Normal,1
501,49,69,35.27,31.27,36.0,98.77,618,7.038,2,20,A,O,Critical,0
502,51,64,40.49,0.63,97.24,74.59,338,7.0,1,13,A,O,Critical,0
503,46,22,54.38,32.64,90.21,53.93,216,8.475,0,24,AB,A,Routine,0
504,67,21,74.67,52.89,16.45,56.96,342,9.274,0,46,A,A,Routine,1
505,59,47,25.74,50.11,9.95,84.25,421,3.373,3,12,A,O,Critical,0
506,36,35,86.38,50.55,24.86,52.74,867,5.847,0,1,O,O,Normal,1
507,51,30,63.3,61.11,21.82,86.2,385,7.846,2,21,B,A,Normal,0
508,20,55,26.89,63.76,16.67,82.32,444,16.408,2,35,B,B,Routine,0
509,23,30,37.0,63.32,81.78,72.94,115,10.111,2,7,O,O,Urgent,0
510,21,41,54.11,31.06,96.31,79.89,595,9.802,0,20,AB,O,Critical,0
511,23,67,33.64,47.55,,83.02,306,13.998,1,44,O,A,Normal,0
512,18,73,96.16,75.86,8.47,85.48,888,18.512,2,55,B,A,Normal,0
513,26,65,25.88,32.86,70.94,98.61,728,10.789,1,39,O,O,Critical,0
514,39,60,,79.11,36.78,46.44,55,16.862,0,21,O,B,Normal,0
515,67,72,80.9,44.27,53.69,58.95,506,6.258,0,5,A,A,Urgent,1
516,41,21,80.47,22.68,91.81,90.26,750,9.726,1,20,O,O,Critical,1
517,52,43,97.58,33.62,34.12,88.6,364,1.328,4,9,A,B,Routine,0
518,37,43,38.73,39.52,43.85,85.5,816,12.405,1,6,O,A,Normal,0
519,31,30,32.78,95.31,69.03,49.42,853,6.946,6,1,A,A,Routine,0
520,36,40,77.09,32.86,98.94,47.64,2,13.436,0,4,B,O,Urgent,0
521,20,40,34.54,51.18,75.85,76.72,670,,,20,O,O,Normal,0
522,68,53,34.74,78.12,72.07,77.61,837,13.085,0,15,B,AB,Critical,0
523,56,35,45.47,91.39,9.6,68.4,933,1.11,1,21,B,A,Normal,0
524,45,70,30.37,74.08,12.64,80.82,109,5.336,1,25,B,B,Normal,0
525,61,19,70.66,39.49,60.7,66.79,952,10.378,1,42,B,O,Normal,0
526,43,28,80.97,40.11,15.64,78.73,723,8.026,1,15,O,A,Normal,1
527,57,40,69.07,70.85,48.76,48.04,588,9.027,1,17,A,O,Normal,0
528,58,42,66.97,84.9,24.73,60.62,286,12.997,4,16,A,O,Urgent,0
529,69,63,71.87,33.13,95.2,82.82,671,9.784,3,6,O,AB,Urgent,1
530,50,68,33.53,38.84,54.04,74.4,618,6.762,0,18,B,O,Normal,0
531,19,53,86.02,4.17,25.63,76.37,725,10.452,4,34,A,A,Normal,1
532,61,26,30.25,37.51,62.35,69.07,634,19.344,1,35,AB,O,Normal,0
533,32,24,60.64,42.37,90.59,51.84,34,11.289,6,8,B,O,Normal,0
534,34,54,65.84,63.82,60.34,52.53,325,4.382,8,20,O,O,Normal,0
535,33,38,54.81,98.25,48.84,83.47,998,12.992,3,5,A,O,Urgent,0
536,50,25,37.41,18.73,80.31,98.76,388,6.156,2,25,O,A,Routine,0
537,35,50,84.12,56.88,61.61,54.8,142,18.846,0,15,A,O,Urgent,0
538,49,36,43.49,45.15,44.49,81.04,782,14.959,2,13,O,O,Urgent,0
539,29,20,80.91,56.5,22.86,57.13,977,15.448,0,9,A,B,Normal,0
540,61,70,34.13,57.97,74.74,63.29,663,11.401,8,9,B,B,Normal,0
541,38,26,50.36,72.01,54.62,76.15,934,5.672,0,12,B,A,Critical,0
542,68,20,25.01,88.54,41.33,46.21,793,8.549,0,48,O,O,Urgent,0
543,26,25,45.52,68.63,94.34,63.73,656,7.59,2,1,B,O,Normal,0
544,47,36,59.54,27.97,9.85,45.89,968,16.265,2,11,O,A,Urgent,1
545,35,62,99.09,19.52,7.93,69.65,850,17.922,,27,A,O,Normal,0
546,21,33,95.95,74.07,71.42,74.24,709,4.358,2,12,B,A,Normal,0
547,68,40,35.72,55.42,66.66,62.87,8,9.319,0,28,B,A,Urgent,0
548,66,56,83.48,83.28,10.78,53.87,438,12.171,0,10,O,B,Normal,0
549,29,48,31.71,69.22,19.02,97.35,731,10.374,1,19,A,B,Critical,0
550,61,68,33.1,31.42,44.45,57.8,739,14.562,1,7,O,A,Urgent,0
551,25,35,53.27,31.71,45.7,75.34,931,7.507,1,10,O,A,Critical,1
552,30,55,57.09,97.06,88.25,46.84,415,2.333,0,25,B,A,Normal,0
553,54,48,56.22,90.95,76.58,57.69,167,10.113,1,6,O,A,Critical,0
554,66,67,25.23,16.09,60.53,55.74,479,10.708,8,1,B,B,Urgent,0
555,61,51,75.62,43.96,74.65,77.46,347,9.057,0,10,O,O,Urgent,1
556,39,38,98.65,54.8,94.56,56.49,360,15.555,1,1,O,O,Critical,0
557,43,50,99.67,69.87,50.65,60.84,214,4.022,1,7,O,O,Routine,1
558,46,25,36.67,11.43,5.56,50.91,910,7.195,0,21,A,A,Urgent,1
559,40,39,34.49,92.74,90.09,88.75,428,8.429,3,1,B,O,Urgent,0
560,65,20,94.15,73.96,32.32,89.75,847,11.525,0,45,B,O,Normal,0
561,58,59,46.69,82.12,71.48,81.89,730,20.564,0,1,B,A,Critical,0
562,58,37,30.04,16.34,42.48,80.38,976,6.149,0,21,O,B,Urgent,0
563,63,45,48.72,99.35,5.97,81.09,282,12.507,1,18,O,A,Normal,0
564,37,31,25.37,77.77,86.86,93.68,691,23.66,1,6,A,O,Urgent,0
565,22,28,85.73,98.79,71.02,47.08,344,2.086,4,6,O,O,Urgent,1
566,54,30,26.9,1.55,79.48,81.07,795,3.547,0,24,A,A,Routine,0
567,26,49,26.82,32.18,29.03,72.51,838,6.72,0,23,O,B,Normal,0
568,48,18,37.31,8.78,56.65,85.31,107,2.007,1,30,B,O,Urgent,0
569,43,40,30.13,76.92,76.98,96.1,728,12.044,3,3,AB,O,Normal,0
570,23,47,98.7,99.57,61.38,82.77,60,21.686,1,24,AB,A,Routine,0
571,39,36,72.74,59.32,0.02,50.06,675,8.861,0,3,O,O,Normal,1
572,66,66,51.62,37.42,13.5,60.79,901,8.549,1,0,B,O,Normal,0
573,24,37,28.04,15.11,95.74,86.08,884,14.802,1,13,O,A,Urgent,0
574,67,76,30.47,18.72,6.14,95.47,676,9.659,1,9,A,B,Urgent,0
575,52,61,45.05,58.23,42.77,81.42,3,,0,9,B,O,Urgent,0
576,60,48,77.38,21.2,80.75,61.11,732,11.716,0,12,O,O,Normal,1
577,39,74,31.81,71.49,25.66,57.37,583,12.742,1,35,A,A,Critical,0
578,43,62,68.3,40.79,74.34,67.35,493,18.989,0,19,O,B,Urgent,0
579,59,,26.52,6.12,38.68,49.05,540,13.703,0,10,O,B,Normal,0
580,34,22,85.02,2.45,29.34,97.71,357,9.63,3,12,O,O,Urgent,1
581,39,54,33.77,80.63,9.58,55.85,200,4.758,0,15,B,O,Urgent,0
582,40,31,29.39,37.44,61.65,83.08,730,10.142,0,9,A,A,Normal,0
583,23,21,91.21,4.61,16.98,49.2,204,9.584,0,2,O,A,Normal,1
584,28,34,32.93,66.67,69.77,60.81,511,17.469,1,6,B,O,Urgent,0
585,58,59,66.07,20.71,89.13,60.85,174,10.554,0,1,O,A,Normal,0
586,52,69,57.79,87.34,68.95,74.89,971,11.423,2,17,B,AB,Normal,0
587,63,21,46.32,7.42,6.27,56.05,247,15.461,1,42,A,O,Routine,0
588,48,33,33.21,65.98,51.96,88.41,346,12.601,1,15,A,O,Critical,0
589,49,48,68.19,35.21,89.63,58.17,825,7.467,0,1,A,O,Normal,0
590,62,,50.27,13.31,57.24,80.17,93,8.112,1,31,B,A,Urgent,0
591,61,30,59.71,26.98,28.75,66.58,805,8.201,0,31,A,A,Urgent,1
592,42,19,62.59,,67.88,84.62,642,6.551,1,23,AB,A,Critical,0
593,65,71,64.5,80.65,84.42,92.77,568,9.221,3,6,A,O,Urgent,0
594,42,54,98.54,25.5,32.48,65.17,539,7.954,2,12,A,A,Normal,0
595,31,71,25.48,77.63,82.82,71.25,345,12.875,0,40,A,O,Routine,0
596,38,28,48.65,65.71,49.97,75.98,812,14.0,0,10,B,B,Normal,1
597,32,60,86.01,23.16,29.3,80.49,723,10.372,4,28,O,A,Normal,1
598,57,59,49.17,95.94,72.75,99.64,780,0.5,0,2,O,A,Normal,0
599,67,36,95.76,47.71,61.95,99.84,494,10.836,1,31,O,O,Urgent,0
600,65,43,46.68,68.1,32.64,76.25,163,13.283,0,22,B,A,Critical,0
601,34,33,27.84,14.38,17.07,81.26,861,13.243,1,1,B,O,Urgent,0
602,27,53,89.06,88.4,65.3,52.07,252,10.586,0,26,O,AB,Urgent,0
603,62,31,66.56,42.7,37.22,78.98,628,13.971,1,31,B,O,Normal,0
604,21,69,68.58,98.11,59.98,45.05,989,14.126,0,48,B,O,Normal,0
605,50,38,67.64,14.67,1.39,75.85,896,8.765,1,12,O,A,Normal,1
606,62,49,32.94,21.8,21.14,57.33,501,4.881,0,13,B,AB,Normal,0
607,37,33,70.64,38.85,75.97,71.95,358,13.071,2,4,B,O,Urgent,0
608,24,52,69.99,63.48,44.93,90.78,575,3.379,0,28,A,A,Urgent,1
609,45,74,68.55,2.75,25.39,67.05,480,14.869,3,29,B,B,Normal,0
610,37,35,65.47,68.62,5.63,77.13,84,12.159,0,2,O,B,Routine,1
611,59,68,48.17,58.37,26.9,89.93,739,7.405,0,9,B,O,Normal,0
612,49,55,29.14,30.81,67.32,98.37,430,16.443,0,6,B,A,Critical,0
613,31,41,66.13,9.64,6.95,68.98,438,18.166,0,10,B,A,Urgent,0
614,52,42,74.07,1.86,69.6,59.92,405,17.078,3,10,A,A,Urgent,0
615,49,28,68.02,4.34,67.28,85.75,966,7.574,2,21,B,B,Normal,1
616,52,47,88.93,84.32,72.13,84.7,391,10.77,0,5,O,O,Normal,0
617,31,60,81.81,61.78,29.84,58.21,575,9.829,1,29,A,O,Normal,0
618,49,73,74.04,62.59,75.69,70.8,684,6.274,0,24,O,O,Normal,1
619,20,30,96.88,9.88,52.44,88.25,666,8.027,4,10,B,O,Urgent,1
620,54,70,87.7,15.26,10.59,84.0,630,7.116,1,16,O,A,Critical,1
621,34,45,39.25,86.16,15.86,99.45,979,11.158,1,11,B,A,Normal,0
622,63,55,80.79,2.63,28.67,45.78,261,13.333,0,8,AB,B,Routine,0
623,25,22,66.29,62.37,45.38,77.19,263,15.312,1,3,A,O,Urgent,0
624,62,28,,58.97,45.55,69.25,635,13.266,2,34,A,B,Urgent,0
625,62,48,43.09,37.1,45.44,82.8,394,7.99,1,14,A,A,Normal,1
626,20,30,56.04,32.53,38.82,86.54,976,8.453,0,10,O,O,Critical,1
627,61,28,60.5,54.73,85.4,65.18,939,0.5,0,33,O,O,Critical,1
628,30,76,98.12,96.44,88.58,83.78,707,12.577,2,46,O,A,Normal,0
629,66,28,44.68,22.08,23.51,50.08,569,15.015,4,38,B,A,Normal,0
630,24,40,35.18,30.71,6.58,55.54,215,12.432,2,16,B,A,Critical,0
631,26,29,30.6,31.92,32.2,90.01,190,7.552,0,3,O,A,Routine,1
632,61,59,58.04,42.95,65.19,47.88,733,10.369,0,2,B,A,Normal,0
633,61,59,78.99,,41.83,82.15,901,2.199,0,2,O,B,Normal,1
634,25,35,67.94,48.46,65.31,52.02,385,8.738,1,10,A,O,Critical,0
635,45,39,67.95,86.04,13.7,73.75,129,10.29,1,6,B,O,Routine,0
636,24,38,27.24,41.41,43.97,97.11,396,16.242,1,14,B,B,Urgent,0
637,25,26,58.81,96.29,80.62,78.9,149,15.434,3,1,O,O,Critical,0
638,20,61,31.92,28.51,8.3,98.75,651,13.246,6,41,O,A,Normal,0
639,57,31,99.49,94.25,33.87,55.35,875,10.333,3,26,A,O,Routine,0
640,43,71,55.64,23.36,4.29,95.55,171,12.743,0,28,B,O,Urgent,0
641,26,67,95.04,31.98,48.1,70.65,55,13.571,3,41,O,O,Critical,1
642,61,38,39.59,79.96,41.92,60.21,760,11.92,8,23,B,O,Urgent,0
643,24,68,51.99,95.28,53.31,61.62,488,1.687,4,44,O,B,Normal,0
644,53,57,52.47,98.24,65.18,70.97,78,16.234,0,4,A,O,Routine,0
645,28,35,89.3,97.09,98.02,92.02,735,7.544,0,7,B,O,Normal,0
646,24,29,79.76,16.21,48.29,45.77,174,15.739,3,5,O,B,Urgent,0
647,32,45,70.25,27.59,60.54,76.9,454,13.606,1,13,O,O,Urgent,1
648,43,56,99.21,46.03,13.68,97.74,552,16.275,6,13,A,A,Normal,1
649,45,63,62.06,90.58,9.47,84.28,922,12.431,3,18,A,B,Normal,0
650,33,45,35.54,23.69,18.92,45.91,7,,0,12,AB,O,Urgent,0
651,52,36,85.98,20.27,87.65,53.45,993,5.803,0,16,O,O,Normal,1
652,20,48,68.88,69.68,96.55,72.25,809,12.586,1,28,O,O,Urgent,0
653,19,55,54.85,70.91,74.94,91.11,451,7.471,1,36,O,O,Critical,0
654,38,40,42.7,14.92,75.79,55.75,310,13.662,1,2,O,B,Critical,0
655,54,39,55.39,67.23,67.46,49.7,623,12.049,2,15,O,O,Routine,0
656,66,57,45.45,4.78,2.57,69.96,587,13.691,0,9,O,B,Urgent,1
657,46,57,81.9,93.91,1.74,74.39,535,9.78,0,11,O,B,Urgent,1
658,18,39,66.27,80.3,92.8,78.35,186,8.846,7,21,B,B,Critical,0
659,50,76,49.37,97.6,78.05,86.31,74,9.92,1,26,B,O,Normal,0
660,44,55,62.46,69.1,16.27,61.18,595,19.006,0,11,B,A,Routine,0
661,18,66,94.44,79.02,14.87,89.09,141,1.432,1,48,O,O,Critical,1
662,63,69,90.11,75.69,81.0,53.33,87,6.571,0,6,O,B,Urgent,1
663,19,74,37.31,32.64,55.99,82.28,617,13.785,4,55,A,B,Normal,0
664,33,46,71.84,70.54,67.86,55.23,910,14.728,0,13,O,O,Normal,1
665,59,58,65.79,99.06,77.89,51.86,513,10.262,3,1,O,O,Urgent,0
666,47,39,77.54,64.9,15.48,88.36,793,1.572,5,8,A,A,Routine,1
667,24,55,73.16,95.19,26.49,76.58,539,4.125,1,31,B,O,Urgent,0
668,32,64,51.99,38.47,95.19,67.91,243,14.483,4,32,B,B,Normal,0
669,25,40,,58.18,11.07,60.54,852,10.228,1,15,O,B,Urgent,1
670,30,43,43.91,1.16,66.19,67.61,612,12.544,3,13,O,A,Critical,0
671,18,45,52.77,74.08,89.84,67.87,73,16.17,3,27,O,O,Urgent,0
672,27,58,55.62,61.22,54.27,83.7,718,8.675,1,31,O,O,Normal,0
673,66,22,48.48,31.52,30.1,66.38,165,7.426,2,44,A,A,Normal,0
674,61,20,33.82,84.93,55.86,76.06,62,1.601,1,41,O,A,Critical,0
675,50,27,30.55,56.25,76.95,69.71,23,13.277,2,23,O,A,Normal,0
676,28,64,97.82,81.85,17.35,58.59,93,7.19,3,36,A,O,Urgent,0
677,43,28,58.48,78.57,98.17,52.78,866,15.798,0,15,O,O,Urgent,0
678,50,71,37.52,75.64,62.55,58.36,524,5.746,0,21,B,O,Critical,0
679,59,77,86.69,56.86,16.07,57.14,162,14.872,0,18,B,B,Normal,0
680,35,23,87.16,49.99,88.78,59.1,176,9.144,1,12,B,A,Critical,0
681,58,58,85.76,64.89,69.53,51.96,302,5.19,4,0,O,B,Urgent,0
682,56,40,74.67,30.75,14.33,92.06,831,17.084,0,16,O,O,Critical,1
683,58,46,29.5,68.03,16.98,47.04,310,8.868,1,12,O,B,Normal,0
684,43,32,47.73,65.54,79.03,59.56,850,10.569,2,11,A,A,Normal,0
685,20,25,51.3,74.85,74.58,47.95,781,14.38,0,5,O,B,Normal,0
686,69,30,80.97,51.7,40.16,69.95,431,6.419,0,39,O,O,Normal,1
687,46,53,56.85,42.88,13.67,71.14,80,11.035,0,7,O,B,Critical,0
688,54,74,28.8,17.92,19.62,81.14,821,14.874,5,20,B,B,Normal,0
689,61,20,99.15,34.41,65.87,77.32,131,9.751,2,41,O,A,Urgent,0
690,28,28,82.89,50.18,12.92,58.92,127,5.558,1,0,O,O,Normal,1
691,34,62,36.86,46.04,41.89,63.6,824,8.594,0,28,O,A,Urgent,0
692,27,47,77.92,1.1,75.78,97.15,385,14.37,3,20,O,B,Critical,0
693,18,37,68.3,4.0,21.28,85.94,817,11.532,1,19,A,O,Urgent,1
694,42,76,67.86,61.29,1.73,71.75,761,2.538,0,34,O,A,Normal,0
695,25,62,30.78,78.08,10.81,83.54,141,6.369,2,,B,A,Normal,0
696,34,74,69.19,0.27,11.54,77.77,496,1.591,1,40,A,A,Critical,1
697,69,64,92.17,41.58,44.45,81.91,348,6.388,5,5,A,B,Urgent,0
698,63,35,35.91,66.27,7.48,87.07,216,10.298,1,28,B,A,Normal,0
699,47,49,31.27,51.27,67.92,65.15,298,7.667,3,2,O,B,Normal,0
700,61,34,52.81,7.29,7.81,76.85,40,6.594,0,27,B,A,Normal,0
701,65,18,91.54,79.8,11.66,48.49,28,10.774,0,47,B,B,Critical,1
702,32,39,55.12,12.4,26.99,58.17,565,18.682,0,7,A,O,Urgent,0
703,53,46,54.97,92.21,73.25,67.07,253,11.129,1,7,O,B,Urgent,0
704,54,30,28.27,32.7,52.29,48.5,177,12.226,1,24,B,O,Critical,0
705,27,70,36.89,11.09,74.19,88.53,508,6.587,3,43,AB,A,Normal,0
706,32,19,82.88,40.75,50.46,88.85,407,10.18,0,13,B,O,Normal,1
707,53,37,42.92,65.81,90.09,81.1,434,12.391,0,16,A,AB,Urgent,0
708,50,73,25.14,56.64,50.18,96.65,865,11.42,0,23,A,O,Critical,0
709,32,26,33.54,18.2,92.98,52.12,789,15.597,0,6,A,AB,Critical,0
710,44,65,33.73,1.76,95.57,64.52,938,10.465,0,21,O,B,Urgent,0
711,53,35,80.49,35.33,0.22,53.47,310,8.878,2,18,B,B,Routine,1
712,52,37,84.38,85.09,75.83,73.91,342,8.339,6,15,O,O,Urgent,0
713,38,67,74.13,31.71,9.58,71.58,47,15.759,1,29,O,O,Urgent,0
714,68,28,82.24,53.74,33.12,64.43,275,13.625,0,40,B,O,Urgent,0
715,38,74,26.92,46.03,30.66,89.2,967,12.373,2,36,A,AB,Normal,0
716,26,67,27.93,93.57,67.34,53.8,913,9.387,0,41,O,A,Normal,0
717,38,58,81.79,34.29,76.6,57.72,591,17.385,3,20,O,B,Normal,0
718,38,33,79.91,21.09,87.04,90.0,84,14.066,3,5,A,O,Urgent,0
719,69,69,55.53,48.74,56.05,91.04,171,8.021,2,0,B,O,Routine,0
720,37,72,98.98,56.39,41.97,93.39,211,4.478,0,35,A,A,Urgent,1
721,50,57,40.4,71.81,87.91,80.63,574,5.767,2,7,A,O,Critical,0
722,31,77,30.77,22.8,95.95,52.98,560,2.158,2,46,O,A,Routine,0
723,34,41,54.96,41.09,94.01,46.75,626,12.664,0,7,O,O,Routine,1
724,41,48,96.4,93.67,54.86,53.92,679,12.12,3,7,O,A,Normal,1
725,64,56,63.19,50.77,11.29,79.63,843,15.858,0,8,O,A,Normal,1
726,57,67,40.47,24.33,80.63,67.23,784,17.621,3,10,O,O,Normal,0
727,43,18,91.85,11.73,64.98,85.27,824,19.319,8,25,B,O,Urgent,0
728,44,19,80.37,46.97,61.13,81.73,945,10.367,3,25,B,O,Routine,0
729,36,25,62.5,63.68,31.38,90.77,537,16.777,1,11,O,A,Critical,0
730,18,36,53.75,31.08,52.06,86.45,948,16.695,4,18,B,O,Critical,0
731,52,69,25.34,0.05,59.79,64.48,208,8.214,2,17,O,A,Normal,0
732,61,73,37.14,49.12,43.81,73.09,14,18.671,0,12,B,A,Critical,0
733,46,68,79.9,50.76,47.69,77.64,128,6.442,2,22,O,A,Critical,1
734,18,43,62.26,44.22,76.58,75.17,509,16.104,0,25,O,O,Normal,0
735,34,55,25.65,78.65,27.06,84.2,140,7.72,0,21,B,O,Routine,0
736,67,52,77.58,27.12,87.4,75.34,159,13.376,1,15,A,O,Urgent,0
737,64,75,80.63,3.59,71.04,63.2,757,9.551,0,11,O,O,Urgent,1
738,41,73,37.42,36.09,98.39,85.21,86,17.448,3,32,B,O,Urgent,0
739,20,56,98.81,77.87,99.01,67.53,773,4.263,0,36,AB,A,Normal,0
740,38,19,88.82,28.37,21.87,88.32,564,9.856,0,19,B,AB,Normal,1
741,46,30,67.39,98.76,64.97,87.03,85,19.851,1,16,B,O,Normal,0
742,43,44,33.28,56.53,49.6,85.77,444,19.141,5,1,AB,O,Normal,0
743,32,43,86.45,52.67,18.84,94.48,451,9.034,1,11,O,A,Normal,1
744,23,65,43.61,60.39,90.27,91.03,80,10.667,2,42,B,B,Urgent,0
745,21,28,75.13,23.36,91.69,72.97,800,10.035,1,7,B,A,Normal,0
746,46,55,83.79,88.95,11.69,85.27,754,16.292,3,9,O,O,Critical,1
747,43,65,54.36,49.65,2.64,61.79,524,9.958,1,22,A,O,Critical,0
748,49,75,59.73,27.92,50.86,47.09,689,5.509,3,26,O,O,Urgent,0
749,45,49,93.88,44.66,50.41,63.27,125,9.545,7,4,O,O,Critical,1
750,37,22,85.59,8.9,8.96,75.65,472,11.641,3,15,O,O,Critical,1
751,24,33,78.04,18.5,81.55,69.1,29,1.31,5,9,B,O,Routine,0
752,33,28,98.97,54.64,73.9,93.98,,5.293,6,5,A,O,Normal,0
753,48,40,65.44,94.39,35.86,78.53,334,10.914,0,8,O,O,Critical,1
754,31,35,26.33,47.79,12.63,86.49,933,12.185,0,4,A,O,Urgent,0
755,53,64,41.16,84.6,7.5,71.94,932,13.081,0,11,A,A,Routine,1
756,31,64,64.53,34.31,6.31,81.48,870,10.571,6,33,O,A,Normal,0
757,60,77,39.55,20.48,37.2,93.38,118,15.336,1,17,A,B,Routine,0
758,39,32,95.65,5.94,61.42,83.22,534,3.723,0,7,A,B,Urgent,1
759,34,29,63.33,1.79,92.89,98.07,68,10.476,1,5,B,A,Normal,0
760,28,30,45.25,24.78,20.01,82.53,720,13.157,5,2,O,A,Routine,1
761,35,68,33.82,18.84,59.97,69.88,582,8.693,1,33,O,A,Normal,0
762,52,73,25.43,15.58,93.33,50.53,289,9.787,0,21,B,O,Urgent,0
763,51,46,70.48,53.33,13.81,99.2,469,9.103,2,5,A,B,Normal,0
764,59,70,60.12,11.12,40.3,78.29,244,7.589,0,11,A,B,Urgent,0
765,67,22,60.05,43.79,62.77,83.59,315,4.939,0,45,O,A,Normal,0
766,53,35,48.68,34.86,52.47,62.0,648,2.2,0,18,O,B,Critical,0
767,45,68,40.06,23.35,78.65,52.29,855,16.589,0,23,B,O,Urgent,0
768,52,50,79.15,22.8,59.62,95.82,654,13.688,2,2,O,B,Routine,1
769,29,48,60.16,34.93,9.9,87.44,64,8.085,0,19,O,B,Normal,0
770,20,28,48.54,53.35,32.55,81.06,88,16.067,0,8,O,O,Normal,0
771,39,68,57.54,37.32,25.96,94.02,686,7.592,2,29,O,O,Urgent,1
772,30,72,74.25,78.96,68.46,56.45,818,8.729,0,42,O,O,Critical,0
773,59,66,75.28,45.43,56.86,64.02,74,13.644,2,7,O,A,Normal,0
774,43,67,63.33,77.43,30.59,46.33,810,8.63,3,24,O,B,Normal,0
775,28,58,98.11,16.05,89.58,45.51,761,10.164,1,30,O,O,Normal,1
776,67,69,68.2,21.74,29.5,86.23,660,6.605,2,2,O,B,Normal,1
777,18,49,53.22,44.91,71.33,78.07,668,12.61,,31,A,AB,Normal,0
778,65,72,30.28,83.32,52.68,57.79,762,8.041,0,7,A,O,Normal,0
779,51,70,36.27,32.3,87.37,52.37,283,19.497,0,19,AB,B,Urgent,0
780,36,45,47.83,88.26,13.38,52.3,233,9.574,1,9,A,A,Normal,1
781,63,40,65.99,20.47,92.61,46.09,137,15.227,0,23,O,A,Normal,0
782,36,31,72.19,46.66,78.43,73.02,100,9.109,0,5,A,O,Urgent,0
783,25,55,70.2,97.16,7.16,58.23,610,13.816,0,30,A,A,Routine,0
784,38,38,54.87,49.75,86.11,82.1,110,13.147,1,0,O,O,Normal,0
785,28,32,55.88,67.69,77.43,55.29,944,3.156,0,4,B,A,Critical,0
786,37,22,85.7,31.63,30.84,93.82,912,13.4,0,15,O,A,Routine,1
787,21,30,95.2,5.94,80.7,55.49,675,10.623,0,9,B,AB,Urgent,1
788,46,43,44.69,32.47,99.21,72.57,228,0.5,3,3,O,A,Normal,1
789,45,59,77.76,25.89,28.48,96.09,893,12.161,5,14,B,A,Critical,0
790,52,41,80.38,23.29,22.93,68.65,86,13.54,1,11,O,A,Normal,1
791,63,63,43.18,93.21,79.22,94.58,288,6.329,2,0,O,O,Normal,0
792,53,26,39.0,54.28,62.53,55.95,15,9.736,3,27,O,A,Normal,0
793,38,55,80.43,20.39,74.32,62.98,316,17.355,1,17,B,B,Critical,1
794,58,24,77.87,42.3,25.27,66.34,404,12.978,2,34,A,O,Urgent,0
795,59,31,70.25,15.16,61.78,47.24,24,10.15,0,28,A,B,Urgent,0
796,55,62,75.26,51.84,25.85,49.92,627,7.886,0,7,B,B,Critical,1
797,55,65,65.85,20.23,83.48,48.88,171,12.176,0,10,O,O,Critical,0
798,31,49,28.18,26.74,43.98,99.11,478,18.246,1,18,A,O,Critical,0
799,49,43,99.97,45.68,48.56,74.44,981,7.969,1,6,A,O,Normal,1
800,31,19,26.77,51.06,67.58,76.22,155,16.642,,12,A,A,Critical,0
801,20,29,52.36,45.08,11.86,96.08,868,14.589,0,9,O,AB,Routine,1
802,30,75,36.3,31.47,22.05,77.21,641,6.144,5,45,O,A,Critical,0
803,44,54,83.02,49.65,94.54,83.99,136,5.78,0,10,O,O,Urgent,1
804,32,62,85.74,9.87,49.85,79.75,62,10.096,0,30,A,AB,Normal,1
805,53,55,51.44,80.89,16.38,63.75,195,16.593,2,2,O,O,Urgent,0
806,30,63,45.91,52.04,99.54,60.31,819,11.073,3,33,O,A,Urgent,0
807,31,71,35.5,23.94,84.75,98.59,709,6.722,0,40,O,B,Critical,1
808,32,72,51.91,77.86,71.75,55.47,705,6.737,1,40,O,O,Urgent,0
809,42,43,61.25,15.47,82.38,64.78,260,7.977,1,1,A,B,Urgent,0
810,55,53,49.79,6.55,3.26,64.75,482,9.431,1,2,O,O,Normal,1
811,53,24,39.19,90.11,96.51,72.12,845,19.984,1,29,O,AB,Normal,0
812,48,77,97.38,8.12,22.39,85.67,235,8.209,2,29,O,B,Normal,1
813,19,48,26.65,94.34,86.71,63.87,880,6.388,1,29,O,AB,Urgent,0
814,27,76,49.37,91.51,64.55,86.55,634,0.5,0,49,A,O,Normal,0
815,49,75,79.94,19.63,58.63,51.43,645,16.462,4,26,O,B,Critical,1
816,31,60,93.27,2.65,16.59,52.29,214,10.99,0,29,O,B,Normal,1
817,66,37,80.74,97.35,66.64,89.4,230,9.671,0,29,A,O,Normal,0
818,21,30,43.88,69.35,95.92,76.86,41,15.282,0,9,O,O,Normal,0
819,22,22,67.62,82.76,3.25,90.35,688,7.988,4,0,B,O,Normal,0
820,28,28,62.0,23.47,39.27,75.34,938,13.883,3,0,B,A,Normal,0
821,44,23,44.29,4.14,86.48,89.13,876,13.687,0,21,O,A,Routine,0
822,31,36,46.39,90.06,56.08,62.78,279,14.984,0,5,A,O,Critical,0
823,42,28,67.89,24.59,26.23,78.07,841,10.882,2,14,O,A,Urgent,1
824,44,18,44.46,36.09,66.72,58.08,915,18.304,,26,A,O,Normal,0
825,59,24,80.6,40.53,21.41,71.82,113,5.02,0,35,A,A,Urgent,1
826,29,67,36.32,70.08,82.46,54.93,489,13.134,1,38,O,O,Critical,0
827,23,26,88.58,21.28,82.76,71.54,322,13.59,4,3,A,B,Urgent,0
828,62,53,25.87,51.53,59.53,58.27,298,7.089,1,9,O,O,Urgent,1
829,42,19,75.28,56.77,59.19,90.9,352,4.911,3,23,O,A,Routine,0
830,31,74,29.15,28.28,19.19,51.71,810,12.397,3,43,B,O,Critical,0
831,56,76,92.08,78.21,7.64,98.18,629,10.241,4,20,B,O,Urgent,0
832,49,19,64.63,58.27,16.63,91.1,62,5.16,0,30,A,A,Urgent,0
833,31,58,93.59,45.23,11.04,81.27,722,3.766,2,27,O,AB,Critical,1
834,26,70,51.53,42.48,46.92,71.26,67,11.329,2,44,A,O,Urgent,0
835,30,50,54.33,48.08,22.12,76.73,991,15.687,0,20,O,AB,Normal,0
836,55,77,87.38,26.52,70.66,74.25,395,17.161,3,22,B,B,Urgent,1
837,29,69,25.92,55.05,62.16,54.59,411,2.591,0,40,A,O,Normal,0
838,53,63,57.64,87.04,1.07,48.27,97,8.146,1,10,O,O,Normal,0
839,34,30,29.05,19.19,44.81,75.6,901,6.774,5,4,A,B,Critical,0
840,21,48,25.98,15.64,39.31,99.49,587,13.651,1,27,A,O,Urgent,0
841,49,48,38.75,55.42,24.59,74.8,425,12.134,2,1,AB,O,Urgent,0
842,27,38,60.22,97.73,87.77,52.04,651,9.997,1,11,O,A,Urgent,0
843,67,51,44.37,96.59,34.15,58.6,606,9.737,1,16,O,B,Urgent,0
844,62,46,60.88,63.39,51.69,71.62,161,4.09,0,16,O,B,Normal,1
845,33,23,66.05,12.55,5.21,71.91,668,11.095,0,10,A,O,Urgent,1
846,43,53,55.5,65.61,19.84,54.73,138,19.895,2,10,O,A,Urgent,0
847,36,61,30.15,20.04,53.8,75.56,226,1.848,0,25,O,AB,Normal,0
848,42,75,29.17,,22.7,97.6,405,9.946,8,33,O,O,Urgent,0
849,25,62,68.43,53.96,56.97,93.79,580,12.118,3,37,B,B,Normal,0
850,44,59,78.39,32.39,82.08,84.63,117,5.227,1,15,O,O,Urgent,0
851,27,22,77.46,46.55,0.08,53.81,214,5.946,5,5,A,O,Normal,0
852,31,44,96.88,79.84,26.49,87.99,466,11.39,0,13,B,B,Routine,1
853,48,54,97.31,26.6,91.98,90.84,43,6.933,1,6,O,O,Urgent,1
854,61,21,86.73,62.55,47.23,65.18,231,12.62,0,40,A,O,Urgent,0
855,25,18,30.73,62.97,62.75,95.55,674,13.118,4,7,A,B,Normal,0
856,64,23,63.02,34.35,93.04,96.57,542,15.697,0,41,O,B,Urgent,1
857,48,70,71.45,99.15,57.15,93.69,840,14.213,0,22,B,B,Critical,1
858,30,74,43.13,91.55,66.51,65.67,711,6.858,1,44,A,B,Critical,0
859,40,63,58.34,54.43,44.58,93.22,394,21.519,0,23,B,B,Urgent,0
860,40,26,27.77,96.01,46.64,73.73,481,12.902,1,14,AB,B,Normal,0
861,53,26,49.13,20.73,94.73,82.36,644,7.743,4,27,O,A,Urgent,0
862,36,32,39.91,58.81,3.48,75.63,382,13.118,0,4,A,A,Normal,0
863,56,61,91.79,84.5,64.78,71.72,420,6.303,5,5,B,B,Critical,0
864,27,40,68.06,72.07,86.59,96.62,263,10.908,5,13,A,B,Urgent,0
865,32,23,77.92,46.42,27.24,94.12,515,11.377,0,9,O,A,Normal,1
866,68,35,82.56,25.28,52.15,98.14,74,10.284,0,33,B,B,Normal,0
867,65,18,33.75,74.65,26.26,45.44,229,14.831,3,47,AB,O,Normal,0
868,61,46,49.0,70.68,54.98,67.67,241,0.5,1,15,A,A,Normal,0
869,66,77,69.11,19.47,92.33,96.6,458,6.024,0,11,B,B,Urgent,1
870,33,76,70.06,78.37,85.66,90.43,953,10.365,0,43,A,A,Critical,0
871,21,60,32.47,75.69,21.84,84.71,296,12.393,0,39,A,AB,Routine,0
872,36,60,36.97,23.59,18.55,55.68,435,7.839,1,24,O,A,Urgent,0
873,45,59,54.07,39.28,25.82,47.64,843,0.56,3,14,O,A,Normal,0
874,67,67,40.32,74.84,42.62,70.75,598,5.471,3,0,O,O,Normal,0
875,68,59,94.32,67.74,50.96,47.36,685,15.338,8,9,A,A,Critical,1
876,57,59,27.18,57.55,52.67,50.14,797,6.94,3,2,O,O,Normal,1
877,55,75,51.79,80.39,30.81,60.67,149,13.289,2,20,O,B,Routine,0
878,67,68,70.65,12.36,20.57,87.6,716,7.939,1,1,A,B,Routine,1
879,33,77,51.81,12.26,62.14,92.06,648,10.57,3,44,O,B,Urgent,0
880,44,67,90.01,83.3,62.2,79.47,792,5.034,4,23,O,B,Normal,1
881,47,57,97.06,90.21,17.63,57.76,663,6.372,5,10,B,AB,Critical,1
882,68,24,92.27,69.18,3.23,87.21,710,13.099,1,44,AB,O,Urgent,1
883,64,69,72.87,25.29,76.7,95.06,620,14.517,1,5,O,B,Urgent,1
884,28,43,42.92,37.34,86.52,76.42,109,8.385,0,15,O,O,Urgent,1
885,67,25,93.88,37.95,49.05,60.69,231,9.748,1,42,B,O,Urgent,0
886,54,46,52.35,36.82,67.41,70.43,382,9.973,0,8,B,O,Normal,0
887,50,53,40.57,15.11,82.15,90.68,416,6.329,2,3,A,AB,Normal,0
888,43,35,40.86,43.92,84.69,87.96,882,13.603,1,8,O,O,Urgent,0
889,53,58,25.88,90.56,59.31,82.08,687,16.075,0,5,A,AB,Routine,0
890,43,57,61.95,87.38,42.0,77.43,826,3.673,0,14,A,B,Urgent,0
891,22,34,96.1,87.37,75.04,56.49,59,18.97,0,12,B,O,Normal,0
892,47,33,62.4,28.34,17.71,77.72,281,8.681,1,14,O,A,Urgent,0
893,23,64,68.01,74.92,79.45,79.73,885,11.504,3,41,A,A,Critical,0
894,56,57,67.13,80.82,67.7,91.92,993,23.102,3,1,B,A,Normal,0
895,52,21,55.43,50.47,52.6,59.53,146,10.861,0,31,B,A,Normal,0
896,42,46,53.99,74.3,5.85,58.74,813,9.69,3,4,O,B,Urgent,1
897,69,42,32.11,69.22,97.51,83.52,716,6.742,0,27,O,A,Critical,0
898,43,50,56.69,54.51,38.68,82.49,71,11.815,6,7,B,O,Critical,0
899,68,76,89.39,25.39,19.75,52.16,234,12.747,1,8,O,A,Normal,0
900,60,43,63.23,70.68,64.57,96.45,737,9.459,1,17,O,O,Urgent,1
901,28,31,76.25,12.27,49.1,75.15,565,19.346,0,3,A,A,Urgent,1
902,65,40,42.99,47.06,80.32,57.13,510,9.468,1,25,O,O,Routine,0
903,38,29,55.17,75.43,2.99,90.04,599,17.797,1,9,AB,O,Critical,0
904,52,25,49.83,86.69,12.48,56.14,446,12.461,4,27,O,O,Normal,0
905,21,69,91.94,43.34,18.05,87.88,174,6.98,0,48,O,B,Urgent,0
906,32,47,56.44,56.39,61.72,95.14,289,11.668,0,15,O,A,Critical,0
907,26,30,45.28,9.06,78.65,57.48,463,10.133,0,4,O,B,Routine,0
908,38,54,29.46,79.83,90.74,78.74,33,10.44,2,16,B,O,Routine,0
909,19,57,80.76,,47.41,82.44,489,10.702,1,38,O,O,Normal,1
910,57,55,91.94,69.75,33.77,65.44,105,17.236,2,2,B,B,Urgent,1
911,57,45,84.29,46.29,5.24,82.08,358,8.016,2,12,B,O,Urgent,1
912,59,61,45.83,12.65,2.69,79.2,822,6.127,1,2,A,B,Urgent,1
913,40,70,37.93,24.56,12.58,81.5,805,13.542,1,30,A,O,Urgent,0
914,21,74,82.05,13.42,79.82,58.1,83,6.175,0,53,O,B,Urgent,0
915,58,,28.0,77.01,37.83,78.68,377,13.873,4,13,B,A,Urgent,0
916,50,19,33.01,0.9,20.38,69.18,161,10.508,0,31,O,O,Urgent,0
917,50,44,85.46,20.61,53.62,45.69,168,10.289,1,6,O,B,Routine,1
918,18,68,76.4,83.71,51.26,78.39,708,13.715,0,50,O,O,Normal,0
919,,22,74.53,80.6,42.55,58.99,755,4.293,0,14,A,A,Urgent,1
920,42,22,86.68,96.86,64.19,93.21,23,10.374,3,20,O,O,Urgent,0
921,19,73,45.62,90.91,63.21,67.52,643,12.99,5,54,O,O,Urgent,0
922,51,33,83.73,66.21,2.41,70.7,988,9.601,5,18,O,A,Urgent,0
923,53,34,58.04,46.55,72.12,97.57,353,4.369,1,19,O,O,Routine,0
924,57,35,89.48,47.66,68.7,91.38,296,10.831,0,22,A,B,Normal,0
925,65,74,27.83,94.36,48.55,52.84,914,10.222,0,9,O,O,Urgent,0
926,55,65,57.84,37.5,88.86,87.82,933,7.715,0,10,O,O,Normal,1
927,20,49,70.36,91.48,69.19,92.22,407,9.321,0,29,O,AB,Normal,0
928,34,33,91.93,15.62,88.86,97.56,1,12.125,4,1,B,A,Critical,0
929,48,53,47.06,33.99,30.43,94.8,153,15.475,0,5,O,O,Critical,1
930,39,33,40.24,54.99,95.93,73.39,290,9.081,7,6,O,A,Critical,1
931,52,37,74.63,37.15,0.02,59.79,507,18.62,2,15,O,A,Urgent,0
932,48,62,45.56,15.85,41.41,59.41,672,15.862,2,14,O,B,Urgent,0
933,60,32,25.77,16.09,46.24,77.62,894,6.631,0,28,O,B,Normal,0
934,45,40,67.2,79.03,64.68,61.48,7,8.379,2,5,A,B,Urgent,0
935,39,73,51.53,1.4,40.97,74.5,731,16.841,1,34,A,B,Normal,0
936,44,30,77.81,52.55,87.41,55.33,677,5.366,3,14,O,B,Normal,0
937,42,58,90.67,75.46,89.54,97.35,320,10.828,0,16,B,A,Urgent,0
938,49,76,77.83,15.33,54.09,96.4,906,7.897,,27,B,B,Urgent,1
939,34,32,78.5,20.69,41.59,71.86,462,3.812,2,2,AB,O,Normal,0
940,21,77,74.56,98.28,11.34,80.96,187,8.428,0,56,B,A,Urgent,0
941,61,51,40.17,0.73,71.06,45.0,748,11.404,1,10,AB,O,Routine,0
942,47,31,80.4,84.8,12.18,59.89,999,10.897,0,16,A,O,Normal,0
943,34,47,90.08,50.21,92.22,67.13,814,12.436,1,13,O,AB,Routine,0
944,23,31,79.1,51.46,44.48,62.94,242,9.257,2,8,A,B,Normal,0
945,20,50,89.66,90.45,31.2,62.47,166,6.393,1,30,O,A,Normal,1
946,29,25,70.54,46.21,63.19,62.51,906,14.581,0,4,B,O,Normal,0
947,28,32,32.13,77.28,0.37,81.43,335,10.114,3,4,A,B,Urgent,0
948,36,42,33.16,15.77,23.68,71.21,82,9.037,0,6,O,A,Urgent,1
949,40,65,68.51,87.45,26.47,81.66,825,13.122,0,25,B,O,Normal,0
950,49,23,70.75,69.33,93.23,93.37,805,19.639,1,26,O,B,Normal,0
951,21,30,43.53,14.09,2.57,63.19,921,7.279,1,9,A,B,Urgent,1
952,51,60,82.69,85.13,82.88,74.32,311,18.756,2,9,O,O,Urgent,0
953,49,72,60.25,57.17,15.5,99.96,160,11.832,0,23,B,O,Normal,0
954,30,23,91.82,35.2,39.35,87.76,325,12.711,2,7,O,O,Urgent,1
955,41,41,61.99,47.82,36.96,65.87,490,12.18,0,0,O,B,Normal,1
956,54,74,61.89,51.69,26.05,70.86,417,10.034,0,20,A,A,Normal,0
957,22,76,40.22,26.69,0.19,91.0,475,10.673,0,54,A,B,Urgent,0
958,45,77,59.03,29.46,68.92,77.79,679,6.844,1,32,O,A,Urgent,1
959,45,57,49.84,42.14,97.08,70.8,695,12.823,0,12,B,A,Critical,0
960,56,68,88.29,52.1,98.46,56.09,909,11.319,0,12,A,A,Urgent,1
961,65,41,77.44,24.6,79.14,60.85,28,15.715,0,24,A,O,Routine,0
962,19,34,98.29,45.29,87.47,67.63,640,7.823,0,15,O,O,Urgent,1
963,34,36,68.45,82.08,62.47,93.09,358,7.532,1,2,A,A,Normal,0
964,39,26,48.0,85.04,0.56,98.65,824,12.592,5,13,O,A,Normal,0
965,35,63,58.55,99.88,52.84,62.68,47,4.376,0,28,A,AB,Routine,0
966,18,50,84.58,98.71,48.7,55.82,695,5.773,3,32,O,O,Urgent,0
967,52,35,47.03,80.75,53.93,78.66,39,12.647,0,17,A,O,Critical,0
968,41,34,41.31,14.3,61.64,89.56,993,9.594,3,7,A,O,Urgent,0
969,43,71,77.31,77.56,0.67,71.54,264,11.807,3,28,A,O,Critical,0
970,68,39,38.89,57.15,52.16,86.31,831,23.263,2,29,O,B,Urgent,0
971,40,37,42.93,56.4,49.26,56.4,108,7.848,0,3,B,A,Urgent,0
972,34,63,85.49,43.42,46.13,85.32,855,13.156,1,29,A,B,Routine,0
973,46,33,91.87,24.42,97.25,79.39,939,12.276,3,13,O,B,Urgent,0
974,23,45,65.32,72.26,21.64,83.1,333,18.359,0,22,B,A,Urgent,0
975,20,53,29.9,90.18,93.96,77.62,849,10.7,1,33,B,A,Normal,0
976,24,61,94.15,44.68,12.34,55.35,224,7.584,4,37,A,AB,Normal,1
977,35,40,74.51,85.38,46.06,78.44,722,7.099,1,5,O,B,Urgent,1
978,64,49,89.93,23.26,69.83,91.73,683,12.087,0,15,O,O,Urgent,1
979,44,37,77.21,46.78,52.35,51.35,784,15.752,,7,A,O,Normal,0
980,40,63,85.64,92.74,9.19,78.91,203,1.428,3,23,O,O,Urgent,1
981,39,32,75.18,55.55,32.93,74.54,537,20.529,2,7,B,B,Normal,1
982,51,28,59.93,60.58,52.96,82.56,723,5.167,2,23,B,O,Urgent,0
983,49,46,83.81,30.74,93.95,50.19,516,7.622,4,3,O,B,Normal,1
984,60,26,50.73,53.16,23.21,53.7,975,10.739,5,34,B,O,Urgent,0
985,23,66,76.59,,3.79,90.96,16,5.049,0,43,A,O,Normal,0
986,66,57,25.21,69.68,39.66,75.54,324,9.315,0,9,B,O,Urgent,0
987,54,26,91.16,54.46,42.25,83.71,105,10.247,6,28,B,B,Normal,0
988,47,68,57.06,45.4,3.36,81.87,103,13.31,0,21,O,O,Normal,1
989,68,63,76.02,84.75,86.64,84.62,21,12.477,0,5,A,A,Urgent,1
990,65,77,78.46,38.0,45.62,87.86,228,13.91,1,12,B,A,Routine,0
991,32,58,45.74,44.23,37.44,90.39,991,11.253,2,26,O,A,Urgent,0
992,43,45,46.67,10.96,42.3,65.73,135,10.361,4,2,O,A,Normal,0
993,25,54,34.31,52.58,0.69,94.73,912,6.42,0,29,O,B,Urgent,0
994,24,25,89.08,83.39,36.37,91.87,854,8.647,0,1,O,O,Urgent,1
995,69,24,65.15,51.98,37.31,55.2,761,3.683,1,45,A,O,Routine,0
996,30,28,65.53,10.21,94.39,67.8,698,9.385,0,2,O,A,Urgent,1
997,66,24,78.14,6.99,94.0,58.42,131,11.835,,42,A,AB,Urgent,1
998,61,21,58.1,3.08,63.25,57.67,733,9.623,0,40,O,A,Critical,1
999,41,28,83.08,63.44,62.34,78.06,147,19.995,5,13,B,O,Routine,0
1000,66,20,64.91,73.67,91.04,59.03,259,15.061,1,46,A,A,Normal,0
1001,46,,35.3,50.84,57.61,79.39,126,9.056,2,4,A,O,Normal,0
1002,64,45,48.72,60.81,75.4,97.31,552,15.099,0,19,A,B,Urgent,0
1003,18,21,31.83,36.23,77.03,52.4,244,3.459,4,3,A,A,Normal,1
1004,24,42,44.08,56.1,53.48,88.61,181,12.112,1,18,O,A,Normal,0
1005,51,71,75.71,26.12,41.13,99.42,266,4.133,0,20,A,AB,Normal,1
1006,23,31,32.14,46.21,43.14,48.2,65,0.5,0,8,O,A,Critical,1
1007,59,46,50.15,49.42,99.63,57.54,551,7.963,0,13,B,B,Normal,1
1008,61,67,91.94,52.89,60.54,79.64,661,9.918,1,6,O,AB,Routine,1
1009,51,43,59.67,67.32,97.81,99.31,45,8.586,,8,O,O,Normal,0
1010,19,41,40.59,73.61,29.96,92.3,861,12.52,4,22,B,AB,Normal,0
1011,54,48,71.57,29.54,35.2,54.53,119,17.811,4,6,A,O,Critical,0
1012,47,44,60.58,0.11,81.75,75.03,28,18.745,1,3,A,AB,Urgent,1
1013,32,39,52.71,36.99,86.9,77.59,125,11.274,1,7,O,A,Critical,1
1014,41,63,70.31,11.08,77.65,79.67,370,0.5,0,22,A,A,Urgent,1
1015,66,26,73.4,7.1,10.44,85.08,521,17.368,3,40,A,A,Urgent,1
1016,55,74,35.08,58.23,86.96,84.82,638,15.42,1,19,O,A,Normal,0
1017,23,45,49.22,2.5,96.55,87.39,429,13.495,0,22,B,O,Urgent,0
1018,68,51,73.52,9.14,28.14,70.27,179,15.917,7,17,B,A,Urgent,0
1019,28,73,80.31,1.29,42.43,97.83,826,8.302,2,45,AB,O,Routine,1
1020,48,42,85.58,63.18,91.48,75.54,852,10.454,0,6,O,A,Normal,1
1021,25,63,92.72,75.08,14.52,98.42,758,14.035,0,38,O,B,Routine,0
1022,67,20,82.57,29.63,44.98,76.72,455,6.237,2,47,B,O,Normal,0
1023,67,61,57.37,73.08,25.61,55.78,160,14.949,6,6,O,B,Urgent,0
1024,68,25,69.07,34.08,90.19,82.19,167,11.025,1,43,B,A,Normal,0
1025,36,51,,8.27,58.64,48.53,908,11.535,0,15,O,B,Normal,1
1026,61,54,46.92,22.74,90.15,87.81,169,9.368,2,7,O,A,Normal,0
1027,62,34,80.48,36.97,8.32,67.9,191,16.992,0,28,B,O,Urgent,0
1028,46,26,56.9,40.49,74.03,73.12,774,8.899,0,20,O,B,Normal,1
1029,52,32,53.4,72.57,41.98,99.08,752,3.761,2,20,A,O,Critical,0
1030,48,42,73.75,3.93,97.44,50.4,963,5.021,2,6,B,B,Urgent,1
1031,18,30,59.14,66.07,58.53,46.96,632,9.755,1,12,O,A,Urgent,0
1032,64,35,81.26,75.88,57.22,61.55,619,8.938,1,29,B,O,Normal,1
1033,45,54,78.34,63.58,53.24,69.42,214,7.306,0,9,A,A,Urgent,0
1034,37,22,89.39,53.63,71.05,71.7,414,8.44,0,15,A,O,Normal,0
1035,21,52,68.66,45.16,38.73,71.75,331,15.482,2,31,O,A,Normal,0
1036,69,76,37.47,85.84,59.9,71.55,643,12.33,1,7,O,O,Urgent,0
1037,48,23,67.19,64.51,6.4,61.43,902,14.378,3,25,O,B,Urgent,1
1038,30,57,64.59,61.41,58.74,91.59,513,12.793,0,27,O,A,Normal,1
1039,46,37,82.35,7.41,36.69,97.01,236,7.694,1,9,B,A,Urgent,0
1040,21,61,54.86,72.86,42.12,57.66,567,14.303,0,40,A,B,Normal,0
1041,48,76,54.28,21.7,88.39,50.13,463,5.838,3,28,O,O,Urgent,0
1042,34,74,66.88,53.49,49.21,68.6,352,13.586,3,40,A,O,Routine,0
1043,54,29,34.82,70.96,0.45,98.82,351,10.238,2,25,O,B,Urgent,0
1044,20,24,95.56,67.89,98.85,81.9,491,6.373,1,4,A,A,Normal,1
1045,33,44,81.83,49.0,5.83,96.57,559,13.485,3,11,B,O,Urgent,1
1046,49,59,40.84,1.28,45.4,95.48,714,15.926,0,10,O,A,Urgent,1
1047,39,74,83.36,3.65,77.98,61.28,930,3.789,5,35,AB,O,Urgent,0
1048,45,41,55.92,99.22,44.06,70.82,263,18.345,0,4,O,AB,Normal,0
1049,23,34,74.74,47.54,1.54,70.16,469,7.165,0,11,O,B,Urgent,1
1050,25,44,98.96,95.84,96.91,57.91,922,5.384,4,19,A,B,Normal,0
1051,30,23,40.88,53.09,85.37,92.65,786,8.445,0,7,O,A,Urgent,0
1052,62,26,79.31,16.17,98.08,88.05,934,13.427,0,36,O,A,Urgent,0
1053,22,46,56.43,24.53,8.54,75.79,469,11.211,1,24,B,B,Critical,1
1054,27,34,47.63,4.24,18.93,52.99,839,7.134,6,7,B,O,Critical,0
1055,53,63,67.05,82.51,85.3,54.44,672,13.016,1,10,O,O,Urgent,0
1056,64,48,93.04,0.37,79.17,81.94,903,11.718,2,16,B,B,Urgent,1
1057,58,73,43.94,93.95,13.72,68.7,819,13.629,0,15,A,B,Normal,0
1058,32,35,25.57,15.44,44.59,58.69,824,6.267,2,3,B,A,Normal,0
1059,64,67,86.69,8.08,96.59,93.19,614,10.77,1,3,A,O,Critical,1
1060,65,71,47.86,45.65,86.7,60.96,758,8.089,1,6,AB,A,Urgent,0
1061,25,23,66.31,64.8,17.87,87.31,557,12.566,2,2,O,AB,Routine,1
1062,47,58,69.41,31.42,86.41,91.52,458,8.68,1,11,B,A,Normal,0
1063,34,73,32.46,8.02,76.41,53.72,117,13.366,0,39,A,A,Routine,0
1064,33,27,71.55,19.25,34.02,49.67,407,10.998,1,,A,A,Urgent,0
1065,28,20,94.37,58.63,73.92,56.54,882,15.277,0,8,O,B,Critical,0
1066,67,20,86.57,77.63,73.43,90.62,372,7.203,0,47,O,A,Normal,0
1067,24,43,94.93,35.54,83.02,82.78,296,6.104,2,19,O,A,Critical,1
1068,25,20,77.48,,17.82,57.38,410,13.854,0,5,O,O,Urgent,1
1069,22,46,29.0,64.31,17.39,56.86,327,9.491,1,24,B,A,Normal,0
1070,29,76,42.61,54.29,17.88,71.06,563,11.008,0,47,A,A,Routine,0
1071,22,37,84.72,29.71,88.22,60.65,198,3.727,0,15,O,B,Urgent,0
1072,22,60,96.49,32.48,55.89,64.29,511,18.686,0,38,B,A,Normal,0
1073,31,48,31.63,27.78,56.56,63.22,36,4.729,1,17,AB,AB,Normal,0
1074,32,24,47.18,38.16,21.12,84.39,907,10.182,0,8,A,O,Urgent,0
1075,27,18,49.76,31.8,76.48,96.42,322,6.983,0,9,A,O,Normal,0
1076,47,37,69.85,69.76,35.42,65.76,635,22.168,3,10,B,O,Urgent,0
1077,26,41,50.5,83.35,21.25,90.29,247,6.164,0,15,O,A,Normal,0
1078,63,73,47.57,55.16,26.26,,640,9.342,0,10,O,O,Normal,1
1079,50,46,29.54,27.18,97.05,51.99,305,16.808,0,4,O,A,Urgent,0
1080,53,18,62.45,2.97,44.05,86.06,878,11.719,3,35,O,B,Urgent,1
1081,43,58,96.61,33.95,38.3,63.91,922,9.056,0,15,A,O,Urgent,1
1082,21,36,70.46,95.02,62.54,46.84,520,13.425,0,15,O,A,Normal,0
1083,68,60,58.88,70.65,58.55,50.25,143,12.438,1,8,O,B,Urgent,0
1084,39,21,90.63,11.78,34.66,71.36,664,0.5,2,18,B,O,Normal,1
1085,51,26,25.21,6.54,74.57,58.96,33,12.276,0,25,B,O,Normal,0
1086,28,77,64.34,32.19,79.48,60.6,584,16.566,5,49,O,A,Urgent,0
1087,26,62,50.21,44.78,56.9,94.1,472,9.566,4,36,O,A,Normal,0
1088,47,20,86.01,15.06,58.36,83.98,751,9.73,0,27,B,B,Normal,1
1089,48,73,74.1,42.56,69.18,80.14,892,10.627,0,25,B,A,Normal,0
1090,18,38,29.13,75.12,3.6,53.67,403,18.953,0,20,B,B,Normal,0
1091,31,47,85.48,48.11,52.57,97.49,859,15.803,0,16,O,O,Urgent,1
1092,56,31,81.99,95.35,88.59,71.88,848,10.282,2,25,A,A,Normal,0
1093,20,57,35.95,68.08,8.26,59.39,813,9.113,0,37,B,B,Urgent,0
1094,29,61,31.96,61.09,64.29,72.48,851,14.015,0,32,O,O,Normal,1
1095,51,63,96.52,54.85,43.07,57.34,419,21.678,1,12,O,O,Urgent,1
1096,31,31,62.34,,48.12,62.54,693,10.821,0,0,B,A,Routine,0
1097,43,19,97.4,42.25,12.33,84.72,725,12.909,3,24,A,O,Routine,0
1098,51,49,44.76,26.2,47.24,67.53,236,6.547,0,2,A,B,Normal,0
1099,28,72,99.38,64.65,15.86,88.37,952,10.706,1,44,B,O,Normal,1
1100,44,37,76.93,77.73,42.27,90.22,871,7.424,0,7,A,A,Critical,1
1101,20,75,56.97,47.14,14.37,66.97,118,10.419,6,55,O,O,Routine,0
1102,65,43,83.34,23.94,95.86,84.9,795,22.244,0,22,O,O,Normal,0
1103,49,34,57.43,23.39,46.61,79.99,855,11.469,0,15,B,A,Routine,0
1104,32,41,94.67,78.39,88.51,62.83,698,11.588,1,9,O,A,Normal,1
1105,44,49,29.22,24.85,3.78,86.36,812,10.656,1,5,AB,O,Normal,0
1106,49,32,40.12,28.23,26.92,75.06,167,5.122,0,17,O,A,Urgent,0
1107,45,72,75.83,93.75,0.61,47.07,268,7.564,6,27,B,A,Urgent,0
1108,28,57,61.77,79.96,48.13,62.67,90,13.442,1,29,O,O,Normal,0
1109,42,20,75.84,27.88,97.5,78.34,735,9.033,2,22,O,A,Urgent,1
1110,18,63,76.86,48.85,4.57,45.68,973,13.915,0,45,O,O,Normal,1
1111,32,73,69.02,41.1,22.07,85.98,574,8.227,0,41,A,O,Urgent,0
1112,68,58,95.27,2.1,7.19,75.63,960,13.676,1,10,A,O,Critical,1
1113,20,43,82.02,76.6,83.29,96.21,307,10.314,3,23,A,O,Normal,0
1114,62,50,66.76,81.9,36.25,79.12,523,6.516,0,12,A,B,Routine,0
1115,41,37,68.37,7.94,20.92,68.38,193,7.864,2,4,O,O,Urgent,1
1116,67,58,82.17,99.14,75.7,92.92,387,13.806,2,9,A,O,Critical,0
1117,53,59,61.06,91.81,28.65,94.75,835,4.241,1,6,B,O,Urgent,0
1118,63,33,27.14,55.81,18.27,59.1,327,7.407,4,30,O,B,Routine,0
1119,41,35,54.09,87.3,74.8,51.9,5,10.383,2,6,A,B,Normal,0
1120,35,22,66.7,94.14,25.14,71.22,515,15.75,,13,O,B,Critical,1
1121,50,77,35.98,20.34,88.09,91.72,776,13.447,0,27,B,O,Urgent,0
1122,64,68,34.11,96.31,86.16,72.95,115,10.366,0,4,O,O,Normal,0
1123,33,65,73.09,30.47,28.2,99.73,134,9.045,0,32,B,B,Urgent,1
1124,60,69,32.43,15.91,37.35,75.31,122,18.429,2,9,B,O,Urgent,0
1125,50,44,92.42,59.11,5.59,71.13,333,12.288,5,6,AB,AB,Urgent,1
1126,53,43,29.29,24.71,75.15,98.76,505,8.65,1,10,A,O,Normal,0
1127,33,45,46.16,37.27,81.48,98.0,97,12.504,1,12,B,O,Critical,0
1128,42,37,31.44,42.31,63.35,86.56,763,12.753,0,5,O,B,Critical,1
1129,29,54,97.78,5.29,83.19,75.98,486,10.294,0,25,A,B,Normal,0
1130,18,61,34.66,84.01,16.63,45.27,306,8.339,0,43,A,O,Critical,0
1131,28,40,44.35,23.38,7.82,89.59,318,11.583,4,12,O,O,Urgent,1
1132,55,71,68.52,49.98,1.13,86.99,688,12.678,0,16,B,O,Normal,0
1133,59,62,73.06,45.09,61.27,80.47,894,17.959,1,3,A,O,Urgent,0
1134,36,,66.42,10.18,93.75,98.72,598,10.766,1,34,A,O,Normal,0
1135,59,32,44.02,85.26,81.48,53.29,519,11.82,0,27,AB,A,Normal,0
1136,46,57,33.26,86.95,41.09,77.14,321,17.537,1,11,O,O,Normal,0
1137,65,35,55.7,34.03,83.7,47.81,489,13.004,0,30,A,A,Urgent,0
1138,54,45,45.62,63.78,5.42,52.8,369,7.131,6,9,B,A,Urgent,0
1139,62,33,75.78,38.0,43.54,91.71,158,7.74,0,29,O,B,Normal,1
1140,47,36,46.64,42.09,32.8,99.43,143,6.74,0,11,B,A,Normal,0
1141,35,21,49.27,59.72,2.69,89.89,967,10.019,0,14,B,O,Normal,1
1142,38,42,85.65,56.26,71.13,55.74,670,14.027,0,4,A,A,Normal,0
1143,69,76,56.49,7.77,22.03,85.96,424,12.214,1,7,O,O,Normal,1
1144,35,36,71.64,64.88,54.5,45.89,915,6.203,5,1,O,A,Critical,1
1145,41,68,33.64,15.49,71.65,60.77,133,15.405,0,27,O,B,Critical,0
1146,30,51,42.59,33.28,25.52,90.89,365,13.541,2,21,O,B,Normal,0
1147,60,63,25.11,61.23,85.39,55.88,924,6.472,2,3,AB,O,Critical,0
1148,64,64,50.9,91.57,74.28,84.12,844,8.288,0,0,A,B,Critical,0
1149,56,28,72.77,91.78,28.69,99.09,185,19.681,0,28,O,B,Critical,0
1150,54,64,68.01,68.84,,77.81,584,8.219,0,10,O,A,Normal,1
1151,28,55,47.78,25.95,45.65,94.21,138,10.299,1,27,O,O,Normal,0
1152,59,53,88.82,33.85,13.56,52.86,164,13.811,0,6,O,A,Normal,1
1153,47,39,91.94,58.16,16.9,49.25,35,10.407,1,8,A,A,Normal,1
1154,48,53,74.08,36.03,47.29,89.1,827,9.974,2,5,O,O,Normal,0
1155,25,75,66.17,46.33,47.1,52.39,364,14.757,2,50,A,B,Normal,0
1156,42,59,41.79,57.51,4.84,77.16,226,15.457,0,17,A,B,Routine,0
1157,38,44,63.43,86.52,28.02,65.48,586,1.524,3,6,O,A,Normal,1
1158,39,65,34.72,43.42,84.51,59.47,966,8.221,3,26,B,AB,Urgent,0
1159,55,63,27.39,5.57,42.68,80.21,729,12.052,0,8,B,B,Normal,1
1160,58,57,34.42,21.22,99.73,83.93,160,14.007,2,1,A,O,Normal,0
1161,40,40,42.74,54.73,46.62,79.21,72,9.341,0,0,O,O,Urgent,1
1162,37,22,69.29,69.7,80.42,88.02,151,3.858,2,15,O,O,Routine,0
1163,46,70,82.06,21.34,72.5,75.45,440,5.442,1,24,A,O,Critical,0
1164,67,26,76.07,18.62,74.92,72.08,451,12.829,1,41,A,A,Normal,0
1165,21,74,78.63,53.84,76.22,94.82,52,16.149,1,53,O,O,Critical,0
1166,63,38,25.98,47.19,57.61,50.43,787,6.031,1,25,A,A,Normal,0
1167,54,59,49.64,94.15,14.08,78.68,514,9.885,1,5,B,A,Urgent,0
1168,31,60,65.31,51.83,56.54,48.92,64,10.391,1,29,A,A,Normal,0
1169,26,62,28.85,41.22,84.4,54.52,679,8.881,4,36,O,A,Routine,0
1170,56,39,50.05,74.08,59.25,65.64,795,13.263,0,17,O,AB,Normal,0
1171,43,56,82.32,78.01,56.6,56.04,508,16.206,1,13,A,B,Critical,0
1172,55,45,97.65,87.23,42.71,55.92,274,6.985,0,10,O,B,Urgent,0
1173,19,59,47.12,97.28,63.79,62.17,814,10.638,3,40,O,B,Routine,0
1174,45,34,36.32,98.46,28.49,84.15,313,8.815,0,11,B,B,Normal,1
1175,68,62,27.72,77.7,74.39,67.5,890,14.885,0,6,O,B,Critical,0
1176,50,52,29.37,97.29,83.73,58.85,222,15.986,4,2,O,B,Normal,0
1177,43,61,75.22,25.44,86.91,69.2,578,18.967,1,18,O,B,Normal,0
1178,67,43,68.56,16.2,61.73,99.41,805,13.091,3,24,A,O,Urgent,0
1179,36,50,39.87,24.59,58.15,99.82,644,14.784,1,14,O,O,Normal,1
1180,27,58,37.56,25.0,28.04,70.55,316,2.875,3,31,O,B,Routine,0
1181,20,34,57.37,34.77,28.36,59.2,762,13.972,4,14,O,A,Routine,0
1182,28,22,86.71,3.73,9.06,52.36,972,9.416,2,6,A,B,Urgent,1
1183,48,58,53.13,91.77,36.84,96.08,127,10.087,3,10,O,O,Normal,0
1184,30,74,34.38,71.15,22.62,80.59,435,11.55,0,44,B,B,Urgent,0
1185,67,20,85.49,57.28,32.58,45.17,13,2.533,1,47,A,O,Normal,0
1186,51,71,40.79,75.12,94.35,89.65,81,8.161,3,20,O,A,Urgent,0
1187,37,24,73.66,91.49,49.16,70.99,737,13.335,1,13,O,A,Urgent,0
1188,23,33,45.24,35.15,74.02,94.43,149,12.473,6,10,O,A,Urgent,0
1189,66,51,61.57,84.49,62.86,73.2,991,9.199,1,15,A,B,Critical,0
1190,48,23,49.56,40.63,8.54,96.42,927,5.989,0,25,B,B,Normal,1
1191,57,54,43.01,61.93,57.36,48.35,751,18.483,1,3,A,O,Normal,0
1192,68,44,56.84,81.77,52.2,87.12,102,9.232,1,24,B,B,Normal,0
1193,36,21,26.86,9.64,26.28,67.73,869,4.096,2,15,O,O,Urgent,0
1194,46,74,96.25,13.16,54.01,80.3,609,10.054,5,28,O,O,Urgent,1
1195,61,34,66.05,98.94,81.66,88.1,743,10.113,0,27,B,B,Normal,0
1196,19,64,65.28,55.07,24.51,87.22,895,11.779,5,45,B,A,Urgent,0
1197,57,56,38.1,82.94,46.93,53.38,122,8.018,0,1,O,O,Urgent,0
1198,56,77,99.39,18.47,87.21,90.83,121,8.381,4,21,O,O,Urgent,1
1199,34,28,94.14,37.63,39.53,76.69,176,9.475,0,6,A,O,Normal,0
1200,26,73,27.16,13.84,12.68,59.37,168,14.327,0,47,O,A,Critical,0
1201,29,60,81.03,40.92,89.88,46.06,197,16.86,4,31,B,A,Urgent,0
1202,27,31,83.17,60.28,95.22,76.49,25,22.979,6,4,B,B,Normal,0
1203,31,34,85.28,9.23,25.17,85.59,920,13.827,0,3,A,A,Normal,1
1204,48,37,97.99,24.85,98.77,83.04,439,7.921,1,11,B,B,Routine,1
1205,47,54,42.39,47.26,26.87,48.35,935,6.419,0,7,A,A,Urgent,1
1206,19,28,26.83,81.4,24.33,65.75,34,7.943,6,9,O,A,Urgent,0
1207,52,47,73.59,59.27,5.0,71.07,734,14.458,0,5,O,O,Urgent,1
1208,28,62,89.06,26.82,68.31,51.93,677,6.525,6,34,B,A,Normal,0
1209,62,25,30.02,62.78,0.71,92.46,405,18.749,8,37,AB,O,Normal,0
1210,31,60,35.84,66.32,35.56,72.81,714,19.89,2,29,B,O,Critical,0
1211,45,20,29.79,27.78,64.81,47.43,260,2.424,6,25,O,B,Critical,0
1212,35,24,79.92,31.32,44.14,52.78,279,9.256,3,11,O,A,Urgent,1
1213,50,51,47.3,25.19,15.63,73.61,273,13.273,6,1,O,O,Critical,1
1214,41,75,31.87,79.01,35.79,76.73,857,13.183,1,34,O,A,Routine,0
1215,22,43,75.75,74.4,63.98,90.38,379,17.33,2,21,AB,B,Normal,0
1216,37,54,70.5,33.53,32.41,99.42,511,16.603,7,17,O,A,Normal,0
1217,66,34,75.06,46.97,2.12,77.32,162,5.156,7,32,A,O,Critical,0
1218,50,47,99.32,71.62,99.87,56.78,38,12.119,0,3,O,O,Routine,1
1219,45,48,91.25,90.27,34.77,78.62,55,12.418,8,3,O,A,Urgent,0
1220,25,19,99.39,33.22,35.37,96.63,620,9.49,4,6,O,O,Urgent,1
1221,65,31,59.19,56.44,31.28,60.84,845,13.565,1,34,B,A,Critical,0
1222,29,66,77.12,31.15,83.12,78.99,329,14.067,1,37,O,B,Critical,0
1223,18,33,37.96,34.41,52.69,89.77,954,4.687,3,15,O,O,Normal,0
1224,22,52,86.45,6.72,0.04,55.13,271,10.206,5,30,O,A,Routine,0
1225,50,49,87.97,49.19,85.36,85.55,378,11.009,1,1,O,O,Urgent,1
1226,56,25,51.75,11.81,48.56,78.49,927,11.213,4,31,O,B,Routine,0
1227,25,22,82.76,32.49,83.98,45.6,477,9.237,1,3,O,A,Normal,0
1228,25,47,70.98,35.04,46.81,73.85,579,9.888,1,22,O,A,Normal,0
1229,33,60,69.8,65.07,81.75,76.49,474,16.907,0,27,O,O,Normal,0
1230,18,45,71.43,88.8,18.68,79.48,983,9.648,0,27,A,B,Normal,0
1231,62,41,96.93,23.66,98.12,86.03,188,16.843,1,21,B,O,Normal,0
1232,49,57,69.35,42.2,93.81,51.44,986,12.117,1,8,A,A,Normal,0
1233,18,27,62.45,96.26,24.76,62.94,910,15.844,1,9,O,A,Urgent,0
1234,63,57,86.69,16.64,32.13,66.5,747,16.577,0,6,O,A,Normal,0
1235,43,33,63.33,58.13,37.35,86.21,807,3.825,1,10,O,AB,Routine,0
1236,20,55,66.18,14.38,17.93,59.28,310,11.92,0,35,B,O,Normal,0
1237,24,27,56.76,53.89,39.43,74.26,818,9.485,1,3,O,A,Urgent,1
1238,50,49,40.39,3.24,88.44,55.72,129,6.066,0,1,O,O,Urgent,1
1239,23,73,92.58,56.5,73.77,52.13,116,8.372,2,50,B,B,Urgent,0
1240,40,35,95.7,59.46,96.03,96.27,167,7.75,1,5,A,O,Urgent,0
1241,36,20,73.89,52.18,41.07,45.16,55,9.222,3,16,A,O,Normal,0
1242,39,36,76.81,46.03,62.94,55.03,614,4.599,4,3,A,B,Critical,0
1243,19,76,32.14,44.54,75.16,58.42,307,11.845,1,57,B,A,Urgent,0
1244,55,38,94.05,11.59,80.32,82.5,663,8.919,2,17,O,A,Normal,1
1245,66,26,91.53,97.01,1.32,66.72,893,9.338,0,40,B,O,Normal,0
1246,62,73,38.9,28.62,28.81,98.21,815,9.116,0,11,O,O,Urgent,1
1247,69,62,66.57,0.35,9.85,86.12,297,13.406,3,7,O,A,Normal,1
1248,47,71,27.61,38.46,1.27,46.81,18,1.978,1,24,A,B,Critical,0
1249,36,38,28.42,6.89,6.16,71.29,304,9.847,3,2,O,A,Critical,1
1250,22,56,55.5,93.84,85.22,90.07,437,17.413,0,34,B,B,Normal,0
1251,55,74,32.31,88.43,61.68,55.72,338,18.415,0,19,B,O,Normal,0
1252,41,74,61.81,23.1,20.43,98.12,848,9.334,4,33,B,A,Urgent,0
1253,25,28,33.04,8.11,88.24,96.45,789,7.535,0,3,B,B,Normal,0
1254,68,41,64.92,90.84,51.06,55.06,82,12.294,2,27,A,O,Normal,0
1255,22,23,33.14,48.19,34.04,87.06,981,9.852,1,1,A,O,Urgent,0
1256,48,51,53.6,70.29,89.07,73.18,237,11.284,0,3,O,A,Urgent,0
1257,55,67,37.16,25.24,55.84,74.12,184,1.342,1,12,B,O,Normal,0
1258,25,22,54.86,16.55,96.53,87.15,842,2.409,1,3,O,B,Normal,0
1259,59,68,58.55,33.5,91.89,77.78,549,16.552,1,9,O,A,Normal,0
1260,65,37,33.54,98.02,89.48,50.16,122,12.28,0,28,A,B,Critical,0
1261,31,27,75.36,3.53,28.07,47.39,446,13.54,0,4,O,B,Normal,0
1262,21,20,73.85,12.86,15.74,55.18,81,11.155,1,1,O,B,Urgent,1
1263,60,58,64.5,28.42,11.95,80.94,271,14.433,1,2,A,O,Critical,0
1264,69,66,40.91,10.92,56.22,68.48,530,10.35,0,3,O,A,Routine,0
1265,45,76,37.26,96.91,97.14,65.92,957,4.728,8,,B,O,Routine,0
1266,20,20,47.46,39.12,93.88,45.18,672,14.784,2,0,A,B,Routine,0
1267,68,56,95.21,54.39,11.19,54.4,882,14.755,0,12,B,B,Urgent,1
1268,37,75,87.34,50.27,21.34,70.49,261,12.514,0,38,A,B,Routine,0
1269,30,23,60.22,77.53,47.66,68.21,234,12.653,2,7,O,B,Routine,0
1270,44,65,26.2,33.39,28.05,76.87,881,12.804,3,21,B,O,Normal,0
1271,42,39,37.86,38.57,22.29,69.25,382,7.637,0,3,O,A,Urgent,1
1272,27,34,56.11,0.43,26.21,66.56,209,10.982,2,7,A,O,Routine,0
1273,42,31,41.24,18.6,0.84,71.71,343,9.328,0,11,O,O,Urgent,1
1274,62,71,82.2,83.2,3.95,93.07,801,13.42,7,9,B,A,Critical,0
1275,57,26,91.65,48.57,35.59,81.19,586,10.192,1,31,A,A,Critical,1
1276,42,71,29.98,13.39,72.11,63.48,504,15.464,0,29,O,A,Urgent,0
1277,54,23,72.88,46.13,82.26,83.02,435,12.474,5,31,O,A,Normal,0
1278,39,37,25.8,68.75,62.81,83.01,754,12.977,0,2,O,B,Critical,0
1279,63,73,68.64,83.44,14.99,55.89,838,11.503,0,10,O,O,Urgent,1
1280,43,54,57.3,95.76,66.27,55.58,396,7.144,0,11,O,O,Urgent,1
1281,22,71,63.22,25.6,20.96,70.1,630,10.956,1,49,B,B,Routine,0
1282,63,77,36.89,69.19,76.23,83.17,341,0.5,3,14,A,O,Normal,0
1283,67,23,49.01,25.69,0.84,75.04,761,7.136,5,44,O,B,Urgent,1
1284,48,30,80.93,12.3,70.91,48.74,971,19.483,0,18,A,A,Urgent,1
1285,23,72,76.83,37.57,8.69,61.99,697,17.688,0,49,AB,B,Normal,0
1286,65,51,35.07,78.22,5.25,57.77,486,10.158,0,14,B,A,Urgent,0
1287,30,77,61.1,67.76,22.69,78.46,115,14.177,3,47,O,A,Normal,0
1288,40,77,65.6,83.91,23.06,65.71,279,5.38,0,37,A,A,Urgent,0
1289,27,52,36.38,20.79,22.51,46.18,227,6.429,5,25,B,O,Normal,0
1290,46,76,43.07,2.95,39.26,73.95,302,7.103,0,30,B,O,Urgent,0
1291,20,57,62.02,14.2,75.73,47.1,995,5.783,1,37,B,B,Normal,1
1292,46,45,96.88,96.09,61.4,82.23,363,10.793,4,1,B,B,Critical,1
1293,47,28,94.96,97.17,53.76,99.46,764,14.053,2,19,A,A,Routine,0
1294,35,49,88.02,5.18,49.79,98.69,719,9.939,2,14,O,O,Routine,1
1295,43,52,33.43,56.41,11.47,73.47,234,10.872,0,9,O,O,Normal,0
1296,25,41,38.54,80.43,44.71,81.04,973,12.426,5,16,A,A,Urgent,0
1297,55,54,77.07,34.45,28.4,49.95,228,6.394,1,1,O,B,Normal,1
1298,28,47,85.23,96.78,43.56,92.94,305,16.558,1,19,O,A,Critical,0
1299,55,55,26.86,78.06,39.36,79.7,500,10.525,0,0,O,B,Normal,1
1300,65,59,27.89,70.74,35.34,92.36,9,15.089,3,6,O,O,Normal,0
1301,21,27,71.15,22.07,13.79,,478,6.147,0,6,O,O,Urgent,1
1302,48,64,66.79,70.51,91.72,83.47,952,11.691,0,16,O,B,Routine,0
1303,50,24,26.48,45.81,48.92,64.7,437,13.723,0,26,O,B,Routine,0
1304,27,63,34.12,84.11,65.15,52.27,344,5.567,0,36,A,B,Normal,0
1305,51,74,85.38,75.08,29.8,93.01,85,11.707,2,23,O,O,Normal,1
1306,64,41,99.82,74.0,87.85,65.72,536,12.563,0,23,B,B,Normal,1
1307,44,41,91.25,17.46,9.03,52.65,708,5.641,1,3,O,A,Normal,1
1308,,25,34.68,32.7,49.76,61.96,257,14.992,3,7,A,B,Normal,0
1309,35,22,59.72,61.93,79.37,81.19,132,7.022,4,13,B,O,Critical,0
1310,19,44,89.57,49.33,62.89,71.72,702,7.946,1,25,O,B,Urgent,1
1311,45,31,99.79,8.88,86.61,86.14,390,11.613,0,14,O,O,Normal,1
1312,65,63,49.84,65.14,12.28,98.29,191,19.188,1,2,B,B,Urgent,0
1313,23,57,46.87,72.39,43.1,79.37,414,8.198,0,34,B,O,Urgent,0
1314,60,60,73.19,5.49,77.47,88.71,906,12.471,0,0,A,B,Normal,0
1315,26,19,71.64,,10.39,66.15,784,10.588,3,7,A,AB,Normal,1
1316,18,40,77.02,73.73,82.67,84.72,400,8.662,1,22,B,A,Critical,0
1317,39,55,40.3,75.05,45.83,85.89,139,9.06,2,16,O,B,Normal,0
1318,30,21,66.02,3.25,4.22,65.27,298,12.291,0,9,O,O,Routine,1
1319,18,34,62.6,8.68,83.26,57.6,753,12.294,0,16,B,AB,Routine,1
1320,55,68,63.53,83.93,2.85,46.94,300,5.354,2,13,O,B,Urgent,0
1321,24,67,32.75,51.52,41.91,73.16,334,8.365,1,43,O,B,Normal,0
1322,31,53,59.53,48.49,84.35,78.65,618,6.334,1,22,B,O,Normal,0
1323,61,58,37.66,36.37,25.1,64.48,349,21.519,3,3,AB,B,Urgent,0
1324,41,22,41.98,44.67,79.82,80.97,661,3.687,2,19,B,O,Normal,0
1325,61,25,85.69,51.01,62.66,62.49,114,13.054,2,36,B,O,Routine,0
1326,25,24,90.14,40.08,65.29,83.24,565,19.394,0,1,B,A,Normal,1
1327,50,40,29.65,94.33,67.48,70.41,766,11.862,2,10,A,O,Routine,0
1328,61,48,64.42,61.51,4.81,45.05,263,7.995,0,13,O,B,Normal,0
1329,23,71,90.3,31.45,94.88,89.3,456,18.108,0,48,O,A,Normal,0
1330,56,65,67.06,33.9,92.97,99.67,292,11.735,2,9,B,B,Normal,0
1331,61,70,54.72,14.32,22.26,89.31,983,12.722,1,9,O,O,Critical,1
1332,46,26,65.98,93.44,93.55,95.37,263,11.553,2,20,B,A,Normal,0
1333,21,35,85.17,81.44,72.77,80.44,170,14.611,2,14,B,B,Normal,0
1334,68,18,25.98,3.61,29.95,77.12,490,10.805,6,50,O,A,Urgent,0
1335,54,56,77.32,93.95,12.45,73.11,394,11.156,0,2,A,B,Urgent,0
1336,57,42,53.68,77.08,97.82,97.78,446,11.139,5,15,O,A,Routine,0
1337,28,69,42.11,34.56,88.39,95.95,572,13.67,0,41,A,B,Urgent,0
1338,57,65,82.12,35.69,19.03,86.04,504,13.426,0,8,O,O,Normal,1
1339,51,77,26.85,80.78,37.53,53.84,154,7.72,1,26,A,O,Critical,0
1340,26,56,94.31,50.39,14.1,60.59,697,6.433,4,30,O,O,Critical,1
1341,43,77,73.06,40.14,82.9,90.77,571,5.517,1,34,B,B,Normal,0
1342,51,69,70.81,52.06,9.9,82.91,62,,3,18,O,O,Normal,1
1343,28,20,36.29,8.96,79.95,99.16,794,8.037,0,8,A,O,Urgent,0
1344,23,75,70.17,96.55,25.01,99.91,180,19.805,2,52,O,A,Routine,0
1345,26,52,64.6,43.9,83.83,75.84,293,7.91,6,26,B,O,Normal,0
1346,32,29,59.57,83.49,33.12,96.3,807,2.892,0,3,O,A,Normal,1
1347,18,66,81.79,45.64,95.59,93.23,440,11.156,0,48,O,B,Urgent,0
1348,58,29,28.92,95.95,78.54,58.74,819,16.47,7,29,O,B,Critical,0
1349,56,69,83.47,11.37,61.07,83.0,903,17.561,0,13,A,A,Normal,1
1350,62,49,30.02,96.7,68.02,45.03,478,10.828,6,13,O,B,Normal,0
1351,54,72,33.36,13.5,64.11,89.64,756,13.069,0,18,O,O,Critical,1
1352,28,45,32.75,49.34,96.04,94.23,990,12.489,1,17,O,O,Normal,0
1353,65,65,36.74,81.37,36.27,57.44,139,8.24,0,0,A,O,Normal,0
1354,49,49,33.56,87.05,55.86,95.92,981,4.101,0,0,B,A,Routine,0
1355,63,57,48.69,50.6,69.9,92.2,933,12.571,0,6,O,A,Urgent,0
1356,40,26,66.62,92.58,52.73,50.46,101,12.583,0,14,O,O,Urgent,0
1357,59,35,75.92,52.89,18.86,76.22,461,17.636,1,24,O,O,Urgent,0
1358,47,52,65.85,91.2,33.03,90.66,848,10.538,2,5,B,O,Urgent,0
1359,53,62,90.93,96.46,46.22,48.3,295,15.701,3,9,O,A,Urgent,0
1360,52,44,86.0,38.39,18.39,47.03,664,4.258,0,8,B,A,Critical,1
1361,30,72,46.89,80.11,92.8,95.84,674,11.467,2,42,O,B,Urgent,0
1362,56,27,78.31,18.36,85.92,61.01,921,9.142,1,29,O,A,Normal,0
1363,38,48,92.6,54.55,35.72,52.65,360,17.24,2,10,A,B,Normal,0
1364,24,42,76.52,91.69,8.48,55.58,915,20.7,0,18,A,O,Normal,0
1365,39,61,55.22,27.16,43.66,51.58,444,8.346,0,22,O,A,Normal,0
1366,68,34,45.29,0.57,29.95,45.59,901,11.167,0,34,A,A,Urgent,0
1367,53,28,38.4,0.3,71.41,65.53,949,15.995,3,25,A,A,Urgent,1
1368,68,31,88.46,72.1,24.04,62.27,904,11.301,1,37,A,O,Routine,1
1369,56,41,79.24,93.82,59.55,60.52,135,19.867,5,15,O,A,Urgent,0
1370,45,54,75.34,69.86,64.3,67.3,951,13.071,1,9,AB,A,Urgent,0
1371,42,72,59.48,31.69,45.18,75.53,36,13.863,0,30,A,O,Critical,0
1372,43,37,58.58,31.36,41.77,80.44,150,12.886,1,6,B,O,Routine,0
1373,61,71,69.39,78.54,90.42,66.86,376,11.621,0,,A,O,Urgent,0
1374,65,73,89.14,0.26,19.77,92.12,173,4.331,0,8,A,O,Urgent,1
1375,30,62,56.99,58.44,5.24,45.98,142,15.614,1,32,O,B,Critical,1
1376,56,71,82.73,34.93,56.73,74.93,618,,0,15,B,B,Routine,1
1377,38,55,27.91,16.33,92.61,83.59,582,3.206,1,17,A,O,Urgent,0
1378,38,66,56.81,34.03,38.8,76.41,875,16.535,2,28,B,O,Urgent,0
1379,66,51,27.68,49.59,39.19,69.88,513,16.348,3,15,O,A,Routine,0
1380,59,32,83.68,60.97,0.3,97.28,381,18.042,0,27,B,B,Urgent,1
1381,40,60,41.29,37.9,7.82,72.27,222,15.477,0,20,O,O,Urgent,1
1382,52,23,98.0,86.19,38.55,45.86,675,6.35,1,29,O,B,Critical,0
1383,49,58,65.47,45.72,85.65,49.21,605,13.204,1,9,O,O,Normal,0
1384,39,36,30.77,35.33,17.3,88.37,939,10.709,3,3,A,A,Normal,0
1385,31,53,90.94,44.05,19.41,73.45,448,6.331,2,22,A,O,Critical,0
1386,30,,67.09,51.97,52.08,53.64,998,13.262,3,11,O,B,Critical,0
1387,47,69,75.5,85.57,40.13,66.9,146,0.803,1,22,B,O,Routine,0
1388,22,77,91.81,12.31,94.84,52.53,376,10.491,1,55,AB,A,Critical,0
1389,20,66,39.53,33.14,56.04,86.63,183,5.62,1,46,A,A,Urgent,0
1390,41,53,86.37,15.61,45.5,60.3,422,5.278,0,12,B,B,Normal,1
1391,51,39,75.89,53.04,18.04,70.75,519,11.23,0,12,O,A,Urgent,1
1392,19,,70.65,98.58,58.98,65.63,121,12.133,1,50,A,O,Normal,0
1393,51,60,92.06,76.0,88.05,79.12,605,12.905,2,9,O,AB,Critical,0
1394,39,58,33.1,89.29,21.88,92.43,117,16.587,0,19,B,A,Normal,0
1395,60,76,96.19,98.86,50.99,77.55,440,7.968,3,16,B,A,Normal,0
1396,27,73,26.17,72.63,65.16,71.49,653,4.457,0,46,O,O,Urgent,1
1397,30,49,91.71,31.62,47.4,85.11,855,4.612,3,19,O,A,Normal,1
1398,49,27,55.4,89.27,98.03,56.72,498,15.312,1,22,A,A,Urgent,0
1399,42,68,54.24,64.93,13.24,51.51,126,11.465,0,26,O,B,Normal,0
1400,28,62,36.58,50.65,17.15,46.38,606,9.802,2,34,B,A,Urgent,0
1401,68,20,28.05,31.73,89.75,45.65,666,11.363,0,48,AB,A,Urgent,0
1402,42,29,48.06,11.03,,93.66,476,9.253,0,,O,B,Urgent,0
1403,62,47,47.48,13.48,1.9,63.89,864,16.512,1,15,A,B,Urgent,0
1404,69,35,48.22,72.05,76.23,92.75,686,15.437,3,34,O,O,Normal,0
1405,65,44,49.06,60.75,98.48,90.67,208,9.85,0,21,O,B,Critical,0
1406,37,55,91.4,57.04,67.44,67.89,240,14.126,3,18,B,O,Critical,0
1407,32,52,84.56,82.33,8.87,77.45,645,12.17,0,20,A,A,Urgent,1
1408,60,45,75.04,31.19,7.6,70.55,38,12.135,1,15,O,O,Urgent,0
1409,50,62,27.96,65.4,91.58,72.55,514,5.295,0,12,A,O,Urgent,0
1410,34,59,68.34,88.75,6.59,52.16,182,10.245,1,25,B,A,Routine,0
1411,36,37,61.73,97.08,53.5,67.17,292,5.403,2,1,O,A,Routine,0
1412,62,29,70.54,30.05,10.34,50.31,515,8.786,2,33,O,B,Critical,1
1413,66,42,75.17,23.81,9.45,58.92,,9.403,1,24,O,O,Normal,1
1414,63,68,69.2,66.14,62.15,72.02,563,9.618,1,5,AB,A,Normal,0
1415,23,45,38.39,18.51,18.93,98.51,158,10.5,0,22,O,O,Normal,1
1416,58,19,89.32,87.05,55.84,87.59,806,8.542,1,39,O,O,Routine,1
1417,18,72,81.26,98.73,87.15,86.23,468,15.934,7,54,A,A,Normal,0
1418,57,28,59.38,95.93,46.47,56.88,125,13.555,0,29,O,B,Normal,0
1419,28,30,26.92,50.62,52.95,87.27,208,12.168,0,2,O,O,Critical,0
1420,39,44,67.87,58.54,27.17,58.83,543,6.043,0,5,A,O,Normal,0
1421,54,40,33.53,51.38,60.44,85.48,560,13.545,1,14,O,O,Urgent,0
1422,29,53,39.84,38.89,23.07,83.1,382,10.458,2,24,O,A,Normal,0
1423,51,28,48.87,49.57,63.84,80.66,529,14.089,2,23,O,A,Normal,0
1424,67,72,54.26,82.43,25.75,81.72,586,7.488,0,5,A,O,Critical,0
1425,54,41,88.81,54.38,2.44,97.69,892,19.891,2,13,A,O,Normal,0
1426,57,48,59.43,31.57,81.07,49.5,700,12.195,1,9,O,A,Normal,0
1427,58,39,47.61,70.77,67.43,99.8,754,12.45,0,19,O,A,Routine,0
1428,46,60,99.23,71.55,18.46,88.22,55,13.254,0,14,B,O,Urgent,0
1429,54,49,61.11,19.36,96.81,95.04,349,10.819,0,5,O,O,Normal,1
1430,21,33,81.7,83.26,3.74,91.42,73,16.681,0,12,B,A,Urgent,0
1431,52,62,81.1,34.38,85.57,54.55,449,14.21,1,10,O,B,Urgent,0
1432,18,,60.85,44.38,90.4,88.69,901,7.697,5,26,O,O,Urgent,0
1433,39,57,31.15,3.39,60.6,73.02,707,6.306,2,18,O,O,Critical,0
1434,50,37,72.14,24.83,77.0,75.42,929,5.794,3,13,O,A,Normal,1
1435,30,73,45.17,88.13,10.13,83.12,624,7.14,0,43,A,O,Normal,0
1436,25,62,99.58,40.4,68.02,84.92,740,13.553,0,37,B,A,Urgent,0
1437,47,68,28.43,40.78,35.34,83.2,628,10.311,0,21,B,O,Urgent,0
1438,49,56,47.8,41.38,14.39,86.8,171,15.085,6,7,O,O,Routine,1
1439,44,67,96.67,66.86,54.92,79.53,636,13.948,1,23,O,AB,Normal,0
1440,25,58,55.88,15.65,8.23,85.86,561,6.955,2,33,O,B,Routine,1
1441,27,73,86.81,71.92,33.19,56.37,480,13.026,1,46,O,B,Normal,0
1442,57,44,93.64,19.48,13.94,71.8,681,4.679,1,13,A,B,Normal,1
1443,59,49,48.27,7.46,72.94,47.15,413,9.564,0,10,O,O,Normal,1
1444,57,69,57.13,15.74,63.12,75.86,239,15.433,0,12,A,A,Routine,0
1445,23,27,88.89,37.61,91.26,64.46,967,8.47,0,4,O,A,Critical,0
1446,21,48,37.5,19.33,52.62,47.36,218,10.247,1,27,B,B,Normal,0
1447,64,18,41.19,74.64,44.98,81.54,614,8.861,0,46,O,A,Urgent,0
1448,47,70,90.27,58.08,62.84,81.1,23,12.128,2,23,AB,O,Critical,0
1449,47,19,91.63,6.2,70.19,46.92,120,14.044,0,28,A,B,Urgent,0
1450,31,46,79.92,75.82,43.1,92.39,580,6.659,1,15,A,B,Normal,0
1451,36,47,71.11,41.27,36.64,65.14,320,10.534,0,11,A,B,Urgent,0
1452,51,42,99.79,79.46,10.66,48.74,292,9.527,1,9,AB,A,Urgent,0
1453,53,62,88.44,44.42,10.61,88.17,474,15.152,6,9,B,O,Normal,0
1454,24,30,77.69,15.0,26.28,67.69,16,6.37,0,6,O,B,Normal,1
1455,20,39,99.99,15.35,98.1,61.61,24,9.911,0,19,A,A,Routine,0
1456,34,59,75.29,14.97,50.12,60.28,847,4.268,0,25,AB,A,Normal,1
1457,53,66,66.38,65.24,62.44,58.98,897,7.649,1,13,B,B,Urgent,1
1458,38,18,71.61,53.31,47.36,78.5,406,9.665,2,20,A,B,Normal,0
1459,45,47,50.61,78.09,12.96,87.32,884,11.852,0,2,O,O,Urgent,1
1460,30,27,71.38,48.7,81.59,97.54,636,4.808,2,3,A,A,Critical,0
1461,19,24,67.33,78.88,32.47,62.18,541,13.962,0,5,B,O,Normal,0
1462,68,59,43.43,7.25,86.08,46.74,954,9.466,1,9,B,A,Critical,0
1463,44,58,68.56,6.17,11.9,46.2,362,10.319,6,14,B,O,Routine,0
1464,32,62,57.48,59.07,4.77,52.87,798,8.326,0,30,O,O,Urgent,1
1465,44,21,95.37,75.97,99.79,85.9,613,14.278,2,23,B,B,Urgent,1
1466,60,75,69.64,20.73,46.89,54.73,513,13.528,1,15,O,B,Normal,1
1467,68,55,30.96,64.13,68.86,77.39,350,12.494,5,13,A,A,Normal,0
1468,58,66,39.4,82.68,22.34,57.58,551,13.633,2,8,A,O,Routine,0
1469,45,32,28.61,73.88,41.3,59.66,890,13.193,0,13,A,A,Critical,0
1470,42,33,80.44,84.13,8.61,75.53,206,12.667,2,9,A,A,Normal,0
1471,51,68,27.6,88.07,7.4,93.61,944,18.047,2,17,B,B,Normal,0
1472,69,45,66.02,88.08,21.87,64.3,73,8.042,0,24,B,O,Normal,0
1473,18,53,85.66,66.59,12.84,45.84,516,11.597,1,35,B,A,Urgent,1
1474,21,61,82.15,56.87,40.07,90.19,128,17.953,2,40,O,AB,Normal,0
1475,29,28,50.94,10.68,12.87,73.96,784,12.161,2,1,A,O,Normal,0
1476,26,21,56.76,23.88,6.9,65.6,964,10.619,7,5,A,B,Urgent,0
1477,68,66,92.11,69.53,65.2,46.53,112,3.281,1,2,O,A,Urgent,1
1478,25,65,98.33,8.17,10.94,74.27,444,15.472,1,40,A,A,Urgent,1
1479,19,50,54.15,33.0,15.6,98.64,957,4.662,0,31,A,B,Urgent,0
1480,61,51,44.94,96.35,20.4,50.79,608,11.419,1,10,O,B,Normal,0
1481,38,48,94.43,53.95,77.07,46.82,257,0.5,0,10,O,A,Normal,1
1482,34,65,84.17,71.75,48.84,58.92,786,12.51,0,31,B,B,Critical,1
1483,53,47,67.65,99.66,25.62,86.0,418,13.263,0,6,A,B,Urgent,0
1484,49,18,55.01,97.15,4.9,58.94,190,8.916,1,31,O,O,Normal,0
1485,38,49,84.15,56.8,69.2,93.68,521,8.582,1,11,AB,A,Critical,0
1486,35,60,84.84,94.0,95.66,60.67,503,16.086,,25,A,O,Urgent,0
1487,57,22,85.26,40.14,23.8,66.17,876,21.121,0,35,B,O,Critical,0
1488,40,28,27.71,88.26,69.03,88.6,136,14.401,0,12,A,O,Urgent,0
1489,30,22,46.31,97.33,15.02,86.97,,10.911,0,8,A,B,Critical,0
1490,58,69,85.3,28.53,0.64,96.22,917,14.308,3,11,O,AB,Urgent,1
1491,60,53,80.54,74.75,5.82,73.36,963,9.264,0,7,A,AB,Normal,0
1492,64,29,66.0,76.89,11.39,89.78,221,9.062,2,35,O,B,Urgent,0
1493,39,50,32.2,94.55,21.21,75.71,107,13.802,0,11,A,O,Routine,0
1494,69,58,83.13,22.78,34.01,72.76,541,11.915,1,11,O,O,Routine,1
1495,19,65,26.37,37.89,85.93,67.76,584,9.236,2,46,B,A,Routine,0
1496,53,73,48.02,34.78,3.61,56.08,249,16.771,1,20,A,A,Critical,1
1497,22,48,49.77,34.57,85.07,49.15,489,3.453,0,26,O,A,Routine,0
1498,29,68,57.12,45.81,99.13,62.37,805,5.856,5,39,B,O,Normal,0
1499,45,61,51.06,,3.25,67.33,885,13.925,0,16,B,O,Urgent,0
1500,60,69,52.28,96.98,21.54,50.18,275,11.042,0,9,O,A,Normal,0
1501,43,54,46.32,80.48,70.5,52.0,725,14.717,5,11,O,A,Normal,0
1502,53,38,63.34,9.7,61.73,88.08,271,7.591,2,15,O,A,Urgent,1
1503,34,56,39.65,61.0,59.15,93.04,729,6.131,0,22,A,B,Normal,0
1504,25,22,92.11,33.05,25.33,93.07,418,9.423,1,3,AB,A,Urgent,0
1505,46,22,55.86,91.75,39.39,69.91,769,3.951,1,24,A,B,Urgent,0
1506,19,67,37.45,6.92,55.65,59.11,181,7.831,0,48,O,AB,Normal,0
1507,18,62,74.22,51.97,66.59,67.83,787,15.633,2,44,O,B,Urgent,0
1508,53,67,70.93,14.38,37.61,60.68,292,5.322,0,14,B,AB,Urgent,1
1509,65,48,87.42,94.49,83.09,85.92,281,9.223,0,17,B,O,Normal,0
1510,45,40,94.8,2.35,44.56,82.03,135,7.337,1,5,A,A,Normal,1
1511,30,55,62.41,89.53,8.97,63.25,563,12.758,0,25,O,O,Normal,0
1512,56,73,84.34,30.72,85.51,82.45,735,16.511,0,17,B,O,Critical,0
1513,68,54,33.73,63.42,71.68,94.45,640,6.844,1,14,O,O,Normal,0
1514,24,19,60.65,98.69,41.56,47.18,27,14.731,0,5,O,O,Urgent,0
1515,24,42,96.47,88.26,13.52,77.09,171,7.575,0,18,B,A,Urgent,0
1516,48,29,43.19,39.81,44.29,81.57,616,15.326,1,19,O,B,Routine,0
1517,55,71,78.56,75.83,18.75,68.34,570,14.607,2,16,A,O,Urgent,0
1518,56,38,90.0,47.0,49.46,98.02,268,11.624,0,18,O,O,Routine,0
1519,24,46,69.12,70.15,60.1,91.63,286,12.58,2,22,B,A,Normal,0
1520,44,23,74.83,58.3,41.16,85.36,988,8.474,0,21,B,O,Normal,0
1521,67,43,84.97,63.73,38.75,66.71,363,8.454,0,24,B,B,Urgent,0
1522,19,51,27.99,0.8,75.08,97.32,324,14.719,0,32,A,O,Urgent,0
1523,53,55,63.97,15.27,7.19,78.95,948,9.004,3,2,O,B,Normal,1
1524,24,63,97.12,87.35,35.54,76.07,393,9.08,0,39,AB,A,Normal,0
1525,19,47,93.42,68.24,30.06,93.99,602,14.834,2,28,O,O,Routine,1
1526,57,38,53.28,89.28,17.81,83.73,237,10.049,1,19,A,A,Urgent,0
1527,41,21,26.59,26.97,86.93,67.21,710,12.612,2,20,O,O,Critical,1
1528,68,73,51.94,9.33,82.09,75.11,49,9.352,0,5,B,B,Normal,1
1529,20,23,34.82,16.88,55.12,66.88,863,5.908,4,3,A,A,Routine,0
1530,22,18,72.82,79.78,54.93,53.33,342,13.544,4,4,O,A,Critical,0
1531,46,43,35.21,64.95,48.2,56.2,685,6.225,0,3,A,O,Urgent,1
1532,36,44,40.31,20.37,17.16,64.28,506,9.1,0,8,A,O,Routine,0
1533,48,57,87.32,50.91,74.65,78.25,43,8.793,0,9,B,AB,Critical,1
1534,36,45,41.82,18.97,86.34,64.28,206,8.256,1,9,B,A,Routine,0
1535,33,69,87.34,88.21,63.5,60.49,524,14.525,0,36,O,B,Normal,1
1536,44,43,36.65,75.14,53.46,55.87,147,15.488,,1,B,AB,Routine,0
1537,34,29,89.27,17.73,20.27,93.87,902,18.233,2,5,O,A,Critical,1
1538,27,32,84.04,66.65,17.85,92.34,27,3.163,0,5,A,A,Normal,1
1539,67,73,33.21,45.82,22.48,54.6,396,16.232,2,6,A,O,Urgent,0
1540,48,48,95.36,24.79,11.91,92.75,334,22.843,0,0,B,B,Normal,1
1541,63,47,97.69,91.55,44.42,96.94,947,8.602,0,16,A,A,Urgent,1
1542,18,44,77.76,77.67,28.49,99.69,413,8.716,0,26,AB,B,Normal,0
1543,65,21,55.01,70.83,18.44,84.51,114,13.711,5,44,O,O,Urgent,0
1544,59,60,93.11,56.71,48.63,64.86,161,17.667,2,1,O,O,Urgent,0
1545,63,19,79.74,95.13,26.48,80.94,937,1.151,5,44,O,A,Normal,1
1546,59,34,32.56,99.86,6.05,96.21,695,15.744,6,,O,B,Normal,0
1547,19,46,48.25,56.78,21.53,63.62,544,9.746,0,27,O,O,Normal,1
1548,34,46,67.49,49.51,41.69,50.39,244,12.36,0,12,O,A,Critical,0
1549,42,52,48.5,32.23,29.27,70.44,172,10.606,0,,O,O,Normal,1
1550,62,47,51.47,39.76,7.2,46.72,181,16.696,1,15,A,O,Urgent,0
1551,65,32,39.63,63.69,62.0,63.14,375,6.657,2,33,A,A,Urgent,0
1552,23,42,82.23,28.14,58.49,84.47,601,6.826,0,19,B,A,Routine,0
1553,67,33,47.95,45.59,13.04,50.31,231,20.371,2,34,O,B,Critical,0
1554,66,59,30.51,53.91,49.8,64.34,482,10.624,1,7,B,B,Routine,0
1555,33,38,89.38,63.86,99.75,71.86,552,15.755,4,5,B,B,Urgent,1
1556,69,50,41.22,10.43,94.76,91.95,502,8.211,0,19,O,A,Critical,0
1557,56,40,45.68,8.05,78.91,72.55,169,14.333,0,16,A,O,Critical,0
1558,30,29,27.79,25.57,47.18,60.78,130,14.106,2,1,AB,O,Normal,0
1559,55,56,76.0,10.65,89.54,90.45,513,12.379,2,1,O,A,Urgent,1
1560,32,53,99.78,21.87,48.29,58.23,268,8.415,3,21,B,O,Urgent,0
1561,56,49,95.85,26.93,47.66,81.46,487,8.661,0,7,B,B,Normal,1
1562,60,65,45.2,0.42,18.8,61.92,336,4.481,1,5,B,B,Critical,1
1563,28,34,57.31,42.03,29.75,61.58,697,8.725,0,6,B,O,Urgent,0
1564,65,55,32.02,79.61,88.05,75.51,950,9.953,1,10,A,A,Normal,0
1565,54,53,70.26,62.48,84.95,82.75,807,16.316,1,1,O,A,Urgent,1
1566,28,44,55.81,78.43,19.9,89.61,13,11.964,1,16,B,O,Urgent,0
1567,68,43,28.67,48.18,45.28,89.86,212,14.85,2,25,O,A,Normal,0
1568,34,33,52.1,40.69,5.07,91.86,638,13.087,1,1,O,B,Normal,0
1569,23,23,58.19,80.24,91.33,72.35,757,16.149,0,0,O,A,Normal,0
1570,27,42,26.03,81.19,65.82,96.27,998,5.98,1,15,O,O,Normal,1
1571,69,38,54.81,9.19,29.47,83.75,946,18.029,0,31,O,O,Urgent,1
1572,32,64,76.85,7.72,45.26,71.44,956,9.317,3,32,O,A,Normal,1
1573,19,48,84.28,40.62,9.77,45.63,690,7.562,0,29,A,O,Normal,0
1574,19,65,76.81,64.02,26.43,45.66,263,11.574,1,46,B,B,Routine,0
1575,31,38,46.31,41.66,82.49,92.29,592,2.891,0,7,O,O,Urgent,1
1576,57,28,92.96,13.23,89.32,55.16,191,16.878,0,29,A,O,Critical,0
1577,68,19,62.52,32.87,96.1,57.42,66,8.944,2,49,O,A,Urgent,0
1578,42,23,,91.9,32.79,69.51,634,7.659,0,19,B,B,Critical,1
1579,35,31,52.31,76.14,84.88,56.89,951,19.983,2,4,O,O,Normal,0
1580,66,48,94.2,77.9,56.16,88.63,17,2.649,1,18,A,A,Normal,1
1581,56,59,56.36,78.78,84.63,71.39,992,2.542,1,3,O,O,Urgent,0
1582,18,29,98.77,74.47,34.75,91.74,915,6.227,3,11,B,B,Critical,1
1583,19,46,49.12,13.23,60.1,49.57,436,9.572,2,27,A,A,Urgent,0
1584,67,75,85.46,45.22,94.27,67.85,193,14.965,1,8,O,B,Routine,0
1585,20,48,70.83,51.49,29.5,88.33,996,9.489,4,28,O,B,Routine,1
1586,29,28,88.49,68.44,60.32,59.47,55,10.634,1,1,B,B,Urgent,1
1587,39,61,32.38,38.92,62.17,98.47,1,10.308,8,22,AB,O,Normal,0
1588,42,74,98.56,76.12,15.98,86.81,380,14.289,5,32,O,O,Critical,1
1589,46,55,39.28,23.63,77.78,59.33,959,17.901,0,9,A,O,Urgent,0
1590,46,50,76.09,42.33,91.4,82.49,1000,8.423,2,4,O,O,Critical,1
1591,62,22,40.58,59.25,83.48,89.64,141,10.453,0,40,O,AB,Critical,0
1592,53,66,44.28,45.45,25.67,60.49,193,7.363,2,13,O,B,Urgent,1
1593,46,38,45.65,37.7,65.2,59.08,803,10.772,0,8,O,B,Urgent,0
1594,22,31,78.34,96.76,6.71,93.11,178,5.665,0,9,B,O,Urgent,0
1595,18,67,26.57,99.44,84.4,48.11,784,10.515,0,49,B,AB,Normal,0
1596,25,58,44.01,29.15,52.85,72.8,126,16.885,0,33,B,A,Urgent,0
1597,49,44,82.15,49.88,2.14,68.67,136,9.838,7,5,O,A,Routine,0
1598,32,72,33.28,35.09,44.41,83.34,77,13.724,2,40,B,O,Critical,0
1599,50,63,72.22,57.95,52.24,48.55,260,14.488,3,13,O,B,Normal,0
1600,42,71,63.15,80.06,87.25,78.3,241,8.271,1,29,O,A,Routine,1
1601,21,27,59.51,75.27,28.36,63.96,25,9.104,3,6,O,O,Normal,0
1602,26,65,95.7,16.84,84.36,48.02,137,7.186,2,39,A,B,Normal,0
1603,21,,71.13,2.36,71.09,98.26,454,10.756,1,2,O,O,Critical,1
1604,31,62,62.58,2.71,96.26,56.69,429,9.175,1,31,A,A,Urgent,0
1605,41,39,40.47,98.81,11.89,94.57,583,7.388,,2,O,B,Routine,0
1606,55,50,61.04,11.35,42.73,94.2,112,15.723,0,5,A,O,Urgent,0
1607,48,29,87.34,26.1,71.28,64.53,110,8.271,2,19,A,A,Normal,1
1608,66,49,53.69,29.42,89.7,66.28,98,8.984,1,17,A,O,Critical,0
1609,34,42,88.56,84.74,73.64,94.15,455,1.879,2,8,O,B,Urgent,1
1610,23,65,53.87,44.17,31.26,61.73,214,14.137,1,42,O,A,Normal,0
1611,55,68,68.5,94.11,82.22,55.46,64,10.21,2,13,O,A,Routine,0
1612,40,68,29.9,26.05,77.9,77.99,203,13.973,5,28,B,O,Urgent,0
1613,36,75,34.1,61.87,68.54,70.4,522,11.166,2,39,O,O,Normal,0
1614,29,29,96.34,28.85,76.97,49.04,403,10.626,2,0,A,B,Critical,0
1615,44,19,88.59,80.85,65.26,75.32,508,9.263,1,25,O,B,Critical,1
1616,20,72,59.16,40.57,56.7,92.41,153,14.459,2,52,B,A,Normal,0
1617,32,26,95.03,28.76,18.31,89.29,43,12.315,3,6,AB,O,Normal,0
1618,55,45,65.71,32.44,99.51,75.82,925,13.03,1,10,O,A,Urgent,0
1619,23,65,57.0,76.7,29.53,52.59,893,20.03,3,42,O,AB,Urgent,0
1620,50,59,87.05,64.18,,56.33,727,6.739,8,9,A,B,Normal,0
1621,58,46,79.92,68.48,25.65,50.54,181,10.876,2,12,A,O,Normal,0
1622,61,71,94.68,86.7,45.04,87.81,194,8.674,0,10,B,O,Urgent,0
1623,39,24,87.07,37.91,71.63,71.22,217,14.449,1,15,O,O,Urgent,1
1624,21,38,40.98,80.06,99.79,56.71,445,8.444,0,17,O,O,Urgent,0
1625,37,59,87.08,82.82,66.9,85.73,141,21.721,1,22,A,A,Urgent,0
1626,56,64,53.18,15.61,50.61,65.33,306,7.954,0,8,A,O,Urgent,0
1627,40,74,41.76,91.75,74.13,69.95,298,5.831,2,34,O,B,Urgent,0
1628,49,70,48.61,98.75,5.95,53.23,300,5.109,1,21,B,O,Routine,0
1629,35,43,49.64,30.97,92.76,70.23,325,6.147,2,8,O,O,Routine,0
1630,65,72,36.66,32.62,13.8,55.07,385,10.877,0,7,O,B,Critical,1
1631,31,23,80.52,95.34,22.58,78.96,514,11.36,1,8,O,A,Urgent,1
1632,63,58,72.85,52.56,24.61,88.14,808,12.928,0,5,O,B,Urgent,1
1633,36,31,43.81,43.12,58.07,71.05,250,1.54,0,5,B,O,Urgent,0
1634,50,62,46.37,10.14,36.87,91.38,,14.173,0,12,A,O,Urgent,0
1635,59,29,68.34,5.73,40.83,89.82,670,11.119,0,30,B,O,Normal,0
1636,20,68,92.33,29.66,89.14,49.56,627,14.565,0,48,O,A,Urgent,0
1637,57,77,25.21,90.29,73.47,90.25,203,6.126,1,20,B,O,Critical,0
1638,53,75,38.22,36.03,13.88,84.32,554,10.511,0,22,A,A,Critical,1
1639,43,21,39.43,68.94,4.72,49.9,391,8.114,0,22,O,A,Urgent,0
1640,,20,32.52,29.92,28.54,75.99,37,15.65,1,26,A,O,Urgent,0
1641,25,70,41.99,36.6,80.39,80.93,134,15.22,0,45,B,A,Urgent,0
1642,44,24,55.5,72.23,43.09,76.66,144,13.953,0,20,O,B,Routine,0
1643,65,35,76.55,54.68,11.52,69.78,94,13.547,0,30,O,O,Urgent,0
1644,22,55,57.83,0.1,32.9,53.52,688,13.019,0,33,O,O,Urgent,1
1645,26,21,49.59,51.6,35.66,49.83,528,5.216,7,5,A,O,Normal,0
1646,60,69,37.7,34.37,93.15,87.97,314,13.836,3,9,O,O,Urgent,0
1647,43,29,84.24,19.14,80.82,54.93,645,12.951,0,14,B,O,Normal,0
1648,32,24,61.28,33.94,68.8,60.25,236,15.003,2,8,O,B,Normal,0
1649,23,50,99.18,97.11,12.86,47.75,706,7.986,0,27,O,A,Urgent,1
1650,39,55,82.15,34.47,62.63,58.82,936,13.95,0,16,B,O,Urgent,0
1651,68,59,32.38,36.78,57.43,83.48,133,11.217,5,9,O,A,Urgent,0
1652,26,46,84.19,76.82,79.23,84.37,,5.522,2,20,B,O,Normal,0
1653,55,26,58.19,30.22,74.6,47.67,952,1.975,0,29,A,A,Normal,1
1654,44,64,84.56,13.24,77.74,76.46,546,6.425,0,20,O,A,Urgent,1
1655,36,68,84.85,68.37,90.74,71.66,23,9.444,3,32,B,B,Urgent,0
1656,31,64,54.99,82.87,25.01,51.34,792,12.841,0,33,B,O,Routine,0
1657,39,73,59.18,75.37,5.53,83.39,835,6.39,1,34,O,B,Urgent,0
1658,48,64,31.32,20.5,95.65,68.14,273,7.643,0,16,O,O,Normal,0
1659,28,35,87.96,78.44,62.52,65.78,82,11.051,1,7,O,O,Urgent,0
1660,48,46,38.07,60.18,32.49,69.2,9,12.078,2,2,O,O,Normal,1
1661,33,67,83.26,25.62,6.89,90.59,808,13.723,1,34,B,A,Critical,0
1662,58,43,75.63,92.25,18.09,97.79,763,7.425,0,15,A,O,Urgent,0
1663,67,72,95.27,53.73,96.92,58.91,436,11.714,5,5,A,A,Normal,1
1664,23,71,92.81,24.48,75.5,50.16,746,10.518,0,48,O,A,Urgent,1
1665,62,75,43.42,23.8,66.18,56.49,720,14.644,4,13,O,B,Critical,0
1666,57,69,53.29,89.75,41.47,54.42,897,8.264,0,12,O,O,Urgent,1
1667,44,27,98.19,27.01,44.12,52.16,696,9.28,1,17,B,O,Normal,1
1668,26,63,96.05,19.93,17.54,59.88,380,9.172,0,37,A,A,Critical,1
1669,22,36,40.25,33.1,63.13,50.72,609,15.017,1,14,O,B,Normal,0
1670,52,71,98.56,59.62,2.24,63.3,754,7.111,2,19,A,B,Critical,0
1671,38,20,36.75,70.81,49.16,95.58,356,9.634,0,18,O,B,Normal,0
1672,43,61,70.06,66.05,60.47,65.84,746,11.206,0,18,B,O,Normal,0
1673,61,31,84.09,46.02,2.07,81.24,563,8.319,1,30,O,A,Normal,1
1674,66,67,51.01,97.94,40.15,85.92,618,,2,1,A,O,Critical,0
1675,20,53,,43.35,30.05,60.53,761,3.863,6,33,AB,O,Normal,0
1676,58,77,54.29,72.02,16.51,67.92,271,12.725,5,19,O,O,Urgent,0
1677,54,38,95.5,78.91,11.58,80.37,261,5.223,2,16,O,B,Normal,1
1678,57,57,52.1,46.12,77.05,63.62,341,15.042,7,0,O,AB,Normal,0
1679,52,63,29.27,57.16,5.96,53.56,998,16.383,1,11,B,O,Normal,0
1680,59,42,52.0,0.65,29.68,61.88,315,1.459,3,17,O,B,Normal,1
1681,25,45,74.4,39.96,14.18,66.47,45,14.776,0,20,B,O,Urgent,0
1682,19,52,59.34,33.15,48.69,76.44,462,7.521,3,33,O,B,Critical,0
1683,45,29,33.19,80.6,42.78,48.25,565,8.772,1,16,A,O,Urgent,0
1684,60,42,71.53,87.98,43.22,81.31,415,11.617,0,18,O,B,Normal,0
1685,22,44,94.49,84.13,41.91,76.99,416,24.417,0,22,O,O,Urgent,0
1686,24,52,79.95,28.15,3.46,89.48,171,6.329,0,28,O,O,Critical,1
1687,18,63,89.27,23.34,10.61,75.95,219,18.47,0,45,A,A,Urgent,0
1688,66,18,42.38,53.48,82.22,70.79,349,6.071,1,48,A,B,Urgent,0
1689,32,66,66.27,85.1,49.87,95.62,364,9.132,2,34,A,AB,Normal,0
1690,24,29,46.48,44.7,68.54,87.84,266,2.939,1,5,B,B,Normal,0
1691,40,49,99.1,19.09,41.45,64.37,250,12.027,2,9,O,A,Normal,1
1692,57,77,92.26,70.52,12.89,69.52,34,0.5,0,20,B,O,Urgent,0
1693,66,41,46.36,4.49,18.65,62.99,298,14.539,1,25,B,B,Normal,0
1694,60,74,47.5,83.03,89.92,45.35,89,14.166,3,14,B,O,Urgent,0
1695,69,44,47.25,99.09,70.29,71.53,96,14.805,0,25,A,A,Urgent,0
1696,45,72,65.42,7.54,94.06,89.65,428,9.042,3,27,A,B,Urgent,0
1697,51,46,70.62,98.46,42.52,96.55,425,8.299,0,5,A,B,Normal,0
1698,48,75,62.23,63.78,71.9,92.52,782,9.983,1,27,O,O,Normal,0
1699,19,66,94.34,97.54,7.64,68.82,218,8.028,2,47,O,O,Urgent,0
1700,27,19,78.84,58.9,68.97,76.75,418,7.713,1,8,A,B,Urgent,0
1701,45,41,56.72,1.61,1.04,48.09,955,8.703,1,4,B,A,Routine,1
1702,26,37,45.22,97.11,67.11,73.37,911,13.181,,11,O,A,Normal,0
1703,56,37,94.19,80.58,86.53,75.47,34,9.321,0,19,O,O,Urgent,1
1704,47,33,78.92,74.44,10.22,50.99,991,8.486,4,14,A,O,Normal,0
1705,34,53,80.89,55.76,29.76,86.6,942,13.306,0,19,AB,A,Routine,1
1706,20,41,53.59,45.44,70.74,88.85,405,10.06,0,21,O,O,Normal,1
1707,46,67,79.82,94.46,10.03,82.63,52,11.017,0,21,O,B,Urgent,1
1708,68,19,79.51,73.04,30.42,49.72,75,6.45,3,49,B,A,Normal,0
1709,42,56,91.76,33.83,87.92,59.74,907,5.851,0,14,A,A,Critical,1
1710,19,39,,16.96,1.87,59.21,523,7.768,0,20,O,O,Normal,1
1711,25,70,84.12,74.11,44.74,88.28,566,7.487,0,,A,O,Routine,0
1712,46,43,93.54,26.87,5.72,61.49,817,5.775,0,3,B,B,Urgent,1
1713,26,64,61.84,36.64,88.21,73.19,906,15.19,6,38,B,O,Normal,0
1714,35,40,83.78,66.71,21.41,65.2,419,19.034,2,5,O,O,Normal,0
1715,26,45,77.67,82.79,50.04,79.94,442,4.521,5,19,B,O,Urgent,0
1716,21,23,59.66,5.85,37.48,60.09,443,5.048,1,2,O,B,Normal,0
1717,23,59,86.03,56.26,38.82,72.5,954,11.444,1,36,A,A,Urgent,1
1718,44,26,61.15,75.44,20.16,60.61,953,4.164,1,18,B,A,Critical,0
1719,30,54,67.27,37.01,30.61,52.02,342,12.889,1,24,B,B,Urgent,1
1720,23,23,50.63,37.46,92.4,51.52,410,7.64,0,0,A,A,Normal,0
1721,42,52,99.76,9.34,22.68,91.83,35,14.519,0,10,A,O,Urgent,0
1722,58,44,48.32,82.68,66.43,95.82,915,6.03,0,14,B,AB,Critical,0
1723,21,56,84.5,91.2,13.26,68.75,608,1.873,4,35,O,A,Normal,0
1724,30,40,29.45,,10.24,83.84,949,9.496,1,10,O,B,Normal,0
1725,59,46,74.67,95.96,3.41,45.66,561,9.493,2,13,A,O,Normal,0
1726,41,29,43.9,56.0,12.68,65.41,63,17.259,0,12,O,B,Critical,0
1727,31,22,50.94,45.85,39.85,56.73,733,14.783,2,9,B,B,Critical,0
1728,19,50,78.98,33.25,20.04,50.43,63,10.015,0,31,O,B,Critical,0
1729,42,44,29.4,2.69,82.83,81.82,670,13.865,0,2,A,A,Normal,1
1730,52,25,36.97,53.35,49.25,75.8,325,15.529,2,27,O,A,Normal,0
1731,28,61,60.73,43.81,99.88,74.63,430,10.966,0,33,O,A,Normal,0
1732,44,34,72.94,86.89,48.08,81.72,358,16.986,8,10,O,A,Urgent,0
1733,45,61,85.26,69.87,81.84,65.85,563,13.025,0,16,A,A,Urgent,1
1734,62,34,38.58,90.58,30.35,92.02,1000,7.098,1,28,B,A,Critical,0
1735,61,30,74.56,92.2,57.89,75.47,739,9.954,3,31,AB,B,Normal,0
1736,25,68,83.68,2.72,47.34,82.47,967,12.771,1,43,B,O,Normal,0
1737,60,18,74.39,10.02,48.56,75.8,457,9.26,0,42,O,A,Critical,1
1738,41,30,71.98,30.58,73.31,65.19,322,15.4,0,11,O,B,Critical,0
1739,54,34,33.18,85.23,96.84,51.81,370,12.936,3,20,B,O,Urgent,0
1740,37,72,89.87,87.95,37.51,94.95,290,11.216,0,35,O,B,Normal,1
1741,59,72,37.84,98.7,60.39,62.53,544,18.432,0,13,O,B,Routine,0
1742,67,69,33.84,71.26,2.61,79.07,661,6.664,1,2,O,O,Urgent,1
1743,19,22,85.57,21.15,87.71,83.77,730,13.644,0,3,O,A,Urgent,1
1744,21,39,34.65,35.43,18.09,52.89,322,6.212,2,18,B,B,Critical,1
1745,64,37,59.01,91.25,57.93,95.95,880,3.805,0,27,B,O,Urgent,0
1746,46,71,78.41,44.65,41.26,45.21,918,8.627,3,25,O,B,Urgent,1
1747,62,64,97.97,42.63,35.46,72.31,487,8.481,1,2,O,B,Critical,1
1748,54,54,53.9,18.43,73.91,74.59,168,8.888,1,0,O,O,Normal,1
1749,43,47,65.45,36.9,78.18,83.12,917,15.954,0,4,B,A,Normal,0
1750,24,36,75.58,59.91,19.21,52.56,560,11.3,0,12,A,A,Urgent,1
1751,21,71,32.31,84.23,78.96,92.03,536,20.607,0,50,B,A,Routine,0
1752,42,65,57.84,68.39,24.64,54.47,664,11.765,1,23,O,O,Urgent,1
1753,63,47,67.38,65.29,28.55,79.78,290,9.398,0,16,A,A,Normal,1
1754,19,47,62.56,51.05,17.31,97.51,554,17.687,4,28,O,A,Normal,0
1755,66,42,40.02,6.17,59.83,49.9,4,9.731,1,24,B,B,Urgent,1
1756,69,73,67.55,95.01,30.7,84.41,586,4.61,2,4,B,A,Routine,0
1757,65,39,57.57,90.2,45.58,50.31,678,7.921,0,26,A,B,Normal,0
1758,68,41,33.46,7.31,43.39,73.3,113,6.613,0,27,AB,O,Routine,0
1759,26,42,52.21,25.85,54.16,65.12,652,5.319,2,16,A,A,Normal,1
1760,24,40,81.41,22.95,82.56,48.64,324,14.011,1,16,O,AB,Urgent,0
1761,49,26,83.55,65.42,64.97,97.4,58,11.304,7,23,A,A,Routine,0
1762,28,28,90.21,4.98,82.29,55.14,950,8.259,4,0,B,B,Normal,1
1763,57,70,72.31,78.36,12.85,54.5,389,9.767,0,13,O,B,Urgent,0
1764,44,75,90.54,44.76,32.49,79.36,982,11.694,2,31,AB,O,Critical,0
1765,63,42,96.99,15.4,0.63,74.79,551,14.771,3,21,O,B,Critical,1
1766,66,55,92.07,59.37,50.23,70.86,401,9.61,3,11,O,B,Normal,0
1767,27,66,99.06,83.84,57.99,65.96,360,10.636,2,39,B,O,Normal,0
1768,38,53,80.66,29.8,44.84,82.66,724,9.809,0,15,O,B,Normal,1
1769,49,20,38.56,63.43,0.55,90.3,637,16.347,0,29,O,O,Urgent,0
1770,60,28,29.88,81.42,72.36,57.63,177,15.541,1,32,A,B,Normal,0
1771,23,30,44.42,83.05,23.17,56.37,865,12.159,0,7,B,O,Normal,0
1772,24,36,70.82,70.07,84.45,67.04,400,9.537,3,12,A,AB,Urgent,0
1773,65,49,66.81,,13.22,66.29,644,12.301,5,16,B,AB,Normal,0
1774,59,26,93.19,23.48,55.91,65.43,870,7.84,2,33,A,O,Urgent,0
1775,65,66,33.97,64.52,3.39,98.13,874,7.302,0,1,O,O,Normal,1
1776,61,43,80.56,74.75,32.3,71.51,555,21.218,4,18,A,O,Normal,0
1777,49,59,83.33,62.26,1.53,89.7,617,9.681,0,10,B,O,Normal,1
1778,52,58,46.83,95.79,79.51,99.5,194,5.896,1,6,B,O,Routine,0
1779,68,74,70.11,32.47,83.68,61.21,362,14.729,0,6,O,O,Urgent,0
1780,64,76,94.29,80.05,12.18,49.27,464,13.484,1,12,B,AB,Routine,0
1781,31,64,93.81,35.6,35.18,78.33,623,15.002,0,33,B,AB,Urgent,1
1782,29,35,90.68,98.19,1.11,91.9,114,10.983,0,6,B,O,Normal,0
1783,20,47,57.89,43.09,38.88,93.72,695,5.162,8,27,A,O,Normal,0
1784,32,59,51.3,12.01,78.44,97.87,325,9.513,0,27,O,B,Normal,0
1785,64,56,32.62,89.46,17.83,89.11,127,8.226,1,8,O,B,Routine,0
1786,18,67,70.58,24.09,55.3,66.05,574,10.831,2,49,A,O,Urgent,0
1787,56,26,79.01,29.38,68.02,88.25,890,5.993,0,30,O,B,Normal,1
1788,47,47,79.95,45.12,86.33,69.2,403,11.967,1,0,A,B,Critical,1
1789,19,55,52.95,68.26,33.55,56.8,48,11.897,3,36,A,O,Normal,0
1790,63,24,89.88,32.9,80.29,48.68,889,11.22,1,39,A,A,Urgent,0
1791,22,43,56.1,50.81,0.06,97.38,850,6.364,2,21,AB,O,Urgent,0
1792,65,49,70.55,87.47,47.93,66.57,25,15.299,0,16,O,O,Critical,0
1793,39,61,42.91,64.58,74.34,51.23,656,11.887,0,22,O,A,Critical,0
1794,57,66,76.62,50.01,17.41,96.52,924,7.403,4,9,O,B,Normal,1
1795,53,58,52.56,20.98,16.2,61.86,503,8.47,0,5,O,A,Urgent,1
1796,60,58,26.23,71.01,78.08,81.87,223,8.535,0,2,A,O,Normal,0
1797,68,36,52.21,57.19,77.32,65.59,799,9.927,3,32,O,O,Urgent,0
1798,30,69,97.92,14.47,34.64,67.09,828,17.646,2,39,O,AB,Normal,1
1799,48,39,28.82,46.33,35.19,88.6,765,12.22,0,9,A,O,Critical,0
1800,53,74,91.43,56.18,35.84,80.62,652,12.974,0,21,A,A,Urgent,1
1801,63,59,98.55,99.37,59.02,65.84,997,9.821,0,4,A,A,Critical,1
1802,37,46,78.73,13.82,46.75,78.56,273,10.723,6,9,O,O,Urgent,1
1803,41,18,75.06,29.95,99.97,52.25,620,22.621,0,23,O,B,Normal,0
1804,62,46,57.09,52.22,72.84,95.89,612,8.115,2,16,AB,AB,Urgent,1
1805,30,45,86.07,47.61,46.6,60.53,425,7.628,0,15,B,A,Urgent,0
1806,39,35,75.65,73.07,18.06,95.0,721,11.186,4,4,B,AB,Normal,1
1807,48,47,74.6,25.53,7.21,69.28,622,14.078,0,1,O,O,Normal,1
1808,34,20,63.52,47.02,8.43,51.1,999,9.847,1,14,O,A,Urgent,0
1809,68,22,38.72,92.52,23.47,51.11,664,5.426,0,46,A,O,Urgent,0
1810,66,52,99.18,84.55,97.36,78.77,117,12.232,5,14,B,O,Normal,0
1811,47,39,41.52,32.99,86.49,94.37,323,12.436,0,8,A,A,Normal,0
1812,69,39,31.72,96.57,98.41,76.58,733,8.633,2,30,O,B,Routine,0
1813,32,75,53.34,48.12,27.86,45.94,951,15.036,0,43,O,O,Urgent,0
1814,29,29,76.04,68.38,51.22,73.94,929,12.652,1,0,B,O,Critical,0
1815,45,29,79.89,65.01,72.19,57.04,82,17.38,4,16,A,O,Normal,0
1816,59,63,48.08,46.64,0.55,74.97,810,8.807,3,4,B,A,Urgent,0
1817,46,31,88.5,31.42,85.15,48.06,844,16.033,1,15,A,B,Normal,1
1818,43,25,70.95,50.28,60.91,53.53,168,20.853,5,18,A,O,Urgent,0
1819,18,43,79.04,42.65,26.7,47.88,746,15.816,1,25,O,A,Normal,0
1820,33,64,47.52,81.65,85.58,48.05,382,12.266,2,31,AB,O,Normal,0
1821,54,63,30.8,56.1,83.84,68.99,719,7.524,0,9,O,O,Urgent,0
1822,21,60,72.89,44.59,81.6,53.41,824,11.751,0,39,A,O,Normal,0
1823,24,53,59.49,76.17,59.88,71.19,867,7.922,1,29,B,B,Critical,1
1824,33,41,73.08,66.96,7.32,64.9,214,13.268,0,8,B,B,Urgent,1
1825,59,42,52.69,30.64,1.79,77.29,448,6.341,0,17,A,O,Critical,0
1826,51,68,52.49,17.45,77.28,61.4,661,15.131,2,17,A,B,Normal,0
1827,40,21,61.29,39.7,0.24,62.64,45,8.999,0,19,O,A,Urgent,0
1828,53,43,94.99,32.4,77.97,74.39,212,17.643,3,10,O,O,Critical,0
1829,64,63,90.1,36.01,80.9,95.07,535,6.433,2,1,B,B,Normal,1
1830,40,55,82.38,14.71,88.3,45.16,156,19.836,0,15,B,A,Normal,0
1831,68,43,76.12,40.13,38.91,76.4,813,19.422,8,25,AB,B,Urgent,0
1832,39,74,60.54,45.81,67.82,74.95,739,9.504,2,35,AB,A,Urgent,0
1833,58,67,59.4,53.79,2.84,89.19,839,8.799,1,9,A,A,Routine,0
1834,18,42,32.64,8.14,21.34,50.92,548,6.212,0,24,A,O,Critical,0
1835,44,56,83.11,87.95,16.4,56.09,141,16.58,2,12,O,B,Normal,0
1836,47,39,74.43,10.44,99.59,74.86,241,11.1,0,8,O,O,Routine,0
1837,50,33,89.48,80.69,34.89,52.15,320,19.065,1,17,B,O,Urgent,1
1838,64,42,79.17,39.06,20.16,90.9,551,14.264,0,22,O,O,Routine,1
1839,37,74,83.97,69.55,16.76,48.25,291,9.703,0,37,A,A,Urgent,1
1840,46,62,52.2,,87.45,92.56,55,13.986,5,16,AB,O,Normal,0
1841,27,72,31.8,39.1,37.0,92.79,290,4.305,0,45,O,O,Normal,0
1842,28,53,45.24,8.39,96.62,51.13,159,14.918,3,25,B,A,Normal,0
1843,43,50,97.58,6.75,80.46,72.36,937,6.398,0,7,O,O,Critical,1
1844,37,22,94.0,5.89,50.4,52.14,164,5.666,0,15,O,AB,Normal,1
1845,35,69,51.99,48.51,43.77,55.46,412,6.444,3,34,O,O,Normal,0
1846,61,48,77.01,16.13,46.79,64.44,397,14.768,0,13,B,O,Urgent,0
1847,35,45,25.4,79.64,38.67,74.77,411,12.539,0,10,O,B,Normal,0
1848,27,23,64.11,37.11,88.08,71.27,911,13.762,1,4,B,B,Normal,1
1849,64,63,29.94,89.51,48.64,65.74,43,10.076,0,1,O,A,Normal,0
1850,28,56,25.71,86.82,2.45,81.66,759,7.554,0,28,O,A,Urgent,1
1851,37,74,64.8,4.55,59.05,98.14,737,11.925,1,37,O,A,Normal,0
1852,46,24,64.36,99.49,22.11,50.88,944,4.421,0,22,O,A,Routine,1
1853,32,54,94.24,38.45,10.46,98.03,278,8.999,1,22,O,O,Urgent,1
1854,30,63,55.94,70.88,79.42,61.34,832,16.785,0,33,O,O,Critical,0
1855,28,25,58.37,41.99,17.28,60.4,971,8.59,2,3,O,A,Urgent,1
1856,69,55,43.42,39.29,15.6,89.55,592,7.439,0,14,A,A,Urgent,1
1857,43,68,56.45,26.17,56.55,64.95,57,18.391,1,25,O,O,Routine,0
1858,50,39,72.75,92.02,86.56,46.31,694,10.898,1,11,A,B,Urgent,0
1859,21,52,71.55,97.92,75.03,63.91,684,14.505,0,31,B,B,Urgent,0
1860,21,38,50.24,65.24,85.48,90.28,478,8.574,0,17,O,O,Normal,1
1861,62,19,,21.27,42.55,97.14,566,23.27,0,43,B,A,Urgent,0
1862,62,33,41.35,46.7,62.46,93.43,175,18.19,0,29,B,B,Urgent,0
1863,54,32,58.52,46.68,14.96,86.09,540,12.376,5,22,A,O,Normal,0
1864,48,55,25.7,0.49,51.61,88.87,200,12.372,5,7,O,A,Normal,0
1865,25,52,44.25,8.07,53.17,57.86,329,8.556,0,27,AB,A,Normal,0
1866,55,39,98.15,19.55,9.15,54.7,303,10.106,1,16,O,O,Routine,1
1867,18,23,68.93,45.41,39.92,45.25,545,9.195,0,5,A,A,Urgent,1
1868,24,63,85.07,31.61,16.78,53.32,483,16.608,8,39,O,B,Critical,1
1869,29,70,40.41,67.12,23.51,49.47,326,14.336,1,41,B,A,Normal,0
1870,50,49,45.11,3.1,99.83,96.87,738,18.169,0,1,A,O,Urgent,0
1871,31,33,49.66,10.25,37.81,63.81,218,19.168,0,2,A,A,Critical,0
1872,29,37,70.85,77.8,25.95,51.19,774,18.321,2,8,B,A,Normal,0
1873,18,46,45.35,75.15,83.76,71.4,984,9.28,0,28,O,O,Critical,0
1874,28,49,83.34,43.42,91.97,63.57,399,13.233,1,21,B,O,Critical,0
1875,33,36,66.88,90.67,38.6,95.34,644,15.716,7,3,O,O,Urgent,0
1876,51,53,64.35,70.96,5.68,47.99,374,12.955,2,2,A,A,Urgent,0
1877,34,70,80.71,1.34,7.58,49.81,364,14.367,2,36,A,O,Normal,0
1878,65,20,27.83,35.03,68.49,94.71,701,13.307,1,45,O,O,Urgent,0
1879,63,22,31.56,97.75,22.96,46.42,521,13.708,0,41,O,B,Normal,0
1880,68,66,39.97,25.14,34.43,78.4,393,19.695,2,2,B,B,Normal,0
1881,43,51,65.28,66.75,47.13,63.67,111,19.452,8,8,O,O,Urgent,0
1882,68,23,76.05,25.88,99.44,68.3,428,9.201,2,45,O,A,Urgent,0
1883,50,34,37.98,31.13,28.4,49.12,359,7.718,0,16,B,B,Normal,1
1884,47,44,72.22,6.8,29.61,50.04,896,3.621,0,3,O,B,Urgent,1
1885,51,70,59.18,45.55,20.81,81.8,808,7.606,0,19,A,O,Normal,0
1886,37,55,82.29,44.66,20.64,52.73,97,9.985,0,18,A,O,Urgent,0
1887,34,72,79.87,83.76,34.71,60.36,39,15.955,0,38,O,O,Critical,0
1888,41,27,67.46,45.97,66.38,94.23,429,12.637,0,14,A,B,Urgent,0
1889,64,45,33.67,5.15,40.84,53.28,711,11.8,1,19,O,O,Urgent,1
1890,30,41,40.62,71.85,16.95,50.36,645,13.074,0,,O,B,Urgent,0
1891,20,,90.91,46.51,82.25,81.27,726,9.621,1,55,O,B,Urgent,0
1892,63,56,66.26,54.91,50.38,48.13,553,5.552,1,7,O,A,Normal,1
1893,19,52,64.8,15.49,19.77,47.05,406,10.482,0,33,B,A,Critical,1
1894,21,72,88.26,41.57,54.37,77.45,678,18.344,1,51,A,O,Routine,0
1895,33,75,90.44,14.31,71.47,64.81,640,20.631,0,42,O,O,Normal,1
1896,47,41,66.08,69.81,37.93,55.93,491,5.024,2,6,AB,O,Normal,0
1897,21,47,65.06,97.32,11.2,75.16,125,13.901,2,26,B,AB,Normal,0
1898,19,34,46.23,49.96,47.42,61.83,186,13.503,0,15,A,B,Normal,0
1899,51,58,88.19,94.41,5.63,82.02,929,8.558,1,7,B,O,Normal,0
1900,61,71,27.63,48.54,49.85,45.8,777,8.529,2,10,AB,O,Normal,0
1901,69,26,48.31,71.28,85.33,71.7,295,8.814,1,43,O,B,Critical,0
1902,66,68,76.79,38.51,79.12,97.29,706,10.892,4,2,O,O,Routine,0
1903,29,36,51.34,62.35,11.06,89.48,888,14.042,1,7,O,O,Urgent,1
1904,46,28,97.69,10.91,39.23,69.8,646,1.52,4,18,A,O,Normal,0
1905,24,63,90.31,1.75,61.48,50.46,829,7.223,0,39,B,B,Normal,1
1906,61,74,37.48,68.3,1.7,51.58,668,4.299,1,13,A,O,Normal,0
1907,22,39,41.99,0.08,15.55,91.96,561,11.924,0,17,AB,B,Urgent,0
1908,29,28,74.84,19.72,73.25,81.63,139,9.312,8,1,A,A,Normal,0
1909,19,63,54.75,80.34,11.77,60.31,558,6.692,0,44,A,O,Normal,0
1910,59,67,40.47,11.87,99.93,57.44,456,11.37,0,8,A,A,Routine,0
1911,60,58,44.83,8.74,59.24,70.29,436,18.127,2,2,O,A,Routine,0
1912,42,60,95.41,67.38,75.06,66.95,468,1.933,0,18,A,A,Routine,1
1913,30,21,45.55,37.21,82.43,57.8,257,14.807,3,9,O,O,Critical,0
1914,44,30,71.99,3.55,32.47,58.04,331,12.958,0,14,A,B,Urgent,1
1915,18,54,93.0,31.28,68.25,71.44,994,4.699,2,36,AB,O,Critical,0
1916,54,70,73.93,35.64,47.48,76.87,836,11.066,1,16,O,A,Urgent,1
1917,33,56,63.08,2.45,23.81,97.12,539,16.933,0,23,A,O,Critical,0
1918,55,30,28.46,56.11,44.97,58.22,279,12.875,1,25,A,B,Urgent,0
1919,40,56,91.79,82.67,61.54,83.98,428,13.035,0,16,B,B,Critical,1
1920,56,62,31.95,68.16,15.84,83.2,252,4.156,1,6,AB,AB,Normal,1
1921,23,61,53.73,78.95,10.79,62.3,37,11.268,0,38,O,A,Critical,0
1922,38,59,45.2,92.06,66.14,61.77,116,8.961,0,21,A,O,Normal,0
1923,19,77,89.47,14.31,81.47,71.78,242,8.139,2,58,B,A,Urgent,0
1924,68,45,54.18,28.6,55.9,48.3,491,13.951,0,23,O,O,Critical,0
1925,40,64,26.35,87.67,20.95,46.33,109,8.352,0,24,O,A,Routine,0
1926,39,73,61.08,98.35,48.73,87.98,577,15.267,0,34,O,A,Urgent,0
1927,47,33,40.73,88.2,97.45,86.53,586,1.185,1,14,B,A,Urgent,0
1928,33,64,77.98,67.71,88.75,69.17,654,12.378,0,31,AB,O,Critical,0
1929,57,41,84.93,11.05,84.31,56.87,659,11.352,3,16,AB,B,Normal,0
1930,25,32,65.14,40.51,7.4,67.57,58,2.305,0,7,B,AB,Normal,1
1931,58,25,77.38,81.15,26.01,63.35,372,3.11,0,33,B,O,Routine,0
1932,29,62,50.1,66.96,26.8,86.51,795,10.791,0,33,A,B,Critical,0
1933,37,21,43.36,81.09,96.32,63.48,272,9.171,1,16,O,A,Normal,0
1934,54,53,84.72,56.96,62.64,47.81,368,6.215,0,1,B,A,Urgent,0
1935,27,51,79.04,19.23,42.62,56.51,146,16.073,3,24,O,O,Normal,1
1936,21,35,,22.35,17.94,74.98,278,10.324,8,14,O,B,Normal,0
1937,68,53,87.92,65.34,17.61,64.78,977,8.673,5,15,O,B,Normal,0
1938,51,19,58.53,92.44,85.61,60.1,151,11.982,0,32,AB,A,Normal,0
1939,21,66,98.72,7.97,18.05,99.7,614,8.734,0,45,O,O,Normal,1
1940,41,69,26.91,31.12,39.17,94.55,222,16.034,1,28,O,B,Routine,0
1941,56,31,29.42,15.02,14.76,47.15,630,14.54,2,25,A,A,Normal,0
1942,42,54,78.92,10.34,95.7,52.68,770,6.038,1,12,A,O,Urgent,1
1943,67,54,72.8,87.97,8.41,55.82,248,11.66,0,13,O,O,Urgent,0
1944,33,74,29.1,78.88,7.57,69.99,164,8.746,0,41,A,A,Urgent,0
1945,44,56,57.16,54.45,88.35,95.53,206,24.536,0,12,O,B,Routine,0
1946,61,40,80.73,54.86,73.69,85.2,719,8.13,2,21,O,O,Normal,1
1947,64,59,99.3,11.75,81.36,92.33,824,19.846,0,5,B,A,Critical,1
1948,20,50,30.93,55.16,99.62,48.1,257,11.675,0,30,B,O,Normal,0
1949,34,47,65.15,19.07,20.65,51.48,513,8.141,1,13,A,A,Routine,1
1950,26,39,84.09,84.57,16.82,66.92,203,3.149,4,13,O,O,Normal,1
1951,46,27,46.33,24.42,61.17,61.1,652,16.098,7,19,O,B,Urgent,0
1952,69,19,90.95,35.59,31.86,91.46,84,4.877,2,50,B,A,Urgent,1
1953,26,23,92.69,56.03,3.27,79.04,134,9.391,,3,A,A,Urgent,1
1954,21,40,27.87,82.32,93.95,78.66,339,14.173,6,19,A,AB,Urgent,0
1955,41,48,81.8,41.28,55.54,74.47,574,3.808,2,7,O,A,Routine,0
1956,26,74,85.71,85.63,38.18,46.2,699,8.663,0,48,O,AB,Urgent,0
1957,56,74,67.87,51.42,29.56,53.8,620,11.297,0,18,O,A,Urgent,0
1958,52,53,34.4,66.59,92.17,76.98,291,9.917,1,1,B,A,Urgent,0
1959,19,20,84.89,0.91,24.04,45.26,482,0.604,5,1,O,A,Urgent,1
1960,38,45,94.37,95.79,2.31,51.49,872,8.285,1,7,O,O,Critical,1
1961,45,33,93.01,57.05,96.83,50.78,629,14.726,0,12,A,A,Normal,0
1962,66,74,45.55,99.59,79.61,71.45,920,1.782,2,8,O,A,Normal,0
1963,51,27,86.97,40.72,60.24,72.23,425,10.707,1,24,O,O,Urgent,1
1964,39,43,93.14,30.94,87.09,89.78,5,13.07,0,4,B,A,Urgent,0
1965,43,66,39.78,48.07,86.93,56.59,609,8.829,3,23,B,A,Urgent,0
1966,39,37,48.51,18.91,84.33,64.11,720,10.759,8,2,A,B,Normal,0
1967,18,68,64.48,69.72,71.55,49.48,5,7.592,0,50,O,B,Urgent,0
1968,41,71,34.52,18.96,32.49,79.26,896,11.319,3,30,B,B,Normal,0
1969,64,61,53.56,86.23,15.91,59.24,70,8.896,0,3,B,O,Urgent,0
1970,47,74,33.16,22.75,52.87,78.92,302,15.378,0,27,A,O,Urgent,0
1971,44,50,97.64,59.13,89.27,97.73,861,15.288,2,6,O,O,Urgent,1
1972,48,41,93.59,98.45,87.29,95.34,485,13.029,1,7,B,O,Urgent,0
1973,58,70,76.71,39.22,34.18,76.76,524,5.518,0,12,A,O,Normal,1
1974,54,18,91.9,94.0,92.68,82.58,38,8.659,1,36,O,O,Routine,0
1975,30,36,68.05,3.31,39.99,66.34,238,9.939,0,6,O,A,Routine,1
1976,18,23,90.3,17.52,72.24,56.72,377,13.944,2,5,O,AB,Normal,1
1977,22,52,90.24,65.85,99.0,51.73,199,16.716,2,30,O,O,Urgent,1
1978,63,54,63.68,13.82,67.82,66.79,147,10.173,6,9,O,O,Urgent,0
1979,43,30,48.73,50.22,51.78,80.1,527,12.562,2,13,O,B,Urgent,0
1980,64,28,68.33,19.29,24.71,48.63,973,16.923,0,36,A,A,Normal,0
1981,61,46,81.5,18.65,62.29,82.26,640,9.344,8,15,O,O,Normal,1
1982,,28,42.77,8.58,3.95,87.45,917,5.642,2,31,O,B,Urgent,1
1983,52,22,66.46,76.2,96.73,49.22,826,12.228,2,30,B,A,Urgent,0
1984,18,,30.36,95.7,92.79,50.25,453,8.101,2,58,A,A,Normal,0
1985,18,48,36.35,8.62,82.24,99.2,144,10.007,1,30,O,O,Normal,0
1986,64,38,65.03,58.1,17.83,53.14,304,13.497,1,26,O,O,Urgent,1
1987,52,65,59.11,97.25,73.01,98.33,582,8.174,4,13,O,A,Normal,0
1988,58,33,92.1,39.96,36.71,86.21,652,13.906,3,25,A,A,Normal,0
1989,36,20,49.11,97.19,56.09,61.71,98,6.111,4,16,B,A,Urgent,0
1990,67,49,78.43,91.36,50.11,89.36,124,9.769,3,18,O,O,Normal,0
1991,65,52,35.61,89.23,81.14,59.21,973,12.644,2,13,O,O,Normal,0
1992,45,69,73.8,37.77,8.81,62.18,63,6.025,1,24,A,O,Urgent,0
1993,66,57,86.2,74.49,32.79,67.27,12,10.277,7,9,O,O,Normal,0
1994,21,38,62.82,74.89,71.81,47.22,929,9.754,8,17,B,O,Critical,0
1995,27,44,50.42,59.34,56.37,50.81,756,8.727,4,17,O,A,Routine,0
1996,33,24,,19.85,14.16,57.56,198,12.203,2,9,A,O,Routine,0
1997,19,59,43.01,41.21,99.49,60.29,251,10.778,1,40,O,O,Normal,0
1998,50,58,45.68,49.34,40.32,76.32,199,5.272,6,8,B,A,Routine,0
1999,28,73,85.89,56.64,65.97,59.3,267,17.806,0,45,A,O,Normal,0
2000,48,61,34.7,99.72,12.74,78.72,749,5.597,3,13,B,O,Urgent,0
2001,22,,67.54,44.21,8.23,51.8,997,18.851,3,16,O,B,Urgent,0
2002,46,44,28.02,84.52,28.25,56.4,380,11.65,1,2,B,A,Normal,0
2003,53,72,79.0,38.51,84.06,55.91,573,14.476,0,19,O,A,Normal,1
2004,68,35,82.69,57.4,13.17,47.24,874,6.698,2,33,AB,O,Normal,0
2005,33,54,68.54,64.57,85.56,57.43,708,15.617,6,21,A,O,Critical,0
2006,54,18,45.94,99.66,42.34,68.09,884,12.38,3,36,O,A,Urgent,0
2007,34,66,80.28,88.6,20.25,81.03,122,11.665,2,32,B,O,Urgent,0
2008,39,24,31.58,42.18,33.71,95.61,315,13.298,2,15,AB,A,Routine,0
2009,53,43,66.79,49.26,71.05,57.46,833,10.202,5,10,B,B,Urgent,0
2010,32,62,79.43,64.88,15.13,52.58,381,6.037,2,30,O,O,Urgent,0
2011,62,68,47.11,63.3,8.18,63.55,146,11.591,1,6,B,AB,Critical,0
2012,59,29,30.84,38.78,97.88,73.1,946,7.863,1,30,A,O,Urgent,0
2013,44,34,34.05,68.83,12.38,65.71,188,11.292,2,10,O,O,Routine,0
2014,45,27,46.21,29.72,45.63,47.48,830,9.193,5,18,O,O,Urgent,1
2015,31,48,84.35,84.17,26.39,62.84,866,17.071,0,17,A,O,Critical,0
2016,47,24,96.74,17.27,97.49,98.49,995,12.764,0,23,O,O,Urgent,1
2017,37,19,31.37,3.39,3.19,60.04,844,11.336,3,18,B,O,Routine,0
2018,55,56,55.72,77.13,11.38,70.51,791,7.281,0,1,A,B,Normal,0
2019,18,60,28.51,35.88,12.11,95.67,874,9.901,4,42,O,B,Routine,0
2020,43,62,48.57,78.23,90.54,76.38,96,15.911,1,19,B,O,Normal,0
2021,38,57,31.84,20.36,97.98,92.7,531,14.325,3,19,O,O,Routine,0
2022,45,66,73.68,66.4,85.34,61.78,917,10.24,2,21,O,O,Critical,0
2023,67,52,72.52,99.68,66.96,93.04,736,16.156,1,15,O,A,Normal,0
2024,39,55,51.31,52.95,11.17,93.32,511,12.544,2,16,A,B,Normal,0
2025,63,72,34.29,76.21,33.92,85.26,28,13.39,6,9,O,A,Urgent,0
2026,42,60,88.55,11.98,2.17,60.38,552,11.308,0,18,A,O,Urgent,1
2027,24,71,97.4,38.6,83.27,55.39,595,15.782,0,47,O,A,Urgent,0
2028,50,58,51.14,31.34,61.06,88.26,590,10.969,0,8,A,O,Urgent,0
2029,58,23,83.62,25.63,12.6,57.08,219,8.441,0,35,B,O,Normal,0
2030,20,65,35.47,21.61,6.45,77.13,847,8.353,1,45,O,AB,Routine,0
2031,24,52,64.48,67.22,50.26,88.42,980,6.973,2,28,O,O,Urgent,1
2032,69,41,76.09,65.36,9.12,92.48,39,11.33,2,28,O,O,Critical,0
2033,36,40,59.38,42.39,77.94,86.98,138,13.285,0,4,O,B,Critical,1
2034,69,62,33.96,34.35,68.81,73.48,297,9.677,3,7,B,AB,Urgent,0
2035,67,39,32.99,37.45,75.18,57.71,249,16.955,3,28,O,B,Urgent,0
2036,37,18,74.11,72.64,67.99,63.38,297,13.871,0,19,B,A,Urgent,0
2037,25,26,99.7,58.85,0.51,76.39,299,6.015,5,1,O,A,Normal,1
2038,47,46,43.4,28.46,63.57,55.38,547,16.16,0,1,O,A,Critical,0
2039,46,45,86.82,73.27,25.8,48.17,863,11.417,1,1,B,O,Urgent,0
2040,47,55,28.11,15.92,20.81,95.47,175,11.595,0,8,O,A,Normal,0
2041,49,59,36.66,39.24,42.29,91.56,812,11.32,0,10,O,O,Routine,1
2042,59,72,88.1,4.87,56.33,83.59,377,3.127,6,13,A,AB,Normal,1
2043,51,48,72.73,1.13,21.1,57.98,942,13.262,0,3,O,O,Urgent,1
2044,68,29,63.11,62.36,2.37,85.58,35,7.248,1,39,AB,O,Normal,0
2045,52,45,27.14,4.32,7.35,65.47,816,11.334,0,7,O,O,Normal,1
2046,33,51,26.29,52.71,92.29,52.03,836,13.876,1,18,O,O,Critical,0
2047,59,73,41.22,66.01,18.46,88.67,442,14.952,3,14,O,A,Normal,0
2048,24,72,79.17,28.88,91.96,81.28,760,12.15,2,48,A,A,Critical,0
2049,45,44,62.54,9.29,5.94,76.5,88,11.987,3,1,O,A,Urgent,1
2050,63,26,36.94,58.3,52.68,75.53,432,11.518,0,37,A,A,Urgent,0
2051,62,31,66.1,90.51,37.37,55.87,942,18.888,0,31,A,O,Critical,0
2052,32,43,25.63,54.79,67.19,52.96,671,12.115,1,11,A,O,Normal,0
2053,20,20,97.0,44.31,68.46,56.91,924,9.826,4,0,O,A,Critical,0
2054,65,31,51.75,17.0,17.37,55.61,298,12.952,1,34,A,AB,Normal,0
2055,29,31,70.28,67.94,59.8,62.68,883,4.537,4,2,A,A,Normal,1
2056,63,64,35.12,67.71,87.1,91.53,471,9.021,0,1,A,O,Urgent,0
2057,62,53,84.43,86.23,26.71,77.85,790,8.389,0,9,A,B,Routine,0
2058,33,27,36.31,93.56,81.5,93.69,530,11.685,0,6,O,O,Critical,0
2059,33,68,97.02,5.09,90.25,85.65,252,17.963,1,35,A,AB,Urgent,0
2060,45,44,52.67,56.98,27.72,65.79,104,7.326,4,1,A,O,Normal,0
2061,29,43,,11.46,72.08,95.88,32,15.238,0,14,A,O,Normal,0
2062,31,36,56.14,96.8,75.31,70.06,390,11.057,,5,AB,A,Normal,0
2063,48,68,93.54,10.26,85.38,71.93,852,11.867,1,20,A,O,Normal,1
2064,48,75,41.38,94.69,17.56,82.18,689,6.361,5,27,A,A,Routine,0
2065,46,30,70.99,15.64,82.99,63.26,404,10.747,1,16,B,A,Routine,0
2066,45,72,69.49,46.19,50.06,83.43,763,12.302,2,27,A,A,Normal,1
2067,64,28,25.13,88.94,49.56,72.29,43,17.962,0,36,A,A,Critical,0
2068,33,53,75.19,54.86,30.73,56.36,98,11.445,3,20,A,O,Normal,0
2069,20,34,80.79,96.73,77.93,60.38,32,13.125,3,14,B,A,Normal,0
2070,40,20,47.95,62.4,85.57,82.35,336,1.176,2,20,O,B,Normal,0
2071,32,29,50.09,29.17,42.07,85.89,922,4.051,1,3,A,A,Normal,1
2072,64,56,68.52,7.46,7.65,81.74,481,10.104,2,8,B,A,Critical,1
2073,24,51,40.19,63.42,51.66,62.03,111,18.972,2,27,B,O,Normal,0
2074,28,29,61.53,24.24,37.65,91.82,452,6.118,2,1,A,O,Urgent,1
2075,68,25,65.04,8.03,49.51,72.77,84,1.614,4,43,AB,A,Urgent,0
2076,66,75,31.45,38.16,61.68,96.79,868,8.477,1,9,A,O,Normal,0
2077,20,64,49.04,5.59,88.37,55.71,877,6.217,3,44,B,O,Urgent,0
2078,50,47,70.57,73.71,51.43,98.79,857,7.292,1,3,B,AB,Urgent,0
2079,53,64,40.85,42.78,41.63,89.95,251,7.225,0,11,O,AB,Routine,0
2080,39,20,43.45,56.58,94.59,46.75,823,12.06,0,19,O,O,Routine,1
2081,54,77,40.3,56.57,68.1,90.78,296,11.402,2,23,B,A,Critical,0
2082,59,38,31.35,78.2,49.39,93.18,862,7.972,2,21,A,O,Urgent,0
2083,18,74,64.61,50.88,16.72,98.97,17,11.836,1,56,O,A,Normal,0
2084,56,26,83.05,76.9,61.77,49.71,393,16.035,3,30,A,O,Normal,0
2085,60,47,48.14,9.03,4.45,51.05,153,21.017,1,13,O,A,Normal,0
2086,20,27,98.11,26.19,96.71,83.63,959,16.927,4,7,A,O,Normal,0
2087,30,36,52.75,31.09,28.3,99.69,125,3.085,1,6,O,B,Normal,0
2088,36,18,32.16,63.09,91.94,90.36,520,11.469,0,18,O,O,Urgent,0
2089,21,61,85.71,94.0,52.83,84.36,347,15.529,4,40,O,B,Normal,0
2090,22,64,82.33,78.01,85.42,56.87,22,16.042,0,42,A,O,Critical,0
2091,27,73,94.3,73.57,83.73,70.14,730,9.534,6,46,B,B,Routine,0
2092,27,62,72.29,95.55,77.87,78.72,582,6.736,0,35,O,A,Normal,0
2093,33,56,68.2,88.42,27.75,85.73,415,4.178,1,23,O,O,Normal,1
2094,32,50,53.5,83.64,41.83,46.94,405,14.853,2,18,A,A,Critical,0
2095,43,71,90.94,1.93,63.03,60.52,267,12.003,3,28,A,B,Critical,1
2096,25,38,67.77,1.64,83.38,53.4,325,13.38,2,13,O,O,Routine,1
2097,53,35,81.94,69.08,72.84,69.29,872,8.736,0,18,B,O,Critical,0
2098,45,63,81.4,16.94,25.93,86.16,94,5.998,1,18,A,B,Urgent,0
2099,,65,71.73,19.4,33.01,77.18,618,10.116,2,26,O,A,Urgent,1
2100,30,64,84.18,19.36,6.55,72.35,650,13.223,2,34,B,O,Urgent,1
2101,23,60,25.14,30.21,18.13,56.13,479,11.257,0,37,B,A,Normal,0
2102,38,66,46.68,89.67,69.34,60.57,337,11.147,0,28,B,B,Normal,0
2103,40,56,86.53,39.53,7.61,69.85,743,16.102,4,16,O,B,Urgent,1
2104,69,53,54.39,37.73,21.61,85.91,27,10.002,0,16,O,A,Normal,0
2105,21,48,82.89,94.6,33.8,61.87,682,15.163,1,27,O,B,Urgent,0
2106,63,21,96.21,98.98,9.63,78.15,661,11.865,0,42,B,A,Normal,0
2107,25,51,96.71,54.63,83.48,94.97,480,13.956,0,26,B,A,Normal,0
2108,54,54,47.14,66.08,28.13,80.99,897,9.069,0,0,A,A,Normal,0
2109,65,41,77.18,81.85,62.98,55.11,655,6.699,2,24,A,O,Urgent,0
2110,58,54,74.8,37.49,55.86,48.81,760,5.716,3,4,O,O,Normal,1
2111,64,52,54.97,29.75,46.72,87.11,278,0.5,0,12,B,B,Critical,1
2112,59,35,81.6,57.89,36.59,56.26,596,9.607,1,24,B,O,Normal,0
2113,31,67,48.55,58.14,95.98,73.06,155,5.817,0,36,B,O,Normal,0
2114,22,34,47.11,33.65,45.36,98.02,83,6.346,1,12,O,A,Critical,0
2115,34,66,36.8,42.89,81.76,47.52,86,4.184,2,32,O,A,Urgent,0
2116,68,60,67.68,0.33,52.22,58.49,363,13.789,2,8,A,AB,Critical,0
2117,55,33,97.54,13.17,7.94,72.79,592,14.442,0,22,B,O,Normal,0
2118,60,74,27.53,87.05,85.37,97.98,563,8.168,2,14,B,B,Routine,0
2119,68,39,38.77,67.35,25.76,59.44,566,6.372,3,,A,O,Normal,0
2120,26,66,55.95,44.65,7.88,86.28,133,13.093,1,40,A,A,Routine,0
2121,57,60,67.86,19.88,66.14,99.12,809,6.827,1,3,A,O,Critical,1
2122,45,41,56.71,41.37,90.43,90.73,975,10.673,0,4,O,O,Critical,1
2123,68,18,96.41,2.61,29.85,88.07,595,5.266,0,50,B,O,Critical,1
2124,29,65,37.48,6.81,27.35,99.79,109,13.056,5,36,B,A,Routine,0
2125,25,51,28.08,,51.56,51.37,664,9.022,0,26,B,A,Routine,0
2126,52,53,57.28,17.7,92.91,96.23,501,6.109,0,1,O,O,Urgent,1
2127,44,59,28.09,41.22,74.41,59.75,93,9.702,1,15,O,B,Critical,0
2128,39,47,46.79,73.63,19.96,48.69,880,8.172,5,8,A,B,Critical,0
2129,65,68,57.07,60.3,92.79,94.43,311,18.448,0,3,B,O,Normal,0
2130,56,59,71.41,67.65,95.33,88.87,870,8.951,3,3,O,A,Routine,0
2131,68,24,43.15,26.78,27.81,52.99,790,10.118,2,44,A,O,Routine,0
2132,30,62,99.95,61.76,48.56,53.79,84,2.476,2,32,O,B,Critical,1
2133,64,67,54.71,44.02,62.56,80.21,358,8.949,0,3,A,B,Routine,0
2134,62,60,90.12,75.59,44.98,47.56,900,18.746,4,2,A,B,Normal,0
2135,59,36,63.28,34.31,27.39,64.09,627,12.378,0,23,B,O,Routine,0
2136,60,69,79.66,75.65,29.77,99.7,158,17.559,1,9,A,A,Normal,1
2137,31,70,50.74,52.89,78.6,81.06,441,9.816,0,39,O,A,Normal,0
2138,34,60,89.83,54.0,9.79,89.53,753,6.204,0,26,A,O,Critical,0
2139,38,,44.37,79.49,78.77,72.46,751,8.175,5,35,B,B,Routine,0
2140,51,65,95.93,24.01,80.25,60.02,271,12.491,5,14,B,O,Urgent,0
2141,38,47,72.76,78.33,23.97,97.68,312,10.417,3,9,O,B,Urgent,0
2142,45,58,25.27,63.58,29.72,46.83,467,8.669,0,13,AB,O,Urgent,0
2143,35,66,44.41,15.05,33.11,68.63,777,7.781,1,31,O,B,Routine,0
2144,34,56,85.41,14.61,8.99,70.77,242,9.027,5,22,O,O,Normal,1
2145,42,65,78.39,85.42,93.29,77.41,878,7.263,1,23,A,A,Urgent,0
2146,25,29,32.82,32.16,48.75,46.53,481,15.817,2,4,O,B,Normal,0
2147,42,56,32.04,49.69,72.91,95.19,939,8.61,1,14,B,B,Routine,0
2148,51,24,99.98,56.39,63.77,92.23,760,3.005,5,27,A,AB,Critical,0
2149,22,18,98.61,45.12,78.01,73.25,943,4.61,0,4,O,O,Urgent,1
2150,69,25,65.06,70.57,32.14,58.3,507,8.793,0,44,O,B,Normal,0
2151,23,41,55.74,81.75,16.31,97.61,585,1.969,1,18,O,A,Urgent,0
2152,45,40,64.59,79.88,93.44,77.67,718,9.11,0,5,O,O,Urgent,1
2153,25,42,35.39,3.62,34.94,66.2,134,14.018,3,17,O,O,Normal,0
2154,26,72,70.81,73.51,25.49,47.89,172,6.814,0,46,A,B,Normal,0
2155,28,70,84.02,38.92,47.77,50.92,,11.695,0,42,B,A,Urgent,0
2156,45,39,73.23,21.14,20.72,56.14,882,5.197,2,6,A,A,Normal,1
2157,42,58,35.65,91.45,58.6,70.23,798,14.819,0,16,O,A,Critical,0
2158,67,73,53.37,94.78,75.6,94.05,645,12.484,3,,O,O,Urgent,0
2159,36,23,86.53,46.38,77.24,45.54,691,8.371,0,13,O,A,Urgent,1
2160,45,29,64.67,30.44,30.08,56.62,244,12.534,3,16,O,O,Normal,0
2161,36,28,98.24,72.13,85.34,62.18,950,16.007,0,8,O,A,Routine,0
2162,52,42,95.28,82.95,63.52,59.13,998,8.821,2,10,B,O,Normal,0
2163,25,73,70.0,32.26,92.37,94.26,455,4.548,1,48,O,O,Urgent,0
2164,64,24,49.58,71.55,25.94,65.86,377,14.85,7,40,O,O,Urgent,0
2165,68,34,66.52,24.94,55.58,70.95,790,6.48,3,34,O,B,Normal,0
2166,20,45,60.4,66.86,89.64,59.59,892,16.546,1,25,O,A,Urgent,0
2167,46,69,54.33,91.24,58.51,83.52,95,18.476,0,23,A,AB,Normal,0
2168,52,64,39.43,70.34,81.18,60.26,628,4.072,6,12,B,B,Urgent,0
2169,65,21,45.28,64.33,85.48,82.44,911,0.5,1,44,O,O,Normal,0
2170,49,74,35.74,66.22,16.27,,343,12.597,0,25,A,A,Normal,0
2171,20,72,69.91,79.08,95.47,90.01,757,7.279,1,52,O,B,Urgent,0
2172,63,31,33.05,30.41,41.84,53.78,565,17.658,0,32,O,O,Normal,0
2173,21,59,33.92,95.23,89.13,78.26,514,11.274,4,38,O,O,Critical,0
2174,50,68,80.73,5.67,6.67,58.72,20,9.508,1,18,B,AB,Normal,1
2175,32,66,72.92,52.84,82.49,76.54,929,7.787,2,34,O,O,Urgent,1
2176,45,52,60.01,58.18,35.62,56.28,239,11.432,0,7,B,O,Urgent,0
2177,32,48,94.77,43.11,68.45,61.74,898,4.2,0,16,B,O,Critical,1
2178,33,60,85.53,16.5,76.73,53.08,108,3.335,0,27,A,O,Urgent,0
2179,32,40,88.18,90.52,37.65,86.29,826,13.933,0,8,O,A,Urgent,1
2180,34,50,37.28,95.0,81.81,84.83,954,9.827,2,16,A,A,Routine,0
2181,67,46,82.3,60.77,63.96,99.59,363,11.274,0,21,A,O,Routine,0
2182,55,47,99.86,64.74,76.16,66.38,351,17.424,0,8,O,O,Normal,0
2183,49,75,46.12,41.61,32.68,49.14,402,5.825,1,26,O,O,Urgent,1
2184,52,60,70.21,22.67,96.43,75.77,59,3.447,2,8,O,A,Urgent,0
2185,23,66,42.0,19.34,40.2,70.35,277,6.629,1,43,A,O,Critical,0
2186,68,41,34.76,89.4,45.55,91.95,66,8.186,1,27,B,O,Critical,0
2187,69,34,31.19,2.34,30.53,92.97,503,13.172,1,35,O,A,Critical,0
2188,50,19,42.77,32.78,64.56,66.32,640,9.057,0,31,O,B,Urgent,0
2189,31,59,34.04,93.26,78.82,89.81,839,13.588,1,28,O,O,Normal,0
2190,44,66,45.89,78.27,67.0,86.31,105,10.035,1,22,A,O,Routine,0
2191,34,30,37.47,7.02,69.57,52.17,21,17.108,0,4,B,O,Normal,0
2192,36,24,66.88,17.57,96.42,63.15,587,11.43,0,12,B,O,Normal,0
2193,38,49,52.52,1.88,5.57,94.23,707,14.208,2,11,A,O,Normal,1
2194,35,62,55.0,8.9,9.7,58.94,953,5.444,8,27,B,O,Critical,0
2195,27,28,34.75,52.81,1.84,97.01,626,18.002,0,1,O,A,Normal,0
2196,47,39,70.34,70.45,22.01,51.37,708,13.745,0,8,B,O,Normal,1
2197,54,67,61.99,33.04,93.04,77.61,381,10.527,3,13,O,O,Critical,0
2198,69,31,42.84,11.11,77.51,86.68,730,12.304,0,38,O,A,Urgent,0
2199,30,23,80.83,89.84,81.15,67.13,113,12.512,2,7,O,A,Routine,0
2200,44,77,78.42,28.74,56.07,61.14,483,14.627,1,33,B,O,Critical,0
2201,22,48,51.62,49.81,9.92,52.79,342,12.752,0,26,O,O,Normal,1
2202,68,29,61.44,69.67,13.97,99.75,170,1.644,0,39,A,O,Routine,0
2203,48,61,37.15,,41.02,86.77,139,14.019,0,13,B,O,Normal,0
2204,42,56,50.25,39.49,25.08,57.59,121,10.695,1,14,A,AB,Urgent,0
2205,54,25,52.36,20.38,85.69,56.28,157,8.957,0,29,B,O,Normal,0
2206,22,52,46.55,85.63,45.6,96.01,7,11.511,0,30,A,A,Urgent,0
2207,53,64,78.92,34.8,17.96,65.47,691,12.915,0,11,O,A,Normal,0
2208,20,60,58.61,31.24,79.19,69.45,247,14.061,0,40,A,B,Critical,0
2209,21,43,72.8,25.6,87.97,46.37,632,9.66,4,22,O,A,Normal,0
2210,32,41,54.94,66.9,66.04,96.67,969,13.247,0,9,B,AB,Urgent,0
2211,53,74,98.77,72.23,7.61,69.79,585,5.759,1,21,O,O,Urgent,1
2212,65,76,44.5,69.22,78.91,87.02,326,8.816,1,11,O,O,Normal,0
2213,26,39,56.49,72.38,30.2,74.22,484,14.469,1,13,B,A,Critical,0
2214,22,71,29.17,27.82,,96.18,752,9.242,0,49,A,B,Normal,0
2215,51,58,58.66,69.53,32.4,48.39,277,19.964,2,7,A,O,Normal,0
2216,46,22,91.67,24.64,76.64,96.49,621,8.042,2,24,O,O,Normal,1
2217,33,31,51.29,88.05,58.3,55.14,371,8.007,4,2,A,A,Urgent,0
2218,27,61,74.01,32.27,76.28,97.63,525,5.826,6,34,O,B,Urgent,1
2219,39,75,94.24,62.91,84.12,84.28,422,14.289,1,36,B,A,Urgent,0
2220,63,59,83.33,8.04,47.75,55.76,160,13.832,3,4,B,B,Normal,1
2221,68,63,37.0,14.2,35.4,61.85,269,6.02,1,5,A,O,Normal,0
2222,39,44,80.95,43.31,19.7,55.45,138,11.212,3,5,B,O,Critical,0
2223,65,60,86.49,94.68,5.47,90.84,200,10.453,1,5,O,O,Normal,1
2224,34,62,29.45,65.51,33.9,71.81,597,5.922,0,28,B,A,Urgent,0
2225,31,46,87.65,51.38,6.91,75.54,344,6.627,1,15,O,O,Normal,1
2226,21,41,50.17,65.48,60.73,95.17,410,15.628,0,20,O,B,Urgent,0
2227,57,56,73.19,75.1,68.01,70.17,729,9.3,3,1,B,O,Urgent,0
2228,39,65,88.52,21.36,56.05,76.12,866,8.923,0,26,B,AB,Critical,1
2229,30,72,76.88,14.39,19.77,56.66,31,8.8,2,42,AB,O,Critical,0
2230,52,22,67.55,78.96,10.31,65.42,316,12.813,4,30,O,O,Urgent,1
2231,23,18,93.71,3.9,23.86,84.06,259,16.53,0,5,B,O,Routine,1
2232,47,30,56.81,2.32,97.96,92.92,632,8.493,0,17,B,O,Critical,0
2233,19,62,97.26,8.65,72.77,98.6,115,12.65,0,43,O,B,Urgent,0
2234,58,49,61.29,96.93,56.99,96.02,830,1.337,4,9,O,O,Routine,0
2235,34,65,44.13,76.0,87.07,99.25,155,9.369,2,31,AB,O,Normal,0
2236,18,49,28.44,64.74,58.63,99.44,638,8.087,0,31,O,A,Urgent,0
2237,22,45,67.46,8.37,55.7,50.18,612,13.74,1,23,O,O,Normal,0
2238,64,75,97.45,11.88,9.86,,702,10.817,0,11,O,O,Urgent,1
2239,67,59,29.95,82.86,40.53,81.22,621,8.27,4,8,O,O,Critical,0
2240,49,70,29.93,33.88,65.24,50.11,101,13.976,8,21,A,A,Normal,0
2241,25,38,48.26,36.88,87.12,70.34,811,8.239,0,13,O,A,Routine,0
2242,52,20,49.21,69.99,69.9,45.84,418,12.899,0,32,O,A,Critical,0
2243,35,72,98.22,39.13,31.22,57.79,718,10.862,0,37,A,A,Normal,1
2244,22,38,49.34,3.3,38.9,79.04,427,22.82,0,16,A,O,Critical,0
2245,29,31,86.5,32.02,54.71,49.15,518,9.697,1,2,B,A,Critical,0
2246,61,,44.62,33.61,71.21,54.8,511,9.985,4,8,A,O,Routine,0
2247,48,46,71.15,39.6,97.71,48.94,793,7.44,1,2,AB,O,Urgent,0
2248,51,25,27.46,63.25,7.71,79.67,143,8.011,0,26,O,O,Routine,0
2249,51,23,91.05,93.25,15.64,60.04,828,13.931,3,28,O,A,Normal,1
2250,59,64,99.71,84.59,65.82,51.05,927,16.78,0,5,O,A,Urgent,0
2251,47,46,80.29,52.25,86.65,63.14,19,13.792,1,1,O,B,Normal,1
2252,48,46,67.82,54.32,43.26,98.92,873,10.306,0,2,A,B,Critical,0
2253,22,37,76.28,36.73,75.5,98.51,116,11.381,1,15,A,B,Urgent,0
2254,31,56,65.64,92.23,33.97,75.33,713,10.726,0,25,B,A,Critical,0
2255,44,36,58.34,20.05,22.1,56.2,356,10.271,3,8,O,B,Normal,0
2256,42,25,73.93,56.91,41.58,95.64,718,11.384,0,17,B,A,Routine,0
2257,48,53,90.79,84.05,78.88,89.04,193,15.227,4,5,O,O,Routine,0
2258,26,29,39.9,51.8,0.02,97.56,145,16.323,1,3,A,B,Routine,0
2259,29,49,44.54,0.09,32.33,62.45,302,11.987,2,20,B,A,Normal,0
2260,39,51,79.18,78.74,19.14,73.23,95,8.567,0,12,A,B,Critical,0
2261,36,76,68.14,66.35,66.32,51.98,252,10.314,2,40,O,A,Normal,0
2262,23,68,46.05,96.13,30.46,88.73,495,7.428,0,45,O,O,Critical,0
2263,33,62,65.69,70.69,21.08,94.33,403,15.402,1,29,O,O,Normal,0
2264,34,77,28.99,37.63,70.53,92.87,386,17.351,0,43,B,O,Normal,0
2265,68,45,95.81,51.39,54.95,62.49,200,13.606,1,23,A,A,Normal,1
2266,66,71,83.59,74.26,40.21,87.25,665,13.423,1,5,A,A,Urgent,1
2267,26,60,32.32,77.92,78.95,99.84,197,3.123,6,34,O,B,Urgent,0
2268,41,60,37.35,52.15,46.08,86.26,956,8.44,0,19,A,B,Urgent,0
2269,53,66,72.34,8.73,82.87,85.39,484,9.6,0,13,AB,B,Urgent,0
2270,53,36,61.59,74.02,31.88,83.37,684,10.364,0,17,O,A,Urgent,1
2271,41,74,89.71,29.97,53.81,49.25,433,10.644,,33,O,B,Urgent,1
2272,51,75,43.47,96.21,41.2,74.43,223,9.521,0,24,O,O,Urgent,0
2273,62,26,83.2,36.37,49.98,57.13,464,11.982,1,36,O,O,Normal,0
2274,41,22,54.13,17.33,90.73,46.24,517,23.288,0,19,O,A,Urgent,0
2275,40,70,48.75,98.46,75.91,52.15,346,5.317,0,30,B,B,Urgent,0
2276,48,18,50.39,63.24,7.38,89.64,262,3.582,1,30,A,A,Routine,0
2277,37,28,41.62,38.34,93.26,72.41,62,13.289,1,9,B,B,Normal,0
2278,45,50,32.89,72.15,23.73,70.0,337,1.717,5,5,B,AB,Urgent,0
2279,39,21,95.21,12.13,81.5,56.66,136,12.917,0,18,B,A,Critical,0
2280,65,62,73.95,54.83,99.18,51.59,151,12.636,1,3,B,A,Normal,0
2281,56,19,75.53,17.81,38.57,90.18,513,8.055,0,37,O,O,Normal,1
2282,29,47,59.64,18.54,25.78,78.33,640,14.311,7,18,O,A,Urgent,0
2283,67,56,45.47,11.13,35.46,90.13,556,10.301,2,11,B,O,Normal,0
2284,64,56,28.28,77.99,99.32,70.58,676,8.595,0,8,O,A,Critical,0
2285,33,53,48.63,88.83,78.16,91.81,172,7.394,0,20,O,B,Urgent,0
2286,33,55,99.31,6.78,24.65,53.21,381,7.39,0,22,O,A,Urgent,1
2287,43,23,27.12,60.97,78.49,50.27,19,7.223,0,20,O,O,Urgent,0
2288,42,75,95.48,38.87,77.83,79.92,417,14.905,0,33,O,AB,Urgent,1
2289,28,66,65.4,22.91,58.03,55.27,697,7.798,0,38,O,O,Normal,0
2290,34,66,71.43,,84.03,77.3,652,15.337,0,32,O,B,Urgent,0
2291,25,63,66.1,53.98,80.13,51.62,135,12.056,4,38,O,A,Critical,0
2292,43,71,31.41,56.49,84.62,62.58,610,17.486,0,,A,B,Normal,0
2293,62,71,64.12,18.23,10.83,83.41,663,10.752,2,9,O,A,Normal,1
2294,25,53,38.36,7.92,33.47,67.8,774,7.054,0,28,O,A,Critical,1
2295,50,29,97.49,43.55,82.56,50.7,697,9.735,2,21,B,O,Urgent,0
2296,30,40,75.3,47.63,83.54,54.9,312,12.114,2,10,A,O,Urgent,0
2297,45,20,33.33,40.96,28.19,78.42,177,13.071,1,25,O,O,Normal,0
2298,51,32,52.6,99.45,5.59,65.22,407,9.656,2,19,O,O,Urgent,0
2299,61,43,26.27,46.21,18.89,82.84,503,9.503,2,18,B,A,Normal,0
2300,64,27,50.27,11.82,30.93,98.15,414,11.77,2,37,B,O,Urgent,0
2301,62,52,47.93,59.53,42.74,99.37,294,5.389,2,10,B,O,Urgent,0
2302,65,74,92.96,,8.38,93.51,37,12.332,1,9,B,B,Urgent,1
2303,23,55,75.93,18.4,93.46,64.79,21,18.88,2,32,O,B,Critical,0
2304,19,47,37.95,81.89,2.1,72.55,241,15.9,8,28,A,O,Normal,0
2305,36,34,68.37,80.03,40.01,75.56,831,17.407,3,2,O,AB,Normal,0
2306,23,66,39.35,15.34,39.87,48.5,747,4.53,5,43,O,O,Urgent,0
2307,20,70,31.05,25.75,76.32,63.13,703,6.691,2,50,B,B,Critical,0
2308,64,18,86.63,4.5,74.97,81.1,231,11.402,1,46,A,A,Urgent,1
2309,57,56,29.17,35.85,55.45,85.97,531,5.964,1,1,O,B,Urgent,0
2310,31,48,40.24,66.28,83.28,91.29,303,5.816,1,17,AB,A,Urgent,0
2311,23,55,53.09,55.63,63.47,55.52,427,14.799,0,32,O,AB,Normal,0
2312,37,40,64.39,52.15,60.57,98.03,929,9.367,0,3,O,A,Normal,1
2313,34,53,,41.36,92.0,46.35,205,9.696,1,19,B,B,Critical,1
2314,41,46,96.54,19.39,50.68,95.57,779,13.283,0,5,O,A,Normal,1
2315,66,29,36.59,73.95,41.67,56.87,609,18.169,0,37,O,O,Urgent,0
2316,43,20,51.41,79.66,81.82,76.96,220,18.58,6,23,O,A,Normal,0
2317,59,38,75.12,86.09,77.22,86.51,519,10.83,8,21,O,B,Normal,0
2318,49,23,38.28,63.19,32.5,52.47,402,15.969,7,26,B,O,Routine,0
2319,22,52,54.74,16.94,70.24,66.27,854,9.718,2,30,O,O,Routine,0
2320,62,77,72.07,1.49,63.49,46.52,76,13.397,0,15,O,B,Urgent,1
2321,41,26,33.32,0.37,,87.16,195,14.903,6,15,A,B,Routine,0
2322,57,26,29.01,33.4,22.47,96.6,33,7.421,1,31,B,A,Critical,0
2323,60,71,43.66,94.24,99.56,64.06,36,11.368,1,11,B,O,Urgent,0
2324,18,52,65.28,85.52,3.99,45.46,514,6.987,1,34,B,B,Urgent,0
2325,18,26,26.93,27.45,90.37,64.78,117,7.193,0,8,O,O,Normal,0
2326,56,42,72.14,61.43,12.03,89.51,859,2.539,2,14,O,A,Routine,0
2327,55,34,81.16,87.48,10.03,64.47,118,12.466,1,21,B,A,Urgent,1
2328,31,27,61.45,26.28,0.48,55.44,742,14.528,1,4,B,A,Normal,1
2329,68,28,38.81,38.4,4.18,83.82,357,15.645,0,40,B,B,Urgent,1
2330,69,46,36.19,19.91,94.29,59.87,955,10.616,4,23,O,B,Normal,0
2331,30,22,78.26,49.5,2.28,81.02,605,12.651,0,8,O,A,Critical,1
2332,36,64,83.03,85.24,78.25,58.99,264,8.958,0,28,O,A,Urgent,0
2333,41,68,35.1,89.51,51.25,71.17,151,9.976,0,27,B,O,Routine,0
2334,49,67,87.66,77.43,95.26,87.72,756,14.417,1,18,A,A,Urgent,1
2335,19,67,65.64,27.43,70.59,61.67,626,22.112,2,48,O,O,Critical,0
2336,52,49,93.56,9.45,43.54,73.17,812,6.627,0,3,O,A,Normal,1
2337,20,50,61.96,96.87,16.24,63.03,324,17.311,1,30,B,B,Urgent,0
2338,63,22,49.29,95.89,47.49,55.33,96,6.556,1,41,A,O,Urgent,0
2339,32,63,96.91,36.78,39.05,89.52,140,9.458,1,31,A,O,Urgent,0
2340,62,37,69.59,58.57,9.56,94.15,176,4.906,0,25,O,O,Normal,0
2341,48,22,25.65,10.43,72.86,52.39,609,16.645,3,26,O,B,Critical,0
2342,54,61,52.16,2.0,96.48,87.66,365,11.401,0,7,O,A,Urgent,1
2343,65,25,74.63,84.78,36.27,96.87,50,14.087,1,40,A,B,Normal,0
2344,31,70,65.48,2.73,81.93,,849,8.898,5,39,A,O,Urgent,0
2345,43,44,60.86,73.85,25.47,62.36,545,21.827,2,1,A,O,Urgent,0
2346,46,28,72.33,23.78,37.02,66.29,68,13.481,2,18,O,O,Urgent,0
2347,40,76,43.8,98.28,9.48,52.94,250,13.36,2,36,B,A,Urgent,0
2348,21,26,53.74,92.75,60.35,48.56,655,6.358,0,5,A,A,Normal,0
2349,47,57,39.24,52.64,8.71,48.57,69,11.933,2,10,O,O,Urgent,0
2350,58,22,92.49,27.95,54.59,52.95,492,12.757,0,36,A,O,Urgent,0
2351,54,28,91.47,47.23,95.61,72.83,444,9.099,0,26,O,A,Urgent,1
2352,32,63,68.46,58.61,94.42,56.07,844,10.722,0,31,A,B,Normal,0
2353,21,46,72.73,12.92,27.9,82.07,318,3.78,1,25,AB,O,Urgent,1
2354,64,50,45.82,7.03,88.46,94.8,61,14.043,0,14,A,O,Urgent,0
2355,18,59,94.5,45.6,20.85,86.97,758,,0,41,O,B,Urgent,1
2356,48,75,48.81,0.6,52.25,73.93,620,10.77,5,27,B,A,Urgent,0
2357,58,68,63.83,78.61,70.67,91.62,537,14.695,3,10,A,A,Urgent,0
2358,63,77,44.29,50.44,7.22,53.1,261,13.414,2,14,O,O,Critical,1
2359,32,73,87.36,4.13,88.82,49.73,155,8.85,2,41,A,B,Critical,0
2360,48,31,39.05,24.25,50.54,56.5,102,12.863,3,17,A,O,Normal,0
2361,56,70,42.21,20.22,44.7,87.21,985,8.74,0,14,AB,B,Routine,0
2362,41,33,42.09,43.15,17.36,99.63,634,11.545,3,8,B,A,Normal,0
2363,54,63,48.12,42.8,89.4,51.3,501,9.126,1,9,O,O,Normal,0
2364,68,31,82.63,4.96,24.77,78.07,727,11.038,0,37,O,A,Normal,1
2365,20,23,84.17,45.86,24.76,98.71,154,13.039,1,3,O,B,Urgent,1
2366,18,25,44.48,1.33,34.55,99.75,996,13.96,0,7,A,A,Urgent,1
2367,28,21,59.05,91.85,28.49,87.98,251,12.365,1,7,O,A,Urgent,0
2368,24,49,38.05,39.22,30.55,53.76,608,11.807,1,25,AB,B,Urgent,0
2369,54,31,52.82,50.73,73.49,47.87,303,10.371,0,23,AB,A,Urgent,0
2370,54,70,38.67,3.21,30.02,,369,16.8,0,16,O,O,Urgent,1
2371,66,18,70.37,9.58,52.56,91.08,483,13.415,1,48,O,O,Routine,0
2372,23,24,60.29,31.88,82.06,85.83,252,11.085,0,1,O,A,Normal,0
2373,44,58,65.88,45.86,82.6,48.87,11,12.499,0,14,O,O,Normal,0
2374,29,75,78.06,53.11,92.4,99.67,352,9.851,1,46,A,B,Urgent,0
2375,61,23,63.49,47.64,7.08,80.75,898,8.764,1,38,A,A,Normal,1
2376,50,25,72.78,57.13,31.78,47.6,592,6.506,2,25,B,A,Normal,0
2377,18,22,41.5,67.83,92.84,94.88,115,8.125,5,4,O,O,Critical,0
2378,30,74,93.13,91.2,34.28,99.1,128,17.243,0,44,A,B,Normal,0
2379,43,47,34.27,99.45,14.68,86.04,311,14.901,5,4,A,O,Routine,0
2380,36,18,99.99,41.04,72.62,72.63,806,14.268,3,18,O,O,Normal,1
2381,68,18,33.96,44.06,5.88,63.14,879,13.376,0,50,A,A,Normal,0
2382,36,38,88.66,30.46,41.55,64.39,590,10.755,0,2,B,B,Urgent,1
2383,49,26,83.42,0.01,26.67,84.42,432,12.989,2,23,A,A,Routine,1
2384,56,73,91.06,62.63,44.46,66.14,573,9.248,4,17,B,A,Critical,0
2385,47,62,95.19,42.84,25.77,51.92,117,10.064,1,15,O,A,Routine,1
2386,53,29,38.05,87.92,30.06,63.52,415,6.04,2,24,A,AB,Urgent,0
2387,27,39,83.54,13.95,71.7,45.14,168,4.601,0,12,O,B,Normal,1
2388,53,62,59.32,45.86,19.55,65.87,358,9.16,1,9,O,B,Routine,0
2389,21,48,44.17,76.5,3.81,89.4,478,12.608,6,27,A,B,Urgent,0
2390,59,36,52.76,65.92,32.25,71.1,397,4.59,0,23,O,O,Critical,0
2391,56,62,50.18,70.68,76.52,45.36,433,5.256,1,6,A,O,Urgent,0
2392,34,77,64.92,6.73,50.54,90.82,210,14.246,1,43,B,A,Normal,0
2393,39,59,41.92,84.22,32.98,91.46,476,10.669,1,20,A,A,Urgent,0
2394,28,75,28.75,84.36,75.76,52.59,886,12.197,3,47,A,A,Urgent,0
2395,69,67,71.49,40.42,41.11,99.05,255,1.98,0,2,A,B,Normal,1
2396,63,71,34.86,30.81,10.88,59.5,547,11.443,3,8,AB,A,Routine,0
2397,50,67,85.76,4.82,26.44,55.72,184,10.416,2,17,O,O,Normal,1
2398,57,52,79.95,4.28,93.74,48.88,988,11.184,8,5,A,B,Normal,1
2399,66,69,71.38,49.53,88.3,73.09,115,7.03,0,3,A,A,Normal,1
2400,63,30,93.2,55.13,56.79,46.46,885,17.285,0,33,AB,O,Normal,0
2401,27,33,32.22,86.28,71.11,82.43,798,11.343,3,6,B,O,Critical,0
2402,48,27,90.2,34.18,52.81,87.29,30,6.203,6,21,A,B,Normal,0
2403,62,66,81.68,14.37,6.13,56.76,629,10.245,1,4,O,B,Urgent,1
2404,58,61,96.51,88.5,72.87,45.3,829,13.935,3,3,A,A,Normal,1
2405,59,31,94.16,67.63,21.57,90.42,258,16.923,0,28,A,A,Urgent,1
2406,28,,96.88,34.19,91.18,86.15,189,8.618,0,34,A,B,Normal,0
2407,30,47,46.74,10.61,83.03,99.96,656,10.951,1,17,O,B,Urgent,0
2408,40,37,68.53,55.21,75.9,51.26,779,10.825,0,3,A,O,Normal,0
2409,57,55,54.22,58.99,97.39,49.57,845,4.22,0,2,O,B,Normal,0
2410,59,68,41.82,40.8,99.3,77.46,647,11.741,0,9,A,B,Urgent,0
2411,56,63,84.02,70.99,62.26,68.22,303,9.957,4,7,O,B,Urgent,0
2412,40,69,28.21,27.77,0.06,97.28,82,18.236,1,29,A,A,Normal,0
2413,46,46,59.77,29.83,57.95,70.54,563,8.097,1,0,B,A,Normal,0
2414,47,49,99.09,21.53,11.6,72.48,210,12.329,2,2,O,O,Normal,1
2415,67,70,84.11,36.99,77.16,56.83,927,16.124,0,3,A,O,Urgent,0
2416,58,33,48.88,3.45,94.22,76.57,173,12.717,0,25,B,B,Critical,0
2417,50,51,39.21,27.19,31.03,54.74,722,14.017,3,1,O,O,Urgent,1
2418,43,28,65.66,52.3,34.24,92.51,144,14.332,2,15,A,O,Urgent,0
2419,53,47,30.13,10.13,31.22,73.84,939,9.666,0,6,B,A,Critical,0
2420,19,59,94.15,20.12,49.07,49.62,784,18.863,0,40,A,B,Routine,0
2421,24,57,96.98,86.64,44.63,59.1,656,20.096,0,33,B,B,Urgent,0
2422,50,19,65.38,91.28,53.98,63.68,416,10.684,0,31,O,B,Urgent,0
2423,67,47,37.65,87.06,8.91,87.64,501,8.668,2,20,B,B,Routine,0
2424,68,50,51.13,73.86,73.67,46.76,717,9.381,1,18,AB,O,Normal,0
2425,34,76,82.14,67.16,42.66,62.44,975,12.191,5,42,B,O,Critical,0
2426,29,73,82.12,77.13,19.31,68.98,252,11.947,1,44,O,A,Normal,0
2427,54,41,88.61,22.63,63.05,50.63,923,2.096,0,13,O,B,Normal,1
2428,37,27,27.88,71.27,91.43,61.61,697,6.232,1,10,B,O,Routine,0
2429,61,52,28.25,85.19,72.04,95.42,87,16.36,1,9,A,A,Urgent,0
2430,42,53,76.3,68.95,20.5,58.52,506,15.719,0,11,B,A,Normal,0
2431,19,24,67.63,61.78,78.34,58.43,,11.236,0,5,AB,A,Normal,0
2432,42,47,80.55,89.45,,65.83,738,15.072,3,5,B,O,Normal,0
2433,18,39,34.97,37.91,1.14,85.29,262,14.807,4,21,O,A,Urgent,0
2434,66,74,58.58,65.63,53.36,77.94,509,0.5,0,8,A,O,Routine,0
2435,33,30,35.16,33.24,82.84,72.06,434,12.302,6,3,A,A,Urgent,1
2436,55,54,57.93,99.86,91.17,60.12,794,21.028,1,1,O,B,Critical,0
2437,35,77,47.48,39.88,16.41,61.32,840,10.641,1,42,O,A,Routine,0
2438,26,75,31.02,73.1,83.54,73.14,219,17.501,2,49,A,B,Critical,0
2439,38,52,83.5,21.32,32.12,69.98,985,7.391,1,14,O,AB,Routine,1
2440,19,50,39.17,44.19,17.52,67.73,278,14.356,0,31,A,A,Critical,0
2441,24,77,72.29,75.93,97.95,92.99,360,6.002,0,53,O,O,Normal,0
2442,52,41,82.59,67.64,82.48,57.61,552,11.429,0,11,O,A,Urgent,1
2443,27,66,83.88,78.8,8.78,47.57,337,13.051,5,39,A,O,Critical,0
2444,56,40,38.88,39.34,56.88,65.36,611,7.104,1,16,A,A,Normal,0
2445,35,64,87.75,52.29,38.14,62.78,143,17.201,3,29,B,B,Routine,0
2446,,29,62.56,98.28,0.33,62.25,224,15.334,0,6,B,O,Routine,0
2447,20,55,26.71,94.44,90.45,47.65,896,9.881,7,35,A,B,Urgent,0
2448,66,55,55.55,20.92,44.59,,418,7.642,6,11,B,A,Normal,0
2449,47,46,55.31,34.16,91.51,56.93,532,8.568,0,1,A,O,Critical,0
2450,21,65,60.1,36.75,17.97,48.71,957,17.209,2,44,O,O,Routine,1
2451,64,44,92.24,73.89,33.83,96.56,660,9.632,2,20,AB,O,Urgent,0
2452,61,53,72.08,37.92,19.75,82.38,43,8.489,3,8,A,O,Urgent,0
2453,66,24,56.56,59.4,17.41,47.77,580,7.177,2,42,O,O,Normal,0
2454,,34,41.59,97.9,44.42,88.79,646,14.098,0,34,O,AB,Urgent,0
2455,19,60,37.17,28.67,84.96,68.99,651,13.839,1,41,B,O,Urgent,0
2456,32,70,74.7,75.1,73.01,96.68,19,8.288,5,38,AB,B,Critical,0
2457,49,30,83.2,56.06,0.7,76.34,372,10.099,1,19,B,A,Urgent,1
2458,68,22,75.71,51.93,54.1,60.71,191,15.47,0,46,B,A,Urgent,0
2459,67,58,53.51,68.27,29.19,60.36,832,5.617,0,9,A,O,Critical,0
2460,57,55,92.07,48.69,97.1,80.68,758,5.862,4,2,O,B,Urgent,1
2461,50,48,39.7,97.01,92.36,92.98,81,15.32,0,2,O,A,Urgent,0
2462,66,22,98.29,42.04,86.69,88.64,747,9.883,1,44,O,O,Critical,1
2463,30,47,46.12,15.27,38.08,76.05,871,6.262,2,17,O,O,Normal,1
2464,26,45,64.78,52.69,57.83,64.64,991,12.085,3,19,O,A,Critical,0
2465,48,44,77.26,46.74,27.14,99.29,959,13.735,1,4,A,O,Critical,1
2466,64,34,32.54,4.8,48.67,62.2,365,14.7,3,30,A,O,Urgent,0
2467,31,75,30.09,80.13,72.48,60.22,984,11.507,0,44,O,B,Routine,0
2468,52,51,31.27,82.8,52.11,90.38,756,6.059,3,1,O,O,Urgent,0
2469,19,24,91.74,94.83,49.22,69.12,292,9.452,0,5,O,O,Routine,0
2470,27,23,38.12,67.72,51.78,91.15,207,10.218,1,4,A,O,Critical,0
2471,32,22,86.32,24.58,59.8,59.04,139,11.698,3,10,O,A,Routine,1
2472,58,74,78.78,63.96,33.62,92.9,636,19.047,1,16,O,A,Urgent,0
2473,48,73,39.42,54.08,91.61,64.36,532,11.851,3,25,A,A,Normal,0
2474,24,52,66.5,94.27,24.84,61.93,487,14.694,0,28,B,O,Urgent,0
2475,41,68,97.41,97.23,73.14,78.62,253,13.822,3,27,O,O,Urgent,1
2476,63,42,95.74,5.85,53.09,89.01,301,8.859,0,21,B,O,Normal,1
2477,53,28,31.96,44.47,21.38,48.25,904,2.989,0,25,O,O,Routine,1
2478,29,76,79.76,84.61,82.83,63.11,233,13.297,4,47,A,O,Normal,0
2479,57,44,87.33,39.89,8.1,96.23,676,13.301,1,13,B,B,Urgent,1
2480,40,62,40.39,26.59,73.4,83.53,917,11.205,3,22,A,O,Urgent,0
2481,29,42,88.92,83.67,92.63,98.68,383,4.062,2,13,O,O,Urgent,0
2482,49,65,82.62,62.94,54.84,96.52,330,11.656,0,16,B,B,Normal,0
2483,32,69,79.25,27.63,58.46,58.87,233,12.375,1,37,O,B,Critical,1
2484,59,28,74.92,5.57,35.28,98.21,356,10.624,5,31,A,A,Routine,1
2485,29,64,84.62,59.64,11.32,97.02,956,3.702,2,35,O,O,Critical,1
2486,65,,41.99,79.62,5.99,45.67,390,8.168,0,29,A,O,Urgent,0
2487,44,68,94.73,77.38,47.61,76.83,826,17.523,1,24,O,O,Urgent,1
2488,39,39,98.71,31.47,40.71,73.32,992,9.321,3,0,B,O,Critical,1
2489,58,60,48.25,73.16,48.58,69.09,845,11.66,2,2,O,O,Urgent,1
2490,43,27,46.93,15.7,77.68,99.54,405,15.379,0,16,AB,O,Normal,0
2491,37,43,92.31,47.62,12.23,52.0,642,15.173,2,6,AB,O,Normal,0
2492,59,27,75.8,3.11,7.97,68.21,31,6.554,1,32,A,A,Critical,1
2493,66,48,38.06,10.57,27.31,67.89,92,11.648,2,18,O,A,Urgent,0
2494,23,64,34.37,62.5,83.75,72.23,418,15.344,1,41,B,A,Routine,0
2495,25,18,76.71,57.43,86.19,66.85,386,21.332,3,7,O,A,Normal,0
2496,41,58,35.57,14.7,36.56,67.98,204,9.405,1,17,A,O,Normal,0
2497,53,32,38.8,16.4,20.34,45.37,348,12.728,0,21,A,O,Urgent,0
2498,62,47,82.47,48.05,91.44,86.17,727,16.173,2,15,B,A,Urgent,1
2499,35,66,82.36,87.8,51.0,78.26,455,2.129,2,31,B,A,Critical,0
2500,28,43,32.27,57.08,45.96,,799,12.406,0,15,AB,A,Urgent,0
2501,27,34,25.96,69.86,10.26,91.97,385,12.133,0,7,A,O,Normal,0
2502,20,36,94.07,96.52,67.87,64.53,132,5.079,1,16,A,A,Normal,0
2503,23,45,64.99,83.17,96.53,92.29,686,11.473,2,22,A,B,Urgent,0
2504,41,30,50.93,21.94,82.24,63.09,75,5.976,1,11,A,B,Critical,0
2505,32,43,74.55,72.63,11.45,67.27,507,19.433,7,11,O,O,Urgent,1
2506,62,40,60.62,64.26,80.76,74.03,926,18.364,0,22,O,B,Critical,0
2507,47,26,65.1,94.73,74.49,62.41,230,12.306,2,21,AB,O,Critical,0
2508,21,49,81.73,25.17,10.5,96.64,12,14.475,4,28,O,A,Urgent,0
2509,63,38,40.24,18.39,43.31,49.49,40,10.722,0,25,A,A,Normal,0
2510,28,49,36.65,78.03,20.0,87.91,265,10.524,4,21,A,B,Routine,0
2511,49,66,,84.42,94.63,78.52,727,15.125,4,17,B,A,Critical,0
2512,62,19,55.34,64.29,23.21,88.47,461,12.08,0,43,B,A,Normal,0
2513,35,40,80.29,37.63,27.39,45.31,280,6.933,0,5,O,A,Critical,1
2514,49,59,27.22,3.91,6.69,50.01,966,6.904,6,10,A,O,Normal,0
2515,58,56,59.75,8.68,85.64,63.97,977,4.579,0,2,O,A,Urgent,1
2516,51,50,26.86,25.21,40.94,45.71,197,0.849,3,1,B,A,Normal,0
2517,68,73,84.96,66.05,7.44,48.55,561,13.241,0,5,A,B,Normal,0
2518,35,27,35.48,75.65,62.73,56.2,818,14.601,6,8,A,O,Normal,0
2519,21,26,53.63,93.98,69.71,90.49,546,12.235,1,5,AB,B,Routine,0
2520,41,58,52.82,77.63,14.59,56.08,192,7.08,0,17,O,O,Urgent,0
2521,48,60,29.54,17.03,24.54,59.98,178,10.657,1,12,O,B,Routine,0
2522,64,32,40.86,80.83,76.07,78.29,17,13.382,1,32,O,B,Urgent,0
2523,44,49,69.32,28.11,59.04,54.82,461,13.742,0,5,O,A,Routine,0
2524,66,64,79.82,13.32,76.37,67.14,210,17.368,0,2,B,O,Urgent,0
2525,45,69,25.55,,52.92,70.95,67,11.328,1,24,A,A,Urgent,0
2526,55,37,99.7,89.22,77.06,97.54,111,9.1,1,18,A,B,Urgent,0
2527,20,43,60.54,30.12,20.64,72.53,876,0.5,0,23,A,B,Normal,0
2528,53,18,49.09,94.65,2.52,64.24,396,6.876,0,35,A,O,Routine,0
2529,46,69,47.45,27.9,11.46,98.66,279,13.435,5,23,AB,B,Critical,0
2530,59,64,40.67,34.27,28.17,75.22,60,7.841,0,5,O,O,Normal,0
2531,57,24,83.99,70.86,8.7,99.82,794,12.212,0,33,O,A,Normal,1
2532,44,76,82.48,8.42,65.05,98.65,710,7.616,6,32,B,O,Urgent,1
2533,64,22,64.05,44.63,93.84,49.6,315,6.07,0,42,A,B,Routine,0
2534,37,29,80.71,43.39,77.98,58.27,207,16.756,6,8,B,O,Normal,0
2535,68,47,91.09,18.39,17.67,83.85,217,14.147,0,21,O,B,Critical,1
2536,67,47,98.73,71.27,30.27,61.04,341,8.01,2,20,B,B,Normal,1
2537,32,64,97.72,66.4,14.47,70.73,830,1.298,0,32,O,O,Urgent,1
2538,41,59,41.36,80.11,32.31,59.1,648,6.355,0,18,O,B,Urgent,0
2539,47,30,82.71,62.78,99.94,72.57,167,6.786,0,17,A,O,Routine,0
2540,42,19,34.64,68.5,63.98,86.87,407,10.765,5,23,A,B,Normal,0
2541,20,27,76.06,38.55,85.76,98.94,196,11.595,0,7,A,A,Urgent,1
2542,55,66,69.32,68.22,8.02,65.89,300,1.94,0,11,A,B,Urgent,1
2543,58,60,63.97,57.13,75.27,64.45,820,10.65,0,2,O,O,Normal,1
2544,25,47,36.57,50.58,13.91,85.99,135,6.408,1,22,O,O,Normal,1
2545,25,61,37.05,98.26,87.69,74.57,170,12.693,4,36,A,A,Urgent,0
2546,64,63,44.87,40.61,16.08,70.74,272,8.079,1,1,O,B,Routine,0
2547,66,19,42.84,40.7,37.67,69.34,788,13.494,2,47,A,O,Normal,0
2548,48,26,86.63,4.89,44.64,66.61,428,10.215,0,22,A,A,Normal,1
2549,47,43,58.48,41.93,91.11,82.51,447,18.496,1,4,A,O,Urgent,0
2550,62,36,39.24,46.29,58.66,72.65,484,17.315,0,26,O,O,Normal,0
2551,33,69,,52.24,37.07,83.22,396,16.774,3,36,O,A,Normal,0
2552,51,74,31.66,82.29,89.88,98.72,874,7.882,2,23,O,B,Critical,0
2553,50,66,60.82,82.85,74.58,77.89,863,19.981,0,16,O,B,Normal,0
2554,28,30,43.72,98.14,5.86,63.52,55,4.295,5,2,O,AB,Normal,0
2555,68,53,94.77,47.41,3.51,56.85,501,9.607,,15,O,B,Urgent,1
2556,44,23,40.75,5.02,97.62,91.37,434,17.507,3,21,AB,B,Urgent,0
2557,53,74,26.38,59.8,74.41,58.18,481,6.275,3,21,A,A,Routine,0
2558,22,58,81.09,47.01,67.63,55.79,665,14.153,1,36,A,AB,Routine,0
2559,45,43,27.24,6.49,58.54,65.73,79,5.581,0,2,B,B,Urgent,1
2560,30,21,50.75,7.37,18.67,96.93,469,10.113,1,9,A,A,Urgent,1
2561,35,56,64.84,48.46,94.24,84.48,461,20.56,0,21,B,O,Critical,0
2562,,46,27.69,50.5,33.08,67.44,778,12.715,0,8,O,B,Urgent,0
2563,30,67,34.67,29.22,18.93,50.78,223,12.623,1,37,A,O,Critical,0
2564,52,24,51.31,17.71,,95.11,447,3.033,4,28,A,O,Critical,0
2565,20,47,87.09,28.27,45.41,54.14,440,12.848,0,27,AB,O,Urgent,0
2566,39,41,35.08,46.61,42.98,99.65,18,5.661,0,2,A,O,Urgent,0
2567,54,69,34.32,53.74,99.6,53.2,706,12.764,1,15,B,O,Critical,0
2568,63,54,86.58,92.79,18.02,73.48,317,17.069,1,9,A,O,Normal,0
2569,31,63,60.29,6.3,30.5,54.74,989,16.524,2,32,O,O,Critical,1
2570,27,18,79.9,28.85,13.99,59.66,717,7.272,2,9,O,O,Critical,1
2571,44,66,92.71,51.36,36.09,50.1,859,10.057,0,22,A,A,Normal,1
2572,60,35,28.51,78.43,29.74,88.24,44,13.659,1,25,A,O,Critical,0
2573,29,37,57.86,64.98,70.72,50.26,268,6.754,0,8,O,O,Normal,0
2574,27,57,34.79,37.75,8.5,62.07,456,10.499,2,30,O,A,Normal,0
2575,68,22,42.82,78.44,34.58,54.71,753,8.243,2,46,O,B,Normal,0
2576,35,62,48.54,53.44,1.93,88.49,58,15.521,4,27,B,A,Normal,0
2577,35,51,27.57,70.45,42.52,98.01,151,10.915,2,16,A,AB,Normal,0
2578,29,24,36.68,57.32,31.76,98.03,760,2.586,5,5,AB,A,Critical,0
2579,59,59,27.02,53.64,63.79,62.37,976,13.121,0,0,O,A,Urgent,0
2580,45,24,96.27,74.21,12.56,55.23,526,19.759,1,21,A,B,Urgent,0
2581,48,68,28.51,90.14,78.46,55.2,218,4.097,0,20,O,A,Urgent,0
2582,34,71,33.85,5.87,38.09,60.18,416,17.23,0,37,O,A,Normal,0
2583,21,63,65.88,58.61,44.95,84.89,699,10.072,2,42,B,O,Critical,0
2584,50,49,74.21,77.2,5.58,70.35,885,0.5,5,,O,O,Urgent,1
2585,29,33,31.38,0.03,88.57,47.04,675,10.894,0,4,A,B,Normal,0
2586,37,43,99.67,15.99,36.88,62.22,907,15.297,0,6,B,B,Normal,1
2587,37,32,47.23,43.18,89.34,57.66,183,8.627,2,5,A,O,Normal,0
2588,19,49,39.11,38.63,19.6,97.75,665,14.958,1,30,A,A,Critical,1
2589,42,39,67.44,10.25,80.83,68.82,907,9.56,2,3,A,A,Routine,1
2590,18,56,99.45,50.11,61.03,93.07,235,4.643,3,38,O,A,Normal,0
2591,55,37,75.76,22.02,59.0,87.7,110,13.579,1,18,A,O,Normal,0
2592,25,33,59.89,37.31,11.3,77.09,411,4.2,0,8,O,B,Routine,1
2593,43,42,47.38,4.91,85.53,49.81,173,10.245,0,1,O,B,Normal,0
2594,24,27,48.95,32.04,43.23,61.46,447,10.685,0,3,O,B,Routine,0
2595,24,31,28.18,35.04,49.52,47.94,678,8.844,1,7,O,A,Critical,1
2596,21,70,74.17,26.15,96.22,95.86,406,9.98,4,49,B,B,Normal,0
2597,47,40,61.79,4.49,62.7,67.25,721,,2,7,O,A,Normal,0
2598,62,37,69.75,61.74,47.35,57.98,860,17.649,4,25,O,B,Urgent,0
2599,60,61,61.68,98.47,94.55,84.28,466,9.001,1,1,B,O,Normal,0
2600,47,26,77.67,63.85,87.95,67.81,814,14.019,0,21,O,A,Routine,1
2601,52,76,65.58,41.44,35.72,75.59,543,5.083,3,24,B,O,Urgent,0
2602,47,20,88.86,67.71,23.57,63.85,383,5.071,8,27,B,A,Routine,0
2603,42,44,70.4,7.69,20.03,93.32,697,7.351,1,2,B,A,Critical,1
2604,60,77,91.71,38.38,14.56,47.25,678,11.325,0,17,B,O,Urgent,0
2605,25,51,51.02,,43.9,56.78,506,5.123,1,26,O,B,Normal,0
2606,59,47,68.66,86.45,80.56,99.36,558,10.732,2,12,O,O,Urgent,0
2607,55,45,67.63,14.59,5.93,91.27,389,6.919,1,10,O,B,Urgent,1
2608,27,55,46.73,78.69,9.27,50.72,223,6.561,0,28,A,O,Urgent,0
2609,43,32,81.68,62.61,3.24,76.77,221,12.52,0,11,O,B,Urgent,1
2610,45,44,75.29,56.46,91.5,78.77,12,10.529,1,1,A,A,Normal,0
2611,33,40,94.6,51.53,86.99,69.71,271,7.146,2,7,A,B,Normal,1
2612,26,33,59.12,33.92,5.14,66.66,172,12.114,0,7,B,O,Urgent,1
2613,62,76,66.37,36.31,18.99,50.91,371,10.569,0,14,A,O,Normal,0
2614,57,74,31.75,12.91,33.4,89.87,222,6.626,4,17,A,O,Normal,0
2615,67,,38.51,49.44,24.27,69.86,49,11.327,1,19,A,O,Normal,0
2616,28,38,64.34,64.22,61.34,76.75,10,11.705,1,10,A,A,Normal,0
2617,29,36,77.01,28.73,49.75,88.32,946,9.109,0,7,A,A,Normal,1
2618,57,49,45.02,42.9,31.95,52.28,261,8.325,3,8,O,B,Routine,0
2619,18,37,31.5,16.61,5.46,81.41,663,11.117,1,19,O,B,Urgent,1
2620,27,36,97.87,36.16,66.97,52.5,122,12.938,3,9,B,O,Normal,0
2621,35,35,65.8,6.06,50.93,85.75,556,14.737,0,0,A,A,Normal,1
2622,34,42,71.59,59.93,80.91,92.04,616,12.721,0,8,B,B,Routine,1
2623,43,39,76.23,57.55,58.36,73.76,853,7.972,1,4,O,O,Urgent,1
2624,23,20,76.78,77.53,2.59,91.0,484,6.141,0,3,AB,O,Routine,1
2625,41,68,90.18,61.49,65.98,96.58,787,16.173,0,27,O,B,Urgent,0
2626,66,67,28.92,93.98,74.15,93.86,719,10.248,1,1,O,O,Normal,0
2627,29,19,95.14,8.4,86.37,75.91,45,12.233,1,10,B,A,Normal,0
2628,18,30,76.33,73.12,68.48,67.41,802,6.515,2,12,O,A,Urgent,0
2629,33,54,63.39,18.75,25.53,50.05,505,16.133,3,21,A,A,Normal,1
2630,20,50,35.07,20.95,1.59,86.05,484,10.567,0,30,B,A,Critical,0
2631,56,47,49.69,35.05,93.58,47.72,80,15.871,0,9,B,A,Urgent,0
2632,21,31,83.99,37.83,81.16,92.94,728,9.014,1,10,B,O,Urgent,0
2633,56,77,88.74,64.76,48.66,59.0,82,9.384,4,21,A,B,Routine,0
2634,37,70,87.63,88.22,58.54,54.21,889,9.218,1,33,B,O,Urgent,0
2635,65,60,62.38,26.43,90.35,48.56,538,13.957,0,5,O,AB,Urgent,1
2636,58,74,72.78,86.24,8.01,80.93,417,10.674,1,16,B,O,Critical,0
2637,21,28,46.36,89.77,1.79,47.15,401,14.312,0,7,O,A,Urgent,0
2638,51,59,97.05,22.33,83.28,58.36,666,7.828,3,8,O,B,Critical,1
2639,26,42,85.95,68.68,78.03,65.69,904,15.405,8,16,B,O,Urgent,0
2640,39,21,53.6,43.06,33.24,46.65,906,5.98,2,18,A,A,Critical,0
2641,62,31,49.63,41.27,72.9,91.94,274,9.259,4,31,B,A,Normal,0
2642,51,60,36.48,26.58,8.1,87.85,770,5.443,2,9,B,AB,Normal,0
2643,23,66,83.35,17.21,35.99,51.89,911,0.5,4,43,O,B,Urgent,1
2644,61,57,40.68,63.98,63.92,65.32,1000,10.087,4,4,O,AB,Urgent,0
2645,25,24,66.82,87.03,58.35,67.57,550,9.704,1,1,O,B,Normal,1
2646,55,55,88.8,87.04,27.21,64.22,48,16.843,0,0,B,O,Urgent,0
2647,62,20,73.58,38.88,18.92,56.01,575,9.865,2,42,A,B,Critical,0
2648,39,61,64.39,66.03,78.38,67.47,148,11.694,0,22,B,A,Urgent,0
2649,34,22,69.86,40.53,21.19,61.15,495,12.186,0,12,O,B,Routine,1
2650,48,69,79.68,16.92,19.11,56.84,387,16.101,1,21,O,O,Normal,1
2651,37,52,80.22,9.01,17.07,84.68,752,8.978,3,15,B,O,Routine,1
2652,58,74,66.27,27.04,23.38,54.19,569,6.04,0,16,B,AB,Urgent,0
2653,62,21,86.7,57.7,88.91,99.55,831,13.713,2,41,O,A,Normal,0
2654,18,71,71.47,69.95,5.3,46.01,277,7.531,,53,O,B,Critical,0
2655,19,76,75.95,24.64,75.93,54.04,223,11.948,0,57,AB,B,Urgent,0
2656,53,53,41.62,89.58,95.78,79.29,811,14.717,0,0,O,B,Normal,0
2657,28,32,54.43,26.93,74.56,96.16,471,9.32,2,4,O,A,Urgent,1
2658,51,71,52.09,52.02,2.81,74.79,975,8.176,1,20,O,O,Urgent,1
2659,22,24,27.1,21.81,47.13,67.23,943,12.935,4,2,O,AB,Urgent,1
2660,33,44,26.7,19.41,36.06,98.45,235,8.629,0,11,O,A,Routine,0
2661,34,46,83.72,8.97,30.95,58.92,770,13.566,1,12,O,O,Critical,1
2662,23,59,25.51,43.86,63.79,92.08,97,6.55,0,36,B,B,Urgent,0
2663,68,21,56.38,74.61,0.25,89.64,22,6.33,1,47,B,O,Normal,0
2664,60,66,48.28,27.9,77.22,89.92,217,,6,6,B,O,Normal,0
2665,66,41,45.9,40.52,85.98,82.01,599,9.222,0,25,A,B,Normal,0
2666,24,71,90.28,6.67,26.84,92.23,71,15.63,0,47,A,B,Routine,0
2667,19,70,99.14,90.47,76.5,62.84,875,12.499,2,51,O,AB,Critical,0
2668,65,62,31.93,53.15,31.6,46.45,487,20.553,1,3,O,B,Routine,0
2669,67,73,89.19,2.24,30.03,99.96,971,8.221,0,6,O,O,Normal,1
2670,21,34,29.88,87.28,19.03,61.28,802,11.651,2,13,B,O,Urgent,0
2671,35,31,85.6,18.69,94.98,89.76,654,7.68,0,4,A,A,Urgent,1
2672,33,59,35.2,13.67,10.08,45.49,950,4.574,0,26,A,A,Normal,1
2673,56,55,27.17,59.47,11.21,92.82,206,10.211,1,1,O,O,Urgent,0
2674,41,76,91.79,22.87,34.15,82.75,811,13.314,0,35,O,O,Normal,1
2675,68,57,46.04,55.17,42.26,85.87,294,6.42,0,11,O,O,Urgent,1
2676,19,59,39.29,73.33,45.32,87.56,180,13.747,0,40,A,B,Normal,0
2677,66,72,33.58,93.45,70.32,91.7,388,9.269,2,6,A,B,Urgent,0
2678,59,20,36.06,87.67,97.68,68.06,715,7.156,8,39,A,O,Urgent,0
2679,57,53,86.24,94.35,73.29,94.85,324,17.978,0,4,O,A,Routine,0
2680,51,50,47.85,38.63,56.17,67.68,57,15.938,0,1,B,O,Urgent,0
2681,47,41,30.2,99.2,63.99,64.27,155,5.047,0,6,O,B,Critical,0
2682,32,21,59.01,52.48,36.02,59.12,920,4.909,0,11,A,O,Urgent,0
2683,40,74,66.75,20.82,82.55,47.27,560,9.25,6,34,A,A,Urgent,0
2684,64,54,96.41,55.92,52.52,89.94,57,7.82,3,10,B,B,Normal,1
2685,30,25,73.08,76.82,37.58,51.42,38,8.088,1,5,O,B,Routine,0
2686,62,72,35.57,1.52,56.53,49.32,874,8.396,1,10,B,B,Normal,1
2687,27,73,38.96,23.89,79.02,66.21,780,16.363,1,46,O,O,Urgent,0
2688,54,40,72.72,61.06,87.91,86.58,469,13.574,1,14,A,B,Normal,0
2689,22,75,84.15,93.27,30.6,79.48,743,13.163,1,53,O,O,Routine,0
2690,61,21,78.81,22.84,73.7,78.13,99,10.654,2,40,A,O,Normal,0
2691,69,63,60.55,24.56,18.55,46.85,406,3.038,0,6,O,O,Normal,0
2692,55,74,83.59,31.46,69.33,78.86,753,10.571,0,19,A,B,Urgent,1
2693,27,54,52.61,17.76,88.48,90.82,772,9.999,3,27,B,A,Urgent,0
2694,56,75,43.07,95.26,42.9,72.58,339,9.487,0,19,A,B,Urgent,0
2695,19,20,73.56,10.05,51.97,85.75,758,21.019,0,1,A,A,Urgent,1
2696,29,76,28.5,20.52,25.89,75.5,406,9.189,6,47,AB,O,Critical,0
2697,68,45,87.72,80.96,12.06,61.06,932,8.713,4,23,O,A,Routine,0
2698,23,65,33.01,64.17,13.37,92.65,769,11.127,4,42,O,A,Critical,0
2699,45,64,37.38,13.65,63.22,91.55,243,13.511,8,19,B,A,Urgent,0
2700,28,32,47.12,38.27,57.23,80.27,185,2.297,1,4,O,A,Critical,0
2701,42,64,49.92,14.45,78.08,90.32,404,15.128,7,22,O,O,Urgent,0
2702,57,32,75.56,46.59,32.17,51.64,250,10.341,2,25,A,O,Normal,0
2703,57,34,62.87,13.16,19.67,60.2,701,8.505,1,23,O,O,Urgent,1
2704,59,47,36.79,87.08,96.47,68.08,548,18.305,0,12,O,B,Normal,0
2705,67,48,82.9,46.81,86.85,65.1,477,6.412,0,19,B,A,Urgent,0
2706,32,63,98.8,94.5,22.93,55.17,996,11.801,1,31,O,O,Normal,1
2707,61,54,41.84,51.42,6.58,83.75,551,18.626,6,7,O,O,Urgent,0
2708,68,18,81.74,4.55,38.89,63.59,145,7.182,0,50,O,A,Normal,0
2709,37,72,28.24,57.75,30.88,46.03,853,0.5,0,35,A,A,Urgent,0
2710,35,27,56.44,60.13,43.61,72.27,887,8.342,5,8,A,B,Normal,0
2711,60,77,85.72,42.36,67.05,56.94,862,5.02,0,17,A,A,Normal,1
2712,26,50,57.69,85.71,5.07,93.68,301,14.384,1,24,A,O,Urgent,0
2713,59,60,61.37,92.03,91.24,57.87,775,11.567,0,1,A,B,Normal,0
2714,44,28,85.72,74.68,62.55,93.44,337,7.561,5,16,B,B,Normal,1
2715,28,41,65.3,21.87,65.92,47.67,268,13.439,4,13,O,A,Critical,1
2716,50,40,91.25,32.3,63.38,80.3,693,7.954,0,10,B,O,Critical,1
2717,41,30,83.6,84.74,78.37,74.48,204,7.594,3,11,B,O,Routine,0
2718,46,48,38.66,77.06,6.87,61.53,933,7.913,0,2,A,O,Normal,1
2719,64,62,76.97,66.93,89.69,57.69,434,11.718,0,2,O,O,Urgent,0
2720,22,,78.35,24.3,26.68,49.04,739,1.577,7,19,A,O,Normal,0
2721,37,39,85.61,87.77,30.29,91.37,326,9.517,1,2,B,O,Routine,0
2722,61,41,28.71,97.71,76.16,79.34,759,10.148,2,20,B,A,Urgent,0
2723,20,69,79.24,73.72,15.62,87.46,953,13.467,6,49,A,B,Normal,0
2724,45,56,30.33,32.11,35.29,49.37,215,6.812,0,11,O,O,Urgent,1
2725,66,63,62.78,40.67,70.15,92.03,615,11.827,2,3,O,A,Urgent,0
2726,67,56,95.64,68.22,97.47,73.04,604,4.826,0,11,B,A,Urgent,0
2727,55,66,44.85,64.8,1.0,65.47,960,12.209,0,11,O,O,Urgent,1
2728,38,75,67.52,85.12,22.13,72.95,823,16.977,1,37,O,O,Urgent,0
2729,40,58,83.08,79.46,77.39,96.74,757,5.065,0,18,A,O,Urgent,0
2730,26,34,93.76,35.99,95.07,61.67,628,6.565,0,8,B,A,Urgent,0
2731,34,47,84.65,84.48,70.29,61.02,906,5.12,2,13,B,O,Urgent,0
2732,46,59,57.3,81.21,9.02,65.28,688,0.5,0,13,B,O,Normal,0
2733,25,63,94.24,77.72,86.56,87.26,163,6.774,0,38,O,AB,Normal,0
2734,40,35,52.18,16.21,77.89,74.32,200,11.421,4,5,O,B,Routine,0
2735,66,31,58.88,64.9,23.73,82.69,486,10.298,0,35,B,B,Routine,0
2736,37,44,58.1,89.65,8.65,79.96,765,7.736,1,7,O,A,Normal,1
2737,27,31,86.29,10.84,21.8,93.17,314,10.344,1,4,O,O,Routine,1
2738,55,72,75.21,85.02,20.18,87.76,120,7.877,3,17,A,O,Normal,0
2739,57,25,58.88,69.76,32.04,84.19,659,7.119,1,32,A,A,Critical,0
2740,61,44,92.67,42.73,22.27,58.27,189,15.433,2,17,O,A,Urgent,0
2741,46,30,86.8,60.45,73.95,67.86,153,17.079,1,16,O,O,Urgent,0
2742,24,43,62.87,61.3,80.26,95.0,161,8.558,0,19,B,A,Routine,0
2743,61,59,30.7,23.93,81.97,57.19,828,6.152,0,2,O,O,Routine,1
2744,18,,68.58,24.62,82.82,92.74,114,3.564,0,35,O,A,Urgent,1
2745,68,64,99.32,27.43,66.56,50.99,604,6.796,2,4,O,O,Normal,1
2746,28,66,55.58,31.78,76.2,87.27,205,14.42,6,38,A,O,Routine,0
2747,41,18,51.65,30.55,33.74,64.64,636,9.776,1,23,A,B,Urgent,0
2748,24,41,27.55,84.24,74.56,92.44,469,11.252,0,17,A,O,Normal,0
2749,52,41,50.66,17.69,81.72,50.37,900,7.507,1,11,A,A,Urgent,1
2750,22,26,58.44,49.37,33.83,63.77,566,9.612,1,4,B,B,Critical,0
2751,47,47,60.99,50.98,87.68,45.92,770,4.649,1,0,B,A,Normal,0
2752,49,39,85.79,69.57,16.46,98.84,179,5.398,0,10,O,B,Normal,1
2753,62,55,77.06,16.23,25.29,77.08,603,9.99,1,7,B,A,Urgent,1
2754,25,41,67.31,24.06,4.25,46.39,755,10.562,4,16,B,A,Normal,0
2755,47,51,57.9,23.05,15.55,78.04,805,17.995,1,4,O,A,Routine,1
2756,32,30,54.29,69.36,95.93,76.41,944,8.747,0,2,O,O,Routine,0
2757,31,44,28.01,49.54,93.87,69.98,122,14.954,0,13,B,O,Normal,0
2758,63,69,74.41,35.61,40.12,52.55,102,18.897,2,6,A,A,Normal,0
2759,52,30,98.8,78.75,71.25,81.99,763,13.748,1,22,A,O,Urgent,0
2760,45,55,91.11,17.17,7.34,80.25,390,8.971,3,10,O,O,Normal,1
2761,59,51,57.61,22.72,7.31,52.16,126,9.208,2,8,O,B,Urgent,0
2762,25,71,39.4,59.21,91.65,83.84,419,9.15,0,46,A,O,Urgent,0
2763,18,70,91.15,13.71,30.28,82.73,555,7.605,0,52,A,B,Urgent,0
2764,49,46,74.24,55.33,66.34,51.75,338,20.281,0,3,O,A,Normal,0
2765,21,30,26.5,66.32,23.51,69.69,974,5.73,3,9,A,A,Routine,1
2766,38,31,52.09,34.69,34.43,75.7,400,7.173,4,7,AB,O,Normal,0
2767,68,27,77.66,3.46,52.89,96.95,614,11.905,0,41,A,B,Normal,0
2768,34,75,27.96,74.85,93.75,64.61,999,7.662,4,41,O,O,Urgent,0
2769,37,33,28.43,38.32,70.14,65.16,42,8.356,1,4,B,A,Routine,0
2770,34,34,72.35,23.87,15.32,98.94,984,10.222,0,0,A,A,Urgent,1
2771,61,48,98.19,62.69,79.77,54.46,774,8.473,0,13,B,B,Critical,1
2772,50,65,34.05,4.77,50.02,69.57,143,14.958,4,15,B,B,Critical,0
2773,57,57,46.56,98.43,93.4,75.88,258,12.349,0,0,B,A,Normal,0
2774,50,67,76.54,47.51,6.48,85.33,462,12.096,1,17,A,O,Critical,0
2775,47,25,52.4,44.03,80.24,95.87,168,11.222,0,22,O,A,Critical,0
2776,33,61,50.2,26.85,47.23,99.05,961,6.57,2,28,O,A,Normal,0
2777,19,51,62.85,19.37,63.68,88.44,441,9.714,1,32,O,A,Normal,1
2778,35,27,52.49,37.08,87.83,,660,8.087,0,8,O,O,Normal,1
2779,40,68,59.27,76.0,33.36,98.07,40,7.066,1,28,B,O,Normal,0
2780,39,19,83.39,66.45,0.68,79.45,118,23.891,0,20,O,B,Urgent,0
2781,53,61,34.57,51.75,19.79,93.72,658,14.028,1,8,O,O,Urgent,0
2782,26,26,28.68,84.01,55.91,99.52,619,14.159,0,0,B,O,Critical,0
2783,34,62,60.08,78.89,24.54,99.15,722,6.548,4,28,A,A,Routine,1
2784,29,21,45.78,4.66,7.72,99.46,640,13.016,0,8,O,O,Urgent,1
2785,49,40,69.52,29.56,54.15,64.9,145,17.364,5,9,A,O,Normal,0
2786,46,24,70.21,92.04,81.7,67.25,793,8.814,0,22,A,A,Normal,0
2787,21,27,83.1,63.88,15.78,86.54,535,13.064,1,6,B,A,Urgent,0
2788,22,28,43.94,76.1,13.51,72.96,702,13.209,3,6,O,O,Critical,1
2789,21,52,92.23,68.09,89.32,60.26,430,11.696,0,31,O,O,Critical,0
2790,28,56,50.24,77.63,34.05,72.29,135,7.632,0,28,O,O,Urgent,0
2791,39,36,61.01,32.05,16.84,74.59,923,10.554,2,3,O,B,Urgent,1
2792,53,37,74.13,4.42,52.17,89.14,446,9.854,0,16,A,O,Normal,0
2793,20,66,49.81,90.59,33.4,46.09,153,10.24,3,46,O,O,Critical,0
2794,19,36,27.56,26.54,87.95,86.54,817,4.629,0,17,A,O,Normal,0
2795,66,42,97.5,21.2,10.65,79.04,268,14.246,5,24,A,B,Urgent,0
2796,28,55,58.61,47.96,23.25,51.94,678,13.717,2,27,O,O,Normal,0
2797,42,56,40.2,44.16,61.49,93.11,772,6.34,2,14,AB,O,Urgent,0
2798,30,74,40.92,36.04,90.06,74.43,146,7.629,2,44,B,B,Normal,0
2799,40,28,25.42,99.68,80.64,55.01,47,13.266,3,12,O,O,Normal,0
2800,20,21,71.63,77.39,82.56,65.61,958,18.95,1,1,AB,O,Normal,0
2801,61,55,31.47,64.36,88.8,82.55,430,13.482,2,6,O,B,Normal,0
2802,23,61,35.95,66.11,47.82,50.21,396,14.671,0,38,B,A,Urgent,0
2803,36,67,74.13,98.3,56.14,91.16,478,9.881,2,31,O,A,Routine,0
2804,32,19,59.0,96.65,52.15,80.69,249,8.74,8,13,B,B,Urgent,0
2805,52,28,89.98,56.22,35.06,85.51,587,13.427,2,24,A,A,Normal,1
2806,46,68,67.93,30.26,46.56,76.0,498,14.77,6,22,B,O,Routine,0
2807,28,61,67.85,69.09,4.1,76.66,617,11.152,0,33,B,A,Normal,0
2808,46,22,42.86,82.23,52.0,50.32,396,11.095,3,24,A,B,Urgent,0
2809,31,29,27.16,33.95,27.0,55.29,572,5.695,0,2,B,O,Normal,0
2810,48,59,92.09,41.39,69.3,82.91,879,10.641,6,11,B,O,Normal,0
2811,27,54,42.28,74.66,33.99,71.19,456,14.029,3,27,O,O,Urgent,0
2812,32,59,67.49,15.23,58.91,48.54,197,17.347,1,27,O,O,Urgent,0
2813,64,33,87.24,66.95,33.75,79.32,817,,0,31,B,A,Normal,0
2814,65,76,35.47,27.59,17.81,54.95,838,11.251,7,11,O,B,Urgent,0
2815,45,72,83.05,86.64,20.76,56.66,2,11.12,6,27,O,B,Normal,0
2816,61,60,97.96,81.49,74.07,96.46,595,16.904,1,1,B,A,Urgent,0
2817,68,63,38.15,93.86,78.91,72.0,37,12.529,2,5,O,O,Routine,0
2818,43,71,96.26,85.68,45.97,87.49,99,17.903,3,28,O,B,Normal,0
2819,63,36,35.89,41.91,47.95,93.78,397,14.888,4,27,O,A,Critical,0
2820,26,58,42.33,59.17,84.18,45.39,937,14.905,4,32,A,O,Critical,0
2821,41,21,68.24,80.27,99.59,81.38,434,11.442,1,20,O,O,Urgent,1
2822,20,44,50.6,56.59,36.07,46.6,542,4.219,1,24,A,A,Normal,1
2823,47,56,53.91,86.12,98.81,55.2,570,12.65,1,9,A,A,Normal,0
2824,41,26,90.19,8.02,23.16,54.68,224,10.559,4,15,O,B,Urgent,1
2825,48,40,46.43,99.5,13.99,76.02,241,8.69,0,8,O,A,Routine,0
2826,35,36,25.31,34.11,37.38,83.39,579,11.41,0,1,A,O,Normal,0
2827,37,63,32.85,58.36,56.15,97.02,24,18.49,2,26,B,O,Routine,0
2828,62,50,39.23,11.74,49.4,47.01,651,13.776,3,12,O,A,Normal,1
2829,69,68,91.91,41.25,37.29,91.62,485,7.902,3,1,B,A,Urgent,1
2830,65,68,83.8,60.72,79.69,65.14,29,10.54,2,3,O,A,Urgent,0
2831,37,39,67.12,21.01,32.67,45.44,831,9.219,0,2,O,O,Normal,1
2832,34,67,39.13,17.21,6.39,98.82,268,11.852,0,33,A,O,Normal,0
2833,69,59,65.75,97.64,51.39,88.17,178,5.186,3,10,AB,O,Normal,0
2834,51,41,49.34,75.37,72.95,62.89,460,12.576,2,10,A,A,Urgent,0
2835,21,48,27.24,46.48,65.82,69.01,132,15.732,0,27,B,A,Normal,0
2836,52,45,41.91,87.97,79.53,45.89,661,6.967,0,7,A,B,Normal,0
2837,25,50,99.16,92.31,59.96,49.06,528,16.661,1,25,B,B,Critical,1
2838,21,48,51.37,47.49,79.36,54.64,245,9.088,3,27,O,O,Critical,0
2839,49,68,36.68,52.51,2.81,47.77,214,13.43,0,19,O,B,Critical,0
2840,20,23,50.42,49.59,81.77,54.5,294,10.797,,3,B,B,Normal,0
2841,59,57,73.54,16.02,28.87,64.86,662,17.234,,2,O,B,Urgent,1
2842,64,18,59.19,17.42,13.29,,618,7.765,3,46,B,A,Critical,0
2843,31,38,81.31,57.1,98.57,79.67,246,10.514,4,7,A,B,Urgent,0
2844,37,76,97.14,3.92,4.01,87.88,131,11.711,0,39,O,O,Urgent,1
2845,60,67,37.89,62.36,57.63,96.46,798,10.262,1,7,O,A,Normal,1
2846,29,72,26.89,36.1,47.21,93.0,410,10.936,1,43,AB,B,Normal,0
2847,26,24,91.18,84.88,57.3,60.72,518,11.591,1,2,O,O,Urgent,1
2848,27,71,36.23,30.91,15.75,67.56,636,11.324,5,44,O,B,Urgent,0
2849,23,35,46.66,63.45,94.41,74.95,3,8.109,1,12,O,O,Routine,0
2850,40,29,33.24,85.77,57.26,52.55,83,14.744,0,11,B,B,Urgent,0
2851,66,77,51.52,4.18,20.41,87.57,53,0.97,0,11,O,B,Routine,1
2852,48,19,98.68,7.57,19.33,93.75,839,7.966,3,29,O,O,Normal,1
2853,24,41,33.83,60.49,90.53,79.12,592,16.19,0,17,A,A,Routine,0
2854,40,73,80.21,93.48,21.69,96.05,401,3.298,3,33,O,B,Critical,0
2855,18,77,63.75,89.42,26.21,95.28,655,15.697,1,59,A,AB,Urgent,0
2856,18,76,66.84,11.96,5.87,84.47,44,11.279,1,58,O,O,Normal,0
2857,67,70,53.16,92.78,51.6,89.05,648,8.906,0,3,O,A,Urgent,0
2858,33,28,85.24,66.77,67.33,76.21,760,12.574,1,5,A,B,Critical,0
2859,23,71,63.88,28.31,34.02,47.11,139,6.138,0,48,O,AB,Routine,0
2860,33,73,28.8,65.48,11.87,49.38,614,14.078,3,40,O,O,Critical,0
2861,36,76,34.56,49.9,60.93,53.21,415,9.884,3,40,A,O,Normal,0
2862,47,31,51.55,5.78,54.96,46.64,48,20.985,1,16,O,A,Urgent,0
2863,43,45,88.98,40.76,52.14,54.02,107,6.782,8,2,B,O,Urgent,0
2864,45,27,86.8,29.26,90.02,71.07,360,0.98,0,18,A,A,Normal,1
2865,59,44,77.19,81.19,37.36,81.06,164,4.827,0,15,A,A,Normal,0
2866,19,46,65.18,62.43,83.29,81.46,326,12.424,2,27,O,O,Urgent,0
2867,49,34,44.16,59.27,32.28,68.84,188,15.632,2,15,B,O,Normal,0
2868,49,66,35.07,28.05,84.91,51.47,982,16.95,4,17,B,A,Critical,0
2869,23,66,81.6,51.35,1.43,93.93,493,13.919,2,43,B,O,Routine,0
2870,26,33,90.52,83.33,79.63,82.41,140,11.89,2,7,B,O,Critical,0
2871,62,72,37.82,35.7,28.52,66.69,394,10.945,0,10,O,A,Normal,1
2872,30,45,78.19,11.34,44.87,98.26,793,8.253,2,15,B,A,Urgent,0
2873,39,40,31.75,53.9,89.0,92.3,282,6.997,3,1,O,B,Urgent,0
2874,,44,82.26,72.34,57.91,91.38,182,8.811,1,21,A,A,Routine,1
2875,50,22,26.51,12.74,44.97,61.11,38,13.859,8,28,O,A,Routine,0
2876,51,25,52.58,63.46,69.8,71.12,843,6.882,0,26,O,AB,Normal,0
2877,27,74,99.22,23.99,34.32,60.79,838,11.64,0,47,O,A,Critical,0
2878,29,39,99.84,81.01,34.57,92.97,337,7.174,3,10,A,O,Urgent,0
2879,39,44,33.67,15.91,17.1,66.1,45,6.867,8,5,O,B,Normal,0
2880,49,64,84.76,12.48,80.43,46.86,602,6.504,0,15,A,A,Normal,0
2881,49,40,28.43,47.01,49.26,77.19,967,8.15,1,9,O,B,Normal,0
2882,63,30,32.89,42.9,30.0,80.78,774,11.761,0,33,O,O,Critical,1
2883,28,74,50.39,23.61,9.42,85.9,222,6.342,3,46,A,A,Urgent,0
2884,24,19,48.12,62.51,50.1,65.99,404,4.942,0,5,O,B,Urgent,0
2885,34,65,80.73,75.27,11.82,81.73,296,13.994,5,31,B,O,Urgent,0
2886,37,65,63.38,56.86,73.5,85.19,799,16.957,1,28,B,B,Routine,0
2887,52,24,26.59,20.27,14.11,87.05,223,11.185,1,28,A,B,Urgent,0
2888,37,34,96.18,2.34,34.75,75.86,364,8.896,0,3,AB,O,Urgent,0
2889,30,28,71.07,45.14,86.49,73.62,566,10.606,0,2,A,B,Critical,0
2890,33,52,50.46,79.88,46.72,85.5,594,11.332,0,19,AB,B,Urgent,0
2891,56,24,44.75,39.87,51.04,58.21,23,10.522,2,32,O,A,Urgent,0
2892,19,40,95.76,23.98,87.9,59.26,776,7.697,2,21,B,A,Critical,0
2893,26,28,58.49,46.65,73.18,58.81,296,2.461,0,2,O,O,Critical,1
2894,32,38,50.92,82.69,59.08,89.79,909,15.183,2,6,O,A,Urgent,0
2895,47,21,87.12,39.07,99.82,87.63,356,5.76,,26,O,B,Normal,0
2896,23,52,31.69,82.1,42.19,74.03,850,12.247,0,29,O,O,Critical,0
2897,45,55,70.35,20.27,47.83,68.74,451,9.043,1,10,O,O,Normal,1
2898,24,73,79.42,26.19,36.73,83.76,844,11.813,3,49,B,A,Normal,0
2899,22,60,37.99,3.53,18.77,47.23,989,13.426,6,38,A,A,Urgent,0
2900,59,38,47.06,91.92,18.54,99.98,364,11.93,0,21,O,O,Urgent,0
2901,44,47,87.18,43.97,44.9,49.52,901,9.962,1,3,O,O,Normal,0
2902,55,63,56.12,82.69,47.82,60.93,287,6.851,4,8,A,A,Urgent,0
2903,67,23,79.8,67.23,30.32,72.35,9,9.141,0,44,A,O,Normal,0
2904,64,58,91.3,29.66,83.82,67.68,71,1.84,0,6,O,O,Normal,1
2905,63,21,95.33,95.75,65.42,88.72,585,19.532,0,42,A,O,Normal,0
2906,61,71,34.41,72.12,17.02,73.67,423,7.664,1,10,O,O,Normal,1
2907,55,62,48.01,86.34,81.34,77.07,198,9.432,2,7,B,O,Urgent,0
2908,65,53,44.08,25.06,83.64,97.04,742,9.784,0,12,O,O,Normal,0
2909,47,70,51.64,40.44,17.55,55.57,510,12.651,0,23,AB,O,Urgent,0
2910,42,31,73.77,74.22,23.43,61.88,171,2.173,0,11,A,B,Normal,0
2911,53,68,51.31,35.45,62.38,80.18,242,14.445,0,15,O,O,Normal,0
2912,68,19,89.56,17.17,13.63,81.84,92,6.873,0,49,B,A,Critical,0
2913,35,29,54.38,81.5,40.84,63.5,928,14.469,5,6,O,B,Critical,0
2914,41,53,73.31,45.27,96.09,69.72,226,15.585,2,12,B,B,Normal,0
2915,34,40,96.5,79.07,1.33,46.97,986,8.811,2,6,O,B,Urgent,1
2916,49,38,34.98,42.57,39.39,89.74,103,6.882,1,11,A,O,Critical,1
2917,25,36,56.53,54.04,59.25,56.81,581,11.595,2,11,A,AB,Normal,0
2918,22,43,35.62,2.12,19.09,73.79,611,8.072,0,21,O,O,Normal,1
2919,65,75,59.63,36.2,30.16,73.23,169,17.08,2,10,O,A,Normal,0
2920,61,54,88.3,57.96,13.53,71.11,591,16.28,1,7,O,O,Normal,1
2921,18,49,65.5,22.87,77.21,55.59,151,10.755,0,31,O,A,Critical,0
2922,39,77,67.58,17.42,2.62,70.54,387,14.412,0,38,AB,B,Urgent,0
2923,57,39,61.33,95.47,29.5,51.55,632,10.12,4,18,B,A,Normal,0
2924,22,32,38.4,55.2,71.8,87.19,639,7.172,0,10,AB,B,Normal,0
2925,67,71,63.6,,47.12,47.01,518,1.223,1,4,O,O,Urgent,1
2926,56,61,42.79,34.59,63.45,75.66,694,10.415,0,5,O,O,Urgent,0
2927,24,42,57.73,79.82,29.39,79.02,640,7.958,1,18,A,B,Routine,0
2928,34,41,36.68,68.66,72.34,78.56,19,11.101,0,7,A,A,Urgent,0
2929,24,39,53.2,16.9,69.1,48.12,922,11.94,0,15,A,A,Normal,0
2930,28,36,49.89,88.81,39.33,84.95,520,15.979,1,8,A,B,Routine,0
2931,67,24,93.51,79.65,29.35,50.58,618,12.519,2,43,AB,B,Urgent,0
2932,25,24,77.36,93.51,37.09,62.89,631,11.104,0,1,A,AB,Routine,0
2933,35,29,81.36,46.82,9.45,65.38,351,18.321,7,6,B,A,Critical,0
2934,42,64,80.14,28.95,92.28,58.33,598,5.37,2,22,A,AB,Normal,1
2935,67,64,45.9,15.23,1.82,88.54,769,9.949,2,3,A,O,Normal,1
2936,32,45,84.49,84.55,92.74,89.24,656,6.615,2,13,O,B,Normal,0
2937,24,66,83.79,30.02,56.37,92.62,807,11.756,3,42,O,B,Urgent,0
2938,23,73,82.81,38.86,13.1,77.85,167,16.319,2,50,A,A,Normal,1
2939,50,47,90.61,62.8,81.09,93.46,582,7.298,2,3,A,A,Urgent,1
2940,64,70,82.18,60.09,20.66,76.95,7,7.864,1,6,O,O,Routine,1
2941,59,57,81.7,97.95,79.5,91.49,477,14.84,1,2,B,B,Normal,0
2942,36,45,47.38,86.98,64.4,57.07,988,13.681,0,9,O,B,Urgent,0
2943,25,58,62.17,18.09,37.44,54.6,950,15.065,0,33,B,B,Urgent,1
2944,23,56,32.37,16.47,78.76,88.54,664,10.464,0,33,A,B,Routine,0
2945,48,52,87.82,29.3,81.64,83.72,597,13.626,1,4,B,O,Urgent,0
2946,54,66,70.13,16.68,50.7,46.73,554,8.382,0,12,O,O,Urgent,1
2947,30,24,70.31,94.71,60.57,68.26,262,,8,6,AB,O,Urgent,0
2948,43,33,51.09,91.81,65.09,53.29,884,12.987,0,10,O,A,Critical,0
2949,26,62,44.61,17.65,53.08,50.1,430,8.603,4,36,A,A,Urgent,0
2950,24,50,71.06,3.92,47.87,53.0,966,9.895,0,26,B,O,Critical,0
2951,25,41,27.13,92.89,87.31,78.69,623,18.384,2,16,A,O,Normal,0
2952,21,26,58.16,28.32,,94.17,865,9.018,0,5,AB,O,Routine,1
2953,28,25,92.92,42.75,8.43,46.55,865,6.355,0,3,B,B,Normal,1
2954,63,72,92.16,4.06,19.22,64.33,508,10.534,2,9,O,B,Normal,1
2955,40,24,68.15,21.67,93.64,,509,11.627,1,16,A,B,Urgent,0
2956,28,58,90.99,80.4,60.0,85.36,337,6.231,1,30,A,O,Urgent,0
2957,61,54,76.0,27.26,31.53,91.42,719,3.898,3,7,A,A,Urgent,1
2958,27,23,95.66,13.18,41.42,83.52,435,14.45,4,4,O,O,Urgent,0
2959,35,24,67.65,61.3,28.62,98.52,911,8.344,0,11,A,A,Urgent,1
2960,67,25,31.97,36.45,10.27,61.02,845,9.091,2,42,O,A,Critical,0
2961,55,68,30.31,82.64,25.58,98.92,53,8.794,2,13,B,O,Urgent,0
2962,27,18,63.33,51.84,34.56,92.38,570,8.843,0,9,B,A,Normal,0
2963,63,58,76.6,11.77,41.99,46.6,855,10.859,1,5,A,A,Urgent,1
2964,42,42,38.97,37.48,88.29,93.6,611,4.905,1,0,A,B,Urgent,0
2965,59,55,75.83,64.58,12.94,58.66,284,9.38,0,4,O,A,Normal,1
2966,21,36,93.57,69.67,63.55,69.46,864,14.421,5,15,A,B,Critical,0
2967,59,21,66.12,36.4,33.47,73.64,232,11.55,2,38,B,O,Urgent,0
2968,63,43,57.76,59.49,67.76,79.24,451,1.175,0,20,O,B,Normal,0
2969,46,60,81.66,8.36,79.59,65.22,541,1.033,2,14,B,B,Urgent,1
2970,54,69,64.82,0.18,85.42,90.86,730,8.149,0,15,O,O,Critical,1
2971,53,47,34.33,62.7,51.47,88.48,935,11.038,1,6,O,O,Urgent,1
2972,19,74,87.15,29.21,84.46,52.25,301,18.506,0,55,B,O,Urgent,0
2973,62,64,38.38,19.88,75.95,46.29,398,16.795,2,2,O,AB,Normal,0
2974,27,77,87.2,14.96,10.89,48.22,481,14.268,2,50,A,A,Urgent,1
2975,46,25,27.73,37.38,24.98,72.22,517,6.542,1,21,B,A,Urgent,0
2976,27,24,67.82,30.96,84.53,50.47,944,11.332,1,3,B,A,Normal,0
2977,57,22,94.53,12.84,69.56,53.66,674,10.052,0,35,O,B,Urgent,0
2978,49,64,92.51,75.52,7.88,85.28,199,16.514,0,15,O,B,Urgent,0
2979,34,27,69.57,92.62,30.83,54.25,707,15.453,1,7,B,A,Urgent,0
2980,21,54,92.08,24.83,99.03,64.63,258,9.647,3,33,B,O,Normal,0
2981,62,29,81.06,11.13,24.34,96.31,47,5.13,2,33,O,A,Normal,1
2982,36,39,67.71,26.47,63.81,70.4,180,14.671,2,3,O,O,Routine,1
2983,33,50,29.51,80.26,19.38,50.4,103,13.443,2,17,B,O,Critical,0
2984,39,24,94.33,55.22,80.38,65.8,964,14.306,5,15,O,O,Urgent,0
2985,43,63,26.76,47.38,39.67,81.6,547,14.99,0,20,O,O,Urgent,0
2986,55,52,99.73,49.05,36.5,45.41,893,4.05,3,3,O,B,Normal,1
2987,35,56,32.75,26.49,25.34,84.79,759,15.601,7,21,O,O,Urgent,0
2988,20,75,42.03,27.24,10.73,47.35,473,11.136,0,55,B,B,Critical,0
2989,46,27,80.99,46.7,46.56,72.2,855,11.245,0,19,B,A,Normal,0
2990,41,75,83.74,47.84,8.53,72.1,722,14.758,0,34,O,A,Normal,1
2991,29,39,93.09,43.28,17.8,87.34,414,13.818,1,10,O,O,Normal,1
2992,51,69,60.57,88.14,91.48,99.3,58,11.294,1,18,O,A,Normal,0
2993,69,71,47.6,74.53,67.61,94.43,203,18.331,0,2,A,O,Urgent,0
2994,33,52,55.03,82.35,89.92,59.67,364,13.488,2,19,O,A,Urgent,0
2995,58,75,51.1,52.13,37.44,49.67,384,11.052,0,17,AB,B,Urgent,0
2996,23,71,62.14,65.93,19.27,51.63,635,9.611,1,48,O,B,Urgent,0
2997,37,51,50.42,85.88,81.49,85.07,485,12.699,0,14,A,A,Routine,0
2998,37,64,94.72,77.1,41.0,46.09,650,11.265,1,27,B,O,Urgent,0
2999,44,76,71.93,27.53,97.63,58.51,724,1.934,0,32,O,O,Urgent,0
3000,35,54,74.97,25.67,82.72,95.08,786,12.282,0,19,O,AB,Normal,1
3001,35,49,63.89,93.38,99.9,61.96,739,9.218,1,14,O,B,Routine,0
3002,33,49,81.09,22.02,5.91,59.41,419,15.978,0,16,B,O,Routine,0
3003,69,30,37.68,20.4,75.64,66.09,298,9.821,4,39,O,A,Urgent,0
3004,58,49,48.48,5.37,84.38,,825,19.279,1,9,B,O,Critical,0
3005,68,32,45.35,0.48,51.79,77.5,221,9.206,1,36,O,O,Normal,1
3006,24,22,99.97,13.79,40.06,66.92,613,17.872,1,2,B,A,Normal,1
3007,42,33,45.08,60.87,71.75,76.43,638,4.008,0,9,O,O,Normal,0
3008,68,36,86.5,9.55,13.35,93.62,4,14.563,1,32,O,B,Normal,0
3009,48,54,86.02,63.69,37.33,61.73,193,11.36,3,6,B,A,Normal,0
3010,55,64,72.88,66.32,39.46,65.29,173,5.788,6,9,B,B,Critical,0
3011,66,62,37.83,68.66,97.41,54.37,278,14.001,0,4,B,O,Urgent,0
3012,54,18,46.82,78.56,99.8,94.77,284,5.981,0,36,O,O,Urgent,0
3013,62,35,95.16,42.35,14.73,47.1,284,10.439,0,27,O,O,Routine,1
3014,28,75,66.61,61.47,39.59,51.99,549,10.465,0,47,A,O,Normal,0
3015,24,43,70.02,60.19,17.46,88.1,966,10.604,0,19,O,A,Routine,1
3016,38,39,93.72,76.03,4.22,95.57,642,6.083,0,1,A,O,Urgent,1
3017,57,63,96.59,5.97,13.73,99.2,700,12.183,4,6,O,A,Critical,1
3018,65,70,90.96,56.68,55.69,54.83,272,13.807,1,5,B,B,Critical,1
3019,24,34,49.95,67.75,15.99,50.92,586,10.101,2,10,O,O,Normal,1
3020,37,27,83.05,71.86,38.72,68.5,725,13.119,6,10,O,O,Normal,0
3021,49,23,72.83,75.86,16.61,70.37,187,11.894,5,26,A,A,Normal,0
3022,25,65,65.87,36.91,65.63,66.62,463,17.278,2,40,O,O,Urgent,0
3023,33,63,47.89,60.41,29.2,96.73,905,9.144,3,30,B,A,Normal,0
3024,41,42,34.95,4.28,29.65,87.59,921,10.021,3,1,O,B,Urgent,0
3025,33,33,42.73,84.68,7.45,61.72,859,5.575,0,0,B,O,Critical,0
3026,41,47,93.7,17.32,0.17,57.68,32,17.109,0,6,O,A,Urgent,1
3027,19,48,42.37,24.72,86.31,55.38,947,4.616,1,29,AB,O,Urgent,0
3028,58,41,63.21,13.03,75.92,89.97,810,8.38,0,17,AB,O,Normal,0
3029,25,49,41.46,95.29,80.74,67.82,546,5.318,2,24,B,O,Urgent,0
3030,66,36,47.24,53.15,51.98,96.33,296,10.872,2,30,AB,O,Urgent,0
3031,39,38,32.22,3.82,87.01,80.76,346,19.024,2,1,A,A,Urgent,0
3032,66,68,61.13,67.45,37.63,73.77,145,11.275,5,2,A,O,Urgent,0
3033,66,28,41.12,5.84,54.92,49.51,960,6.757,2,38,B,O,Normal,0
3034,18,67,85.86,62.96,2.69,92.68,857,4.733,0,49,O,O,Normal,1
3035,55,29,40.59,11.35,63.81,62.8,663,7.639,2,26,AB,A,Critical,0
3036,27,52,28.69,18.91,25.38,56.07,501,10.245,0,25,O,A,Normal,1
3037,26,60,79.25,56.49,45.77,50.39,486,9.693,4,34,A,O,Urgent,0
3038,51,41,73.97,22.42,71.37,85.86,887,5.948,1,10,A,O,Urgent,0
3039,53,52,26.47,13.42,29.83,67.7,442,11.564,1,1,B,B,Normal,0
3040,26,72,25.62,43.31,50.96,61.56,135,6.803,1,46,B,A,Critical,0
3041,47,48,60.24,32.84,69.35,82.99,734,15.868,4,1,O,O,Normal,0
3042,66,61,68.52,27.04,54.07,93.32,97,19.813,2,5,O,O,Urgent,0
3043,40,76,58.37,85.77,23.97,75.11,244,13.38,4,36,O,A,Routine,0
3044,42,24,34.24,20.65,60.0,85.01,874,12.778,4,18,A,O,Normal,0
3045,60,49,30.13,21.99,89.63,58.56,338,20.57,1,11,O,O,Urgent,0
3046,64,18,85.2,30.25,52.65,55.41,789,9.213,1,46,A,A,Urgent,0
3047,69,63,36.14,61.5,72.72,86.1,650,12.098,1,6,AB,B,Critical,0
3048,57,36,58.11,75.6,56.63,82.02,650,9.24,2,21,A,A,Normal,0
3049,28,70,44.06,87.51,3.4,62.79,943,11.336,7,42,B,O,Normal,0
3050,39,22,80.9,12.52,75.45,49.33,805,18.229,0,17,O,A,Urgent,1
3051,33,18,57.4,6.68,51.23,82.34,404,9.412,4,15,A,O,Normal,0
3052,24,39,98.06,15.79,47.37,67.56,628,9.655,0,15,AB,O,Urgent,1
3053,64,23,89.97,21.75,8.03,51.46,629,12.944,0,41,A,O,Normal,0
3054,52,62,59.59,77.84,5.26,83.53,819,11.128,6,10,A,O,Urgent,0
3055,44,58,81.6,34.47,29.46,95.48,238,5.993,0,14,A,B,Urgent,1
3056,40,68,58.35,61.8,50.98,,99,12.154,0,28,O,O,Urgent,0
3057,69,55,85.59,48.41,90.13,98.14,478,5.802,0,14,A,B,Urgent,0
3058,26,20,43.18,19.27,16.92,50.03,592,6.058,2,6,O,O,Normal,1
3059,31,73,83.56,17.39,10.16,56.48,779,7.848,6,42,B,B,Urgent,1
3060,47,43,59.88,41.1,12.37,62.77,14,11.161,0,4,B,O,Normal,0
3061,60,54,89.42,80.6,2.43,74.06,739,13.126,2,6,A,A,Urgent,1
3062,32,48,88.66,13.4,32.49,72.96,675,12.034,2,16,B,A,Routine,0
3063,52,20,26.73,19.76,24.07,62.79,553,9.826,0,32,AB,O,Urgent,0
3064,39,41,77.23,37.96,54.41,48.84,386,1.198,8,2,B,A,Critical,0
3065,30,60,43.03,51.7,90.14,49.38,481,13.242,2,30,O,O,Urgent,0
3066,24,47,63.79,71.82,51.58,49.28,769,15.521,0,23,O,AB,Urgent,0
3067,48,67,61.87,10.24,92.76,76.62,347,5.899,5,19,A,O,Urgent,0
3068,57,66,79.02,46.01,77.51,93.96,835,10.347,2,9,A,B,Normal,0
3069,59,40,53.95,13.66,78.66,77.87,368,14.552,3,19,B,O,Urgent,0
3070,49,37,29.0,38.58,30.87,95.43,479,7.584,0,12,B,O,Normal,0
3071,50,62,33.44,77.47,8.49,51.83,787,12.717,2,12,A,B,Critical,0
3072,66,56,46.03,75.18,34.33,54.15,884,11.352,3,10,O,A,Routine,0
3073,52,57,46.79,40.31,41.41,89.37,611,9.791,0,5,A,O,Normal,0
3074,62,29,43.91,70.6,23.55,78.0,3,8.374,2,33,A,O,Critical,0
3075,32,56,83.64,63.75,37.08,62.23,762,16.603,1,24,B,O,Normal,0
3076,18,77,51.07,87.69,20.1,56.69,136,7.386,0,59,O,O,Urgent,0
3077,35,74,38.82,40.53,77.51,49.25,635,7.255,2,39,A,AB,Normal,0
3078,19,32,58.77,32.75,46.78,48.63,560,10.984,4,13,A,A,Normal,0
3079,48,27,43.98,60.59,8.55,80.38,420,9.421,0,21,O,A,Urgent,0
3080,55,20,51.8,53.45,27.14,92.98,738,10.879,0,35,AB,B,Normal,0
3081,68,57,29.19,14.63,44.65,50.67,691,8.137,0,11,A,O,Routine,0
3082,53,36,74.97,49.31,80.94,54.37,476,14.388,0,17,O,O,Normal,0
3083,20,70,39.68,43.79,25.94,63.84,250,0.684,0,50,A,A,Critical,0
3084,65,67,93.87,10.81,6.86,92.11,206,16.343,0,2,B,O,Critical,1
3085,30,62,69.12,52.2,31.51,66.97,814,12.197,0,32,O,A,Urgent,0
3086,46,64,98.78,2.36,73.98,56.51,374,22.381,1,18,B,O,Normal,1
3087,39,60,52.74,33.27,57.68,99.03,860,10.69,1,21,A,A,Urgent,1
3088,37,,35.87,1.88,4.6,49.79,939,4.59,2,21,O,B,Routine,1
3089,36,57,54.32,46.9,1.25,64.96,850,15.252,0,21,AB,O,Critical,0
3090,47,60,74.69,24.84,72.02,87.22,247,12.344,0,13,O,O,Normal,1
3091,18,29,35.68,69.72,10.52,91.38,548,12.555,1,11,O,O,Normal,1
3092,41,21,94.84,13.78,21.59,79.91,518,2.402,2,20,B,B,Urgent,1
3093,50,49,37.32,60.8,78.3,69.25,900,15.824,0,1,A,B,Normal,0
3094,69,69,70.0,13.17,14.86,87.87,790,15.472,0,0,A,B,Urgent,1
3095,59,31,31.49,3.35,17.86,51.57,732,13.502,3,28,O,A,Urgent,0
3096,46,65,43.54,26.96,83.53,48.25,860,17.329,0,19,AB,O,Urgent,0
3097,61,61,96.5,86.22,95.32,91.57,374,19.099,1,0,O,B,Normal,0
3098,20,57,93.65,15.25,23.09,98.6,876,9.732,1,37,B,B,Normal,1
3099,22,71,58.0,26.39,78.58,95.95,154,3.109,7,49,A,O,Normal,0
3100,48,66,84.57,57.96,37.81,51.26,453,7.128,3,18,O,A,Urgent,0
3101,32,65,25.27,57.94,33.63,63.59,921,13.916,0,33,O,B,Critical,0
3102,56,41,60.81,8.7,5.08,54.58,210,8.941,0,15,B,O,Critical,0
3103,44,41,27.18,68.73,73.62,98.06,831,10.883,1,3,O,O,Urgent,1
3104,41,60,85.39,99.6,67.37,64.37,908,10.345,1,19,B,A,Urgent,0
3105,29,20,,48.6,3.79,82.47,562,9.516,0,9,B,O,Routine,1
3106,56,74,26.52,48.97,47.7,77.76,3,15.31,6,18,O,B,Normal,0
3107,18,49,59.2,52.96,49.99,87.37,861,6.906,2,31,O,B,Normal,0
3108,65,37,63.88,0.06,52.63,70.23,396,0.5,3,28,A,B,Normal,0
3109,67,43,76.74,72.08,57.64,76.76,914,8.579,1,24,O,O,Normal,1
3110,37,34,71.15,71.82,7.88,74.77,783,12.065,,3,B,B,Normal,1
3111,42,77,79.74,80.14,29.09,66.43,858,16.493,1,35,A,B,Normal,0
3112,28,58,69.19,95.28,13.92,47.08,957,10.595,1,30,O,B,Urgent,1
3113,68,41,87.15,19.41,45.54,75.72,290,20.019,1,27,A,A,Urgent,1
3114,30,39,90.7,6.48,28.37,98.69,439,5.714,1,9,A,A,Routine,1
3115,23,39,26.95,70.95,48.97,98.95,893,6.26,0,16,AB,A,Normal,0
3116,66,72,28.23,16.43,98.72,80.5,622,15.008,8,,A,O,Routine,0
3117,29,36,61.03,19.07,65.26,68.48,536,14.316,0,7,O,A,Normal,1
3118,47,57,77.57,23.37,34.92,81.97,953,5.191,0,10,A,A,Critical,1
3119,33,59,25.11,88.87,68.96,58.95,193,10.339,0,26,A,A,Urgent,0
3120,29,66,99.89,26.15,5.19,72.64,676,13.824,0,37,A,A,Urgent,1
3121,42,77,45.84,56.23,77.28,71.61,240,13.868,0,35,B,B,Urgent,0
3122,59,41,60.65,77.74,14.59,91.58,355,7.367,2,18,O,A,Urgent,0
3123,47,68,78.31,5.49,87.1,47.22,77,12.656,0,21,AB,B,Normal,0
3124,46,51,76.95,64.74,2.73,92.86,13,11.233,0,5,O,AB,Urgent,1
3125,51,75,28.5,40.56,15.05,63.58,585,14.323,2,24,AB,O,Critical,0
3126,53,37,77.47,29.05,15.31,63.38,646,9.944,0,16,A,A,Critical,1
3127,24,36,45.78,56.32,85.6,87.0,490,9.983,3,12,B,A,Critical,0
3128,44,55,48.01,77.81,3.87,84.87,612,14.221,1,11,O,O,Normal,1
3129,54,54,68.27,77.12,35.21,79.22,915,8.523,4,0,A,O,Normal,0
3130,65,43,44.15,91.09,54.27,85.81,744,17.34,,22,O,O,Normal,0
3131,53,18,52.4,56.06,73.96,98.89,148,12.043,1,35,O,O,Critical,0
3132,66,44,25.55,85.0,14.33,55.88,476,14.816,3,22,O,O,Routine,0
3133,33,59,86.45,86.62,43.73,59.66,433,7.429,0,26,O,O,Normal,0
3134,43,40,30.76,95.62,76.71,77.91,366,10.218,2,3,O,A,Urgent,0
3135,19,33,92.08,0.61,94.29,45.12,118,11.633,,14,A,O,Critical,0
3136,42,35,41.27,36.32,43.96,62.88,951,15.57,1,7,B,A,Normal,0
3137,49,32,28.2,16.77,90.18,76.46,230,13.545,1,17,O,O,Urgent,0
3138,36,53,48.6,50.0,46.87,80.61,499,12.169,1,17,B,B,Critical,1
3139,37,64,45.79,,52.94,56.32,409,15.239,0,27,B,AB,Normal,0
3140,47,36,29.01,48.6,3.13,96.32,67,14.395,0,11,O,B,Normal,0
3141,40,36,34.41,48.51,25.81,65.64,759,8.466,3,4,O,O,Urgent,0
3142,57,34,38.75,56.51,93.46,68.11,458,5.583,0,23,O,B,Normal,0
3143,24,47,53.28,88.49,25.66,73.29,162,7.161,2,23,A,A,Urgent,0
3144,40,44,62.25,25.72,55.9,83.21,685,7.215,5,4,B,A,Normal,1
3145,43,44,84.02,81.87,35.43,97.4,286,8.236,0,1,A,B,Urgent,1
3146,49,54,80.86,90.32,98.9,73.53,684,7.329,0,5,O,O,Normal,0
3147,22,38,25.38,85.45,13.72,56.9,434,11.649,1,16,B,O,Normal,0
3148,,62,84.19,31.29,89.61,75.86,717,17.328,2,5,A,O,Urgent,1
3149,53,69,91.41,49.27,4.87,61.99,263,15.019,1,16,O,O,Normal,1
3150,52,77,32.04,25.99,70.66,54.49,755,11.381,0,25,B,A,Critical,0
3151,63,37,30.28,98.92,31.42,73.36,389,14.42,2,26,A,B,Normal,0
3152,27,57,41.81,5.35,35.02,60.76,701,5.705,0,30,A,B,Critical,0
3153,60,38,43.37,26.67,67.51,81.19,550,8.031,0,22,O,A,Normal,1
3154,44,67,56.66,18.83,6.25,92.78,351,10.654,1,23,A,O,Normal,0
3155,32,37,98.77,52.27,41.96,91.19,380,13.168,1,5,A,O,Urgent,0
3156,43,37,88.96,68.99,50.64,68.58,267,11.1,1,6,O,A,Normal,1
3157,30,58,48.91,8.38,69.24,78.65,817,19.779,0,28,B,B,Normal,0
3158,67,71,28.89,94.73,99.22,59.75,740,16.793,0,4,O,AB,Normal,1
3159,32,40,58.92,43.82,99.57,68.12,291,16.838,0,8,B,A,Urgent,0
3160,48,69,48.9,17.54,8.12,68.94,331,15.187,1,21,AB,O,Urgent,0
3161,26,38,39.05,62.24,3.16,61.29,998,13.824,1,12,O,O,Normal,1
3162,23,76,94.94,12.99,8.19,50.64,840,16.392,4,53,O,A,Critical,0
3163,35,24,76.16,35.78,12.74,84.66,119,17.703,2,11,O,O,Critical,0
3164,59,39,65.97,61.67,93.44,78.95,312,9.949,0,20,A,A,Urgent,0
3165,59,75,41.96,3.57,21.95,64.28,653,4.263,0,16,O,O,Normal,1
3166,45,55,58.13,97.12,,53.87,309,5.442,3,10,O,A,Urgent,0
3167,29,45,47.5,43.26,2.96,71.16,284,12.77,0,16,B,O,Urgent,0
3168,66,67,30.27,42.94,79.42,45.26,919,8.966,4,1,A,O,Normal,0
3169,31,30,25.41,14.03,20.66,46.91,664,17.444,1,1,A,A,Critical,1
3170,35,23,37.24,33.63,95.09,85.89,391,7.073,6,12,O,B,Critical,0
3171,52,26,74.41,88.91,44.48,82.71,603,12.56,0,26,B,B,Critical,1
3172,62,75,29.49,78.5,45.68,56.08,211,14.518,4,13,A,O,Urgent,0
3173,53,64,42.02,67.96,58.08,70.17,875,11.857,2,11,O,O,Critical,0
3174,65,58,55.81,1.53,46.68,57.94,88,10.546,0,7,A,B,Normal,0
3175,26,36,48.53,97.61,67.83,82.03,729,10.334,1,10,A,A,Normal,1
3176,53,27,65.24,54.83,63.55,74.19,189,11.778,0,26,A,A,Critical,0
3177,26,62,46.98,38.79,2.4,89.65,804,16.148,2,36,A,A,Critical,0
3178,30,42,26.83,34.46,84.5,86.71,790,8.027,1,12,O,A,Routine,0
3179,31,46,43.64,80.12,14.47,92.71,984,9.633,1,15,O,B,Normal,0
3180,48,66,37.24,53.43,27.06,49.17,978,15.9,1,18,A,A,Urgent,0
3181,34,73,33.67,33.81,15.56,87.12,262,4.807,0,39,O,O,Urgent,1
3182,21,60,27.3,35.56,49.03,74.89,212,6.333,1,39,O,O,Normal,0
3183,23,49,88.54,26.34,18.75,74.74,857,6.336,0,26,A,B,Urgent,1
3184,56,35,44.06,61.75,92.83,89.66,331,10.869,0,21,B,A,Normal,0
3185,38,51,53.79,27.58,25.51,92.73,182,5.687,2,13,O,B,Normal,0
3186,25,34,49.52,28.33,64.66,58.45,596,13.747,0,9,B,B,Urgent,1
3187,42,76,83.83,96.73,7.84,47.94,708,9.354,1,34,A,A,Routine,0
3188,69,61,34.3,84.18,59.22,79.71,567,5.784,1,8,O,O,Urgent,1
3189,60,63,78.86,85.86,42.49,84.85,551,10.83,1,3,O,O,Urgent,0
3190,43,46,72.14,32.11,27.69,95.86,419,5.579,4,3,O,A,Normal,1
3191,40,41,33.34,63.69,53.76,72.14,641,18.866,3,1,O,AB,Normal,0
3192,34,37,80.69,0.53,21.7,91.28,305,16.108,1,3,B,O,Urgent,1
3193,61,53,,54.08,26.15,59.91,216,8.354,0,8,O,A,Urgent,1
3194,33,48,59.33,62.19,92.09,91.21,271,14.056,0,15,B,B,Urgent,0
3195,20,71,98.76,15.07,93.09,65.72,348,2.691,8,51,A,O,Routine,0
3196,41,38,83.13,96.46,33.08,71.35,526,4.299,2,3,A,O,Critical,0
3197,38,57,48.91,18.22,51.79,91.06,565,10.127,0,19,A,B,Urgent,0
3198,27,24,67.05,22.53,44.15,86.08,19,11.051,0,3,B,O,Normal,1
3199,20,38,46.22,,98.83,73.34,205,9.497,0,18,O,O,Normal,0
3200,39,55,97.03,91.19,38.82,94.0,822,6.569,4,16,A,O,Urgent,0
3201,61,72,36.44,95.79,51.89,90.85,253,14.471,1,11,O,A,Normal,0
3202,69,34,85.15,50.04,23.08,96.43,650,13.188,0,35,B,B,Critical,1
3203,57,40,37.29,21.44,33.06,52.79,240,19.568,0,17,O,O,Routine,1
3204,24,28,80.11,1.25,67.66,90.78,24,13.155,7,4,B,A,Urgent,0
3205,38,72,32.76,97.15,31.2,70.34,39,11.295,0,34,B,B,Critical,0
3206,49,75,41.36,34.47,71.28,94.54,593,13.205,0,26,B,O,Urgent,0
3207,59,49,27.84,50.41,4.28,52.38,711,6.178,5,10,O,B,Critical,1
3208,40,20,61.15,61.38,18.59,88.63,697,16.789,0,20,A,A,Normal,0
3209,19,33,70.22,48.84,83.92,69.43,296,9.888,0,14,A,A,Normal,1
3210,55,77,44.71,74.17,96.09,97.74,187,9.579,1,22,O,A,Normal,0
3211,36,75,78.26,72.15,49.79,72.46,930,15.248,0,39,O,A,Normal,0
3212,41,69,82.74,59.28,35.87,80.81,674,6.606,0,28,AB,A,Urgent,0
3213,30,65,28.85,20.88,67.73,64.6,472,11.658,1,35,O,B,Normal,0
3214,32,67,88.95,8.68,55.52,49.84,294,17.747,2,35,B,O,Normal,0
3215,28,41,56.77,22.56,88.54,49.23,809,5.229,0,13,AB,AB,Critical,1
3216,63,69,37.44,43.39,44.1,92.19,447,10.792,8,6,A,O,Normal,0
3217,35,32,52.27,29.41,15.09,63.6,727,7.677,0,3,B,O,Urgent,0
3218,20,39,75.88,98.86,1.61,59.42,609,5.132,8,19,AB,O,Normal,0
3219,24,33,49.46,92.06,32.52,93.38,959,8.471,0,9,B,O,Normal,0
3220,21,43,28.78,64.3,72.62,91.24,613,8.572,0,22,O,O,Urgent,0
3221,25,,42.28,28.67,15.11,51.12,47,14.262,1,20,O,B,Normal,0
3222,22,76,64.79,70.04,47.64,82.64,33,5.402,1,54,AB,O,Normal,0
3223,47,63,30.07,69.27,44.22,59.38,748,14.5,0,16,B,O,Urgent,0
3224,18,35,55.79,6.35,41.81,75.66,827,7.959,1,17,B,O,Urgent,0
3225,64,30,63.14,3.95,16.22,85.68,359,17.331,4,34,A,A,Normal,0
3226,25,70,74.88,73.98,21.74,91.17,274,20.779,0,45,O,B,Urgent,0
3227,47,37,31.58,97.71,36.74,80.48,616,13.186,3,10,O,A,Urgent,0
3228,48,77,52.27,62.8,57.81,62.39,681,12.293,0,29,AB,B,Critical,0
3229,20,40,41.85,80.76,22.46,52.55,137,11.2,3,20,O,O,Normal,0
3230,50,20,64.69,63.83,74.42,54.4,306,16.528,0,30,B,B,Routine,0
3231,51,18,83.05,36.94,22.84,96.38,296,8.669,0,33,B,A,Normal,0
3232,49,60,82.68,43.91,10.2,80.07,660,8.322,1,11,A,A,Normal,1
3233,18,53,31.13,12.72,21.05,86.77,413,16.55,5,35,A,A,Urgent,0
3234,61,54,68.64,6.67,13.07,93.43,47,19.389,1,7,O,O,Urgent,0
3235,48,70,71.84,66.16,69.55,53.49,915,9.406,1,22,A,A,Critical,0
3236,39,21,98.1,13.69,21.74,83.56,217,14.739,2,18,B,O,Routine,1
3237,60,68,39.08,70.0,22.78,86.18,128,16.637,1,8,O,B,Routine,0
3238,63,44,31.62,26.86,63.01,83.09,121,13.195,1,19,O,B,Normal,0
3239,57,56,48.78,19.12,46.69,92.33,789,16.853,1,1,O,O,Normal,1
3240,24,54,90.13,27.54,98.95,74.76,405,15.073,0,30,A,O,Normal,0
3241,60,22,50.62,45.92,53.6,98.18,255,9.592,0,38,B,A,Normal,0
3242,49,75,99.7,49.59,38.79,54.38,225,8.487,4,26,O,O,Urgent,1
3243,32,48,39.94,80.04,71.45,92.35,329,7.437,3,16,O,B,Normal,0
3244,29,46,26.92,27.07,42.04,54.07,989,13.547,2,17,O,O,Routine,0
3245,36,63,80.42,42.38,66.59,72.46,328,5.939,5,27,O,A,Urgent,0
3246,62,43,97.16,1.27,9.64,94.16,476,15.606,0,19,O,B,Normal,1
3247,52,52,37.99,94.7,96.62,96.55,798,10.589,0,0,A,O,Normal,0
3248,37,62,76.84,18.83,75.31,50.13,947,10.079,3,25,O,A,Critical,0
3249,18,73,41.47,94.89,46.3,45.31,981,10.184,0,55,AB,B,Normal,0
3250,43,67,31.59,10.95,55.22,52.87,53,15.708,0,24,O,O,Urgent,0
3251,69,20,72.58,42.04,91.41,98.68,470,2.012,4,49,A,O,Normal,0
3252,46,68,58.3,49.53,75.79,,793,12.444,1,22,O,B,Urgent,0
3253,32,59,50.6,41.56,19.02,54.76,497,11.231,0,27,B,O,Normal,0
3254,40,23,26.82,45.57,63.25,88.79,234,11.915,0,17,A,B,Critical,0
3255,58,43,98.33,12.76,0.17,67.51,86,14.69,0,15,A,B,Routine,0
3256,20,19,81.48,4.88,60.02,88.7,906,11.215,2,1,A,O,Urgent,0
3257,50,70,35.57,28.48,11.98,89.08,686,1.098,0,20,O,B,Critical,1
3258,24,52,44.23,64.36,55.58,66.77,207,8.518,2,28,A,O,Normal,0
3259,35,76,34.3,21.46,84.61,82.0,959,6.382,0,41,B,O,Critical,0
3260,27,55,93.61,63.98,66.23,65.3,936,13.732,1,28,A,B,Critical,0
3261,55,47,80.18,72.61,33.14,97.88,436,6.553,2,8,A,B,Urgent,0
3262,28,44,86.66,18.44,6.49,48.89,607,15.022,0,16,O,B,Urgent,1
3263,64,30,71.5,13.79,34.68,99.6,777,15.713,1,34,A,A,Normal,1
3264,21,70,68.45,39.34,95.85,78.55,630,15.165,3,49,B,A,Normal,0
3265,39,66,34.79,9.4,68.96,90.06,28,7.883,1,27,B,B,Normal,0
3266,34,41,48.63,12.18,99.73,80.01,196,11.493,5,7,A,B,Normal,0
3267,18,25,31.8,57.47,53.78,50.14,507,12.524,4,7,A,O,Normal,0
3268,26,68,71.25,63.64,32.92,65.65,615,17.149,0,42,A,A,Urgent,0
3269,56,35,41.33,92.88,36.43,69.99,812,13.628,1,21,A,O,Urgent,0
3270,39,35,81.11,8.31,24.74,47.99,412,9.403,0,4,B,O,Urgent,1
3271,21,24,71.42,31.08,38.54,92.9,455,14.204,0,3,B,O,Urgent,0
3272,40,65,37.46,33.54,36.62,59.54,287,11.658,2,25,B,B,Urgent,0
3273,51,22,37.39,17.63,95.76,61.29,376,8.035,3,29,O,O,Normal,0
3274,29,57,79.67,2.94,49.09,84.9,179,5.913,0,28,B,O,Normal,1
3275,53,47,87.06,29.65,87.9,70.21,537,6.519,0,6,B,O,Urgent,0
3276,50,61,29.52,7.56,49.74,87.58,893,6.454,0,11,O,O,Normal,1
3277,66,20,53.24,26.05,94.11,49.57,,9.469,1,46,O,B,Urgent,0
3278,20,56,99.92,11.85,93.52,56.13,595,8.046,3,36,AB,B,Urgent,0
3279,29,60,48.47,8.21,46.74,72.3,478,10.297,8,31,B,O,Urgent,0
3280,18,34,71.66,70.4,66.29,48.07,293,10.158,1,16,O,B,Critical,1
3281,43,41,35.99,20.84,18.66,99.46,669,12.47,5,2,A,B,Routine,0
3282,18,31,65.9,21.23,80.53,89.87,688,14.11,1,13,O,B,Normal,0
3283,69,70,45.17,18.85,5.71,78.32,339,16.86,0,1,O,A,Critical,1
3284,54,36,60.07,52.34,19.14,81.57,169,9.344,0,18,B,O,Normal,0
3285,27,55,70.08,18.57,40.8,64.78,823,18.979,3,28,A,O,Normal,0
3286,39,48,28.18,56.32,34.55,58.74,459,11.639,2,9,O,B,Normal,0
3287,46,22,70.35,44.39,12.67,80.19,564,10.085,0,24,A,O,Critical,0
3288,18,70,88.89,51.05,64.19,88.29,894,2.733,1,52,O,O,Normal,1
3289,31,23,94.59,19.23,56.23,49.66,213,6.996,1,8,B,O,Normal,1
3290,63,19,57.02,75.66,56.51,86.79,172,3.411,0,44,A,O,Normal,0
3291,38,74,50.99,4.96,42.9,77.54,981,5.414,3,36,O,B,Critical,1
3292,53,63,99.73,52.37,50.39,53.64,846,9.741,0,10,O,B,Urgent,1
3293,59,37,94.05,69.33,55.38,66.55,832,7.651,8,22,O,A,Routine,0
3294,25,36,63.15,33.8,1.46,97.85,164,11.117,0,11,O,O,Normal,1
3295,69,59,98.25,62.26,84.41,58.91,103,13.464,1,10,B,AB,Normal,0
3296,62,77,35.7,69.91,35.75,94.72,233,10.877,2,15,A,O,Normal,0
3297,19,70,47.73,99.06,46.92,79.12,694,11.715,0,51,O,A,Critical,0
3298,58,67,34.13,39.84,80.61,78.23,322,8.561,2,9,B,A,Normal,0
3299,32,59,28.73,68.17,75.84,54.49,464,6.744,7,27,O,B,Routine,0
3300,21,69,46.11,5.22,31.12,79.21,971,15.248,1,48,A,O,Normal,0
3301,64,41,40.78,49.8,67.0,71.8,372,7.211,6,23,A,B,Normal,0
3302,25,24,89.84,6.69,10.33,93.18,626,8.92,4,1,A,B,Urgent,1
3303,65,60,42.97,98.69,1.42,99.17,267,15.558,0,5,B,O,Urgent,0
3304,39,23,65.4,38.26,88.71,67.29,677,14.402,3,16,O,O,Normal,1
3305,26,61,61.19,9.3,81.85,95.06,200,11.189,1,35,A,B,Urgent,0
3306,22,51,38.65,37.41,91.29,,3,8.063,1,29,O,A,Urgent,0
3307,24,25,63.61,,99.11,67.71,175,7.285,2,1,O,O,Critical,0
3308,38,57,29.85,89.5,75.18,94.33,807,18.982,0,19,A,B,Routine,0
3309,66,31,69.67,8.34,44.83,75.5,43,6.1,1,35,A,B,Urgent,0
3310,59,33,91.52,58.23,28.31,90.7,604,4.64,0,26,B,B,Urgent,1
3311,53,55,30.71,52.83,8.1,59.62,800,19.014,0,2,B,B,Critical,0
3312,47,53,54.24,14.14,16.06,46.06,761,15.098,4,6,O,B,Critical,0
3313,39,29,91.91,46.66,74.64,,398,11.612,2,10,O,B,Normal,0
3314,29,19,87.31,32.89,89.3,80.51,339,20.593,0,10,O,O,Normal,0
3315,20,74,99.59,69.36,4.77,76.11,581,5.299,1,54,B,O,Normal,0
3316,22,25,75.3,34.79,21.68,52.91,255,0.5,0,3,O,B,Normal,1
3317,51,73,32.88,35.41,52.18,77.03,961,15.112,0,22,B,AB,Routine,0
3318,54,51,36.53,17.21,97.33,75.34,368,5.177,1,3,O,A,Urgent,0
3319,64,61,90.23,50.01,10.1,69.69,185,6.109,0,3,O,A,Urgent,1
3320,24,53,51.0,4.05,59.0,55.22,364,8.935,3,29,O,O,Normal,0
3321,38,38,77.17,92.79,13.9,51.52,394,7.649,2,0,A,B,Normal,0
3322,47,21,90.55,87.41,15.64,93.23,336,10.517,5,26,O,AB,Critical,0
3323,41,70,29.68,29.48,25.01,52.41,859,17.045,0,29,B,B,Normal,1
3324,60,58,40.63,52.0,83.56,97.52,869,10.226,3,2,B,AB,Normal,0
3325,19,45,46.36,70.85,87.03,52.09,768,14.816,0,26,O,A,Urgent,0
3326,50,29,71.16,96.04,59.64,56.25,111,17.658,0,21,O,O,Normal,0
3327,55,49,58.58,34.54,71.3,51.81,763,9.233,1,6,A,A,Critical,1
3328,28,65,68.92,40.95,43.31,73.14,821,12.868,1,37,O,B,Routine,0
3329,56,51,94.82,42.46,6.78,51.03,50,15.572,0,5,A,O,Normal,0
3330,21,40,27.09,69.0,11.61,75.77,93,8.629,0,19,A,AB,Routine,0
3331,43,43,69.5,41.16,5.2,82.14,771,12.883,0,0,O,A,Urgent,1
3332,57,23,78.68,0.38,41.77,90.2,168,11.797,2,34,O,O,Urgent,1
3333,42,53,69.17,86.35,20.5,94.22,612,9.974,0,11,O,A,Critical,1
3334,33,65,37.12,64.43,28.58,74.31,817,,1,32,A,O,Urgent,0
3335,66,30,84.39,87.1,39.54,81.94,393,12.747,8,36,A,A,Urgent,0
3336,29,74,61.88,70.97,59.87,55.91,47,8.346,0,45,A,B,Urgent,0
3337,28,45,88.47,,57.43,84.94,584,7.512,2,17,O,O,Critical,1
3338,23,34,52.13,68.76,32.86,74.08,682,10.214,6,11,A,O,Normal,0
3339,51,52,71.34,37.47,29.96,99.33,14,12.109,3,1,B,O,Urgent,0
3340,54,71,72.94,46.39,51.95,86.27,579,14.373,2,17,A,A,Normal,1
3341,31,32,33.51,47.14,98.43,77.21,647,15.804,0,1,A,AB,Urgent,0
3342,57,74,98.31,32.52,90.26,96.58,798,11.963,1,17,A,B,Normal,1
3343,31,66,56.2,90.93,93.69,66.86,675,8.523,2,35,A,A,Normal,0
3344,68,50,37.95,45.35,60.23,66.23,34,5.254,0,18,O,A,Critical,0
3345,18,56,97.18,73.52,96.0,49.78,301,18.105,0,38,O,B,Routine,0
3346,45,29,47.68,50.07,13.67,82.61,654,10.979,1,16,O,A,Urgent,1
3347,53,50,77.69,14.49,70.45,51.66,408,0.5,0,3,AB,O,Normal,0
3348,45,52,94.12,2.76,85.01,87.84,724,9.122,1,7,A,B,Urgent,0
3349,19,66,88.9,29.03,54.89,88.0,987,9.895,0,47,A,B,Normal,0
3350,50,68,55.55,29.73,8.45,63.95,32,14.469,1,18,O,A,Normal,0
3351,31,25,30.08,85.79,52.47,99.73,706,7.062,0,6,A,O,Normal,0
3352,60,43,88.55,66.52,43.78,65.61,215,13.342,0,17,O,A,Urgent,1
3353,60,62,62.43,48.61,49.67,55.03,492,6.439,0,2,A,O,Urgent,0
3354,38,49,66.54,26.86,15.77,75.25,821,5.573,1,11,O,A,Normal,1
3355,51,75,92.04,7.22,9.19,85.48,97,7.972,5,24,O,B,Critical,1
3356,65,38,91.6,22.11,72.66,53.61,996,12.943,0,27,B,O,Critical,1
3357,22,55,51.72,5.24,51.32,77.33,722,7.201,0,33,O,B,Urgent,1
3358,38,73,32.3,28.57,23.46,76.03,102,12.972,0,35,AB,O,Urgent,0
3359,29,69,86.47,94.1,44.44,53.94,31,8.642,1,40,O,A,Normal,0
3360,47,63,50.75,87.64,21.53,63.7,95,7.974,1,16,B,B,Urgent,0
3361,31,65,66.81,27.96,1.07,73.73,466,14.54,0,34,O,A,Critical,0
3362,36,60,95.7,64.59,96.73,80.63,622,18.249,2,24,O,O,Normal,0
3363,27,47,54.45,28.05,23.05,85.82,646,11.387,3,20,A,A,Normal,0
3364,20,55,47.4,68.74,93.59,78.05,183,11.296,1,35,O,A,Urgent,0
3365,68,63,48.3,75.73,26.01,64.2,819,8.3,0,5,A,A,Normal,1
3366,22,41,58.08,65.88,7.96,64.34,524,3.331,1,19,O,O,Normal,0
3367,26,70,73.96,20.77,99.4,52.86,230,5.892,0,44,O,O,Routine,0
3368,26,55,48.19,52.74,49.83,49.13,603,13.442,1,29,B,O,Normal,0
3369,25,25,89.11,21.22,68.08,91.91,831,14.23,1,0,O,A,Urgent,1
3370,52,49,33.96,53.26,62.03,76.21,665,11.864,1,3,A,O,Normal,0
3371,25,61,65.75,34.38,11.18,74.42,152,8.617,1,36,O,B,Normal,1
3372,38,36,28.85,30.98,15.92,95.18,410,15.666,1,2,A,A,Routine,0
3373,51,25,26.15,87.04,72.06,74.2,575,11.525,1,26,B,A,Urgent,0
3374,32,37,55.3,38.76,86.5,96.53,898,11.039,0,5,B,O,Normal,0
3375,55,32,35.72,42.64,2.35,58.89,362,16.598,1,23,O,A,Normal,0
3376,55,42,79.7,77.85,39.56,46.85,745,16.183,0,13,B,O,Routine,1
3377,68,59,54.05,28.64,33.78,82.55,555,9.258,2,9,O,B,Urgent,1
3378,39,38,92.09,12.43,31.1,89.56,476,14.0,0,1,B,A,Urgent,1
3379,57,63,90.67,59.89,39.38,93.85,792,7.926,0,6,O,A,Critical,1
3380,46,48,86.44,30.01,30.74,86.45,269,12.11,7,2,O,A,Critical,1
3381,54,66,39.05,59.84,15.26,57.3,531,11.072,2,12,B,B,Normal,1
3382,34,76,74.89,0.05,6.74,68.17,268,7.519,2,42,A,B,Urgent,0
3383,31,21,64.05,6.92,44.48,53.7,554,17.26,1,10,O,AB,Routine,0
3384,53,75,71.35,86.36,33.87,49.84,826,6.71,1,22,AB,B,Urgent,0
3385,52,63,37.58,5.05,15.22,78.66,971,7.695,1,11,O,O,Normal,1
3386,41,29,94.92,12.63,70.95,54.03,950,8.536,0,12,A,O,Critical,1
3387,60,61,29.76,84.07,37.8,89.76,65,8.079,3,1,A,B,Urgent,0
3388,33,66,72.86,71.2,98.64,58.76,235,12.949,0,33,A,O,Normal,0
3389,25,65,68.26,21.6,97.64,81.89,594,5.851,3,40,B,B,Critical,1
3390,28,47,42.33,93.42,13.23,84.92,39,8.99,1,19,AB,B,Normal,0
3391,24,26,55.74,71.21,66.15,93.27,462,9.872,4,2,O,B,Normal,0
3392,63,62,35.03,37.16,48.04,72.8,681,13.773,2,1,O,O,Urgent,1
3393,37,35,39.57,40.9,28.12,53.07,790,10.34,0,2,O,A,Urgent,0
3394,44,63,51.26,78.54,49.01,71.48,444,9.824,0,19,B,B,Normal,0
3395,53,51,28.95,97.73,49.78,60.99,182,9.564,4,2,B,B,Urgent,0
3396,19,35,73.97,92.68,6.94,92.95,221,11.821,1,16,O,A,Normal,0
3397,35,74,65.45,70.09,33.3,92.12,380,12.494,0,39,B,B,Normal,0
3398,58,29,95.37,56.84,48.74,65.67,153,5.782,2,29,O,B,Urgent,1
3399,64,19,38.74,38.39,92.96,93.8,457,8.26,0,45,B,B,Urgent,0
3400,31,67,64.77,,86.71,80.0,634,14.544,0,36,O,O,Normal,1
3401,50,51,88.23,35.23,54.22,98.07,180,14.355,1,1,O,A,Critical,1
3402,23,63,61.42,84.78,35.31,53.24,764,10.791,3,40,A,AB,Urgent,0
3403,58,33,56.93,52.25,43.52,51.45,395,17.692,2,25,O,B,Urgent,0
3404,59,46,87.7,83.93,77.18,91.64,367,20.797,2,13,O,A,Urgent,0
3405,36,34,44.51,56.38,29.94,83.5,932,7.104,7,2,A,O,Routine,0
3406,45,26,90.34,23.8,49.83,56.87,643,0.79,1,19,O,B,Normal,1
3407,63,75,57.41,46.12,96.78,70.21,838,0.824,3,12,B,A,Critical,0
3408,56,27,38.24,56.27,43.93,75.99,758,12.194,7,29,B,O,Normal,0
3409,49,71,70.52,63.69,4.06,84.53,612,12.106,1,22,A,A,Normal,1
3410,26,77,76.12,16.55,98.25,93.36,585,18.002,4,51,B,O,Critical,0
3411,33,54,32.45,47.68,29.54,51.33,452,4.471,0,21,O,A,Urgent,0
3412,47,46,31.18,84.14,58.47,81.48,487,11.611,1,1,O,AB,Urgent,0
3413,69,18,97.34,59.02,21.51,61.64,295,0.968,3,51,O,O,Normal,0
3414,30,75,31.19,11.52,49.44,62.35,64,13.192,1,45,O,O,Urgent,0
3415,65,30,27.13,17.92,67.21,90.02,966,19.291,0,35,B,O,Urgent,0
3416,23,42,79.3,27.48,83.85,89.59,139,7.365,0,19,B,B,Critical,1
3417,,48,79.33,96.37,16.69,45.69,166,11.204,3,3,O,O,Normal,1
3418,48,71,60.79,71.53,22.05,53.13,895,7.48,0,23,B,B,Normal,0
3419,68,69,96.62,73.68,91.82,74.64,605,17.931,1,1,O,A,Normal,1
3420,51,77,58.89,33.63,67.77,70.96,513,13.921,,26,AB,B,Normal,0
3421,31,30,63.96,35.08,26.58,58.01,369,4.831,4,1,A,A,Urgent,1
3422,22,39,68.31,20.1,4.3,45.48,547,14.078,1,17,A,B,Urgent,0
3423,29,32,38.35,45.61,83.69,50.35,396,17.165,0,3,O,A,Routine,0
3424,18,69,91.55,59.99,0.51,47.68,978,18.911,2,51,O,B,Normal,0
3425,52,28,79.92,46.6,24.15,69.57,79,11.538,6,24,O,A,Routine,0
3426,21,44,78.27,92.56,67.8,87.95,69,4.906,2,23,A,AB,Normal,0
3427,50,30,71.01,12.48,73.06,,103,11.648,3,20,B,O,Normal,0
3428,29,56,70.99,5.7,87.9,55.7,687,7.32,1,27,O,O,Critical,1
3429,43,,64.79,42.09,25.66,74.79,12,15.263,1,16,A,O,Routine,0
3430,30,65,25.92,16.02,38.3,72.4,911,8.206,2,35,A,A,Critical,1
3431,60,71,55.22,35.57,76.9,81.56,443,10.142,1,11,O,A,Urgent,0
3432,40,72,55.08,90.79,22.87,61.43,497,5.248,0,32,O,A,Critical,0
3433,34,35,57.73,44.32,7.29,67.63,510,6.865,0,1,O,B,Routine,1
3434,39,32,96.51,31.52,75.88,92.0,387,3.697,0,7,AB,B,Urgent,0
3435,33,25,94.92,,23.97,98.74,152,15.649,1,8,B,O,Critical,1
3436,24,70,97.7,72.94,10.97,59.67,382,9.569,2,46,O,O,Normal,0
3437,62,72,32.41,16.38,4.98,87.13,712,11.903,0,10,A,O,Critical,0
3438,39,30,42.93,44.19,98.87,56.38,430,15.686,0,9,O,B,Normal,0
3439,32,72,29.53,87.52,91.45,47.28,524,10.176,1,40,O,O,Normal,0
3440,20,26,52.2,35.8,21.35,95.79,629,5.667,2,6,O,O,Urgent,1
3441,42,46,35.82,64.05,22.74,58.52,972,11.656,1,4,O,O,Normal,1
3442,52,66,28.81,32.7,91.18,47.9,509,4.906,1,14,A,A,Critical,1
3443,41,77,37.84,95.77,29.22,77.47,686,8.231,0,36,O,O,Critical,0
3444,26,60,32.02,99.41,45.62,74.93,736,4.313,0,34,B,A,Urgent,0
3445,44,61,26.0,8.61,64.55,98.41,604,11.281,8,17,O,B,Routine,0
3446,39,60,72.31,76.08,66.82,92.2,979,6.089,0,21,O,AB,Routine,0
3447,36,33,56.84,10.69,42.28,84.64,497,14.019,2,3,A,O,Normal,0
3448,29,71,42.89,80.67,45.74,63.67,150,11.349,3,42,B,O,Routine,0
3449,36,54,77.62,5.76,91.71,45.92,541,11.806,1,18,A,O,Urgent,0
3450,25,34,70.52,7.51,21.97,81.46,623,13.587,2,9,O,B,Normal,1
3451,37,54,25.11,37.98,52.18,91.92,927,17.482,3,17,O,A,Normal,0
3452,22,63,50.43,74.3,10.54,53.95,380,9.791,3,41,B,A,Urgent,0
3453,52,39,72.48,62.16,93.2,90.62,177,6.14,2,13,A,B,Urgent,0
3454,40,76,79.02,56.99,33.63,74.39,567,13.392,0,36,A,B,Normal,0
3455,56,40,31.38,28.1,57.89,74.45,131,8.144,0,16,AB,A,Critical,0
3456,56,58,88.5,95.47,72.92,92.62,30,20.058,1,2,B,O,Normal,0
3457,64,36,80.4,51.85,66.87,63.68,90,7.75,5,28,A,AB,Normal,0
3458,27,60,96.32,69.76,15.33,77.47,52,7.677,0,33,O,A,Normal,0
3459,32,52,43.91,12.95,42.32,75.42,40,8.427,2,20,O,AB,Normal,0
3460,,44,25.81,64.5,82.11,78.11,858,1.532,2,6,A,B,Urgent,0
3461,33,65,53.49,35.88,73.19,66.32,201,7.595,0,32,B,O,Urgent,0
3462,34,28,45.21,79.73,68.63,88.52,235,4.886,2,6,A,A,Urgent,0
3463,63,35,39.39,60.23,46.09,49.0,922,9.213,1,28,B,B,Urgent,0
3464,35,41,33.83,82.42,89.76,54.55,390,12.556,0,6,A,A,Routine,0
3465,57,58,31.27,69.48,46.77,47.5,817,8.272,0,1,B,B,Urgent,1
3466,63,54,61.63,49.26,56.8,99.32,866,8.333,0,9,A,A,Routine,1
3467,25,63,63.03,92.2,67.31,48.19,665,13.953,0,38,A,O,Normal,0
3468,57,52,86.91,29.33,51.48,57.43,974,17.159,0,5,AB,A,Urgent,1
3469,53,48,63.88,14.53,20.58,65.55,534,9.995,5,5,A,AB,Normal,1
3470,54,68,50.56,5.03,69.56,81.99,503,8.72,1,14,O,A,Urgent,1
3471,32,76,77.7,87.61,7.04,98.22,519,16.919,4,44,B,A,Normal,0
3472,27,63,,78.46,39.19,61.51,336,12.193,2,36,O,O,Urgent,1
3473,53,28,99.49,78.19,35.31,76.76,121,10.826,2,25,A,B,Routine,0
3474,55,38,93.94,45.38,96.51,81.42,710,10.404,2,17,O,A,Urgent,0
3475,47,25,53.47,38.07,33.16,80.06,285,10.269,2,22,O,B,Normal,1
3476,48,23,89.64,88.82,,66.45,401,15.454,2,25,B,O,Normal,0
3477,67,53,88.08,33.8,26.97,65.68,736,8.824,1,14,A,A,Normal,1
3478,62,18,59.34,47.11,66.54,56.85,596,14.512,2,44,A,B,Normal,0
3479,63,36,42.04,32.5,89.26,93.26,999,6.09,1,27,B,O,Critical,0
3480,43,74,42.35,7.62,8.35,91.48,444,7.532,0,31,A,A,Routine,1
3481,38,20,99.58,15.15,49.5,57.53,865,10.359,2,18,O,B,Urgent,1
3482,35,51,79.57,88.27,89.44,85.62,259,10.93,4,16,B,A,Normal,0
3483,38,45,72.71,4.88,48.62,65.14,791,3.509,3,7,B,O,Routine,0
3484,28,24,30.76,20.52,97.33,89.57,791,10.21,0,4,O,A,Normal,0
3485,26,72,83.31,46.65,84.33,72.93,155,7.875,3,46,B,B,Urgent,1
3486,61,48,93.07,45.8,23.29,77.68,718,10.974,0,13,B,O,Normal,0
3487,20,19,82.05,10.08,24.08,75.41,847,11.494,3,1,B,B,Normal,1
3488,38,58,45.02,80.93,29.21,82.52,625,12.402,2,20,A,B,Normal,0
3489,28,21,67.4,27.45,62.32,62.34,647,12.253,8,7,B,O,Urgent,0
3490,49,65,58.16,40.64,13.99,86.42,703,5.866,5,16,O,B,Normal,1
3491,67,64,81.61,52.13,49.69,53.66,652,13.287,1,3,B,O,Critical,0
3492,51,48,70.68,61.46,95.6,91.2,57,10.625,0,3,AB,O,Normal,0
3493,63,24,72.99,98.68,35.59,96.31,293,7.767,0,39,B,B,Critical,1
3494,64,52,80.47,24.17,24.27,85.57,99,15.469,1,12,B,A,Urgent,0
3495,50,38,66.12,55.49,5.53,49.78,146,10.745,5,12,O,O,Urgent,0
3496,18,61,31.98,18.21,8.45,61.0,595,9.134,0,43,O,B,Urgent,0
3497,29,72,27.13,19.24,18.09,48.01,720,7.72,0,43,O,O,Normal,1
3498,63,57,69.81,89.2,19.23,78.05,460,10.579,2,6,A,O,Routine,0
3499,69,53,89.63,17.19,37.54,86.3,347,10.925,0,16,B,B,Critical,1
3500,56,20,86.92,99.18,70.32,64.31,647,11.564,2,36,AB,B,Urgent,0
3501,52,44,71.79,92.64,80.76,64.95,53,9.954,0,8,O,B,Critical,0
3502,40,62,81.1,34.64,44.17,49.46,11,9.636,2,22,A,O,Critical,0
3503,69,52,29.39,22.5,52.33,46.82,689,12.592,0,17,B,B,Normal,0
3504,53,46,56.21,90.75,83.63,62.13,663,6.287,1,7,O,B,Urgent,0
3505,69,73,58.63,78.89,13.06,91.29,320,13.917,1,4,A,AB,Routine,0
3506,42,41,41.8,3.06,46.4,91.29,761,9.746,0,1,O,B,Urgent,1
3507,22,45,35.06,85.09,90.11,48.91,563,6.8,1,23,B,O,Urgent,0
3508,19,49,70.37,82.3,84.6,,688,6.601,0,30,O,A,Urgent,0
3509,38,70,89.25,58.18,31.24,72.92,508,9.553,1,32,A,O,Urgent,0
3510,44,62,54.02,85.15,19.79,60.47,638,11.846,2,18,O,A,Urgent,0
3511,43,60,72.54,3.45,17.24,65.8,648,11.549,6,17,AB,O,Urgent,0
3512,31,37,59.36,47.27,85.88,52.56,859,6.438,1,6,A,O,Routine,0
3513,65,18,29.41,6.95,94.59,74.44,502,4.674,2,47,O,A,Critical,0
3514,20,58,27.5,7.53,93.99,52.93,23,5.772,0,38,A,A,Routine,0
3515,21,75,83.49,44.99,19.43,86.96,420,12.974,1,54,O,O,Critical,1
3516,42,38,59.84,63.22,66.06,56.09,911,8.846,0,4,A,A,Urgent,1
3517,48,49,97.19,93.19,65.75,69.44,321,9.85,1,1,A,A,Urgent,1
3518,35,76,63.24,41.26,37.11,67.83,532,16.669,0,41,A,B,Normal,0
3519,62,68,97.39,67.02,67.54,76.89,483,17.86,0,6,B,A,Urgent,0
3520,59,31,46.37,83.62,41.27,85.34,526,6.118,2,28,B,O,Critical,0
3521,68,21,35.12,72.8,14.07,97.38,507,12.055,1,47,O,B,Critical,0
3522,33,19,63.16,20.47,49.96,74.85,,6.898,0,14,O,A,Routine,1
3523,28,56,64.17,79.16,86.75,60.72,836,9.19,1,28,A,O,Normal,0
3524,67,25,75.87,4.25,93.4,97.59,977,3.257,1,42,O,O,Routine,1
3525,20,57,43.99,64.93,74.34,70.5,451,16.899,2,37,O,A,Normal,0
3526,33,19,91.19,20.67,84.17,75.65,805,17.642,0,14,O,AB,Normal,1
3527,57,33,58.73,55.8,96.84,65.93,379,7.226,0,24,O,O,Routine,0
3528,57,65,78.08,42.61,64.95,51.41,598,8.273,6,8,A,B,Normal,0
3529,28,44,59.72,89.34,93.22,70.91,588,13.096,0,16,B,A,Normal,0
3530,57,52,91.77,0.73,53.14,47.72,453,15.702,0,5,O,O,Routine,1
3531,18,56,81.82,55.43,46.04,91.8,313,5.388,4,38,A,A,Normal,0
3532,34,38,45.49,54.12,73.92,55.61,543,15.433,0,4,O,O,Normal,0
3533,52,19,55.74,64.34,7.92,83.64,739,13.416,0,33,O,B,Routine,1
3534,20,19,98.18,11.07,38.69,53.95,287,9.344,0,1,A,O,Critical,1
3535,37,39,99.56,57.86,95.42,72.76,753,16.731,0,2,AB,O,Normal,0
3536,56,25,69.51,68.01,84.41,90.49,86,10.24,0,31,AB,O,Normal,0
3537,66,48,92.18,91.77,23.87,80.7,511,7.492,0,18,A,O,Normal,0
3538,54,56,57.23,16.94,3.82,53.69,100,14.553,0,2,O,O,Routine,1
3539,21,19,80.15,0.65,32.42,62.17,5,12.244,2,2,O,O,Normal,1
3540,22,64,32.49,3.26,6.67,83.92,966,8.17,2,42,AB,B,Critical,0
3541,52,47,86.21,62.07,5.43,78.71,87,13.952,0,5,O,O,Routine,1
3542,36,38,71.0,49.42,66.54,89.58,773,12.242,1,2,O,A,Critical,0
3543,45,70,28.09,57.38,28.03,90.87,236,13.709,1,25,B,A,Urgent,0
3544,65,19,60.55,90.31,25.98,80.46,751,13.695,1,46,B,B,Critical,1
3545,53,48,52.6,8.06,23.13,80.61,236,17.493,2,5,O,O,Normal,1
3546,19,59,36.77,39.1,89.91,82.83,151,8.731,0,40,B,O,Normal,0
3547,19,58,66.83,54.7,42.52,93.34,347,17.808,0,39,O,O,Normal,0
3548,66,62,77.47,0.94,41.09,98.68,626,14.896,1,4,O,A,Routine,1
3549,53,63,91.63,98.83,85.94,49.91,760,16.368,1,10,AB,AB,Normal,0
3550,40,50,55.51,51.32,50.09,46.38,558,7.045,3,10,AB,B,Normal,0
3551,62,23,47.68,24.26,12.09,73.77,920,7.856,8,39,B,O,Normal,0
3552,38,33,89.82,68.55,84.3,56.35,763,19.09,0,5,B,O,Routine,0
3553,55,56,80.98,3.91,30.79,81.96,356,9.961,2,1,O,B,Urgent,1
3554,64,18,31.95,69.91,62.74,95.3,465,14.933,2,46,A,O,Normal,0
3555,62,53,83.59,6.84,90.8,51.35,216,9.23,0,9,O,A,Urgent,1
3556,53,46,74.63,9.83,76.96,60.88,95,10.317,0,7,B,A,Urgent,0
3557,25,53,58.23,13.71,29.03,85.97,755,3.202,1,28,B,B,Urgent,1
3558,65,38,38.47,33.62,45.2,66.69,861,8.974,7,27,O,B,Urgent,0
3559,65,48,90.81,25.5,44.78,71.28,484,8.476,3,17,B,B,Normal,1
3560,60,64,81.71,60.79,70.13,55.63,445,15.211,1,4,O,A,Critical,0
3561,56,53,87.7,46.01,89.53,59.45,526,9.49,4,3,A,B,Critical,0
3562,18,70,31.59,14.58,24.98,92.87,485,6.962,0,52,O,O,Urgent,0
3563,63,67,89.74,2.92,42.47,94.37,983,12.459,1,4,B,O,Urgent,1
3564,66,55,86.91,63.91,22.83,59.98,805,15.912,0,11,O,AB,Normal,0
3565,29,24,45.88,60.22,88.43,56.87,769,14.007,0,,B,O,Normal,0
3566,47,34,79.5,96.39,67.58,75.04,10,10.55,5,13,O,B,Critical,0
3567,24,29,59.29,27.03,17.42,95.92,221,1.104,0,5,A,O,Normal,0
3568,41,63,52.07,79.95,51.36,97.37,454,2.185,0,22,O,A,Urgent,0
3569,48,33,41.66,14.17,22.26,87.89,258,2.968,5,15,A,O,Critical,0
3570,36,33,85.22,24.6,16.46,54.65,810,2.328,0,3,O,A,Urgent,1
3571,47,67,82.68,13.05,57.79,78.39,345,14.91,1,20,O,O,Normal,0
3572,52,52,89.5,92.7,40.05,83.1,804,9.223,0,0,A,O,Normal,1
3573,48,77,54.24,77.46,67.67,88.92,694,10.278,4,29,B,A,Routine,0
3574,19,31,69.58,10.52,7.08,72.56,345,10.994,1,12,A,O,Routine,0
3575,33,21,87.71,70.98,64.08,95.32,378,12.861,0,12,O,A,Routine,1
3576,18,66,25.31,8.39,74.09,66.95,318,17.607,0,48,B,A,Urgent,0
3577,61,34,97.26,85.01,10.19,,142,9.032,0,27,O,O,Normal,1
3578,27,26,82.66,91.55,83.73,66.16,574,11.912,1,1,A,AB,Normal,0
3579,51,53,51.21,15.86,88.61,74.27,791,19.463,0,2,O,O,Critical,0
3580,38,64,85.72,59.28,86.27,59.68,922,11.583,0,26,B,AB,Normal,0
3581,40,65,99.95,31.61,92.95,49.62,732,13.158,2,25,A,A,Normal,1
3582,58,67,49.06,59.83,87.6,45.94,400,15.552,5,9,A,A,Critical,1
3583,46,24,67.95,92.75,22.15,81.87,309,4.11,3,22,A,O,Critical,0
3584,56,41,50.35,53.51,65.28,72.71,281,17.269,1,15,B,B,Normal,0
3585,67,70,72.65,62.3,57.09,69.36,735,7.281,0,3,A,A,Urgent,0
3586,63,46,37.79,65.52,11.63,68.38,159,4.625,0,17,O,B,Critical,0
3587,30,67,49.31,98.11,86.2,68.46,159,17.079,2,37,O,B,Critical,0
3588,68,22,42.34,49.42,62.25,88.42,733,12.239,3,46,O,B,Normal,0
3589,24,74,33.05,43.07,6.24,53.64,266,11.547,1,50,A,B,Routine,0
3590,37,31,59.63,42.61,15.54,59.68,293,15.38,4,6,O,A,Urgent,0
3591,22,37,97.75,78.8,25.18,48.04,603,13.682,0,15,O,O,Normal,1
3592,37,36,98.06,77.47,28.48,93.9,451,17.699,2,1,A,AB,Normal,1
3593,68,50,49.71,,9.82,77.2,949,11.345,0,18,A,O,Normal,0
3594,58,26,48.55,51.89,17.21,65.02,10,8.858,0,32,A,A,Routine,0
3595,44,72,76.48,36.07,70.84,88.32,31,13.459,0,28,O,O,Urgent,1
3596,62,70,37.97,68.68,34.43,90.86,946,5.377,1,8,O,A,Urgent,1
3597,30,31,89.81,20.32,66.51,76.64,49,9.46,0,1,O,A,Urgent,1
3598,68,35,83.14,7.77,15.9,89.52,174,15.417,0,33,O,O,Critical,1
3599,46,,91.84,65.5,98.42,74.85,419,12.612,0,2,A,O,Normal,0
3600,65,70,53.63,71.25,66.23,59.44,360,13.105,1,5,A,B,Urgent,0
3601,25,33,98.26,74.83,88.06,94.21,287,11.68,0,8,B,A,Normal,0
3602,68,35,47.62,68.05,49.39,56.85,802,9.278,5,33,O,AB,Critical,0
3603,19,67,52.97,51.09,7.84,77.79,426,11.864,0,48,A,A,Critical,1
3604,40,61,65.68,31.91,33.44,69.47,863,15.411,4,21,AB,O,Urgent,0
3605,25,42,88.69,92.67,73.28,89.1,645,19.772,1,17,B,B,Urgent,1
3606,29,20,32.81,45.67,40.75,53.44,347,9.907,0,9,O,O,Urgent,0
3607,62,44,69.49,8.43,19.82,85.37,387,12.464,1,18,B,O,Urgent,1
3608,26,58,88.64,1.96,13.34,88.98,96,13.431,6,32,O,A,Urgent,1
3609,40,52,68.27,2.97,46.05,49.89,99,12.84,2,12,O,O,Normal,0
3610,29,48,88.44,87.73,90.4,80.4,466,7.292,2,19,A,A,Normal,1
3611,43,21,55.56,11.89,74.68,59.61,496,15.762,0,22,A,O,Normal,0
3612,66,41,98.45,19.88,81.84,55.33,159,13.152,8,25,B,O,Normal,0
3613,56,69,75.39,98.16,89.21,71.83,319,10.336,1,13,A,O,Urgent,0
3614,52,41,54.12,3.44,66.21,77.44,103,11.936,1,11,A,A,Normal,0
3615,30,56,43.27,59.89,57.11,76.44,800,9.979,0,26,A,B,Urgent,0
3616,21,46,53.12,90.0,6.51,87.14,910,7.807,0,25,O,O,Urgent,0
3617,57,33,86.63,72.69,10.82,82.3,862,7.587,7,24,B,O,Urgent,0
3618,23,53,30.16,13.73,9.38,92.95,585,6.465,1,30,B,O,Urgent,0
3619,41,28,88.39,10.32,51.31,93.21,550,6.924,0,13,O,B,Critical,1
3620,32,77,62.77,49.12,84.55,95.14,270,22.598,3,45,O,B,Critical,0
3621,66,29,57.81,92.03,31.17,68.68,915,14.831,1,37,A,O,Urgent,0
3622,58,48,88.57,82.28,10.76,54.46,937,14.172,0,10,O,A,Routine,1
3623,28,76,76.24,43.24,0.02,62.43,984,12.267,4,48,O,O,Normal,1
3624,39,32,57.39,29.72,12.86,90.53,512,8.718,2,7,O,O,Normal,1
3625,66,23,57.34,16.25,59.19,53.54,740,18.17,3,43,A,O,Urgent,0
3626,46,66,90.89,72.86,69.22,83.49,847,9.756,2,20,B,O,Urgent,0
3627,27,48,90.78,20.61,80.45,59.3,874,7.149,1,21,O,B,Urgent,1
3628,63,66,53.48,56.35,62.38,78.61,174,5.525,0,3,O,O,Urgent,1
3629,34,50,56.32,17.32,84.5,49.59,100,9.928,0,16,AB,O,Urgent,0
3630,39,27,63.88,11.99,84.24,63.93,70,15.903,1,12,O,O,Normal,0
3631,33,40,42.24,16.57,42.99,48.48,693,2.982,4,7,B,B,Normal,1
3632,52,42,71.56,69.54,64.85,51.32,40,7.668,2,10,A,O,Urgent,0
3633,18,77,45.75,29.86,3.17,56.21,121,6.773,2,59,B,A,Normal,0
3634,35,25,42.1,82.12,20.16,88.37,436,8.082,0,10,AB,AB,Normal,1
3635,66,59,86.68,21.14,57.79,54.51,685,6.237,1,7,O,O,Urgent,1
3636,28,26,65.3,68.13,36.37,70.56,437,8.576,0,2,B,O,Urgent,0
3637,49,71,42.1,59.13,1.81,46.85,82,15.584,0,22,A,A,Critical,0
3638,33,18,34.39,39.31,82.23,94.78,925,9.396,0,15,A,O,Normal,0
3639,45,19,63.82,47.82,24.05,57.78,769,16.676,0,26,O,B,Urgent,1
3640,58,30,94.33,61.06,72.03,87.34,742,4.226,0,28,B,A,Normal,0
3641,63,55,27.26,4.05,54.11,51.65,455,7.863,0,8,O,O,Normal,1
3642,50,35,67.71,20.03,3.72,71.72,648,21.495,1,15,O,O,Normal,0
3643,48,51,55.31,14.79,48.23,57.48,,8.579,0,3,B,O,Normal,0
3644,68,29,86.24,43.3,25.99,73.81,924,4.254,0,39,A,O,Urgent,1
3645,37,62,74.36,66.87,55.21,96.2,560,12.97,0,25,A,B,Normal,1
3646,55,49,55.64,23.02,77.16,58.12,96,14.215,0,6,O,O,Critical,1
3647,21,70,36.57,32.46,61.51,85.61,800,19.886,,49,O,A,Urgent,0
3648,50,77,84.25,81.17,43.09,66.39,63,15.347,0,27,O,O,Normal,1
3649,29,30,98.1,78.3,64.56,65.03,742,11.958,1,1,B,A,Normal,0
3650,50,18,75.33,38.9,87.96,62.51,943,19.893,1,32,O,O,Urgent,1
3651,26,63,32.57,15.23,97.09,92.07,672,13.444,2,37,A,AB,Critical,0
3652,42,40,53.68,60.4,84.9,63.08,850,8.971,0,2,A,O,Normal,0
3653,50,19,58.89,46.46,66.21,56.74,877,9.66,0,31,B,A,Critical,0
3654,38,52,54.46,83.86,86.43,48.4,771,5.751,2,14,O,O,Urgent,1
3655,29,29,54.56,4.07,49.39,48.76,782,4.497,0,0,B,O,Urgent,0
3656,58,28,25.02,52.76,51.76,97.49,816,3.587,1,30,B,AB,Normal,0
3657,68,47,25.89,64.2,26.32,71.33,265,10.204,5,21,O,A,Urgent,0
3658,20,32,61.9,94.47,23.03,73.13,250,8.275,1,12,B,A,Routine,0
3659,31,74,65.62,99.88,83.61,51.13,548,9.483,2,43,O,B,Normal,0
3660,23,69,94.15,30.97,95.18,98.1,244,,1,46,O,O,Urgent,1
3661,26,58,93.44,36.17,76.25,77.13,906,11.153,0,32,O,A,Routine,0
3662,48,59,47.39,94.69,60.07,73.58,284,10.547,1,11,O,B,Urgent,0
3663,69,28,98.38,78.16,74.28,91.75,862,3.657,0,41,O,A,Normal,1
3664,66,20,65.18,50.84,5.05,99.89,527,12.162,0,46,B,O,Urgent,0
3665,66,36,41.48,88.23,98.04,84.11,411,6.47,0,30,O,O,Critical,0
3666,57,19,80.81,67.63,4.76,88.43,831,11.7,0,38,A,B,Urgent,0
3667,28,70,55.95,47.31,39.17,53.39,376,9.639,2,42,O,O,Urgent,0
3668,22,35,58.26,92.23,62.64,64.19,939,13.145,0,13,O,A,Urgent,0
3669,43,27,53.73,68.96,64.49,76.38,258,5.774,2,16,A,O,Urgent,0
3670,50,32,29.45,81.72,14.9,80.81,40,8.06,0,18,A,A,Normal,1
3671,68,64,42.19,52.14,78.92,85.97,534,14.372,3,4,O,A,Normal,0
3672,47,51,96.12,71.2,88.5,61.8,326,14.371,6,4,B,A,Critical,0
3673,21,25,72.79,93.92,33.49,54.77,469,14.371,0,4,B,O,Urgent,0
3674,32,73,94.97,81.95,25.99,98.49,194,12.533,1,41,O,A,Normal,0
3675,34,61,70.25,0.78,19.7,48.77,938,11.959,0,27,B,A,Normal,0
3676,18,74,26.67,3.85,54.05,64.68,945,8.731,0,56,A,AB,Normal,0
3677,43,67,88.19,1.86,25.25,95.61,30,10.007,0,24,A,O,Normal,1
3678,47,32,46.03,47.49,58.73,79.36,157,9.837,0,15,AB,O,Routine,0
3679,31,23,71.05,99.03,47.74,61.79,965,10.241,1,8,O,B,Urgent,0
3680,35,41,75.62,12.37,49.62,46.23,754,7.724,0,6,A,B,Normal,0
3681,46,43,88.48,72.66,83.13,70.51,159,6.748,3,3,B,O,Critical,0
3682,36,57,67.49,30.35,25.57,61.72,777,6.876,0,21,B,O,Normal,1
3683,56,32,26.35,4.7,99.52,95.98,820,10.642,2,24,O,B,Urgent,0
3684,37,26,41.74,36.16,87.65,81.93,360,12.052,0,11,B,O,Urgent,0
3685,45,73,93.73,93.7,96.39,67.7,64,11.728,1,28,O,O,Urgent,1
3686,21,27,37.15,7.78,74.3,48.86,299,12.772,2,6,O,O,Critical,1
3687,43,63,56.64,49.83,45.25,71.6,288,16.419,0,20,O,O,Urgent,0
3688,63,18,86.03,49.81,31.95,55.97,999,8.598,0,45,O,O,Routine,1
3689,51,18,66.38,53.73,11.5,58.09,310,5.372,8,33,A,O,Urgent,0
3690,23,72,77.44,38.96,29.0,86.18,136,12.472,0,49,O,B,Normal,0
3691,66,58,64.63,77.37,7.15,94.48,908,12.062,0,8,A,A,Normal,1
3692,43,63,48.33,10.5,53.81,73.66,643,9.353,3,20,O,O,Critical,1
3693,54,42,73.88,26.62,41.09,71.0,840,4.387,2,12,O,O,Urgent,1
3694,35,60,35.16,62.85,20.84,93.26,414,12.507,0,25,O,O,Urgent,1
3695,28,59,96.09,93.27,25.34,88.24,994,9.233,5,31,A,O,Normal,0
3696,65,76,45.85,44.26,42.91,97.19,483,6.794,1,11,A,O,Urgent,0
3697,68,52,87.63,76.8,98.04,92.61,474,12.017,1,16,AB,AB,Normal,0
3698,68,69,52.65,41.9,18.13,99.98,855,8.061,0,1,O,O,Normal,1
3699,57,39,76.09,30.37,90.19,79.42,880,11.018,0,18,A,O,Normal,0
3700,20,21,76.17,85.48,54.45,65.53,688,13.213,5,1,O,B,Critical,0
3701,61,55,91.78,98.64,85.1,70.76,833,18.231,5,6,A,O,Urgent,0
3702,49,,34.73,93.59,19.97,62.55,85,16.597,0,31,A,O,Normal,0
3703,34,49,53.33,46.47,1.85,96.06,310,19.961,4,15,O,B,Urgent,0
3704,62,46,96.62,18.12,12.46,69.84,196,8.178,2,16,A,B,Critical,1
3705,28,28,92.89,5.86,40.12,49.07,220,7.513,3,0,O,B,Routine,1
3706,29,44,35.67,85.82,96.19,55.97,742,14.238,3,15,AB,B,Normal,0
3707,43,55,95.36,92.73,58.54,63.47,318,6.754,3,12,O,A,Urgent,0
3708,27,57,95.41,23.23,48.41,45.86,235,10.862,1,30,O,O,Critical,1
3709,21,44,74.95,32.1,21.37,59.14,10,15.626,0,23,O,A,Normal,1
3710,45,43,72.92,40.61,86.94,55.55,414,6.114,0,2,A,O,Normal,0
3711,35,71,30.11,14.35,30.05,55.37,444,6.849,3,36,B,A,Normal,0
3712,50,21,28.42,57.48,61.85,99.05,393,15.584,4,29,O,O,Routine,0
3713,57,64,50.99,83.61,23.56,70.25,404,16.347,0,7,B,B,Urgent,0
3714,42,33,25.14,74.97,82.07,49.47,355,9.094,3,9,O,AB,Urgent,0
3715,33,22,50.6,79.88,55.61,59.82,984,5.976,4,11,B,O,Critical,0
3716,29,19,62.6,2.29,83.88,85.74,257,13.414,1,10,A,A,Normal,0
3717,69,42,91.15,85.01,26.88,50.22,218,19.318,2,27,B,A,Urgent,0
3718,22,,74.9,77.51,15.8,70.04,502,6.525,1,52,O,A,Urgent,0
3719,39,33,91.03,92.85,31.62,49.06,796,10.049,1,6,A,B,Urgent,0
3720,65,21,93.75,28.62,87.03,97.06,527,6.833,0,44,O,A,Normal,0
3721,69,21,96.28,17.41,48.1,96.72,560,9.127,0,48,B,A,Urgent,0
3722,26,62,83.5,20.5,22.24,61.52,635,6.379,0,36,A,A,Urgent,1
3723,21,55,93.13,91.08,77.27,48.94,663,5.627,5,34,O,O,Urgent,0
3724,55,64,96.51,26.3,49.29,90.2,918,12.785,0,9,O,O,Urgent,1
3725,51,25,33.33,56.52,24.07,77.43,891,12.029,0,26,O,AB,Normal,0
3726,27,61,32.79,96.24,3.41,99.21,443,10.01,1,34,A,O,Urgent,0
3727,25,69,27.09,98.9,79.82,74.43,473,21.686,1,44,A,A,Normal,0
3728,41,58,87.31,12.39,26.69,67.41,908,10.164,1,17,AB,O,Normal,1
3729,21,39,44.45,41.69,84.79,73.28,810,7.203,8,18,O,O,Normal,0
3730,47,20,59.4,17.99,88.61,81.61,159,12.2,1,27,O,O,Normal,0
3731,64,60,96.37,29.53,75.78,90.77,292,6.258,3,4,A,A,Normal,1
3732,39,51,69.05,23.02,76.11,91.85,516,17.22,0,12,O,O,Routine,1
3733,66,18,66.08,61.02,12.71,74.65,462,15.766,1,48,O,B,Urgent,1
3734,58,26,76.17,14.89,99.71,84.43,133,15.268,0,32,B,O,Normal,0
3735,21,61,50.58,88.26,61.08,86.67,23,10.193,0,40,O,B,Routine,0
3736,32,77,44.13,86.25,55.27,77.33,481,8.594,0,45,A,B,Urgent,0
3737,36,74,35.05,59.66,36.79,62.23,343,4.527,2,38,O,A,Urgent,0
3738,21,34,30.95,34.36,90.66,90.27,60,7.856,2,,O,O,Urgent,0
3739,31,55,96.04,21.67,88.62,89.32,85,17.252,0,24,B,O,Urgent,0
3740,66,18,73.76,23.2,1.83,95.08,,4.303,2,48,O,A,Normal,0
3741,47,30,69.6,24.94,18.65,54.67,1,7.643,1,17,A,B,Normal,0
3742,49,52,56.25,47.62,94.95,73.1,31,14.276,0,3,A,A,Normal,0
3743,,38,45.36,76.84,23.92,60.88,196,13.279,0,17,A,O,Urgent,0
3744,24,55,87.77,85.64,17.78,51.77,436,13.735,2,31,A,A,Normal,0
3745,27,68,36.27,35.19,73.94,50.93,732,12.19,7,41,O,B,Normal,0
3746,27,55,53.8,82.53,60.81,85.52,165,6.849,0,28,O,O,Normal,0
3747,69,48,79.99,49.17,15.6,93.79,397,8.463,1,21,O,A,Normal,1
3748,64,36,84.33,38.46,46.47,89.26,645,9.351,0,28,A,B,Routine,0
3749,31,34,29.21,2.58,15.09,67.7,953,10.043,1,3,O,A,Critical,1
3750,20,23,37.11,65.83,59.6,64.61,871,10.696,4,3,A,A,Routine,0
3751,25,63,40.81,44.67,2.25,86.42,828,7.414,4,38,O,A,Normal,0
3752,39,40,82.18,30.37,89.99,61.66,414,12.68,0,1,O,O,Routine,1
3753,39,47,88.54,26.3,4.19,85.92,53,14.64,0,8,A,B,Normal,1
3754,47,38,31.88,42.49,52.57,78.9,717,7.727,1,9,B,O,Normal,0
3755,23,55,52.73,21.02,26.97,87.78,35,11.627,2,32,O,A,Routine,0
3756,29,26,92.63,95.79,39.27,93.35,745,17.356,2,3,O,B,Routine,0
3757,43,35,25.72,93.7,84.32,58.38,707,3.762,1,8,B,A,Normal,0
3758,66,27,65.4,3.62,19.18,63.42,960,6.928,0,39,O,B,Urgent,1
3759,32,39,85.8,15.08,79.69,63.93,450,11.922,2,7,O,A,Normal,1
3760,64,51,72.33,69.52,84.97,60.41,860,10.661,0,13,A,B,Normal,0
3761,20,58,57.38,36.01,37.9,68.17,315,6.138,0,38,B,O,Normal,0
3762,51,51,62.53,84.05,82.74,59.1,133,7.983,2,0,O,A,Critical,0
3763,35,41,84.12,28.56,65.67,56.88,856,16.944,1,6,B,A,Normal,0
3764,49,33,42.74,19.2,64.4,49.45,850,10.699,0,16,O,B,Normal,0
3765,44,45,74.17,11.99,51.71,92.47,679,6.093,1,1,B,B,Urgent,1
3766,46,49,44.78,84.85,91.4,65.38,149,13.585,2,3,O,AB,Critical,0
3767,37,72,59.57,32.95,93.83,98.03,513,9.461,0,35,B,A,Normal,0
3768,27,74,47.72,40.99,35.79,62.45,779,13.596,0,47,O,AB,Normal,0
3769,20,18,73.0,0.64,28.06,49.02,975,6.176,0,2,O,O,Critical,1
3770,41,65,68.3,74.41,39.32,80.7,297,9.458,0,24,A,A,Urgent,1
3771,63,35,99.14,70.41,45.29,92.09,20,8.721,0,28,B,AB,Normal,1
3772,18,59,59.57,76.76,79.16,58.6,932,10.928,2,41,O,A,Urgent,0
3773,51,52,73.92,9.28,62.6,47.26,570,9.958,0,1,A,O,Normal,1
3774,60,72,73.97,36.91,11.31,78.91,850,8.45,3,12,A,O,Critical,0
3775,60,49,53.27,87.25,,63.82,105,6.809,2,11,B,O,Normal,0
3776,56,64,59.53,90.86,44.45,82.5,947,12.813,1,8,O,A,Urgent,0
3777,51,26,85.42,79.69,91.55,83.77,311,12.763,0,25,B,B,Urgent,0
3778,65,56,62.66,82.22,82.88,50.64,830,15.309,3,9,A,B,Normal,0
3779,68,49,63.44,71.78,16.73,67.75,580,10.439,0,19,A,B,Urgent,0
3780,40,65,77.38,4.36,13.28,56.87,715,8.997,2,25,O,A,Urgent,1
3781,64,55,59.6,13.87,21.27,96.39,591,6.872,0,9,B,A,Critical,1
3782,50,47,52.78,83.91,63.44,99.73,461,8.577,1,3,B,O,Normal,0
3783,29,35,73.53,45.16,77.09,56.45,118,18.655,0,6,A,B,Critical,0
3784,31,58,50.76,91.07,56.39,72.56,435,17.207,4,27,O,O,Routine,0
3785,65,74,54.03,69.16,25.83,76.5,769,8.123,1,9,A,A,Critical,1
3786,32,25,88.88,85.49,38.74,79.27,418,10.669,2,7,O,A,Urgent,0
3787,34,72,37.23,53.54,40.74,81.12,507,12.035,2,38,A,O,Normal,0
3788,59,53,37.93,87.78,20.86,83.09,425,14.787,0,6,O,B,Critical,0
3789,45,40,57.39,93.79,28.2,68.09,961,6.61,1,5,O,O,Urgent,0
3790,21,51,59.38,71.26,75.77,45.82,568,4.711,7,30,B,AB,Urgent,0
3791,58,72,61.61,14.3,93.72,56.91,873,5.672,0,14,O,O,Routine,1
3792,55,52,52.67,53.56,80.86,67.47,533,14.265,3,3,O,A,Normal,0
3793,37,61,41.08,45.67,80.51,81.1,278,8.933,6,24,A,O,Urgent,0
3794,59,65,25.22,78.66,26.36,52.16,902,11.227,1,6,O,B,Normal,1
3795,21,49,47.72,93.45,47.93,79.76,148,8.192,4,28,B,O,Normal,0
3796,36,40,46.91,86.81,24.69,98.44,791,15.992,0,4,O,O,Normal,1
3797,44,58,42.05,84.69,1.41,53.01,797,10.651,0,14,O,A,Critical,0
3798,33,67,97.22,28.32,2.13,53.86,597,8.59,0,34,B,B,Normal,1
3799,36,36,27.26,2.37,90.26,63.23,930,15.104,1,0,B,O,Normal,0
3800,26,54,35.06,0.51,43.41,81.15,427,14.084,4,28,AB,O,Urgent,0
3801,49,63,60.71,30.69,82.9,90.54,650,14.565,3,14,A,O,Normal,0
3802,20,24,62.57,7.45,40.69,85.8,509,4.655,0,4,A,O,Normal,1
3803,61,23,69.45,58.65,26.5,56.31,262,14.619,3,38,A,AB,Urgent,1
3804,33,28,97.13,91.25,66.85,96.37,173,2.228,1,5,O,O,Normal,0
3805,32,72,63.89,81.71,98.7,73.07,517,12.378,0,40,B,B,Normal,0
3806,23,73,98.42,82.14,83.02,52.03,964,11.595,0,50,O,O,Urgent,1
3807,34,74,39.15,77.73,58.83,81.51,165,10.519,0,40,O,A,Critical,0
3808,38,71,68.13,49.13,45.62,70.31,540,8.675,0,33,A,A,Normal,0
3809,26,71,26.31,40.38,81.17,94.04,490,12.92,0,45,B,AB,Routine,0
3810,47,64,49.25,98.0,55.74,73.22,371,8.787,1,17,O,A,Critical,0
3811,37,49,92.57,14.02,54.75,94.05,84,1.041,3,12,O,A,Urgent,1
3812,40,65,70.16,22.42,75.5,52.7,99,11.049,3,25,O,O,Urgent,0
3813,52,28,87.45,52.31,84.58,46.27,640,12.15,5,24,O,O,Normal,0
3814,44,54,40.43,39.37,61.1,59.74,618,14.848,1,10,B,O,Normal,0
3815,28,52,40.55,57.24,61.53,84.35,281,11.816,0,24,O,O,Urgent,0
3816,37,64,77.64,81.36,30.12,60.92,168,16.779,0,27,B,O,Normal,0
3817,23,38,72.08,73.6,72.2,47.46,890,13.883,0,15,O,AB,Urgent,0
3818,69,61,90.13,75.98,98.12,56.85,588,9.898,0,8,O,O,Urgent,1
3819,38,29,60.87,67.66,96.69,76.07,337,7.207,1,9,O,A,Urgent,1
3820,23,67,53.89,39.53,34.39,60.3,841,5.452,4,44,B,O,Normal,0
3821,45,76,66.18,18.02,59.28,83.54,650,9.598,0,31,B,O,Normal,0
3822,58,69,76.45,12.19,58.17,89.37,99,14.413,2,11,O,B,Urgent,0
3823,59,20,95.06,19.46,28.83,90.51,948,0.5,3,39,A,AB,Normal,1
3824,35,31,70.56,64.23,31.98,97.27,995,7.903,0,4,O,B,Urgent,0
3825,56,40,28.63,32.41,34.68,97.83,848,5.332,3,16,A,O,Normal,0
3826,66,77,28.55,67.83,43.06,53.41,704,9.573,0,11,O,O,Urgent,0
3827,66,68,58.14,75.5,74.1,98.22,858,11.492,4,2,O,O,Routine,0
3828,48,42,67.05,54.89,50.5,92.04,766,1.156,1,6,O,B,Urgent,1
3829,33,39,55.44,76.03,54.88,82.31,546,12.532,0,6,B,O,Urgent,0
3830,23,31,57.96,74.75,81.02,58.62,994,8.233,1,8,A,O,Urgent,0
3831,60,45,85.87,6.22,58.31,78.8,622,4.726,0,15,B,O,Normal,1
3832,60,67,67.42,40.01,9.66,68.47,83,5.897,0,7,O,O,Urgent,1
3833,57,65,37.71,87.91,2.25,48.98,408,10.74,0,8,B,O,Critical,0
3834,50,33,98.66,76.67,46.93,48.14,143,14.532,3,17,B,A,Normal,0
3835,32,75,90.86,32.42,47.94,51.48,746,14.833,1,43,AB,B,Urgent,0
3836,35,55,80.19,74.94,8.13,55.77,666,5.844,0,20,O,B,Normal,0
3837,35,41,90.24,91.07,40.41,63.19,683,7.921,0,6,A,O,Critical,0
3838,66,47,53.84,19.58,84.59,,96,17.224,0,19,B,O,Urgent,0
3839,27,76,46.91,61.27,31.53,83.66,320,10.51,0,49,O,B,Urgent,0
3840,44,33,41.99,13.12,48.97,99.14,755,2.492,0,11,B,O,Urgent,0
3841,22,45,37.79,41.59,23.12,82.92,374,6.571,2,23,A,O,Normal,0
3842,61,36,61.86,54.52,35.09,96.98,156,13.877,3,25,B,A,Urgent,0
3843,21,65,32.02,89.84,86.66,93.41,57,12.445,0,44,O,O,Critical,0
3844,50,64,97.8,76.31,97.34,96.04,573,4.72,0,14,A,O,Urgent,0
3845,59,54,63.19,53.95,40.88,63.15,111,9.563,2,5,O,A,Normal,0
3846,39,73,67.83,68.79,13.51,86.79,700,12.719,4,34,O,B,Urgent,0
3847,18,59,64.58,41.44,56.17,86.84,863,6.764,0,41,A,O,Routine,0
3848,49,18,70.8,71.47,43.36,59.81,33,11.015,0,31,A,A,Urgent,0
3849,58,56,83.67,28.14,85.59,48.13,843,16.352,0,2,O,A,Urgent,1
3850,68,27,47.68,58.41,9.3,46.97,27,8.307,3,41,O,B,Urgent,0
3851,33,51,33.44,58.14,48.89,79.43,253,9.279,3,18,O,AB,Normal,0
3852,36,33,91.12,72.0,69.71,72.44,763,3.287,0,3,O,O,Urgent,1
3853,55,67,48.9,80.36,,64.07,482,13.212,1,12,O,O,Routine,0
3854,60,76,79.32,43.54,7.77,93.94,484,10.709,3,16,O,O,Urgent,1
3855,25,52,60.08,96.53,95.56,76.82,628,5.957,0,27,A,A,Normal,0
3856,23,42,40.56,44.63,7.66,95.69,28,13.771,0,19,O,O,Critical,1
3857,39,29,63.54,81.59,,54.8,173,1.996,3,10,B,B,Critical,0
3858,21,36,68.01,20.82,36.4,63.5,283,16.006,0,15,A,B,Normal,0
3859,19,52,46.95,39.66,81.36,96.15,950,11.132,0,33,A,B,Urgent,0
3860,31,73,53.75,46.26,50.74,85.61,658,14.891,1,42,O,A,Urgent,0
3861,69,74,55.27,72.9,28.55,92.13,602,14.103,0,5,O,A,Routine,0
3862,20,,61.53,32.91,60.28,80.01,216,12.078,1,20,B,O,Urgent,0
3863,61,28,40.45,45.91,41.96,57.16,717,11.458,0,33,B,B,Urgent,0
3864,35,54,59.91,68.72,93.7,77.82,893,11.452,1,19,B,A,Normal,0
3865,22,71,65.55,82.19,31.97,97.41,89,11.623,2,49,O,B,Urgent,0
3866,65,30,31.64,95.56,77.59,99.79,938,13.063,2,35,O,B,Urgent,0
3867,32,28,79.17,90.23,50.14,89.14,844,3.894,1,4,O,A,Normal,1
3868,36,51,94.37,62.55,74.55,97.36,537,9.389,0,15,B,O,Urgent,0
3869,68,33,47.49,13.26,79.06,56.51,717,7.764,2,35,A,A,Normal,0
3870,35,71,56.85,38.34,49.95,63.92,663,9.997,2,36,O,A,Urgent,0
3871,69,47,40.48,15.47,31.93,52.85,804,13.593,0,22,O,O,Normal,0
3872,37,53,82.91,72.99,78.21,88.43,984,12.993,2,16,A,O,Normal,0
3873,29,69,27.8,10.47,35.57,76.74,852,18.403,0,40,B,A,Critical,0
3874,37,40,66.21,60.63,38.31,58.45,716,11.192,1,3,AB,A,Normal,0
3875,27,57,83.06,11.13,50.75,46.92,197,13.617,0,30,O,B,Urgent,1
3876,69,51,32.95,97.84,72.66,73.28,23,10.474,0,18,O,O,Urgent,0
3877,61,72,35.72,17.31,92.48,75.61,231,8.032,1,11,A,O,Critical,0
3878,63,36,84.21,84.25,54.2,77.64,348,14.119,7,27,A,B,Urgent,0
3879,35,37,88.14,74.44,0.64,64.04,151,7.508,2,2,B,A,Urgent,0
3880,39,55,84.86,56.86,71.32,,21,7.858,1,16,AB,A,Urgent,0
3881,68,31,90.5,19.59,52.2,98.08,116,10.951,0,37,O,B,Normal,1
3882,64,64,51.08,66.53,94.26,70.6,206,8.753,4,0,B,B,Urgent,0
3883,46,56,72.28,34.49,39.89,61.54,290,17.966,0,10,B,A,Critical,0
3884,44,18,75.05,61.4,89.84,60.14,206,12.058,0,26,A,O,Normal,0
3885,36,53,96.09,85.67,45.45,68.25,925,9.67,1,17,O,B,Urgent,1
3886,21,60,30.77,50.11,40.87,62.33,352,8.204,1,39,A,B,Critical,0
3887,38,55,35.42,76.42,59.96,45.69,423,6.597,0,17,O,O,Critical,0
3888,51,58,79.05,62.68,64.02,88.29,767,14.486,1,7,B,O,Normal,0
3889,18,62,95.41,60.41,19.81,85.22,928,14.877,5,44,AB,A,Normal,0
3890,50,49,34.88,16.08,69.26,76.73,239,10.453,2,1,B,B,Critical,0
3891,61,21,59.17,42.2,43.91,71.68,781,16.767,0,40,O,AB,Normal,0
3892,50,36,52.12,6.46,33.99,62.62,141,16.4,2,14,B,O,Critical,0
3893,49,45,68.98,3.8,5.42,88.62,435,13.794,0,4,AB,O,Urgent,0
3894,60,72,69.04,11.88,11.61,68.29,932,6.529,4,12,O,A,Normal,1
3895,25,74,69.65,26.73,29.81,71.18,144,19.399,0,49,B,B,Critical,0
3896,54,75,82.2,59.36,9.5,84.51,3,3.979,0,21,A,A,Urgent,1
3897,33,55,56.17,94.8,26.77,90.2,273,12.265,0,22,O,O,Urgent,0
3898,25,70,95.53,44.03,39.07,97.03,567,11.087,2,45,O,A,Urgent,1
3899,20,66,58.84,8.84,41.63,84.8,33,11.782,0,46,B,O,Normal,0
3900,27,69,42.05,21.53,8.55,84.49,984,16.818,0,42,A,O,Urgent,0
3901,53,31,46.64,37.57,92.7,47.2,383,8.991,1,22,O,A,Urgent,0
3902,25,,42.33,71.64,75.02,60.53,492,13.809,4,6,A,A,Normal,0
3903,38,61,77.53,2.79,85.02,94.66,95,9.306,3,23,O,B,Critical,1
3904,46,33,45.44,9.32,96.32,67.32,645,0.5,1,13,A,O,Normal,0
3905,33,44,57.59,44.93,89.73,68.19,539,14.162,0,11,B,B,Urgent,0
3906,33,25,34.28,57.88,86.17,82.37,939,10.048,1,8,O,B,Critical,0
3907,66,39,75.95,30.4,60.55,89.57,799,8.671,0,27,B,B,Urgent,1
3908,26,63,36.88,89.45,80.35,95.45,,11.399,1,37,O,A,Urgent,0
3909,47,40,41.33,16.36,63.21,86.97,544,3.073,3,7,O,A,Normal,0
3910,67,61,42.3,87.84,36.37,72.42,11,11.934,1,6,O,O,Critical,0
3911,40,25,44.73,2.35,23.88,91.74,446,14.761,1,15,B,B,Routine,1
3912,61,28,,8.41,63.26,68.37,786,7.598,2,33,O,B,Normal,0
3913,46,55,49.47,68.6,70.71,94.3,470,11.647,4,9,AB,A,Routine,0
3914,28,67,62.27,55.28,45.93,53.97,129,13.361,2,39,B,B,Normal,0
3915,46,45,55.72,57.75,99.33,79.56,974,16.582,0,1,A,O,Urgent,0
3916,46,24,33.09,40.01,80.34,66.9,294,12.007,0,22,A,A,Normal,0
3917,36,30,45.52,75.16,94.43,49.93,104,8.117,4,6,O,B,Critical,0
3918,40,29,65.15,,31.73,68.09,339,10.184,3,11,B,O,Routine,0
3919,65,56,34.72,48.83,19.48,49.5,753,9.582,1,9,O,A,Routine,0
3920,40,34,82.22,0.14,87.31,76.97,163,10.101,3,6,A,O,Critical,0
3921,67,27,60.01,8.78,1.33,82.75,491,17.14,1,40,O,O,Critical,1
3922,61,33,54.62,21.43,68.81,47.73,804,12.242,2,28,O,A,Normal,0
3923,46,38,75.21,20.61,58.4,96.86,77,6.553,1,8,A,A,Normal,1
3924,22,41,94.36,28.21,89.88,45.5,365,12.365,2,19,A,B,Normal,0
3925,65,19,54.45,67.73,94.19,63.59,130,7.04,1,46,A,A,Normal,0
3926,59,57,91.64,19.18,87.83,76.95,951,5.014,1,2,O,A,Urgent,1
3927,28,22,41.35,42.58,39.85,58.47,531,18.849,7,6,O,B,Normal,0
3928,27,74,95.57,34.1,60.41,91.74,95,8.849,0,47,B,O,Urgent,0
3929,65,57,63.67,75.99,80.31,91.56,786,2.662,0,8,A,AB,Urgent,1
3930,60,21,62.16,0.57,60.48,78.86,897,10.979,0,39,O,O,Normal,1
3931,61,68,30.85,57.65,60.48,82.83,26,0.5,6,7,A,A,Urgent,0
3932,61,21,29.41,68.22,94.59,69.46,136,4.895,8,40,A,A,Urgent,0
3933,32,57,56.92,29.83,91.66,92.65,700,13.677,0,25,O,B,Critical,1
3934,32,70,48.73,80.13,83.53,95.62,592,5.505,4,38,A,A,Urgent,0
3935,64,62,57.61,31.49,64.2,94.62,260,12.448,2,2,O,B,Routine,0
3936,62,57,33.05,69.66,90.16,93.4,921,18.817,3,5,A,A,Routine,0
3937,44,23,74.39,83.45,11.99,66.16,827,7.346,0,21,O,O,Routine,1
3938,32,69,83.07,1.74,30.49,79.55,261,5.356,1,37,B,O,Routine,0
3939,57,19,83.09,12.13,83.87,72.33,801,23.094,2,38,A,O,Normal,0
3940,36,68,62.84,67.69,88.86,65.09,738,7.862,1,32,O,B,Normal,0
3941,20,34,73.1,20.78,17.73,61.01,271,15.868,0,14,A,B,Urgent,1
3942,30,37,25.02,51.05,21.25,99.06,128,7.822,4,7,A,A,Critical,1
3943,43,59,85.48,36.42,88.59,70.8,632,10.576,1,16,B,O,Normal,0
3944,59,63,98.03,18.38,58.49,47.39,223,4.43,0,4,O,O,Urgent,1
3945,46,66,38.82,45.93,75.72,57.43,718,8.978,3,20,B,A,Normal,0
3946,39,26,64.67,86.19,57.83,72.35,50,16.328,0,13,O,A,Routine,0
3947,58,75,33.28,83.19,46.69,59.11,514,12.291,0,17,O,O,Urgent,0
3948,26,39,42.35,57.06,50.82,55.4,513,7.299,0,13,O,A,Critical,0
3949,30,65,53.95,69.47,43.54,56.15,795,15.589,1,35,B,O,Routine,0
3950,53,43,38.82,53.1,17.98,86.06,638,11.087,0,10,O,B,Normal,1
3951,57,70,35.47,9.06,7.29,93.81,899,9.455,0,13,A,B,Critical,0
3952,68,68,83.65,34.21,53.43,89.92,250,9.32,1,0,A,A,Urgent,1
3953,19,,52.74,56.48,24.17,56.99,493,9.757,0,16,O,O,Normal,0
3954,53,59,85.26,1.57,92.6,72.1,738,10.871,2,6,O,O,Normal,1
3955,61,30,59.14,54.81,49.37,93.75,567,2.978,0,31,A,AB,Routine,0
3956,69,23,25.53,74.74,37.42,84.43,208,14.22,0,46,A,B,Urgent,0
3957,20,28,50.34,62.43,65.02,58.33,719,10.227,0,8,A,A,Normal,0
3958,57,22,28.44,16.69,67.14,81.27,200,11.989,4,35,A,O,Normal,0
3959,26,51,37.06,79.47,18.52,62.06,67,11.419,3,25,A,AB,Critical,0
3960,43,54,68.26,57.66,25.17,87.8,503,14.636,0,11,O,A,Urgent,1
3961,19,63,37.48,68.45,4.02,98.64,19,6.152,2,44,B,O,Normal,0
3962,38,56,28.53,86.03,79.59,83.07,802,6.645,0,18,AB,O,Normal,0
3963,68,68,94.74,99.01,25.31,81.38,237,12.55,2,0,A,O,Normal,0
3964,61,77,57.05,85.53,32.91,96.79,929,6.34,1,16,O,O,Urgent,1
3965,61,35,78.27,35.43,90.92,66.86,179,11.051,6,26,A,B,Urgent,0
3966,40,29,70.33,8.14,50.43,69.83,987,13.65,2,11,A,O,Urgent,0
3967,35,20,43.12,84.28,2.03,49.6,182,22.342,1,15,A,B,Urgent,0
3968,22,47,32.38,52.05,93.89,69.77,104,12.089,0,25,A,A,Normal,0
3969,22,48,50.34,30.72,64.01,87.37,862,12.245,0,26,B,A,Urgent,0
3970,53,,87.85,45.47,63.18,90.52,924,6.895,2,11,O,B,Routine,0
3971,50,58,80.99,3.45,35.27,98.38,391,13.814,4,8,B,AB,Normal,1
3972,55,71,93.54,,96.72,76.23,842,4.065,0,16,O,O,Critical,1
3973,58,58,94.85,29.79,80.31,61.3,252,19.311,1,0,O,O,Normal,0
3974,19,30,73.29,31.5,90.0,74.77,516,3.764,5,11,O,O,Normal,0
3975,31,26,34.0,81.1,38.91,51.41,778,10.15,2,5,B,O,Urgent,0
3976,18,54,67.06,63.72,1.0,94.23,814,11.315,0,36,A,O,Critical,0
3977,47,74,84.16,13.35,4.37,70.03,531,5.109,0,27,O,O,Urgent,1
3978,48,54,43.71,28.13,90.38,53.47,638,4.557,2,6,B,O,Critical,0
3979,18,51,88.75,80.29,22.63,88.76,993,13.815,1,33,O,O,Critical,1
3980,59,46,31.93,31.48,9.57,54.32,5,12.326,2,13,O,A,Urgent,0
3981,62,53,91.8,99.64,2.34,66.94,916,16.158,1,9,AB,O,Normal,0
3982,65,37,76.83,90.81,34.78,49.97,907,9.696,0,28,B,A,Routine,0
3983,39,45,99.99,82.88,69.06,93.76,196,17.202,2,6,A,AB,Routine,1
3984,69,24,78.28,33.97,40.13,49.45,730,12.425,0,45,B,O,Normal,0
3985,51,40,66.86,4.11,68.06,54.78,461,9.504,0,11,A,B,Urgent,0
3986,66,55,42.87,64.59,53.33,60.77,311,6.039,0,11,A,O,Urgent,0
3987,50,22,47.0,37.06,82.73,99.42,758,9.57,4,28,O,B,Normal,0
3988,62,37,47.26,90.77,26.55,79.51,6,7.629,0,25,A,O,Normal,0
3989,50,47,96.62,99.68,69.35,53.87,993,6.047,0,3,B,A,Urgent,0
3990,53,74,56.42,12.35,18.44,70.95,466,16.619,0,21,O,B,Routine,0
3991,25,54,84.21,59.09,82.48,78.4,544,12.151,1,29,B,A,Urgent,0
3992,40,50,81.97,32.93,91.62,97.01,353,10.169,0,10,A,O,Critical,0
3993,64,45,51.52,16.75,20.92,46.36,217,8.777,4,19,O,A,Normal,0
3994,18,47,62.01,13.6,17.67,89.64,537,7.823,2,29,O,B,Urgent,1
3995,59,40,56.22,18.43,40.31,60.46,14,10.405,1,19,A,O,Urgent,0
3996,36,72,94.42,93.29,70.78,90.53,528,8.319,1,36,B,B,Normal,0
3997,24,51,87.93,91.06,86.9,97.0,868,9.356,2,27,O,A,Critical,1
3998,25,77,98.7,27.02,36.6,96.14,831,11.873,1,52,B,A,Normal,0
3999,20,34,90.64,61.27,49.56,45.18,988,6.392,4,14,A,O,Urgent,0
4000,25,63,48.52,32.79,56.96,60.06,551,14.565,1,38,AB,A,Critical,0
4001,49,35,96.98,14.41,85.94,91.51,651,12.816,4,14,B,O,Routine,0
4002,62,70,96.51,77.06,89.78,90.02,662,12.049,0,8,B,O,Critical,0
4003,31,57,72.79,50.07,50.79,86.22,793,9.243,4,26,B,O,Urgent,0
4004,47,40,52.25,16.27,70.79,72.48,954,18.481,2,7,AB,A,Normal,0
4005,33,51,86.38,35.56,45.45,57.45,985,9.982,4,18,O,O,Normal,1
4006,52,46,38.99,92.07,90.19,95.03,111,11.499,1,6,A,A,Critical,0
4007,32,43,98.59,92.74,74.84,93.77,895,8.141,3,11,A,B,Urgent,0
4008,23,49,45.83,54.13,26.86,93.98,325,4.66,0,26,O,A,Urgent,0
4009,31,47,66.48,83.31,88.15,90.83,848,12.545,3,16,A,O,Normal,0
4010,33,21,80.67,81.71,24.84,49.58,12,11.262,0,12,B,A,Normal,0
4011,36,64,68.13,23.74,64.92,94.27,229,9.502,,28,A,A,Urgent,0
4012,68,39,37.27,18.52,7.16,66.15,344,13.003,2,29,B,O,Urgent,0
4013,48,44,31.76,83.49,69.02,58.79,24,10.532,0,4,O,O,Routine,0
4014,68,42,78.11,11.18,58.94,96.84,292,11.322,4,26,O,A,Normal,1
4015,34,67,26.23,64.3,97.83,60.85,736,12.83,0,33,A,O,Critical,0
4016,55,27,59.98,24.9,22.5,86.87,754,6.343,1,28,O,B,Normal,0
4017,49,32,82.91,22.81,12.92,46.0,118,5.697,2,17,O,AB,Normal,1
4018,47,21,95.7,26.08,86.51,81.05,131,6.603,3,26,A,A,Normal,0
4019,33,28,68.34,9.25,75.68,70.61,498,6.683,5,5,O,O,Urgent,1
4020,46,42,93.66,50.0,94.57,94.28,728,3.085,5,4,O,B,Urgent,1
4021,29,46,91.71,93.7,13.05,56.34,665,12.682,1,17,O,O,Normal,1
4022,41,45,84.3,91.85,44.69,46.21,57,12.224,4,4,O,O,Normal,1
4023,25,23,38.37,72.22,69.49,62.43,17,14.703,0,2,A,A,Critical,0
4024,26,39,85.52,64.24,64.88,92.85,421,4.265,1,13,B,A,Normal,1
4025,34,59,57.79,12.01,54.4,67.04,947,11.261,1,25,O,O,Normal,1
4026,37,76,95.7,73.02,9.87,98.47,74,17.676,0,39,B,O,Normal,0
4027,18,42,71.15,15.49,53.5,50.27,912,8.173,0,24,AB,B,Urgent,0
4028,29,27,97.34,84.25,7.58,77.88,659,16.287,6,2,O,A,Urgent,1
4029,34,33,38.64,42.5,33.81,57.18,2,18.506,0,1,B,O,Normal,0
4030,31,28,47.83,62.69,94.85,76.54,372,15.326,0,3,B,O,Urgent,0
4031,42,47,48.31,50.04,14.47,62.76,113,7.965,3,5,B,O,Critical,0
4032,26,18,80.72,34.35,54.31,46.54,901,7.21,0,8,O,B,Normal,1
4033,50,72,33.1,20.19,69.74,72.59,75,9.327,2,22,A,B,Critical,0
4034,59,29,34.79,65.81,33.27,52.06,681,8.85,4,30,B,A,Normal,0
4035,42,22,78.94,47.75,3.92,48.83,438,14.618,6,20,A,O,Normal,0
4036,67,42,47.94,1.38,64.5,72.42,676,8.291,0,25,O,A,Urgent,1
4037,37,21,88.26,96.76,21.64,87.29,108,9.632,1,16,O,O,Normal,1
4038,40,46,96.86,64.84,64.82,48.67,857,11.907,0,6,A,O,Urgent,0
4039,18,41,44.14,62.99,26.44,84.99,,3.854,0,23,O,B,Critical,0
4040,34,55,33.48,47.18,92.16,55.82,158,6.397,0,21,B,A,Normal,0
4041,48,54,71.18,66.53,51.81,71.91,598,10.53,3,6,B,O,Urgent,0
4042,40,63,92.1,85.55,30.1,64.41,854,13.281,0,23,O,B,Normal,0
4043,54,45,97.26,4.66,48.03,60.65,427,16.236,0,9,B,B,Urgent,1
4044,52,26,60.02,12.04,31.51,66.17,307,13.097,4,26,B,A,Urgent,0
4045,68,23,63.2,27.77,76.3,72.4,505,12.605,5,45,A,O,Urgent,0
4046,29,20,83.89,80.46,33.33,87.08,952,10.171,3,9,A,B,Routine,1
4047,35,28,56.95,45.49,13.46,59.8,619,11.131,2,7,O,O,Normal,1
4048,25,32,89.5,57.22,79.72,51.93,681,12.634,0,7,B,AB,Urgent,0
4049,51,61,87.42,81.51,62.65,50.49,292,2.581,0,10,B,A,Urgent,0
4050,34,51,73.91,63.71,61.65,59.65,418,6.64,0,17,O,B,Routine,0
4051,25,26,88.12,19.67,85.78,85.59,31,15.853,0,1,A,A,Critical,1
4052,68,27,58.23,77.28,71.5,83.35,532,5.159,2,41,A,O,Normal,0
4053,56,20,54.87,11.69,21.96,91.79,531,10.967,1,36,B,B,Normal,0
4054,30,75,35.63,76.89,46.19,81.91,918,12.536,1,45,A,B,Urgent,0
4055,41,31,65.65,88.67,59.88,62.43,473,12.076,3,10,B,B,Urgent,1
4056,37,40,52.11,40.08,31.35,92.84,227,6.203,3,3,O,O,Normal,0
4057,37,50,48.54,88.27,63.57,62.33,108,12.898,1,13,O,O,Urgent,0
4058,50,47,54.28,40.99,49.16,78.86,914,11.506,3,3,B,B,Urgent,1
4059,40,40,65.57,95.73,47.85,58.51,342,9.933,0,0,A,O,Normal,0
4060,32,50,59.72,57.33,36.34,86.71,570,13.763,3,18,O,B,Urgent,0
4061,18,29,86.02,47.84,79.46,93.43,908,0.5,2,11,O,O,Critical,1
4062,30,37,43.21,88.07,67.35,53.07,862,9.667,0,7,B,O,Urgent,0
4063,50,24,97.52,9.64,27.82,48.7,377,10.793,1,26,B,O,Critical,1
4064,48,58,29.24,80.55,41.03,89.46,662,14.437,0,10,B,AB,Urgent,0
4065,68,26,30.74,96.01,67.95,90.45,294,4.643,2,42,O,A,Urgent,0
4066,32,50,76.8,10.62,70.83,57.86,673,8.886,0,18,A,A,Normal,1
4067,19,44,88.21,6.38,5.7,95.13,692,2.504,1,25,AB,O,Urgent,1
4068,45,50,62.74,75.5,77.0,82.75,760,8.329,0,5,O,O,Urgent,0
4069,63,73,47.49,9.65,51.41,77.76,674,9.43,0,10,O,O,Normal,1
4070,29,19,74.91,5.68,89.21,90.87,244,14.114,1,10,O,O,Urgent,0
4071,66,28,78.2,35.84,48.52,54.09,744,13.264,4,38,A,B,Normal,0
4072,44,33,73.74,47.13,62.26,90.76,908,11.664,0,11,A,A,Routine,1
4073,67,18,33.71,35.81,49.76,71.72,384,13.561,2,49,O,B,Urgent,0
4074,36,60,93.19,18.21,58.01,51.03,334,9.163,5,24,B,B,Normal,1
4075,21,19,48.36,68.2,78.57,63.63,782,7.742,2,2,O,B,Normal,0
4076,47,53,79.56,99.8,40.73,58.45,608,7.859,1,6,O,A,Urgent,0
4077,30,45,88.52,73.54,84.92,98.6,145,6.627,1,15,B,O,Urgent,0
4078,62,72,98.24,13.54,91.49,98.35,98,14.668,0,10,A,O,Critical,1
4079,69,54,73.14,96.54,12.67,90.75,120,11.908,4,15,O,O,Urgent,1
4080,51,67,87.46,96.5,26.88,77.38,914,16.473,2,16,O,B,Critical,1
4081,32,59,47.26,51.11,13.89,61.27,195,5.69,0,27,O,B,Normal,0
4082,22,51,50.18,40.27,43.76,85.97,555,10.827,2,29,A,B,Critical,0
4083,34,60,50.11,9.38,12.81,52.37,171,22.356,2,26,O,O,Urgent,0
4084,39,57,61.37,16.96,31.62,96.39,224,10.234,3,18,O,O,Urgent,1
4085,52,50,70.87,36.14,43.73,53.58,14,9.832,3,2,A,B,Urgent,1
4086,35,71,25.16,56.02,66.51,95.18,491,11.62,0,36,A,O,Routine,0
4087,25,22,31.68,40.06,17.45,92.88,717,12.797,0,3,O,A,Urgent,0
4088,45,37,82.81,77.32,63.9,53.27,253,4.398,3,8,A,A,Urgent,1
4089,41,28,59.49,95.94,34.67,65.03,138,8.651,0,13,O,AB,Urgent,0
4090,33,60,74.32,8.87,94.68,53.29,185,8.142,0,27,A,A,Normal,0
4091,18,20,61.85,5.61,25.45,93.58,992,4.265,2,2,AB,A,Normal,1
4092,47,47,39.57,68.66,39.37,56.75,257,9.507,0,0,B,B,Normal,0
4093,28,57,48.17,80.38,17.75,98.73,286,6.094,2,29,O,O,Critical,1
4094,44,40,52.0,68.13,73.23,98.72,512,15.074,0,4,A,B,Normal,0
4095,31,30,76.52,98.47,23.98,90.78,36,5.951,4,1,A,B,Critical,0
4096,41,52,43.71,19.34,79.29,46.32,642,7.372,4,11,O,AB,Critical,0
4097,55,44,35.02,33.65,43.94,91.49,247,18.884,2,11,B,B,Critical,1
4098,28,59,64.01,6.19,65.7,73.58,855,11.911,1,31,A,A,Routine,0
4099,56,45,50.62,84.44,6.91,45.84,321,16.591,0,11,O,A,Critical,0
4100,27,32,76.4,44.67,94.58,81.34,32,11.186,3,5,O,AB,Critical,0
4101,58,58,73.51,91.81,2.65,76.54,900,5.098,0,0,O,O,Urgent,1
4102,18,48,94.63,40.65,87.4,77.9,584,11.748,0,30,B,O,Urgent,0
4103,68,73,69.1,27.78,99.12,46.25,153,7.002,3,5,O,A,Urgent,0
4104,57,61,66.88,99.7,62.78,86.56,316,4.49,1,4,O,A,Normal,0
4105,48,24,34.9,57.37,97.98,77.25,252,9.088,0,24,O,A,Critical,0
4106,47,73,93.6,21.97,33.63,74.72,816,23.347,4,26,B,O,Urgent,0
4107,22,44,63.13,24.83,35.67,66.97,639,10.166,1,22,O,B,Critical,1
4108,41,52,93.89,55.8,21.38,79.92,936,14.002,0,11,O,B,Urgent,1
4109,27,45,58.68,24.92,69.59,86.8,841,12.854,0,18,O,O,Critical,1
4110,46,36,26.1,84.17,62.84,57.76,709,7.886,0,10,O,O,Urgent,0
4111,30,74,44.82,0.13,35.91,99.67,263,8.553,0,44,O,A,Normal,1
4112,35,77,86.62,21.9,69.86,45.99,612,1.236,0,42,A,O,Urgent,0
4113,67,74,84.27,38.64,94.42,57.56,579,17.871,0,7,B,A,Normal,0
4114,57,55,35.34,77.43,13.14,70.7,267,2.044,0,2,A,O,Normal,0
4115,48,25,36.82,,42.93,52.07,743,23.316,8,23,O,AB,Normal,0
4116,26,58,94.32,13.22,41.16,60.77,931,8.708,1,32,O,O,Critical,1
4117,60,41,96.49,30.23,9.47,77.13,294,1.712,0,19,O,A,Urgent,1
4118,25,48,94.35,6.29,96.45,84.94,625,,1,23,O,B,Normal,1
4119,31,23,58.43,60.38,38.71,93.07,375,12.019,0,8,O,A,Normal,0
4120,18,44,94.88,87.35,85.98,61.11,241,12.884,3,26,O,B,Normal,0
4121,68,24,61.59,48.2,96.9,47.25,93,11.179,8,44,B,A,Normal,0
4122,38,60,48.15,13.15,92.44,82.7,433,8.984,5,22,B,AB,Critical,0
4123,46,74,97.5,44.65,59.14,49.86,376,22.391,2,28,B,A,Urgent,0
4124,61,22,52.0,82.74,78.94,45.44,583,10.289,3,39,O,AB,Urgent,0
4125,40,36,37.87,48.08,23.94,64.21,574,4.268,0,4,O,B,Routine,0
4126,55,20,70.88,39.62,70.14,55.24,930,9.711,7,35,A,O,Routine,0
4127,61,46,40.71,43.23,31.1,98.01,560,7.482,2,15,A,A,Normal,0
4128,62,68,90.24,44.11,45.88,69.97,15,9.055,0,6,B,B,Urgent,1
4129,40,58,63.88,97.69,93.93,56.4,9,10.485,3,18,O,O,Urgent,0
4130,33,60,51.27,55.59,52.1,51.19,753,0.5,5,27,AB,O,Normal,0
4131,29,63,42.72,4.27,99.08,99.19,494,12.202,0,34,A,A,Urgent,0
4132,31,50,27.89,9.64,80.73,66.61,808,5.542,2,19,B,O,Normal,0
4133,47,46,93.4,18.41,62.09,82.64,657,9.061,0,1,A,A,Urgent,1
4134,45,19,90.1,76.04,35.87,47.66,579,19.382,3,26,O,O,Urgent,0
4135,60,48,40.36,29.08,26.22,72.98,657,19.583,0,12,B,O,Routine,0
4136,18,54,32.15,67.16,43.48,48.09,917,8.233,1,36,A,B,Normal,0
4137,35,47,84.11,11.18,65.22,67.56,833,14.131,2,12,AB,B,Urgent,0
4138,39,70,47.58,34.28,22.2,85.04,513,9.574,0,31,A,O,Critical,0
4139,48,61,26.44,57.79,76.69,52.44,495,10.677,1,13,A,B,Critical,0
4140,46,22,30.98,23.73,68.82,68.57,551,9.664,8,,O,B,Normal,0
4141,44,47,87.37,26.76,23.76,94.89,950,8.671,2,3,B,A,Normal,1
4142,53,19,59.54,35.76,35.66,51.33,182,12.13,2,34,O,B,Normal,0
4143,29,75,53.97,90.84,35.11,77.31,204,9.543,0,46,O,B,Critical,0
4144,48,59,26.25,37.92,54.91,80.34,871,7.198,0,11,A,O,Routine,0
4145,21,50,97.48,8.96,9.42,84.55,145,10.73,0,29,B,AB,Normal,1
4146,42,71,73.94,71.89,63.41,65.15,323,14.955,1,29,O,O,Urgent,0
4147,41,66,69.47,35.73,28.13,66.37,164,16.119,4,25,B,O,Normal,0
4148,29,73,35.22,91.17,72.15,46.98,19,8.267,3,44,O,B,Critical,0
4149,56,64,32.97,60.97,88.1,55.19,963,12.066,2,8,A,A,Urgent,0
4150,41,74,48.33,36.53,89.09,89.9,747,7.014,0,33,B,O,Normal,0
4151,54,46,97.52,2.63,51.63,88.85,854,14.999,1,8,O,O,Normal,1
4152,38,37,88.48,18.57,48.46,52.0,789,11.888,3,1,A,O,Normal,1
4153,20,71,72.94,83.4,98.72,64.22,951,5.405,1,51,AB,B,Normal,0
4154,56,67,73.2,10.41,77.3,76.29,6,11.458,5,11,A,A,Routine,0
4155,53,20,87.64,9.01,99.38,93.21,650,9.874,1,33,O,O,Urgent,1
4156,66,28,65.97,87.44,96.74,59.07,601,13.018,0,38,O,O,Urgent,0
4157,67,72,93.84,91.28,3.85,97.88,898,15.478,6,5,O,A,Normal,0
4158,46,55,66.54,51.55,63.76,47.6,250,12.925,2,9,A,B,Normal,0
4159,21,24,56.9,65.74,94.47,87.32,772,6.646,1,3,O,A,Urgent,1
4160,25,74,50.29,43.72,41.85,76.08,53,7.616,0,49,O,A,Normal,0
4161,58,31,87.22,80.39,68.91,62.11,658,7.711,0,27,O,O,Urgent,0
4162,22,74,68.93,7.38,49.95,84.64,286,9.97,0,52,AB,O,Normal,0
4163,27,60,94.71,38.38,6.44,46.73,590,7.339,3,,A,A,Routine,1
4164,62,37,30.77,38.82,53.72,83.9,953,21.065,2,25,A,B,Urgent,0
4165,57,36,42.53,40.44,65.23,90.75,840,16.249,0,21,O,B,Routine,0
4166,39,23,79.71,81.67,56.17,73.24,96,12.72,1,16,B,B,Urgent,0
4167,67,63,51.09,11.96,55.6,64.59,828,11.462,0,4,O,O,Normal,1
4168,68,43,38.93,55.17,58.89,86.58,508,15.568,3,25,A,A,Urgent,0
4169,56,70,89.41,0.1,55.64,79.61,919,17.205,1,14,O,A,Urgent,1
4170,19,47,87.56,95.19,45.46,78.82,230,8.659,4,28,O,O,Normal,0
4171,49,53,80.79,89.34,35.4,47.24,612,6.91,0,4,AB,B,Critical,0
4172,19,52,79.41,68.49,13.81,67.03,778,10.658,3,33,O,O,Urgent,1
4173,35,57,76.8,48.21,79.59,71.57,171,6.205,1,22,O,B,Urgent,0
4174,47,61,44.69,30.68,83.3,86.71,967,16.596,0,14,B,A,Normal,0
4175,40,42,35.46,31.04,99.59,75.16,360,13.566,0,2,O,A,Normal,0
4176,45,32,33.0,26.98,9.98,90.71,245,9.725,1,13,O,O,Normal,1
4177,41,35,36.19,98.86,82.73,89.95,552,10.125,0,6,B,A,Normal,0
4178,18,24,94.06,34.98,53.67,97.34,625,9.604,0,6,O,B,Normal,1
4179,37,73,54.63,36.88,54.97,48.44,150,14.314,1,36,O,B,Normal,0
4180,18,59,35.16,55.63,27.58,46.57,777,12.976,0,41,B,B,Normal,0
4181,43,50,86.13,62.06,13.39,54.49,362,7.156,0,7,B,A,Normal,1
4182,21,53,39.25,93.38,80.03,84.63,592,12.876,5,32,B,A,Urgent,0
4183,57,64,34.01,60.95,41.04,77.34,504,12.574,1,7,O,O,Normal,0
4184,63,58,64.34,78.23,99.5,69.15,648,7.525,1,5,A,B,Normal,0
4185,42,70,42.93,73.22,3.18,71.62,131,18.992,1,28,O,O,Normal,0
4186,68,31,96.71,7.6,92.38,71.65,859,12.706,1,37,B,O,Normal,0
4187,57,18,65.42,64.61,38.37,59.99,879,7.616,0,39,A,AB,Urgent,0
4188,36,29,37.43,2.59,3.79,90.37,616,10.484,0,7,B,O,Urgent,0
4189,20,40,29.81,76.79,75.45,88.71,672,14.714,0,20,O,B,Normal,0
4190,27,71,89.21,63.44,18.16,73.72,571,14.23,5,44,A,B,Normal,0
4191,41,28,70.54,32.5,32.54,82.04,180,14.363,2,13,O,B,Normal,1
4192,31,59,25.21,69.53,69.45,98.66,634,10.4,4,28,B,B,Critical,0
4193,34,49,61.83,22.32,78.26,74.78,252,15.761,1,15,A,B,Normal,0
4194,56,22,92.44,22.25,70.26,99.85,883,9.813,1,34,O,O,Critical,1
4195,48,43,90.53,65.74,14.31,81.18,612,13.883,1,5,O,O,Normal,1
4196,38,25,75.26,99.65,37.87,65.04,843,4.668,0,13,B,O,Critical,1
4197,31,18,93.98,21.48,21.67,95.3,518,5.489,1,13,B,B,Normal,1
4198,25,71,25.02,73.28,12.3,72.35,458,8.995,0,46,O,O,Urgent,0
4199,59,58,96.1,79.44,30.19,46.81,787,19.115,3,1,B,O,Normal,0
4200,22,65,58.71,14.29,10.17,49.02,632,11.726,0,43,O,A,Normal,0
4201,55,45,90.62,50.65,19.63,64.54,307,18.264,0,10,O,B,Urgent,1
4202,38,40,93.0,7.72,17.64,95.12,216,8.44,2,2,A,B,Normal,1
4203,57,54,52.05,74.99,13.68,73.31,238,12.477,0,3,B,B,Urgent,0
4204,22,59,44.19,40.7,13.24,45.02,586,10.064,6,37,O,O,Urgent,0
4205,44,24,82.52,21.21,94.15,88.06,732,7.586,0,20,B,O,Urgent,0
4206,35,59,64.86,56.57,36.19,73.0,437,12.957,0,24,B,A,Normal,0
4207,47,62,30.95,64.07,91.14,58.22,93,12.513,1,15,AB,B,Critical,0
4208,29,54,40.82,84.2,26.92,96.67,652,18.132,8,25,B,O,Normal,0
4209,69,29,48.2,84.35,27.12,54.83,247,14.792,0,40,B,O,Critical,0
4210,37,21,32.45,47.82,62.92,75.19,190,7.001,1,16,AB,A,Routine,0
4211,60,39,31.07,76.65,50.27,62.42,854,15.979,6,21,O,B,Normal,0
4212,67,53,27.62,28.37,13.81,48.39,701,2.312,3,14,O,A,Critical,1
4213,68,56,39.33,78.72,36.29,46.24,53,9.416,0,12,O,A,Normal,0
4214,43,65,48.95,91.76,58.49,99.35,982,12.091,0,22,O,O,Critical,0
4215,61,25,62.73,43.12,1.11,93.46,787,8.803,4,36,A,B,Normal,0
4216,64,50,57.23,80.12,13.77,79.95,227,3.79,0,14,O,O,Normal,1
4217,42,74,29.49,37.95,54.98,96.31,567,10.472,3,32,O,O,Urgent,0
4218,22,76,62.09,75.19,59.7,97.91,7,16.19,2,54,B,O,Critical,0
4219,31,69,90.42,61.62,75.94,77.35,589,12.15,0,38,B,A,Urgent,0
4220,68,24,97.31,57.82,36.72,93.19,154,8.401,0,44,A,A,Critical,1
4221,64,61,83.13,76.69,71.49,63.37,51,12.044,0,3,O,A,Urgent,0
4222,18,36,25.04,85.82,63.57,84.18,138,12.789,2,18,A,O,Normal,0
4223,47,52,85.48,30.65,22.06,68.71,849,14.526,3,5,O,O,Critical,1
4224,42,76,94.71,53.01,33.33,88.51,972,8.708,1,34,A,O,Normal,0
4225,25,59,32.62,,46.8,87.55,524,10.11,0,34,O,B,Critical,0
4226,33,67,96.77,68.13,44.0,66.73,520,5.265,0,34,O,A,Routine,1
4227,26,76,66.23,26.26,33.31,64.41,308,3.885,1,50,A,A,Critical,1
4228,28,28,99.25,25.14,96.48,79.67,638,7.755,0,0,AB,A,Urgent,1
4229,64,23,55.45,38.72,47.97,52.88,366,13.543,0,41,O,B,Critical,0
4230,62,73,27.91,20.26,87.39,48.36,339,7.01,0,11,O,B,Critical,0
4231,52,59,92.48,50.35,37.98,60.85,346,13.041,2,7,AB,O,Normal,0
4232,28,66,76.81,26.05,70.13,50.96,769,5.303,1,38,B,O,Normal,0
4233,18,40,30.1,25.6,75.15,63.96,943,4.001,4,22,A,O,Normal,0
4234,66,41,88.77,55.03,51.27,86.05,702,13.27,3,25,B,B,Urgent,1
4235,29,72,55.07,6.18,77.93,60.02,327,6.201,2,43,B,B,Normal,0
4236,46,47,78.99,34.79,83.37,98.48,623,12.768,0,1,B,A,Normal,0
4237,18,36,38.16,8.49,79.0,79.73,429,11.127,0,18,O,A,Normal,0
4238,23,64,92.06,82.47,42.68,60.58,710,10.875,0,41,O,O,Critical,0
4239,47,48,43.16,8.48,56.86,94.23,368,10.548,4,1,O,O,Normal,1
4240,68,48,63.38,41.57,51.46,59.96,407,14.91,2,20,A,A,Normal,0
4241,68,65,97.31,20.91,98.0,89.4,72,3.477,0,3,O,A,Normal,1
4242,19,52,75.37,49.38,37.96,50.88,498,5.422,0,33,O,A,Routine,0
4243,18,32,44.63,15.2,35.4,88.93,985,3.13,2,14,B,O,Normal,0
4244,62,70,96.96,7.75,7.79,63.93,135,5.433,0,8,O,O,Normal,1
4245,41,23,44.02,5.5,85.6,49.29,114,20.506,4,18,A,A,Critical,0
4246,37,31,45.19,85.23,22.88,51.4,540,19.792,1,6,O,O,Critical,1
4247,64,30,81.01,43.36,34.96,80.41,527,8.058,0,34,O,B,Normal,1
4248,63,63,65.78,61.52,94.18,70.34,222,10.978,2,0,AB,O,Normal,0
4249,26,32,62.63,67.36,11.02,66.27,978,3.771,3,6,O,O,Normal,0
4250,41,58,98.59,50.7,5.61,56.65,658,17.66,3,17,B,O,Critical,0
4251,23,33,66.45,83.01,36.55,92.57,46,9.295,3,10,O,O,Critical,0
4252,35,49,52.85,27.16,1.55,86.49,833,13.545,0,14,A,O,Critical,0
4253,28,63,89.74,92.85,0.78,67.07,220,10.436,0,35,B,B,Critical,1
4254,68,74,31.42,68.11,0.71,92.04,703,1.62,0,,O,O,Normal,1
4255,35,56,38.95,47.53,31.15,50.35,318,4.105,0,21,B,O,Urgent,0
4256,54,71,79.02,23.19,41.91,81.01,3,10.945,3,17,A,B,Critical,1
4257,53,24,30.38,3.16,39.75,56.58,185,16.587,1,29,B,A,Urgent,0
4258,62,62,45.49,14.65,74.56,99.84,160,9.263,0,0,A,O,Critical,1
4259,23,72,94.79,70.48,77.93,73.88,16,9.2,8,49,O,O,Normal,0
4260,69,23,76.24,39.06,30.89,88.27,221,9.827,0,46,O,O,Urgent,1
4261,42,36,89.08,16.71,7.4,71.65,711,11.958,1,6,O,A,Critical,1
4262,55,62,62.31,0.78,25.33,48.3,486,6.526,0,7,O,A,Critical,1
4263,24,40,94.42,61.49,15.19,78.41,381,1.036,3,16,A,A,Urgent,1
4264,37,69,30.51,3.19,95.61,50.43,226,14.55,3,32,O,A,Urgent,0
4265,44,23,94.39,64.48,82.3,52.48,418,11.547,3,21,O,O,Urgent,0
4266,38,65,44.69,5.77,84.91,50.76,318,12.977,1,27,O,B,Normal,0
4267,31,26,91.23,54.46,71.63,50.64,447,10.135,5,5,B,O,Normal,0
4268,22,33,79.62,9.22,14.2,82.43,677,3.358,1,11,AB,O,Urgent,1
4269,34,52,57.41,67.57,3.64,73.72,933,8.52,0,18,B,O,Urgent,0
4270,53,51,98.28,51.9,94.25,76.68,65,16.184,7,2,O,O,Normal,0
4271,37,52,94.75,57.56,3.64,54.67,938,12.086,2,15,A,B,Routine,1
4272,51,67,89.41,98.34,43.36,61.51,83,7.58,5,16,B,O,Urgent,0
4273,28,58,43.27,4.02,61.86,68.41,154,9.462,0,30,O,O,Urgent,1
4274,50,61,93.43,22.9,1.53,96.69,83,4.629,1,11,A,B,Critical,1
4275,19,22,88.2,35.53,82.56,54.97,844,15.707,3,3,O,O,Routine,0
4276,69,25,66.16,35.66,70.67,56.24,412,8.21,0,44,B,O,Normal,0
4277,32,54,55.28,44.29,50.32,46.05,776,9.378,0,22,O,O,Routine,0
4278,35,62,98.89,61.53,51.09,90.79,15,5.613,0,27,B,O,Critical,1
4279,48,53,75.46,33.78,22.27,87.98,789,15.144,0,5,B,A,Normal,0
4280,57,55,68.33,95.75,37.54,62.82,882,9.577,0,2,A,B,Normal,0
4281,32,45,36.24,61.29,83.17,73.79,172,15.673,0,13,A,B,Normal,0
4282,64,70,42.4,81.57,30.58,82.21,579,3.058,1,6,O,O,Urgent,0
4283,48,70,32.8,61.43,28.72,66.01,194,4.593,8,22,O,B,Normal,0
4284,25,70,65.85,54.11,84.96,79.02,863,12.511,1,45,B,O,Urgent,0
4285,42,68,38.22,72.97,60.17,96.07,127,1.388,0,26,O,O,Normal,0
4286,34,37,70.23,0.19,38.64,64.88,771,5.868,0,3,B,O,Urgent,1
4287,63,76,95.49,14.2,30.82,57.1,656,8.025,3,13,A,O,Normal,0
4288,51,68,70.2,35.95,95.58,90.75,252,7.968,4,17,O,O,Normal,0
4289,28,42,48.81,12.59,69.67,48.08,77,13.484,5,14,B,O,Normal,0
4290,20,50,56.53,31.59,33.15,77.72,959,7.372,3,30,B,AB,Urgent,1
4291,65,20,,77.91,79.57,66.54,112,17.625,6,45,A,B,Urgent,0
4292,51,50,49.39,83.77,28.24,82.46,413,12.844,0,1,B,O,Critical,0
4293,65,19,80.46,54.1,67.53,52.08,113,1.637,,46,B,B,Critical,0
4294,39,35,61.25,64.99,90.66,73.6,721,3.886,1,4,A,AB,Critical,1
4295,23,31,95.46,11.4,60.77,81.59,303,11.315,0,8,B,A,Normal,0
4296,51,59,25.59,33.05,39.95,85.33,66,0.5,0,8,O,AB,Normal,0
4297,58,72,30.26,67.51,35.32,76.29,422,6.606,1,14,O,B,Normal,0
4298,38,67,55.26,83.64,34.06,77.26,722,9.672,1,29,O,B,Urgent,0
4299,54,45,35.8,5.79,1.56,47.95,309,10.018,2,9,A,B,Critical,0
4300,63,40,63.9,59.67,72.38,54.61,682,17.275,0,23,O,B,Urgent,0
4301,61,40,74.54,89.04,55.52,85.78,1000,8.144,3,21,A,A,Normal,1
4302,43,53,39.96,24.06,26.17,49.03,229,12.36,1,10,O,O,Normal,0
4303,68,52,68.9,55.48,33.93,47.12,575,10.907,0,16,O,O,Urgent,1
4304,52,52,69.08,60.99,76.53,76.97,216,12.594,2,0,O,O,Critical,0
4305,39,55,92.06,31.98,33.03,97.37,583,9.624,0,16,B,O,Normal,1
4306,59,62,35.25,79.73,82.63,46.26,870,10.008,4,3,O,O,Normal,0
4307,42,19,89.21,10.76,50.12,52.86,940,9.205,3,23,B,AB,Normal,1
4308,51,59,96.7,46.32,43.69,52.95,543,9.244,1,8,A,O,Urgent,0
4309,27,66,41.98,22.2,79.91,85.2,594,7.924,0,39,O,O,Critical,0
4310,44,64,57.23,17.79,50.84,89.99,943,6.127,2,20,B,O,Urgent,0
4311,54,44,95.44,95.55,67.34,74.14,349,9.45,1,10,O,O,Critical,1
4312,19,39,40.4,40.05,62.16,93.82,465,6.329,0,20,O,O,Routine,0
4313,24,63,64.02,50.18,53.94,87.49,74,5.423,5,39,O,A,Routine,0
4314,54,73,73.09,58.01,61.51,64.85,787,0.5,4,19,O,O,Normal,1
4315,66,29,38.15,82.06,26.2,93.87,585,16.622,0,37,O,A,Normal,0
4316,39,57,25.89,98.6,3.4,58.01,907,11.413,5,18,B,A,Urgent,0
4317,27,27,67.61,67.93,92.43,75.51,224,11.117,0,0,O,O,Routine,0
4318,27,19,89.04,42.97,22.53,85.28,773,7.204,0,8,A,O,Normal,1
4319,28,73,74.13,59.8,21.03,71.18,672,8.741,3,45,A,O,Critical,0
4320,21,49,58.22,67.26,8.54,53.11,548,8.636,0,28,A,B,Normal,0
4321,28,75,71.58,76.96,11.68,78.13,691,9.311,1,47,B,A,Routine,0
4322,23,38,95.46,54.64,70.32,70.13,528,7.416,0,15,O,A,Normal,1
4323,58,35,38.83,4.83,31.59,81.16,701,12.725,0,23,B,B,Normal,0
4324,42,48,97.98,12.87,53.14,55.46,527,17.66,1,6,O,A,Normal,1
4325,19,65,37.68,52.77,37.89,48.31,994,10.058,0,46,B,O,Urgent,0
4326,21,52,66.04,4.54,60.69,90.66,502,9.037,0,31,A,O,Normal,0
4327,47,24,46.15,46.87,65.58,54.78,865,13.295,2,23,O,O,Critical,0
4328,47,34,60.17,68.14,6.24,64.23,841,9.073,1,13,O,O,Normal,0
4329,65,41,31.48,83.25,52.51,50.78,503,7.085,1,24,A,A,Urgent,0
4330,44,69,63.1,85.32,0.97,68.14,891,16.42,1,25,A,O,Normal,0
4331,55,27,31.99,45.96,88.85,64.88,707,11.354,7,28,O,B,Normal,0
4332,43,63,35.96,24.33,37.66,78.36,934,11.182,0,20,O,O,Normal,1
4333,42,26,77.34,8.11,48.32,61.75,10,7.923,1,16,A,O,Normal,0
4334,57,34,47.08,19.13,75.98,58.19,43,4.81,1,23,A,A,Normal,0
4335,53,38,87.24,53.01,16.68,63.07,899,10.981,1,15,B,A,Urgent,1
4336,61,39,50.53,64.81,29.01,88.62,507,9.127,1,22,A,A,Routine,0
4337,22,22,84.49,78.93,17.0,70.54,636,7.124,1,0,O,O,Normal,1
4338,39,57,93.97,46.77,15.99,72.56,207,10.808,6,18,A,A,Urgent,0
4339,53,35,50.34,63.35,12.97,68.76,47,12.136,3,18,B,B,Routine,0
4340,51,39,28.86,80.74,87.87,66.74,561,10.796,0,,B,A,Urgent,0
4341,49,19,72.7,79.82,35.12,50.07,358,9.827,0,30,B,B,Urgent,0
4342,30,43,42.59,85.11,68.18,75.54,88,5.891,2,13,O,B,Urgent,0
4343,58,32,44.16,87.88,72.37,95.19,920,5.151,2,26,O,A,Routine,0
4344,40,56,62.03,24.14,94.54,50.41,540,7.895,0,16,B,O,Urgent,0
4345,61,25,64.82,46.45,18.71,51.82,365,7.109,0,36,B,O,Normal,0
4346,69,62,44.63,11.82,22.92,81.21,798,13.786,0,7,O,A,Routine,1
4347,55,67,86.19,3.82,89.71,66.13,650,9.186,2,12,O,O,Critical,1
4348,22,29,43.2,17.23,49.83,53.28,439,6.47,4,7,B,B,Normal,1
4349,40,71,74.12,0.31,77.42,95.73,893,14.507,0,31,O,O,Normal,1
4350,43,63,65.2,52.85,41.55,66.16,666,18.563,3,20,A,O,Routine,0
4351,28,19,84.46,85.87,41.06,45.85,709,11.07,0,9,O,O,Urgent,0
4352,43,45,78.67,,10.08,83.77,738,9.718,6,2,O,B,Normal,1
4353,41,69,40.93,84.29,29.24,93.6,911,15.124,0,28,O,A,Urgent,0
4354,41,62,38.97,67.54,33.28,78.81,293,11.638,0,21,O,O,Normal,0
4355,43,30,65.71,39.06,91.57,78.72,145,7.739,0,13,A,A,Routine,0
4356,49,32,58.91,25.4,13.0,55.86,495,8.312,0,17,A,O,Normal,0
4357,28,22,68.12,1.55,,98.48,62,10.705,4,6,B,B,Urgent,1
4358,65,46,58.84,85.81,97.98,62.14,812,14.698,1,19,AB,B,Critical,0
4359,49,75,88.1,12.28,77.07,58.65,84,4.229,0,26,O,B,Normal,1
4360,42,50,76.77,92.46,,49.43,534,9.408,5,8,O,A,Normal,0
4361,47,23,28.94,49.58,26.38,86.99,34,18.347,,24,B,O,Urgent,0
4362,68,55,61.38,5.48,43.39,82.44,866,8.795,1,13,A,O,Critical,1
4363,55,20,95.22,23.66,23.81,51.54,871,7.107,1,35,AB,A,Normal,0
4364,34,39,39.07,82.19,68.56,79.56,674,12.054,6,5,B,A,Normal,0
4365,46,39,83.28,38.21,60.25,85.27,360,10.352,2,7,O,A,Urgent,1
4366,25,36,52.45,21.22,86.98,81.64,380,10.028,1,11,A,B,Routine,0
4367,25,73,69.8,67.44,62.8,78.19,520,17.375,0,48,O,A,Urgent,0
4368,56,52,89.55,18.28,69.66,59.96,739,9.917,1,4,O,B,Normal,1
4369,30,41,33.7,34.94,13.35,81.9,567,5.683,1,11,O,A,Urgent,0
4370,46,50,90.78,19.63,51.57,50.31,895,12.53,0,4,O,O,Normal,1
4371,60,39,44.49,69.05,78.95,67.78,455,6.599,0,21,O,A,Normal,0
4372,40,57,50.75,52.38,55.99,51.35,891,3.216,0,17,O,B,Normal,0
4373,64,44,95.76,64.69,65.4,74.31,573,9.285,1,20,O,A,Normal,1
4374,22,39,78.08,26.1,84.22,83.56,820,7.409,0,17,O,O,Urgent,1
4375,66,31,60.93,67.81,5.59,55.9,5,9.556,3,35,A,O,Normal,0
4376,39,29,77.05,7.82,76.0,60.61,246,16.259,3,10,O,B,Normal,1
4377,56,18,75.63,28.45,26.58,61.9,294,6.898,1,38,B,A,Normal,0
4378,59,68,98.41,68.05,7.87,70.02,644,12.077,1,9,B,O,Urgent,1
4379,55,70,59.27,12.59,79.99,89.68,174,8.356,2,15,AB,B,Urgent,0
4380,42,28,55.19,9.62,13.6,67.26,225,10.371,8,14,AB,O,Urgent,0
4381,18,31,88.64,41.69,31.08,78.24,448,15.162,0,13,A,B,Routine,1
4382,38,60,53.36,72.85,94.39,64.66,43,14.572,6,22,AB,O,Normal,0
4383,24,72,,20.9,93.95,70.78,647,3.066,2,48,B,A,Critical,0
4384,20,49,68.33,27.24,20.84,61.06,989,7.162,0,29,B,O,Normal,0
4385,22,61,56.96,68.42,4.31,67.58,749,7.862,3,39,O,A,Normal,0
4386,53,68,74.99,13.24,53.01,93.26,456,11.582,1,15,O,A,Routine,1
4387,65,29,27.7,65.98,14.93,45.85,505,9.535,0,36,O,B,Normal,0
4388,32,76,77.06,77.9,91.12,83.31,950,11.148,2,44,A,O,Urgent,0
4389,43,70,74.03,56.4,80.53,,832,15.046,8,27,O,AB,Urgent,1
4390,63,58,57.72,63.54,60.45,85.24,537,10.308,0,5,A,O,Urgent,0
4391,63,42,68.17,37.04,92.37,46.56,915,15.139,1,21,O,B,Normal,0
4392,27,34,62.8,87.2,47.1,83.55,2,4.502,1,7,O,O,Normal,1
4393,57,48,78.54,57.37,78.65,90.61,966,10.046,0,9,AB,O,Critical,0
4394,45,76,87.48,61.7,57.1,99.44,468,17.251,1,31,A,B,Routine,0
4395,22,43,95.67,50.87,91.71,69.35,445,10.923,0,21,O,B,Urgent,1
4396,30,51,31.61,14.98,77.7,95.14,257,18.041,1,21,O,B,Urgent,0
4397,65,75,31.17,10.98,41.31,74.12,775,6.818,1,10,O,A,Normal,1
4398,22,33,72.76,87.57,39.31,78.82,663,13.944,8,11,A,A,Normal,1
4399,49,25,45.9,80.35,7.17,74.07,848,15.107,2,24,B,A,Urgent,0
4400,57,36,42.05,82.69,35.45,54.11,944,8.586,0,21,B,B,Urgent,1
4401,40,20,71.64,13.53,21.87,60.58,890,5.017,1,20,A,O,Urgent,1
4402,58,34,55.0,90.64,11.29,93.88,187,9.669,0,24,O,A,Urgent,0
4403,41,24,61.52,33.41,7.08,95.28,59,7.657,1,17,A,A,Routine,1
4404,57,45,65.11,18.0,34.96,95.62,204,8.642,3,12,A,B,Normal,0
4405,50,43,71.59,28.09,61.78,94.28,440,6.377,0,7,O,A,Urgent,1
4406,37,73,38.84,24.21,70.76,45.77,845,10.622,0,,O,O,Routine,0
4407,66,40,35.44,35.29,30.29,45.3,732,8.104,3,26,B,A,Urgent,0
4408,67,53,88.17,34.49,63.58,46.13,188,10.241,0,14,O,A,Urgent,1
4409,24,47,60.45,76.05,41.33,47.31,777,7.119,5,23,O,B,Normal,0
4410,19,76,70.16,68.29,56.28,53.4,847,10.783,0,57,O,O,Normal,0
4411,45,53,35.71,,43.48,46.88,221,19.911,0,8,O,A,Urgent,0
4412,49,71,70.69,29.03,6.43,47.26,76,16.328,1,22,O,O,Urgent,1
4413,28,65,42.71,53.52,41.84,65.93,564,13.585,4,37,A,B,Critical,0
4414,32,64,54.9,23.02,19.89,54.39,784,13.259,7,32,B,A,Critical,0
4415,63,54,50.84,21.59,23.56,54.22,357,8.217,0,9,A,B,Routine,0
4416,37,71,40.3,96.85,86.25,59.77,778,12.638,4,34,O,A,Normal,0
4417,67,45,88.38,93.04,47.91,92.23,130,12.808,3,22,B,A,Routine,0
4418,18,19,46.33,3.31,27.99,48.26,753,21.502,3,1,A,O,Urgent,1
4419,60,67,59.95,15.01,12.6,74.85,749,11.034,0,7,B,B,Normal,1
4420,67,64,82.69,12.04,45.5,48.8,309,,4,3,O,O,Urgent,1
4421,20,30,96.54,20.94,61.54,69.17,766,3.455,0,10,A,A,Normal,1
4422,55,,35.33,8.41,96.54,82.73,34,7.323,7,25,O,O,Normal,0
4423,20,34,43.69,90.92,80.64,47.27,61,9.909,2,14,O,O,Critical,0
4424,31,,41.82,99.21,31.06,56.77,736,7.173,3,22,B,O,Normal,0
4425,39,18,89.8,87.95,99.18,59.52,102,15.395,4,21,B,B,Routine,0
4426,48,68,98.54,44.59,76.2,98.79,666,12.832,1,20,O,O,Normal,1
4427,34,75,,69.82,49.66,53.97,231,11.068,1,41,O,A,Critical,0
4428,61,25,62.18,24.89,17.12,56.77,412,0.5,2,36,B,A,Critical,0
4429,57,39,74.64,79.67,39.79,99.65,622,0.5,0,18,B,O,Urgent,0
4430,51,29,58.35,14.86,72.6,72.17,285,14.532,2,22,B,B,Normal,1
4431,31,51,38.25,17.16,91.37,96.3,408,12.182,7,20,A,A,Critical,1
4432,45,26,69.92,76.36,15.32,75.07,90,10.78,1,19,O,O,Normal,0
4433,53,28,31.97,22.59,57.44,92.97,134,8.699,0,25,A,A,Critical,1
4434,55,55,93.09,40.61,25.21,79.31,82,11.496,0,0,AB,B,Urgent,0
4435,32,75,43.62,41.17,83.37,53.21,836,8.793,1,43,O,AB,Normal,0
4436,66,24,99.89,96.19,19.84,90.12,224,13.146,1,42,A,B,Routine,0
4437,22,33,67.11,35.82,75.82,86.17,4,2.158,0,11,B,O,Urgent,0
4438,44,65,38.85,32.49,13.01,98.55,825,13.06,3,21,B,O,Urgent,0
4439,53,61,47.57,15.37,67.44,78.98,93,11.505,2,8,B,O,Urgent,0
4440,43,33,78.86,27.19,40.07,94.33,894,10.566,2,10,B,O,Urgent,0
4441,62,53,34.09,2.1,64.87,79.96,413,13.646,1,9,B,AB,Normal,1
4442,18,58,97.76,37.6,80.87,53.82,233,8.778,1,40,A,A,Normal,0
4443,69,59,41.62,68.97,38.37,71.73,423,14.18,0,10,A,O,Critical,0
4444,34,36,33.03,67.95,73.35,79.53,853,8.737,0,2,O,A,Critical,0
4445,40,40,30.91,24.91,44.23,72.14,376,11.384,2,0,O,B,Urgent,0
4446,22,76,90.24,35.31,0.9,95.27,918,7.591,0,54,A,O,Normal,0
4447,52,62,55.31,3.64,18.14,55.52,783,10.667,0,10,B,O,Urgent,0
4448,59,26,48.76,15.26,98.41,45.34,843,6.324,2,33,O,B,Normal,0
4449,61,34,39.21,,82.93,58.61,419,7.263,0,27,O,B,Urgent,0
4450,45,77,53.08,24.42,4.41,60.1,372,18.746,4,32,O,B,Normal,0
4451,51,19,90.32,79.55,42.15,77.67,252,5.702,0,32,AB,B,Urgent,0
4452,55,37,44.81,40.81,8.71,88.9,162,4.417,0,18,O,A,Normal,0
4453,47,58,60.43,67.5,6.99,82.25,745,16.507,2,11,A,A,Normal,1
4454,21,37,73.93,14.47,38.12,49.12,752,9.86,2,16,O,B,Normal,0
4455,28,28,84.01,33.6,17.55,59.13,56,11.906,3,0,A,O,Normal,0
4456,19,66,78.69,83.19,98.05,58.98,364,16.776,0,47,A,A,Routine,0
4457,21,69,81.88,56.64,9.09,63.58,169,10.803,8,48,O,O,Urgent,0
4458,34,25,55.94,92.77,55.94,93.71,752,15.472,0,9,A,O,Critical,0
4459,36,66,56.57,54.5,52.32,71.35,884,5.993,1,30,O,A,Normal,0
4460,66,60,89.19,70.2,15.35,89.72,155,17.298,5,6,O,O,Normal,1
4461,46,54,37.79,96.54,27.12,94.43,724,11.269,1,8,O,O,Urgent,1
4462,44,19,36.61,78.7,25.1,58.77,655,12.756,3,25,A,A,Critical,0
4463,62,23,46.54,49.18,38.13,59.13,915,10.434,4,39,O,A,Critical,0
4464,68,77,30.27,49.56,15.56,53.21,318,12.523,1,9,B,O,Urgent,0
4465,60,32,96.87,43.84,53.32,49.58,915,9.868,1,28,B,AB,Normal,0
4466,19,62,28.78,31.92,91.96,71.38,238,,0,43,A,B,Urgent,0
4467,51,39,66.97,66.71,18.45,94.0,874,13.407,0,12,O,O,Normal,1
4468,49,58,34.29,53.24,65.6,98.21,686,17.743,0,9,B,B,Urgent,0
4469,65,31,95.87,20.25,8.32,45.2,732,11.675,1,34,O,A,Urgent,1
4470,22,23,91.53,36.76,40.15,93.76,938,12.465,0,1,O,O,Normal,1
4471,32,49,37.4,13.11,75.39,49.71,870,7.39,0,17,O,B,Urgent,0
4472,21,30,31.53,75.22,47.22,84.08,60,12.72,,9,B,O,Normal,0
4473,68,31,72.3,22.88,32.15,71.81,649,15.346,0,37,A,A,Critical,1
4474,51,49,83.89,38.78,72.04,89.32,377,8.5,0,2,O,B,Urgent,0
4475,28,53,33.73,67.8,33.48,54.7,562,8.151,0,25,B,O,Urgent,0
4476,29,68,35.85,55.43,20.28,94.0,10,11.446,1,39,B,O,Routine,0
4477,35,63,98.73,76.77,44.98,87.33,155,11.885,1,28,O,B,Normal,0
4478,55,49,35.91,14.07,54.29,57.77,257,10.221,1,6,O,A,Routine,0
4479,20,41,80.22,20.39,90.21,94.61,958,13.524,1,21,B,O,Urgent,0
4480,37,46,37.24,41.86,11.62,52.48,186,7.884,2,9,O,B,Normal,0
4481,45,74,74.84,93.47,27.69,95.58,710,13.657,1,29,A,A,Normal,0
4482,59,44,40.78,55.81,62.59,83.28,564,7.506,1,15,O,O,Urgent,0
4483,18,73,63.11,96.63,51.98,50.81,600,5.667,0,55,B,O,Critical,0
4484,43,46,32.49,59.94,0.26,70.28,462,4.088,1,3,O,A,Normal,0
4485,52,52,58.68,76.53,58.89,54.96,920,10.067,4,0,O,B,Urgent,0
4486,42,52,98.89,10.7,4.38,80.16,125,10.071,1,10,A,A,Critical,1
4487,43,20,38.72,77.87,90.71,64.62,890,6.308,2,23,O,B,Urgent,0
4488,64,36,81.19,5.97,42.96,51.55,39,6.108,1,28,O,B,Normal,0
4489,32,55,84.9,84.04,81.83,95.45,782,13.483,0,23,O,O,Urgent,1
4490,40,35,83.57,5.28,13.41,47.52,871,13.808,1,5,A,B,Normal,1
4491,24,70,37.95,64.2,33.83,98.76,176,5.233,4,46,O,O,Normal,0
4492,58,45,26.81,97.05,34.96,63.44,580,13.769,3,13,O,O,Urgent,0
4493,53,22,81.4,96.33,32.59,66.17,719,11.731,1,31,A,O,Urgent,0
4494,52,71,80.51,65.69,57.16,46.95,963,11.382,0,19,A,AB,Critical,0
4495,21,30,53.4,42.49,69.79,86.85,593,9.406,1,9,A,A,Normal,1
4496,49,60,81.57,79.87,98.33,50.73,882,5.649,7,11,B,B,Normal,0
4497,41,51,77.97,,52.51,66.19,899,12.227,5,10,O,A,Routine,0
4498,36,23,32.57,76.71,59.72,87.27,937,1.6,1,13,A,B,Normal,0
4499,35,29,77.11,5.21,4.51,59.62,869,15.126,5,6,A,AB,Urgent,1
4500,20,60,33.6,82.29,84.64,56.28,816,12.467,0,40,O,A,Critical,0
4501,47,71,61.86,39.42,93.41,59.34,124,4.936,0,24,AB,O,Normal,0
4502,69,66,96.36,31.79,38.01,79.66,797,13.955,0,3,O,O,Normal,1
4503,40,30,57.24,11.67,9.63,94.45,484,15.697,0,10,O,O,Urgent,1
4504,48,71,34.32,59.87,43.21,81.21,403,11.964,0,23,O,O,Urgent,0
4505,40,29,26.81,63.93,73.94,98.8,305,16.347,1,11,O,A,Normal,0
4506,48,69,25.95,71.26,35.32,54.09,455,12.306,0,21,B,O,Critical,0
4507,36,72,78.56,77.85,14.18,85.21,14,6.267,1,36,O,A,Critical,0
4508,,34,89.2,1.43,52.95,68.09,796,8.419,0,1,O,A,Routine,1
4509,40,52,70.46,12.38,61.24,53.01,589,8.378,4,12,O,B,Urgent,0
4510,39,75,59.78,9.35,53.77,52.64,667,19.793,0,36,B,B,Normal,0
4511,55,48,66.4,63.51,67.72,45.18,849,19.703,0,7,A,A,Urgent,0
4512,29,45,95.06,21.04,14.77,65.02,777,5.654,3,16,O,B,Critical,1
4513,23,31,91.77,8.52,4.54,46.63,496,18.241,4,8,O,B,Normal,1
4514,52,58,49.64,69.96,99.11,93.25,275,18.927,1,6,B,B,Urgent,0
4515,20,57,63.73,35.15,53.29,78.5,796,18.529,6,37,A,O,Normal,0
4516,26,38,83.54,21.19,65.95,59.83,23,8.207,7,12,B,O,Urgent,0
4517,67,46,37.89,13.72,38.43,69.66,418,13.945,4,21,B,A,Routine,0
4518,52,21,53.56,90.26,5.55,90.67,252,12.8,3,31,O,A,Normal,0
4519,48,68,83.98,14.82,80.26,80.66,431,10.727,0,20,B,B,Normal,1
4520,37,32,76.83,9.84,18.1,47.01,119,5.257,0,5,A,O,Routine,0
4521,30,34,39.0,9.05,75.38,99.23,597,15.348,0,4,A,A,Routine,1
4522,33,53,40.63,34.23,28.58,96.34,184,22.164,2,20,O,AB,Critical,0
4523,32,65,31.31,44.0,86.36,94.36,336,19.273,4,33,A,B,Normal,0
4524,40,58,50.57,64.31,90.37,93.5,732,17.004,1,18,O,B,Critical,0
4525,46,36,56.96,97.7,55.85,88.66,302,16.36,1,10,B,A,Normal,0
4526,58,45,78.66,82.2,5.01,70.99,569,17.382,0,13,O,O,Urgent,1
4527,50,49,37.6,55.72,15.85,88.85,381,8.929,0,1,A,B,Urgent,0
4528,33,75,66.96,60.1,1.62,53.25,730,13.632,0,42,O,B,Normal,0
4529,26,26,67.24,87.37,35.88,83.49,538,10.908,1,0,B,O,Normal,0
4530,23,57,46.84,37.82,75.64,91.73,950,10.38,1,34,A,B,Normal,0
4531,56,32,44.62,46.96,5.9,56.82,382,10.1,0,24,O,B,Normal,0
4532,57,66,53.12,24.34,15.84,49.12,732,10.553,8,9,A,O,Normal,0
4533,18,23,77.54,12.49,46.97,69.1,499,14.12,2,5,O,B,Normal,0
4534,32,66,93.51,80.92,9.22,68.24,411,10.264,0,34,AB,B,Urgent,0
4535,48,74,92.21,48.04,71.42,82.91,571,11.197,0,26,A,O,Urgent,0
4536,53,20,41.04,50.68,61.05,51.5,253,9.985,1,33,AB,O,Urgent,0
4537,21,76,44.67,10.9,97.98,54.06,370,11.807,3,55,A,A,Normal,0
4538,26,51,41.85,46.55,99.28,95.29,79,7.64,0,25,AB,A,Critical,0
4539,55,40,44.91,79.39,17.97,57.48,815,4.911,0,15,O,O,Normal,1
4540,21,33,53.91,52.46,77.96,55.1,68,9.443,0,12,A,A,Normal,0
4541,61,26,70.77,77.37,92.98,91.26,346,10.573,1,35,A,AB,Urgent,0
4542,57,77,50.63,36.84,27.55,75.61,439,9.199,1,20,A,A,Urgent,0
4543,30,56,33.49,87.31,89.81,70.18,533,5.287,6,26,O,A,Critical,0
4544,41,45,58.14,90.46,43.63,65.39,505,11.118,2,4,O,B,Urgent,0
4545,66,53,48.08,99.81,96.47,59.19,139,9.534,3,13,A,O,Normal,0
4546,36,21,59.75,10.97,23.04,53.77,531,7.589,0,15,O,O,Normal,1
4547,39,37,81.0,44.99,77.73,55.91,662,8.979,4,2,O,O,Normal,1
4548,26,64,82.14,93.78,53.99,95.62,350,8.158,3,38,B,O,Normal,0
4549,48,26,48.07,61.52,12.31,65.51,371,9.357,0,22,B,B,Urgent,0
4550,21,25,86.17,7.87,8.52,55.65,498,11.919,0,4,A,O,Urgent,0
4551,65,55,39.48,49.11,80.86,85.3,721,11.032,3,10,O,AB,Urgent,0
4552,68,19,86.83,62.73,46.12,69.97,340,8.413,4,49,O,A,Routine,0
4553,34,59,52.29,39.23,46.29,98.04,541,15.016,0,25,A,A,Normal,1
4554,66,23,72.59,6.71,74.76,94.83,712,15.683,1,43,O,O,Normal,1
4555,49,45,51.55,89.73,16.78,45.52,200,6.61,0,4,A,B,Normal,0
4556,60,34,85.67,88.8,36.26,80.18,416,4.768,1,26,O,A,Urgent,0
4557,24,30,70.11,56.6,45.2,54.05,231,12.864,1,6,O,A,Critical,0
4558,54,67,71.83,89.19,57.42,57.44,451,7.726,0,13,O,O,Normal,0
4559,24,57,64.48,17.13,66.82,76.61,553,10.1,6,33,A,A,Routine,0
4560,20,75,86.0,41.02,79.2,46.01,287,6.066,1,55,O,O,Normal,0
4561,56,23,40.6,67.33,86.6,68.85,685,2.119,0,33,O,A,Urgent,0
4562,28,30,79.63,17.67,90.41,81.34,620,5.832,1,2,O,O,Normal,0
4563,32,45,96.36,96.65,4.5,51.77,10,16.977,1,13,A,B,Normal,0
4564,66,26,77.69,65.01,11.9,50.31,24,14.864,0,40,O,O,Normal,0
4565,30,25,86.42,1.97,89.37,77.82,254,0.5,0,5,A,A,Normal,1
4566,52,73,65.59,38.89,70.19,58.01,293,12.619,0,21,B,O,Routine,0
4567,38,37,96.25,41.61,16.18,83.0,923,12.551,2,1,O,O,Normal,1
4568,28,20,98.76,14.26,92.96,46.27,164,11.66,0,8,O,B,Urgent,1
4569,18,30,79.19,11.6,72.34,80.24,350,16.322,0,12,A,B,Critical,0
4570,60,33,63.96,7.44,84.08,77.9,9,14.28,1,27,O,O,Normal,0
4571,42,41,69.48,11.35,90.68,88.35,640,11.145,0,1,B,A,Normal,0
4572,66,46,72.39,98.82,51.69,55.19,344,11.488,1,20,A,AB,Critical,0
4573,27,23,95.82,98.63,2.07,98.09,51,14.78,2,4,O,B,Normal,1
4574,53,43,55.24,73.97,32.83,85.91,209,20.545,1,10,A,A,Critical,0
4575,66,37,73.52,32.18,17.87,73.29,937,10.192,0,29,A,A,Normal,1
4576,39,48,89.23,29.33,45.45,57.33,952,9.138,0,9,O,A,Normal,0
4577,23,45,92.19,99.51,68.52,56.99,956,4.769,2,22,O,B,Urgent,1
4578,43,59,90.85,31.64,50.18,92.8,148,7.664,2,16,A,O,Critical,1
4579,53,28,89.34,23.64,24.47,87.83,457,15.584,2,25,O,B,Critical,1
4580,50,70,36.72,38.91,17.09,85.23,538,8.832,,20,O,A,Normal,1
4581,47,24,31.51,2.92,63.87,89.84,757,1.234,5,23,O,A,Urgent,1
4582,64,55,40.31,80.78,84.7,83.22,571,12.294,0,9,A,B,Normal,0
4583,34,62,56.58,75.93,31.24,45.37,638,13.503,1,28,O,B,Routine,0
4584,35,46,66.82,78.64,62.86,53.61,453,7.591,1,11,A,B,Critical,0
4585,44,37,80.81,62.47,35.6,53.99,245,15.592,0,7,B,AB,Routine,0
4586,54,28,83.5,61.6,46.03,90.98,492,14.895,4,26,O,O,Normal,1
4587,20,29,93.79,8.49,84.43,85.94,90,10.482,1,9,O,A,Normal,1
4588,24,64,91.82,45.69,38.9,87.76,324,9.786,1,40,O,A,Normal,0
4589,40,52,93.19,22.0,60.98,56.71,419,14.935,5,12,B,A,Routine,0
4590,33,57,32.54,83.33,75.2,96.9,880,10.589,1,24,O,B,Normal,0
4591,52,53,81.96,80.6,74.92,68.98,844,8.715,6,1,O,O,Critical,0
4592,69,40,57.02,26.65,99.32,86.01,165,7.996,2,29,O,O,Urgent,0
4593,46,73,77.85,63.86,91.64,79.68,436,5.142,2,27,A,B,Urgent,0
4594,68,42,64.79,65.53,40.0,98.89,510,11.453,2,26,O,B,Critical,1
4595,33,49,73.27,53.02,80.94,59.44,203,7.842,7,16,A,O,Urgent,0
4596,49,62,67.02,98.19,11.59,56.11,633,12.821,4,13,O,O,Critical,0
4597,31,72,76.07,13.2,2.08,94.58,884,10.441,0,41,A,A,Urgent,1
4598,30,43,42.4,81.82,42.86,56.18,682,13.205,2,13,B,A,Urgent,0
4599,66,,35.38,85.01,61.68,61.25,391,8.432,7,9,O,B,Urgent,0
4600,59,39,92.78,82.92,61.55,65.0,896,9.032,1,20,A,O,Routine,0
4601,69,41,86.8,47.64,8.32,74.35,210,15.005,2,28,B,O,Normal,0
4602,25,34,30.6,77.15,77.38,47.7,18,16.626,2,9,B,A,Urgent,0
4603,54,66,45.63,26.22,1.29,73.67,965,14.618,3,12,O,O,Normal,0
4604,61,76,79.49,7.62,35.41,52.14,970,2.812,1,15,O,O,Normal,1
4605,27,68,72.99,24.29,9.36,74.33,114,8.563,2,41,O,A,Routine,0
4606,62,76,56.73,33.82,88.65,64.65,413,7.478,3,14,O,AB,Normal,0
4607,28,65,33.74,8.7,75.98,45.08,766,13.018,1,37,A,A,Urgent,0
4608,38,62,65.7,31.73,55.9,46.63,323,20.597,1,24,A,O,Critical,0
4609,41,27,85.74,53.93,29.64,49.28,460,5.045,1,14,O,B,Normal,1
4610,37,76,48.84,5.23,88.4,54.24,586,6.2,2,39,B,O,Normal,0
4611,22,18,42.14,77.4,56.48,58.51,700,15.61,2,4,A,A,Normal,0
4612,38,58,58.64,4.62,2.68,60.67,238,6.929,1,20,B,A,Routine,0
4613,39,25,94.52,65.35,60.8,53.68,208,9.335,4,14,O,A,Urgent,1
4614,65,42,82.91,32.75,17.51,75.8,684,11.411,0,23,O,A,Routine,1
4615,23,61,49.8,97.87,68.91,50.84,242,1.069,0,38,O,A,Urgent,0
4616,54,47,72.76,86.13,99.7,80.35,119,13.411,2,7,A,O,Urgent,0
4617,29,26,53.66,73.68,78.37,51.46,260,14.434,1,3,O,O,Critical,0
4618,33,45,87.43,10.62,75.06,58.23,492,8.92,0,12,A,A,Normal,1
4619,31,50,57.1,52.55,83.12,64.05,869,18.229,1,19,O,O,Critical,0
4620,68,29,88.3,31.27,15.52,96.65,809,9.188,2,39,O,B,Urgent,1
4621,19,44,48.76,4.25,56.84,86.16,566,3.111,3,25,O,A,Urgent,1
4622,60,74,28.23,6.08,56.56,71.05,767,17.195,4,14,B,B,Normal,0
4623,25,70,87.39,16.36,97.19,50.4,299,8.341,1,45,O,O,Normal,0
4624,54,43,69.25,68.42,64.33,58.24,86,17.478,1,11,A,A,Routine,0
4625,53,35,53.14,71.3,8.44,51.33,46,12.466,1,18,O,B,Urgent,0
4626,25,41,55.96,5.75,33.72,79.61,877,8.294,4,16,B,O,Normal,0
4627,28,68,66.16,62.37,6.74,69.45,654,7.948,2,40,A,B,Critical,0
4628,27,41,27.18,34.2,25.43,68.12,411,11.323,0,14,A,O,Critical,0
4629,51,58,77.36,59.08,97.52,69.52,141,21.045,1,7,O,B,Urgent,0
4630,32,28,57.55,77.8,12.29,96.72,686,13.035,3,4,O,B,Routine,1
4631,25,71,92.33,80.06,16.71,98.12,739,10.473,4,46,A,A,Routine,0
4632,56,61,91.42,9.94,42.15,75.59,344,4.023,0,5,B,O,Critical,1
4633,58,74,80.8,32.32,33.86,79.22,843,19.264,3,16,O,O,Normal,1
4634,35,61,99.91,37.2,15.68,74.35,103,16.162,8,26,B,B,Normal,1
4635,44,45,38.31,71.99,77.62,59.69,341,11.223,1,1,O,B,Urgent,0
4636,64,59,29.65,13.71,82.36,59.69,994,7.217,0,5,O,B,Normal,0
4637,48,61,61.03,45.31,54.86,56.04,435,10.663,1,13,O,O,Normal,0
4638,58,32,70.86,33.32,53.85,48.79,593,12.661,0,26,O,O,Urgent,0
4639,23,56,41.06,79.81,3.8,54.12,551,,3,33,AB,A,Critical,0
4640,30,24,75.1,97.86,14.14,92.09,566,9.793,2,6,B,O,Normal,0
4641,40,39,62.42,59.26,41.28,86.61,856,17.231,0,1,B,B,Normal,1
4642,40,55,77.64,34.11,89.65,52.43,115,11.388,1,15,O,B,Normal,0
4643,29,44,62.77,70.91,77.97,78.83,405,6.984,3,15,A,O,Urgent,0
4644,29,39,97.75,83.83,74.62,83.03,970,8.151,1,10,O,B,Urgent,0
4645,30,28,55.61,98.83,61.51,85.91,6,2.309,3,2,O,A,Urgent,0
4646,39,44,89.25,33.66,19.25,55.91,710,8.607,0,5,A,B,Routine,1
4647,23,75,71.76,80.28,61.84,79.81,681,14.604,0,52,O,B,Normal,0
4648,46,55,26.87,72.45,20.71,45.95,132,4.739,3,9,O,O,Normal,0
4649,69,60,43.86,54.59,22.34,73.99,69,7.397,1,9,B,O,Urgent,0
4650,50,34,56.38,97.94,74.02,71.36,942,12.256,1,16,O,O,Urgent,0
4651,25,46,28.94,46.69,10.87,65.79,915,7.637,0,21,O,O,Normal,0
4652,39,32,93.74,50.16,29.75,88.28,219,10.921,6,7,O,O,Normal,1
4653,59,67,88.76,51.36,99.2,59.21,2,13.836,8,8,A,B,Critical,0
4654,51,62,97.12,98.85,10.85,65.56,594,9.653,4,11,O,A,Normal,1
4655,45,68,85.96,28.55,82.42,83.87,594,2.756,4,23,A,O,Urgent,0
4656,19,27,81.98,15.13,42.23,93.95,872,7.481,0,8,A,A,Urgent,1
4657,25,38,98.79,34.22,46.26,73.88,311,13.574,0,13,A,B,Urgent,0
4658,33,61,87.05,11.48,11.09,66.27,355,14.42,0,28,O,O,Critical,1
4659,46,25,95.83,72.45,26.13,80.84,301,9.025,8,21,B,A,Normal,0
4660,39,44,99.1,64.31,95.14,68.87,683,15.036,5,5,A,O,Critical,0
4661,37,73,90.24,,53.52,89.93,418,16.626,2,36,A,O,Normal,0
4662,66,65,65.59,51.52,89.02,65.1,994,9.733,0,1,A,A,Normal,1
4663,52,67,78.34,90.91,2.56,69.17,519,9.267,0,15,O,B,Normal,0
4664,33,41,65.17,5.53,40.28,88.11,228,6.554,0,8,O,O,Urgent,1
4665,52,71,74.98,9.76,17.97,71.14,806,7.295,0,19,O,O,Normal,1
4666,68,64,37.02,80.67,22.84,59.91,758,22.585,3,4,O,B,Normal,0
4667,58,60,63.78,65.69,78.9,65.56,16,13.552,1,2,O,O,Urgent,0
4668,47,75,48.68,26.33,13.97,66.42,54,7.274,1,28,B,O,Normal,0
4669,38,76,98.7,80.92,84.97,86.79,477,14.75,3,38,B,A,Urgent,0
4670,54,66,63.04,91.35,17.28,90.78,773,2.313,0,12,A,O,Routine,0
4671,54,69,82.12,10.38,10.01,66.22,609,7.957,2,15,O,A,Normal,1
4672,33,19,58.44,73.96,53.95,89.31,219,7.658,2,14,A,O,Urgent,0
4673,41,51,65.31,31.03,48.01,52.3,986,17.672,6,10,A,O,Normal,0
4674,47,70,86.4,41.32,79.92,50.53,255,15.907,3,23,O,O,Routine,0
4675,67,45,66.87,41.51,99.46,62.67,541,1.719,0,22,AB,O,Normal,0
4676,40,46,90.24,27.35,93.6,58.27,447,7.973,0,6,O,O,Critical,1
4677,60,34,55.7,29.84,83.92,80.73,108,12.783,1,26,B,O,Normal,0
4678,18,27,86.86,87.3,71.6,61.44,519,5.738,0,9,A,B,Normal,0
4679,18,33,41.21,20.62,47.72,50.98,17,16.165,2,15,A,O,Routine,0
4680,56,54,29.2,70.7,16.31,69.1,529,10.669,5,2,O,A,Critical,0
4681,66,37,98.86,11.47,68.32,60.04,785,13.345,4,29,O,B,Normal,0
4682,29,66,76.81,46.61,99.94,97.88,426,8.02,0,37,O,B,Normal,0
4683,30,18,43.21,89.49,45.13,70.73,310,10.913,1,12,A,O,Urgent,0
4684,43,68,30.64,96.23,39.0,84.17,705,13.375,1,25,O,O,Routine,0
4685,67,32,25.11,73.4,20.1,70.48,161,11.202,0,35,O,O,Normal,0
4686,47,29,,88.51,1.24,64.91,635,14.592,2,18,O,B,Urgent,0
4687,65,47,67.27,44.91,43.65,64.7,907,3.571,3,18,A,A,Normal,1
4688,50,40,79.65,81.56,93.08,64.64,497,7.898,1,10,A,O,Normal,0
4689,62,40,83.91,99.38,20.57,76.33,160,17.321,0,22,B,O,Urgent,0
4690,31,72,56.37,44.16,0.31,73.06,673,1.321,0,41,O,B,Normal,1
4691,65,50,81.72,23.58,12.85,90.07,153,9.028,0,15,A,A,Normal,1
4692,64,46,74.4,13.26,47.82,45.23,730,10.704,0,18,B,O,Critical,0
4693,36,19,84.83,24.58,46.12,52.36,321,10.325,3,17,B,B,Normal,1
4694,61,71,42.56,1.51,22.74,82.3,,15.253,1,10,A,A,Normal,1
4695,65,28,82.16,98.26,89.91,48.94,573,13.291,0,37,O,A,Urgent,0
4696,46,37,70.32,9.29,21.64,74.1,848,13.403,0,9,O,AB,Normal,1
4697,44,41,38.78,2.75,69.9,45.36,722,9.505,2,3,B,B,Normal,1
4698,31,38,34.17,24.07,6.03,74.18,432,20.337,0,7,B,A,Urgent,0
4699,34,39,61.8,95.59,71.2,66.57,128,10.495,0,5,A,O,Normal,0
4700,66,76,58.0,53.83,77.63,67.94,281,10.933,0,10,O,O,Urgent,0
4701,27,61,30.1,95.28,23.37,78.44,125,7.055,0,34,B,O,Normal,0
4702,63,45,99.78,25.06,1.74,98.42,7,2.845,1,18,A,A,Normal,1
4703,36,28,33.54,42.66,52.54,84.05,398,12.606,0,8,O,B,Critical,0
4704,24,28,42.54,5.68,26.43,59.06,569,19.825,1,4,O,O,Normal,1
4705,22,21,61.78,86.44,15.53,49.0,941,10.944,1,1,O,B,Critical,0
4706,20,34,96.84,45.73,74.43,63.94,657,10.901,0,14,O,B,Normal,1
4707,25,55,38.29,35.81,25.13,92.56,337,10.535,5,30,AB,O,Routine,0
4708,22,26,71.85,60.05,30.52,60.95,364,12.893,0,4,AB,B,Normal,0
4709,,33,46.69,69.08,62.95,70.15,943,12.114,0,12,O,B,Urgent,0
4710,47,65,41.87,35.43,31.03,89.02,555,12.821,2,18,A,A,Routine,0
4711,28,64,76.56,31.51,54.42,54.71,770,11.459,1,36,A,AB,Critical,1
4712,61,27,91.09,47.49,12.52,90.82,274,9.028,0,34,O,A,Urgent,1
4713,55,35,28.91,11.55,81.09,79.78,693,13.847,3,20,B,O,Routine,0
4714,57,24,77.07,85.22,86.27,61.57,886,,1,33,O,AB,Routine,0
4715,38,44,67.18,21.9,52.22,,370,14.912,1,6,A,B,Normal,0
4716,35,28,57.77,70.57,22.41,70.7,867,10.135,0,7,B,O,Normal,0
4717,47,47,76.02,82.45,25.32,61.72,987,6.736,0,0,O,A,Normal,1
4718,24,59,50.27,48.58,50.78,45.53,391,9.999,0,35,B,O,Urgent,0
4719,66,77,60.73,61.46,32.59,79.99,117,13.649,1,11,O,O,Urgent,0
4720,35,45,67.37,53.96,0.2,86.58,554,16.619,1,10,A,B,Normal,0
4721,56,73,89.24,8.1,68.41,48.22,948,10.615,4,17,B,O,Normal,0
4722,49,27,64.46,93.13,6.61,56.28,952,11.4,4,22,AB,B,Normal,0
4723,30,34,64.26,20.15,16.27,90.09,345,12.943,0,4,O,A,Normal,1
4724,34,58,42.17,73.44,23.56,99.55,772,7.469,0,24,A,O,Normal,0
4725,21,75,92.41,98.44,84.46,58.9,312,21.974,0,54,B,O,Normal,0
4726,51,33,68.93,0.74,15.26,54.78,379,13.105,0,18,O,O,Normal,1
4727,30,,26.79,32.19,61.91,95.62,46,10.965,1,12,A,O,Urgent,0
4728,31,62,86.57,78.24,75.17,58.56,508,9.216,0,31,AB,B,Urgent,0
4729,51,56,38.16,91.98,53.51,83.22,820,6.592,1,5,B,B,Routine,0
4730,33,70,31.18,94.48,29.77,81.81,214,19.413,0,37,B,B,Urgent,0
4731,59,72,58.41,96.49,84.72,52.72,952,9.794,2,13,A,A,Normal,0
4732,30,36,54.32,85.1,64.14,82.64,794,7.7,1,6,O,A,Urgent,0
4733,44,38,69.45,80.98,76.82,59.03,136,16.294,0,6,A,O,Urgent,0
4734,31,49,80.6,97.36,22.32,93.97,624,8.58,1,18,O,B,Urgent,0
4735,47,67,84.27,76.63,76.08,74.94,411,7.014,3,20,O,A,Routine,0
4736,30,59,88.17,27.76,44.93,67.86,193,12.679,1,29,O,AB,Urgent,0
4737,69,41,32.28,61.71,71.37,85.86,832,7.219,1,28,A,B,Normal,0
4738,37,32,68.9,53.66,57.11,80.01,53,1.714,1,5,O,A,Normal,0
4739,26,63,41.87,19.39,91.07,46.93,293,15.629,2,37,O,A,Routine,0
4740,32,61,42.98,60.45,4.3,96.13,551,6.069,1,29,O,O,Critical,1
4741,18,51,53.94,35.79,98.85,78.01,389,8.619,0,33,AB,O,Urgent,0
4742,18,38,46.49,27.92,18.53,47.67,496,12.627,2,20,O,B,Urgent,0
4743,34,26,91.56,68.42,21.6,96.28,62,5.404,0,8,O,O,Normal,0
4744,29,68,37.83,50.43,75.61,87.81,462,8.859,0,39,A,O,Critical,0
4745,53,61,85.27,74.07,31.41,51.7,170,14.894,3,8,B,O,Critical,0
4746,69,31,84.32,32.0,86.85,77.4,422,10.365,0,38,B,O,Routine,0
4747,62,37,43.35,8.97,44.48,70.57,917,10.705,7,25,O,A,Normal,0
4748,59,77,81.89,64.02,82.22,50.54,172,12.086,0,18,O,O,Urgent,0
4749,31,19,88.63,10.66,80.38,64.02,177,11.132,,12,O,B,Normal,1
4750,26,75,93.03,96.26,74.89,86.51,654,9.056,0,49,O,A,Routine,0
4751,38,42,45.71,14.94,70.31,92.7,170,16.953,0,4,A,A,Urgent,1
4752,60,45,53.69,38.1,88.62,72.26,611,0.5,0,15,A,B,Critical,0
4753,68,24,39.2,31.48,29.49,84.05,547,10.891,4,44,B,A,Normal,0
4754,51,34,66.45,80.41,81.85,91.46,54,11.355,0,17,AB,O,Normal,0
4755,53,53,66.51,58.89,98.02,75.44,182,8.919,3,0,AB,O,Urgent,0
4756,41,54,67.63,61.25,66.96,82.08,169,19.372,1,13,O,B,Normal,0
4757,69,45,84.67,86.59,96.56,87.58,557,9.444,0,24,AB,O,Normal,0
4758,60,40,78.93,23.65,21.07,86.79,866,3.801,0,20,O,B,Normal,1
4759,43,54,79.15,30.89,80.6,70.06,761,7.789,1,11,O,O,Normal,0
4760,42,18,95.55,67.85,81.96,76.24,118,5.16,2,24,O,B,Routine,0
4761,43,24,26.82,99.03,99.97,90.01,225,15.904,3,19,O,B,Urgent,0
4762,41,42,46.61,24.66,9.58,55.75,565,6.196,0,1,AB,A,Urgent,0
4763,56,48,37.48,47.17,34.29,48.94,130,12.359,0,8,B,B,Critical,0
4764,28,38,31.72,46.58,32.55,93.66,157,8.784,3,10,A,O,Normal,0
4765,31,50,88.69,8.26,73.78,62.1,365,9.018,1,19,O,AB,Critical,1
4766,31,34,77.73,59.09,77.22,56.98,655,6.205,1,3,O,B,Urgent,0
4767,23,36,70.74,3.97,2.51,79.73,596,9.035,1,13,O,O,Critical,1
4768,47,67,70.49,95.93,1.11,50.98,48,14.338,0,20,O,O,Urgent,1
4769,31,29,82.79,83.85,66.91,80.37,788,10.371,0,2,A,O,Urgent,0
4770,64,73,78.48,15.8,71.29,80.32,246,14.646,0,9,O,A,Urgent,1
4771,38,23,29.64,99.35,75.75,61.89,431,8.117,5,15,O,AB,Routine,0
4772,40,63,26.9,35.48,31.62,80.29,649,5.896,3,23,AB,A,Normal,0
4773,37,48,56.08,29.4,34.25,54.64,366,1.972,0,11,O,O,Urgent,1
4774,35,63,65.17,71.89,9.32,65.73,528,8.062,2,28,O,O,Urgent,1
4775,65,48,94.71,79.93,45.47,55.2,112,12.073,0,17,A,B,Urgent,0
4776,59,41,77.85,82.55,68.09,61.16,302,17.19,1,18,O,A,Normal,0
4777,50,64,75.28,62.88,69.61,46.27,287,11.84,8,14,O,B,Critical,0
4778,42,45,65.55,36.14,18.89,74.99,99,3.088,3,3,A,A,Routine,1
4779,36,28,58.11,24.47,6.57,49.34,135,6.763,0,8,A,AB,Critical,0
4780,55,67,42.65,63.21,81.64,53.12,664,4.683,5,12,O,O,Normal,0
4781,20,68,25.44,44.91,70.42,46.2,759,11.261,1,48,B,O,Urgent,0
4782,51,25,80.34,99.59,21.34,72.18,713,7.69,1,26,A,A,Normal,1
4783,65,56,37.31,48.85,56.54,73.54,909,4.315,0,9,A,AB,Urgent,0
4784,32,27,49.24,62.03,83.28,75.19,541,11.262,1,5,B,A,Routine,0
4785,33,25,47.56,51.46,51.43,93.88,297,4.713,0,8,O,B,Normal,0
4786,23,43,80.07,68.5,86.4,96.18,17,18.865,1,20,A,O,Critical,0
4787,24,51,67.48,97.33,89.49,47.78,167,7.519,0,27,O,A,Normal,0
4788,24,21,30.19,85.24,89.36,57.12,353,12.86,2,3,A,B,Critical,0
4789,69,26,94.3,19.99,0.65,47.84,464,15.832,1,43,A,O,Urgent,0
4790,65,47,44.07,62.68,13.08,47.23,153,2.219,2,18,O,B,Critical,0
4791,45,71,73.64,0.95,48.0,52.41,492,5.178,3,26,A,B,Normal,0
4792,18,36,73.54,34.64,25.32,89.83,436,15.583,0,18,A,O,Normal,0
4793,32,31,65.74,18.86,87.25,92.86,504,11.915,6,1,O,B,Urgent,0
4794,43,58,43.43,89.6,98.22,92.96,732,13.237,0,15,B,B,Critical,0
4795,43,41,76.52,52.03,4.66,65.94,158,8.543,1,2,A,A,Urgent,1
4796,33,29,99.09,69.96,68.85,70.93,377,8.618,1,4,AB,B,Critical,0
4797,50,58,82.84,80.73,32.18,72.59,121,14.386,2,8,AB,A,Critical,1
4798,21,38,80.23,32.31,33.19,86.86,547,8.316,0,17,A,A,Normal,1
4799,57,30,83.93,35.83,82.45,51.7,255,16.278,5,27,A,O,Normal,0
4800,56,45,78.32,90.67,53.88,95.3,173,10.789,0,11,O,A,Critical,1
4801,50,69,31.56,92.05,59.4,94.56,301,9.275,0,19,O,A,Normal,0
4802,29,22,43.37,67.05,19.6,53.04,72,11.633,4,7,A,A,Normal,0
4803,66,23,71.94,93.51,46.36,98.95,118,11.962,0,43,B,O,Urgent,0
4804,42,35,90.72,17.62,56.34,56.54,604,14.017,5,7,A,A,Urgent,1
4805,56,45,83.08,71.47,1.39,46.51,426,11.751,3,11,B,O,Normal,0
4806,63,59,62.05,56.07,42.91,81.34,210,11.613,0,4,O,O,Critical,1
4807,47,44,53.59,74.92,59.48,45.42,586,0.5,2,3,A,O,Urgent,0
4808,37,37,72.32,80.01,95.51,55.37,207,14.187,2,0,O,O,Normal,0
4809,33,64,39.9,62.91,57.26,77.56,778,15.085,0,31,O,O,Normal,0
4810,64,20,32.53,14.59,0.5,79.36,291,8.321,0,44,O,B,Normal,1
4811,37,30,44.47,68.9,34.47,48.66,798,19.358,0,7,O,A,Critical,0
4812,56,42,63.72,27.67,25.31,87.71,809,14.384,0,14,O,O,Urgent,1
4813,28,28,85.14,43.21,35.26,47.02,506,4.36,2,0,O,A,Normal,0
4814,46,60,62.93,59.31,77.5,48.15,707,12.38,0,14,O,O,Routine,0
4815,64,45,85.41,93.84,23.8,45.14,750,16.405,0,19,B,O,Critical,0
4816,41,61,44.21,23.83,27.13,94.78,202,9.929,4,20,A,O,Urgent,0
4817,21,35,33.04,18.22,54.51,85.04,298,13.731,0,14,O,B,Normal,0
4818,51,52,77.24,22.59,73.12,70.11,968,16.099,0,1,AB,B,Critical,0
4819,52,63,31.03,93.16,68.72,96.45,146,9.921,2,11,O,AB,Critical,0
4820,51,68,68.15,83.64,2.93,56.36,679,11.326,2,17,O,O,Urgent,1
4821,38,52,52.35,69.91,36.41,70.18,886,12.328,4,14,B,B,Urgent,0
4822,23,32,28.15,41.14,62.99,90.81,585,10.382,2,9,B,B,Critical,0
4823,59,46,80.86,24.41,6.81,79.33,41,11.343,1,13,A,A,Urgent,1
4824,67,19,71.03,19.89,84.23,88.6,883,14.023,1,48,A,A,Urgent,1
4825,54,41,75.56,3.56,68.95,92.67,726,10.697,0,13,O,B,Normal,0
4826,52,60,91.85,24.11,46.65,96.46,939,16.001,2,8,O,B,Routine,0
4827,45,42,74.33,26.86,16.38,70.4,697,16.142,1,3,A,AB,Routine,1
4828,44,56,35.48,77.3,4.87,54.82,542,8.315,2,12,A,O,Critical,0
4829,34,26,34.09,39.69,66.53,72.24,72,11.069,0,8,A,A,Urgent,0
4830,48,45,50.95,85.78,73.77,86.27,274,11.761,0,3,B,A,Critical,0
4831,46,39,51.28,65.8,35.96,77.59,985,10.161,1,7,B,A,Urgent,0
4832,69,54,38.83,60.52,63.22,65.99,354,10.633,3,15,B,O,Urgent,0
4833,45,33,62.31,14.39,94.24,86.88,629,,3,12,A,B,Urgent,0
4834,25,65,46.11,61.21,87.14,89.96,594,16.995,5,40,O,B,Normal,0
4835,,20,30.71,98.04,31.85,63.22,70,11.348,2,3,O,B,Urgent,0
4836,48,40,43.07,64.23,62.46,96.71,706,15.124,0,8,AB,A,Normal,0
4837,68,67,91.7,5.1,6.36,98.96,22,9.838,3,1,O,O,Urgent,1
4838,28,74,60.54,76.49,14.26,94.85,273,1.955,0,46,AB,O,Normal,0
4839,61,55,48.44,39.94,77.69,58.0,77,0.5,0,6,A,A,Urgent,1
4840,54,52,66.03,40.3,88.25,99.08,982,15.775,1,2,O,A,Routine,0
4841,54,55,86.96,89.85,1.86,69.29,296,17.17,2,1,O,B,Urgent,0
4842,42,29,92.73,69.36,91.58,95.01,589,9.911,0,13,O,B,Normal,0
4843,50,41,46.8,95.3,97.91,57.84,609,8.036,2,9,A,A,Normal,0
4844,57,28,25.26,16.17,96.86,75.34,673,5.032,0,29,O,O,Critical,0
4845,38,41,41.77,63.09,86.48,60.16,775,5.418,1,3,A,O,Normal,0
4846,25,46,45.85,23.27,54.03,93.98,687,7.357,2,21,A,B,Routine,0
4847,67,56,83.31,30.13,25.66,69.6,601,10.065,1,11,A,B,Urgent,0
4848,36,49,53.04,62.18,83.1,97.1,699,1.803,0,13,O,O,Routine,0
4849,34,43,45.95,15.57,68.67,57.48,46,8.737,0,9,A,A,Routine,1
4850,67,40,45.5,75.29,94.18,68.32,60,14.634,3,27,A,O,Normal,0
4851,24,66,43.57,29.61,17.52,65.94,32,13.387,0,42,B,O,Critical,0
4852,51,24,72.4,44.72,65.74,80.65,109,9.994,0,27,O,A,Urgent,0
4853,32,20,43.97,99.51,53.27,79.22,62,2.921,2,12,O,O,Urgent,0
4854,37,51,66.58,63.05,96.95,46.16,569,11.865,0,14,O,O,Urgent,0
4855,24,45,87.98,65.42,35.17,58.52,357,8.311,3,21,O,A,Normal,0
4856,65,69,59.21,12.89,87.09,56.27,594,11.435,1,4,O,O,Critical,0
4857,54,20,66.19,23.79,73.64,91.23,150,8.482,0,34,O,B,Routine,0
4858,63,77,46.28,13.47,76.88,57.04,282,7.282,1,14,A,O,Normal,0
4859,60,43,44.25,30.9,60.05,81.92,611,15.157,6,17,A,AB,Urgent,0
4860,60,20,57.34,75.85,48.39,61.33,226,4.548,6,40,B,B,Routine,0
4861,47,38,68.45,9.84,78.2,79.42,12,0.5,0,9,B,B,Urgent,0
4862,54,59,49.08,3.24,78.63,97.53,17,14.053,2,5,A,A,Urgent,1
4863,31,29,59.99,23.97,5.59,89.62,906,15.514,7,2,O,O,Routine,1
4864,43,31,88.59,25.0,69.32,83.45,611,19.877,0,12,B,O,Critical,1
4865,24,39,69.91,82.8,1.82,63.22,359,4.913,2,15,B,A,Routine,0
4866,63,60,65.01,16.13,91.85,72.71,383,12.274,0,3,B,O,Normal,0
4867,20,25,48.66,45.71,21.94,63.49,703,14.183,1,5,B,O,Routine,0
4868,41,66,53.16,67.92,20.8,71.22,645,8.479,1,25,A,O,Routine,0
4869,25,36,73.41,10.25,80.35,64.77,818,7.653,1,11,A,O,Urgent,0
4870,34,72,29.6,21.0,35.3,99.44,280,11.235,2,38,A,B,Normal,0
4871,44,63,66.12,10.23,13.37,55.03,3,18.909,2,19,O,B,Routine,0
4872,38,63,60.28,70.03,50.69,55.83,378,11.099,0,25,O,O,Normal,0
4873,31,66,70.94,39.01,59.99,89.79,883,11.567,2,35,A,B,Urgent,1
4874,34,23,73.65,62.14,23.37,66.76,816,11.038,5,11,B,O,Routine,0
4875,37,52,49.49,87.45,6.19,80.62,365,8.879,1,15,O,O,Critical,0
4876,38,42,38.26,6.1,44.92,72.15,844,10.318,0,4,A,B,Urgent,1
4877,49,74,66.4,70.85,37.9,59.91,269,15.239,0,25,O,O,Urgent,0
4878,31,27,80.38,14.39,32.82,91.15,961,5.425,0,4,A,O,Urgent,1
4879,30,37,36.34,95.28,10.52,72.12,689,10.701,2,7,O,O,Routine,0
4880,65,71,32.79,43.04,16.05,80.51,135,9.546,1,6,O,A,Normal,0
4881,19,49,92.37,54.92,71.7,82.29,121,17.924,0,30,A,A,Urgent,0
4882,62,42,50.19,59.78,38.1,67.27,499,11.387,0,20,A,O,Normal,0
4883,39,25,50.62,99.95,51.88,55.82,646,9.213,6,14,A,B,Normal,0
4884,68,65,72.64,33.7,20.16,89.41,134,8.478,1,3,O,B,Normal,1
4885,56,34,38.92,7.13,59.69,90.99,878,12.573,3,22,A,A,Normal,0
4886,36,62,31.24,30.03,67.18,92.77,478,13.445,1,26,O,B,Normal,0
4887,52,26,95.38,88.49,50.27,60.11,415,18.148,4,26,O,B,Critical,0
4888,18,67,73.37,10.63,34.11,53.43,571,3.282,1,49,O,B,Urgent,1
4889,34,49,49.13,25.84,26.63,95.19,103,18.362,0,15,A,O,Routine,0
4890,29,38,53.76,97.33,79.04,72.2,365,6.182,0,9,B,O,Normal,0
4891,25,49,88.1,89.39,14.37,53.39,637,13.486,1,24,A,B,Normal,0
4892,46,54,72.87,5.68,86.09,52.52,861,8.607,0,8,O,A,Normal,1
4893,18,63,47.07,84.24,85.05,76.18,911,11.522,3,45,A,A,Normal,0
4894,42,32,87.18,21.11,81.24,47.64,986,12.892,0,10,B,A,Normal,1
4895,61,61,28.77,7.25,97.79,73.23,80,11.075,1,0,A,A,Urgent,0
4896,56,45,28.82,65.04,20.96,92.99,109,16.17,2,11,A,AB,Urgent,0
4897,39,31,89.45,65.29,61.29,68.6,257,10.778,2,8,A,B,Normal,0
4898,31,26,98.8,73.35,66.16,97.63,490,16.623,1,5,B,A,Urgent,0
4899,58,35,83.98,8.19,7.26,45.44,589,14.306,0,23,O,B,Critical,1
4900,38,30,61.55,6.73,18.88,95.38,692,13.552,1,8,B,AB,Urgent,1
4901,51,36,55.46,95.55,9.56,67.37,451,15.095,3,15,B,B,Normal,0
4902,67,44,75.48,72.41,30.65,71.17,410,8.689,0,23,A,A,Normal,1
4903,56,71,79.49,4.43,32.71,85.62,52,13.797,2,15,AB,B,Urgent,0
4904,47,39,78.45,95.54,28.81,51.82,186,12.28,0,8,A,B,Urgent,0
4905,66,65,78.69,56.43,1.14,62.58,232,0.5,7,1,B,A,Routine,0
4906,61,18,76.16,71.07,21.23,89.21,365,17.099,0,43,B,A,Critical,0
4907,50,53,91.93,32.27,31.1,55.24,80,12.618,2,3,O,O,Normal,0
4908,33,73,88.14,34.71,18.85,99.81,645,14.494,0,40,O,O,Urgent,1
4909,38,25,35.89,89.61,48.69,55.42,636,13.425,0,13,A,A,Normal,0
4910,21,69,60.75,87.42,3.88,94.71,238,6.7,3,48,O,O,Routine,0
4911,37,77,61.28,56.85,15.07,58.58,865,12.858,0,40,O,AB,Urgent,0
4912,64,51,97.09,1.85,80.42,59.92,280,11.906,0,13,B,A,Critical,0
4913,62,74,26.31,28.2,10.48,56.82,257,13.377,2,12,B,A,Normal,0
4914,42,58,80.68,58.05,94.6,91.08,643,9.618,8,16,O,O,Urgent,0
4915,60,61,45.04,16.88,12.12,46.8,626,12.741,0,1,B,B,Normal,1
4916,45,42,38.14,50.47,20.85,86.48,639,7.948,0,3,A,O,Normal,0
4917,21,44,61.31,86.09,38.18,83.16,251,,2,23,B,O,Routine,0
4918,23,56,78.69,92.2,8.29,78.06,225,6.129,1,33,O,O,Normal,0
4919,45,74,69.15,63.0,0.2,79.68,770,17.2,5,29,A,A,Urgent,1
4920,34,54,93.36,18.22,2.91,56.75,32,9.533,2,20,O,A,Urgent,1
4921,18,76,59.18,50.93,87.81,82.07,575,12.881,2,58,A,A,Normal,0
4922,28,71,43.54,47.89,84.09,76.57,173,10.048,2,43,O,O,Urgent,0
4923,21,61,32.28,46.37,7.06,63.77,827,1.139,0,40,O,AB,Urgent,1
4924,21,48,59.18,51.84,19.62,45.53,620,6.681,2,27,A,B,Normal,0
4925,37,75,40.53,61.79,46.54,97.28,368,8.649,4,38,B,B,Routine,0
4926,67,40,58.32,32.67,20.39,79.86,372,12.126,4,27,A,O,Urgent,0
4927,50,50,41.45,99.89,54.57,94.43,382,16.709,5,0,B,B,Normal,0
4928,48,53,59.81,22.64,91.1,63.07,27,19.211,1,5,O,A,Urgent,0
4929,64,55,39.61,83.03,50.31,96.63,324,9.724,0,9,O,O,Normal,0
4930,61,50,91.7,39.74,57.9,72.52,804,4.882,5,11,AB,A,Normal,0
4931,34,42,84.96,35.51,55.89,51.71,756,12.583,8,8,O,AB,Normal,1
4932,41,76,63.54,66.11,86.12,80.5,570,13.574,1,35,B,O,Normal,0
4933,20,22,40.15,88.99,24.62,79.79,198,7.379,1,2,AB,O,Routine,0
4934,51,44,41.98,0.55,11.3,96.58,45,0.5,6,7,B,O,Urgent,0
4935,44,24,54.35,41.27,23.92,70.73,555,19.242,1,20,AB,O,Normal,0
4936,26,30,72.44,66.44,85.88,73.43,305,18.859,6,4,B,B,Urgent,0
4937,53,66,28.28,65.25,98.55,68.69,830,5.022,2,13,O,O,Routine,0
4938,34,70,90.56,15.85,61.56,52.35,29,6.261,1,36,O,O,Normal,0
4939,34,51,57.77,36.8,7.72,76.85,467,5.369,2,17,O,A,Critical,1
4940,69,46,72.58,8.16,56.85,62.23,211,4.303,2,23,B,O,Normal,0
4941,30,42,91.22,41.47,35.19,51.58,23,19.287,0,12,O,O,Routine,1
4942,24,24,56.28,86.52,43.66,90.76,775,11.946,1,0,O,B,Normal,0
4943,34,20,26.54,5.04,85.19,53.73,852,7.514,7,14,B,B,Normal,1
4944,25,53,40.85,3.25,15.09,63.68,510,5.905,3,28,A,O,Routine,0
4945,25,21,32.58,20.64,10.84,54.69,647,5.428,8,4,B,A,Urgent,0
4946,45,59,66.49,13.91,90.27,74.42,980,9.339,0,14,AB,AB,Normal,1
4947,20,61,28.11,33.87,60.69,64.41,167,9.92,2,41,O,O,Routine,0
4948,38,47,30.63,2.69,7.04,73.54,46,12.194,0,9,A,AB,Routine,1
4949,33,57,65.17,51.69,98.27,72.68,681,10.487,3,24,B,O,Normal,0
4950,26,67,95.13,39.56,53.34,50.33,974,22.007,0,41,A,A,Urgent,1
4951,63,30,61.16,13.54,65.51,71.97,712,5.788,2,33,B,O,Urgent,0
4952,65,60,94.01,94.36,64.93,90.53,193,5.355,0,5,A,O,Normal,0
4953,32,41,93.0,18.62,85.21,98.08,758,13.653,0,9,O,A,Urgent,1
4954,19,73,70.11,77.57,64.15,90.33,641,5.508,5,54,O,B,Normal,0
4955,19,59,79.48,53.64,27.07,61.56,840,17.835,0,40,A,O,Routine,0
4956,38,37,75.17,8.87,42.09,71.54,753,9.629,0,1,B,O,Normal,0
4957,44,65,46.05,14.83,90.6,72.36,272,12.025,6,21,A,O,Normal,0
4958,36,33,44.78,8.69,4.99,47.44,364,12.348,0,3,A,O,Urgent,0
4959,63,28,51.99,84.15,5.0,62.41,197,16.273,5,35,AB,B,Urgent,0
4960,65,54,80.97,30.95,50.49,95.45,280,9.753,0,11,A,O,Critical,1
4961,19,71,54.95,67.56,11.45,57.1,767,6.547,0,52,O,A,Critical,0
4962,49,68,54.17,66.43,74.89,,549,13.837,4,19,B,O,Urgent,0
4963,59,41,61.95,4.92,63.64,60.44,631,11.657,0,18,B,B,Normal,1
4964,39,67,77.69,42.27,23.48,78.63,274,9.978,0,28,AB,A,Routine,0
4965,33,59,42.34,37.13,66.06,56.12,432,10.627,4,26,B,O,Critical,0
4966,65,47,26.92,87.78,81.11,62.47,340,6.586,8,18,A,O,Critical,0
4967,60,72,90.79,71.4,98.6,66.64,201,4.092,1,12,A,O,Normal,0
4968,43,72,45.24,23.72,2.38,45.38,570,10.569,1,29,B,O,Routine,0
4969,25,71,65.9,85.31,95.29,62.61,866,10.399,2,46,O,A,Routine,0
4970,45,72,31.51,6.99,31.93,54.34,995,11.462,1,27,O,B,Urgent,0
4971,43,43,44.36,61.77,85.06,85.42,112,8.324,4,0,A,A,Normal,0
4972,25,61,71.1,7.24,48.37,70.42,378,7.479,3,36,O,O,Normal,0
4973,30,47,46.17,58.03,23.35,53.32,985,17.32,2,17,B,O,Normal,0
4974,46,27,32.64,38.89,90.2,97.12,613,8.883,0,19,O,B,Routine,0
4975,28,55,30.7,58.0,49.27,87.4,163,5.776,1,27,O,B,Routine,0
4976,60,55,61.37,46.32,12.3,58.84,2,7.766,1,5,A,A,Normal,1
4977,54,66,81.43,93.91,77.88,93.2,104,15.099,4,12,A,A,Normal,0
4978,40,36,76.26,0.26,78.6,90.55,952,10.375,2,4,A,B,Urgent,0
4979,27,36,63.72,11.09,28.99,69.16,282,9.395,4,9,O,A,Normal,1
4980,20,58,53.12,47.41,36.71,45.77,386,3.851,0,38,O,A,Routine,0
4981,35,67,39.13,12.25,6.52,82.26,516,10.25,3,32,O,O,Urgent,1
4982,27,49,63.91,33.23,75.18,90.82,260,10.979,3,22,B,A,Critical,0
4983,41,21,66.93,18.84,28.77,99.79,714,11.138,1,20,B,B,Routine,0
4984,47,76,84.22,75.11,36.17,76.09,259,14.714,2,29,O,O,Urgent,1
4985,69,23,98.39,52.99,54.97,70.77,665,0.811,2,46,A,B,Urgent,0
4986,66,70,29.15,28.94,6.28,56.34,109,11.363,3,4,O,B,Normal,1
4987,30,62,30.72,44.54,45.17,89.32,598,14.077,3,32,B,O,Normal,0
4988,37,62,95.38,83.92,21.2,88.32,396,14.692,1,25,O,O,Urgent,1
4989,66,24,92.11,79.4,58.14,99.99,598,4.126,2,42,O,O,Normal,0
4990,44,75,27.57,34.14,58.25,82.58,976,13.659,2,31,O,A,Urgent,0
4991,29,40,81.74,15.98,17.46,60.46,939,6.759,3,11,B,O,Routine,1
4992,61,50,33.64,46.02,13.09,84.25,17,12.498,3,11,A,O,Urgent,0
4993,42,73,82.53,62.56,,73.41,656,12.089,0,31,A,AB,Normal,1
4994,25,59,80.57,86.88,71.67,80.86,843,7.64,2,34,O,B,Urgent,1
4995,20,67,52.01,54.91,69.68,97.67,714,12.46,1,47,B,B,Normal,0
4996,62,41,98.5,74.0,92.41,93.02,135,17.393,0,21,O,B,Urgent,0
4997,18,62,31.53,57.24,6.81,88.72,529,8.229,5,44,A,A,Routine,0
4998,54,56,45.46,48.12,19.52,57.63,207,8.399,2,2,AB,O,Urgent,0
4999,51,72,87.25,65.51,54.34,85.8,72,2.261,1,21,O,O,Routine,0
5000,41,60,60.73,97.69,69.83,88.78,332,8.308,2,19,A,B,Critical,0
